[
  {
    "name": "revenue",
    "year": "2013",
    "value": 4.422
  },
  {
    "name": "revenue",
    "year": "2014",
    "value": 4.8
  },
  {
    "name": "revenue",
    "year": "2015",
    "value": 4.868
  },
  {
    "name": "revenue",
    "year": "2016",
    "value": 6.576
  },
  {
    "name": "revenue",
    "year": "2017",
    "value": 7.195
  },
  {
    "name": "revenue",
    "year": "2018",
    "value": 8.87
  },
  {
    "name": "revenue",
    "year": "2019",
    "value": 10.913
  },
  {
    "name": "revenue",
    "year": "2020",
    "value": 11.18
  },
  {
    "name": "revenue",
    "year": "2021",
    "value": 15.495
  },
  {
    "name": "revenue",
    "year": "2022",
    "value": 22.58
  },
  {
    "name": "revenue",
    "year": "2023",
    "value": 44.53
  },
  {
    "name": "revenue",
    "year": "LTM",
    "value": 62.29
  },
  {
    "name": "operating_income",
    "year": "2016",
    "value": 0.62
  },
  {
    "name": "operating_income",
    "year": "2017",
    "value": 0.546
  },
  {
    "name": "operating_income",
    "year": "2018",
    "value": 0.695
  },
  {
    "name": "operating_income",
    "year": "2019",
    "value": 0.931
  },
  {
    "name": "operating_income",
    "year": "2020",
    "value": 1.039
  },
  {
    "name": "operating_income",
    "year": "2021",
    "value": 1.626
  },
  {
    "name": "operating_income",
    "year": "2022",
    "value": 1.57
  },
  {
    "name": "operating_income",
    "year": "2023",
    "value": 6.49
  },
  {
    "name": "operating_income",
    "year": "LTM",
    "value": 11.726
  },
  {
    "name": "net_income",
    "year": "2013",
    "value": 0.141
  },
  {
    "name": "net_income",
    "year": "2014",
    "value": 0.142
  },
  {
    "name": "net_income",
    "year": "2015",
    "value": 0.126
  },
  {
    "name": "net_income",
    "year": "2016",
    "value": 0.144
  },
  {
    "name": "net_income",
    "year": "2017",
    "value": 0.096
  },
  {
    "name": "net_income",
    "year": "2018",
    "value": 0.196
  },
  {
    "name": "net_income",
    "year": "2019",
    "value": 0.21
  },
  {
    "name": "net_income",
    "year": "2020",
    "value": 0.178
  },
  {
    "name": "net_income",
    "year": "2021",
    "value": 0.526
  },
  {
    "name": "net_income",
    "year": "2022",
    "value": 0.15
  },
  {
    "name": "net_income",
    "year": "2023",
    "value": 2.34
  },
  {
    "name": "net_income",
    "year": "LTM",
    "value": 5.28
  },
  {
    "name": "opex",
    "year": "2016",
    "value": 0.59
  },
  {
    "name": "opex",
    "year": "2017",
    "value": 0.638
  },
  {
    "name": "opex",
    "year": "2018",
    "value": 0.927
  },
  {
    "name": "opex",
    "year": "2019",
    "value": 0.966
  },
  {
    "name": "opex",
    "year": "2020",
    "value": 1.029
  },
  {
    "name": "opex",
    "year": "2021",
    "value": 1.387
  },
  {
    "name": "opex",
    "year": "2022",
    "value": 1.94
  },
  {
    "name": "opex",
    "year": "2023",
    "value": 3.66
  },
  {
    "name": "opex",
    "year": "LTM",
    "value": 4.73
  },
  {
    "name": "cost_of_production",
    "year": "2013",
    "value": 3.975
  },
  {
    "name": "cost_of_production",
    "year": "2014",
    "value": 3.921
  },
  {
    "name": "cost_of_production",
    "year": "2015",
    "value": 3.913
  },
  {
    "name": "cost_of_production",
    "year": "2016",
    "value": 5.365
  },
  {
    "name": "cost_of_production",
    "year": "2017",
    "value": 6.01
  },
  {
    "name": "cost_of_production",
    "year": "2018",
    "value": 7.247
  },
  {
    "name": "cost_of_production",
    "year": "2019",
    "value": 9.015
  },
  {
    "name": "cost_of_production",
    "year": "2020",
    "value": 9.11
  },
  {
    "name": "cost_of_production",
    "year": "2021",
    "value": 12.48
  },
  {
    "name": "cost_of_production",
    "year": "2022",
    "value": 19.07
  },
  {
    "name": "cost_of_production",
    "year": "2023",
    "value": 34.38
  },
  {
    "name": "cost_of_production",
    "year": "LTM",
    "value": 45.84
  },
  {
    "name": "assets",
    "year": "2015",
    "value": 5.603
  },
  {
    "name": "assets",
    "year": "2016",
    "value": 6.218
  },
  {
    "name": "assets",
    "year": "2017",
    "value": 7.761
  },
  {
    "name": "assets",
    "year": "2018",
    "value": 11.588
  },
  {
    "name": "assets",
    "year": "2019",
    "value": 11.512
  },
  {
    "name": "assets",
    "year": "2020",
    "value": 12.094
  },
  {
    "name": "assets",
    "year": "2021",
    "value": 16.06
  },
  {
    "name": "assets",
    "year": "2022",
    "value": 32.1
  },
  {
    "name": "assets",
    "year": "2023",
    "value": 75.1
  },
  {
    "name": "assets",
    "year": "LTM",
    "value": 94.6
  },
  {
    "name": "net_assets",
    "year": "2015",
    "value": 1.496
  },
  {
    "name": "net_assets",
    "year": "2016",
    "value": 1.58
  },
  {
    "name": "net_assets",
    "year": "2017",
    "value": 1.556
  },
  {
    "name": "net_assets",
    "year": "2018",
    "value": 1.676
  },
  {
    "name": "net_assets",
    "year": "2019",
    "value": 1.787
  },
  {
    "name": "net_assets",
    "year": "2020",
    "value": 1.815
  },
  {
    "name": "net_assets",
    "year": "2021",
    "value": 2.223
  },
  {
    "name": "net_assets",
    "year": "2022",
    "value": 2.26
  },
  {
    "name": "net_assets",
    "year": "2023",
    "value": 4.44
  },
  {
    "name": "net_assets",
    "year": "LTM",
    "value": 7.8
  },
  {
    "name": "debt",
    "year": "2015",
    "value": 2.795
  },
  {
    "name": "debt",
    "year": "2016",
    "value": 3.406
  },
  {
    "name": "debt",
    "year": "2017",
    "value": 3.448
  },
  {
    "name": "debt",
    "year": "2018",
    "value": 4.115
  },
  {
    "name": "debt",
    "year": "2019",
    "value": 4.112
  },
  {
    "name": "debt",
    "year": "2020",
    "value": 4.71
  },
  {
    "name": "debt",
    "year": "2021",
    "value": 4.753
  },
  {
    "name": "debt",
    "year": "2022",
    "value": 9.34
  },
  {
    "name": "debt",
    "year": "2023",
    "value": 30.9
  },
  {
    "name": "debt",
    "year": "LTM",
    "value": 33.43
  },
  {
    "name": "cash",
    "year": "2015",
    "value": 0.155
  },
  {
    "name": "cash",
    "year": "2016",
    "value": 0.059
  },
  {
    "name": "cash",
    "year": "2017",
    "value": 0.091
  },
  {
    "name": "cash",
    "year": "2018",
    "value": 0.424
  },
  {
    "name": "cash",
    "year": "2019",
    "value": 0.327
  },
  {
    "name": "cash",
    "year": "2020",
    "value": 0.184
  },
  {
    "name": "cash",
    "year": "2021",
    "value": 0.481
  },
  {
    "name": "cash",
    "year": "2022",
    "value": 6.46
  },
  {
    "name": "cash",
    "year": "2023",
    "value": 8.55
  },
  {
    "name": "cash",
    "year": "LTM",
    "value": 10.0
  },
  {
    "name": "net_debt",
    "year": "2013",
    "value": 0.0
  },
  {
    "name": "net_debt",
    "year": "2014",
    "value": 0.0
  },
  {
    "name": "net_debt",
    "year": "2015",
    "value": 2.64
  },
  {
    "name": "net_debt",
    "year": "2016",
    "value": 3.347
  },
  {
    "name": "net_debt",
    "year": "2017",
    "value": 3.357
  },
  {
    "name": "net_debt",
    "year": "2018",
    "value": 3.691
  },
  {
    "name": "net_debt",
    "year": "2019",
    "value": 3.785
  },
  {
    "name": "net_debt",
    "year": "2020",
    "value": 4.526
  },
  {
    "name": "net_debt",
    "year": "2021",
    "value": 4.272
  },
  {
    "name": "net_debt",
    "year": "2022",
    "value": 2.88
  },
  {
    "name": "net_debt",
    "year": "2023",
    "value": 22.35
  },
  {
    "name": "net_debt",
    "year": "LTM",
    "value": 23.43
  },
  {
    "name": "common_share",
    "year": "2016",
    "value": 2300.0
  },
  {
    "name": "common_share",
    "year": "2017",
    "value": 1870.0
  },
  {
    "name": "common_share",
    "year": "2018",
    "value": null
  },
  {
    "name": "common_share",
    "year": "2019",
    "value": 5920.0
  },
  {
    "name": "common_share",
    "year": "2020",
    "value": 5960.0
  },
  {
    "name": "common_share",
    "year": "2021",
    "value": 5800.0
  },
  {
    "name": "common_share",
    "year": "2022",
    "value": 6660.0
  },
  {
    "name": "common_share",
    "year": "2023",
    "value": 20900.0
  },
  {
    "name": "common_share",
    "year": "LTM",
    "value": 21400.0
  },
  {
    "name": "number_of_shares",
    "year": "2013",
    "value": 0.600216
  },
  {
    "name": "number_of_shares",
    "year": "2014",
    "value": 0.600216
  },
  {
    "name": "number_of_shares",
    "year": "2015",
    "value": 0.600216
  },
  {
    "name": "number_of_shares",
    "year": "2016",
    "value": 0.600216
  },
  {
    "name": "number_of_shares",
    "year": "2017",
    "value": 0.600216
  },
  {
    "name": "number_of_shares",
    "year": "2018",
    "value": 0.600216
  },
  {
    "name": "number_of_shares",
    "year": "2019",
    "value": 0.600216
  },
  {
    "name": "number_of_shares",
    "year": "2020",
    "value": 0.600216
  },
  {
    "name": "number_of_shares",
    "year": "2021",
    "value": 0.600216
  },
  {
    "name": "number_of_shares",
    "year": "2022",
    "value": 0.600216
  },
  {
    "name": "number_of_shares",
    "year": "2023",
    "value": 0.600216
  },
  {
    "name": "number_of_shares",
    "year": "LTM",
    "value": 0.600216
  },
  {
    "name": "number_of_priv_shares",
    "year": "2013",
    "value": 0.200072
  },
  {
    "name": "number_of_priv_shares",
    "year": "2014",
    "value": 0.200072
  },
  {
    "name": "number_of_priv_shares",
    "year": "2015",
    "value": 0.200072
  },
  {
    "name": "number_of_priv_shares",
    "year": "2016",
    "value": 0.200072
  },
  {
    "name": "number_of_priv_shares",
    "year": "2017",
    "value": 0.200072
  },
  {
    "name": "number_of_priv_shares",
    "year": "2018",
    "value": 0.200072
  },
  {
    "name": "number_of_priv_shares",
    "year": "2019",
    "value": 0.200072
  },
  {
    "name": "number_of_priv_shares",
    "year": "2020",
    "value": 0.200072
  },
  {
    "name": "number_of_priv_shares",
    "year": "2021",
    "value": 0.200072
  },
  {
    "name": "number_of_priv_shares",
    "year": "2022",
    "value": 0.200072
  },
  {
    "name": "number_of_priv_shares",
    "year": "2023",
    "value": 0.200072
  },
  {
    "name": "number_of_priv_shares",
    "year": "LTM",
    "value": 0.200072
  },
  {
    "name": "market_cap",
    "year": "2013",
    "value": 0.0
  },
  {
    "name": "market_cap",
    "year": "2014",
    "value": 0.0
  },
  {
    "name": "market_cap",
    "year": "2015",
    "value": 0.0
  },
  {
    "name": "market_cap",
    "year": "2016",
    "value": 1.3804968
  },
  {
    "name": "market_cap",
    "year": "2017",
    "value": 1.12240392
  },
  {
    "name": "market_cap",
    "year": "2018",
    "value": 0.0
  },
  {
    "name": "market_cap",
    "year": "2019",
    "value": 3.55327872
  },
  {
    "name": "market_cap",
    "year": "2020",
    "value": 3.57728736
  },
  {
    "name": "market_cap",
    "year": "2021",
    "value": 3.4812528
  },
  {
    "name": "market_cap",
    "year": "2022",
    "value": 3.99743856
  },
  {
    "name": "market_cap",
    "year": "2023",
    "value": 12.5445144
  },
  {
    "name": "market_cap",
    "year": "LTM",
    "value": 12.8446224
  },
  {
    "name": "ev",
    "year": "2013",
    "value": 0.0
  },
  {
    "name": "ev",
    "year": "2014",
    "value": 0.0
  },
  {
    "name": "ev",
    "year": "2015",
    "value": 2.64
  },
  {
    "name": "ev",
    "year": "2016",
    "value": 4.7274968
  },
  {
    "name": "ev",
    "year": "2017",
    "value": 4.47940392
  },
  {
    "name": "ev",
    "year": "2018",
    "value": 3.691
  },
  {
    "name": "ev",
    "year": "2019",
    "value": 7.33827872
  },
  {
    "name": "ev",
    "year": "2020",
    "value": 8.10328736
  },
  {
    "name": "ev",
    "year": "2021",
    "value": 7.7532528
  },
  {
    "name": "ev",
    "year": "2022",
    "value": 6.87743856
  },
  {
    "name": "ev",
    "year": "2023",
    "value": 34.8945144
  },
  {
    "name": "ev",
    "year": "LTM",
    "value": 36.2746224
  },
  {
    "name": "book_value",
    "year": "2013",
    "value": 0.0
  },
  {
    "name": "book_value",
    "year": "2014",
    "value": 0.0
  },
  {
    "name": "book_value",
    "year": "2015",
    "value": 1.496
  },
  {
    "name": "book_value",
    "year": "2016",
    "value": 1.58
  },
  {
    "name": "book_value",
    "year": "2017",
    "value": 1.556
  },
  {
    "name": "book_value",
    "year": "2018",
    "value": 1.676
  },
  {
    "name": "book_value",
    "year": "2019",
    "value": 1.787
  },
  {
    "name": "book_value",
    "year": "2020",
    "value": 1.815
  },
  {
    "name": "book_value",
    "year": "2021",
    "value": 2.223
  },
  {
    "name": "book_value",
    "year": "2022",
    "value": 2.26
  },
  {
    "name": "book_value",
    "year": "2023",
    "value": 4.44
  },
  {
    "name": "book_value",
    "year": "LTM",
    "value": 7.8
  },
  {
    "name": "eps",
    "year": "2013",
    "value": 234.915430445
  },
  {
    "name": "eps",
    "year": "2014",
    "value": 236.581497328
  },
  {
    "name": "eps",
    "year": "2015",
    "value": 209.924427206
  },
  {
    "name": "eps",
    "year": "2016",
    "value": 239.913631093
  },
  {
    "name": "eps",
    "year": "2017",
    "value": 159.942420729
  },
  {
    "name": "eps",
    "year": "2018",
    "value": 326.549108987
  },
  {
    "name": "eps",
    "year": "2019",
    "value": 349.874045344
  },
  {
    "name": "eps",
    "year": "2020",
    "value": 296.559905101
  },
  {
    "name": "eps",
    "year": "2021",
    "value": 876.351180242
  },
  {
    "name": "eps",
    "year": "2022",
    "value": 249.910032388
  },
  {
    "name": "eps",
    "year": "2023",
    "value": 3898.59650526
  },
  {
    "name": "eps",
    "year": "LTM",
    "value": 8796.833140069575
  },
  {
    "name": "fcf_share",
    "year": "2013",
    "value": 0.0
  },
  {
    "name": "fcf_share",
    "year": "2014",
    "value": 0.0
  },
  {
    "name": "fcf_share",
    "year": "2015",
    "value": 0.0
  },
  {
    "name": "fcf_share",
    "year": "2016",
    "value": 0.0
  },
  {
    "name": "fcf_share",
    "year": "2017",
    "value": 0.0
  },
  {
    "name": "fcf_share",
    "year": "2018",
    "value": 0.0
  },
  {
    "name": "fcf_share",
    "year": "2019",
    "value": 0.0
  },
  {
    "name": "fcf_share",
    "year": "2020",
    "value": 0.0
  },
  {
    "name": "fcf_share",
    "year": "2021",
    "value": 1699.38822024
  },
  {
    "name": "fcf_share",
    "year": "2022",
    "value": -5997.84077732
  },
  {
    "name": "fcf_share",
    "year": "2023",
    "value": -32371.6795287
  },
  {
    "name": "fcf_share",
    "year": "LTM",
    "value": 0.0
  },
  {
    "name": "bv_share",
    "year": "2013",
    "value": 0.0
  },
  {
    "name": "bv_share",
    "year": "2014",
    "value": 0.0
  },
  {
    "name": "bv_share",
    "year": "2015",
    "value": 2492.43605635
  },
  {
    "name": "bv_share",
    "year": "2016",
    "value": 2632.38567449
  },
  {
    "name": "bv_share",
    "year": "2017",
    "value": 2592.40006931
  },
  {
    "name": "bv_share",
    "year": "2018",
    "value": 2792.32809522
  },
  {
    "name": "bv_share",
    "year": "2019",
    "value": 2977.26151919
  },
  {
    "name": "bv_share",
    "year": "2020",
    "value": 3023.9113919
  },
  {
    "name": "bv_share",
    "year": "2021",
    "value": 3703.66668
  },
  {
    "name": "bv_share",
    "year": "2022",
    "value": 3765.31115465
  },
  {
    "name": "bv_share",
    "year": "2023",
    "value": 7397.33695869
  },
  {
    "name": "bv_share",
    "year": "LTM",
    "value": 12995.32168419369
  },
  {
    "name": "ebitda_margin",
    "year": "2013",
    "value": 0.0
  },
  {
    "name": "ebitda_margin",
    "year": "2014",
    "value": 0.0
  },
  {
    "name": "ebitda_margin",
    "year": "2015",
    "value": 0.0
  },
  {
    "name": "ebitda_margin",
    "year": "2016",
    "value": 0.0
  },
  {
    "name": "ebitda_margin",
    "year": "2017",
    "value": 0.0
  },
  {
    "name": "ebitda_margin",
    "year": "2018",
    "value": 0.0
  },
  {
    "name": "ebitda_margin",
    "year": "2019",
    "value": 0.0
  },
  {
    "name": "ebitda_margin",
    "year": "2020",
    "value": 0.0
  },
  {
    "name": "ebitda_margin",
    "year": "2021",
    "value": 0.0
  },
  {
    "name": "ebitda_margin",
    "year": "2022",
    "value": 0.0
  },
  {
    "name": "ebitda_margin",
    "year": "2023",
    "value": 0.0
  },
  {
    "name": "ebitda_margin",
    "year": "LTM",
    "value": 0.0
  },
  {
    "name": "net_margin",
    "year": "2013",
    "value": 3.1886024423299997
  },
  {
    "name": "net_margin",
    "year": "2014",
    "value": 2.9583333333299997
  },
  {
    "name": "net_margin",
    "year": "2015",
    "value": 2.58833196385
  },
  {
    "name": "net_margin",
    "year": "2016",
    "value": 2.1897810219
  },
  {
    "name": "net_margin",
    "year": "2017",
    "value": 1.33425990271
  },
  {
    "name": "net_margin",
    "year": "2018",
    "value": 2.20969560316
  },
  {
    "name": "net_margin",
    "year": "2019",
    "value": 1.92431045542
  },
  {
    "name": "net_margin",
    "year": "2020",
    "value": 1.5921288014300001
  },
  {
    "name": "net_margin",
    "year": "2021",
    "value": 3.39464343337
  },
  {
    "name": "net_margin",
    "year": "2022",
    "value": 0.66430469442
  },
  {
    "name": "net_margin",
    "year": "2023",
    "value": 5.25488434763
  },
  {
    "name": "net_margin",
    "year": "LTM",
    "value": 8.476480976079626
  },
  {
    "name": "fcf_yield",
    "year": "2016",
    "value": 0.0
  },
  {
    "name": "fcf_yield",
    "year": "2017",
    "value": 0.0
  },
  {
    "name": "fcf_yield",
    "year": "2018",
    "value": null
  },
  {
    "name": "fcf_yield",
    "year": "2019",
    "value": 0.0
  },
  {
    "name": "fcf_yield",
    "year": "2020",
    "value": 0.0
  },
  {
    "name": "fcf_yield",
    "year": "2021",
    "value": 29.2997969007
  },
  {
    "name": "fcf_yield",
    "year": "2022",
    "value": -90.0576693291
  },
  {
    "name": "fcf_yield",
    "year": "2023",
    "value": -154.888418798
  },
  {
    "name": "fcf_yield",
    "year": "LTM",
    "value": 0.0
  },
  {
    "name": "roe",
    "year": "2015",
    "value": 8.42245989305
  },
  {
    "name": "roe",
    "year": "2016",
    "value": 9.11392405063
  },
  {
    "name": "roe",
    "year": "2017",
    "value": 6.169665809770001
  },
  {
    "name": "roe",
    "year": "2018",
    "value": 11.6945107399
  },
  {
    "name": "roe",
    "year": "2019",
    "value": 11.751538892000001
  },
  {
    "name": "roe",
    "year": "2020",
    "value": 9.80716253444
  },
  {
    "name": "roe",
    "year": "2021",
    "value": 23.6617183986
  },
  {
    "name": "roe",
    "year": "2022",
    "value": 6.637168141589999
  },
  {
    "name": "roe",
    "year": "2023",
    "value": 52.7027027027
  },
  {
    "name": "roe",
    "year": "LTM",
    "value": 67.6923076923077
  },
  {
    "name": "roa",
    "year": "2015",
    "value": 2.2487952882399997
  },
  {
    "name": "roa",
    "year": "2016",
    "value": 2.31585718881
  },
  {
    "name": "roa",
    "year": "2017",
    "value": 1.23695400077
  },
  {
    "name": "roa",
    "year": "2018",
    "value": 1.69140490162
  },
  {
    "name": "roa",
    "year": "2019",
    "value": 1.82418346074
  },
  {
    "name": "roa",
    "year": "2020",
    "value": 1.47180420043
  },
  {
    "name": "roa",
    "year": "2021",
    "value": 3.27521793275
  },
  {
    "name": "roa",
    "year": "2022",
    "value": 0.467289719626
  },
  {
    "name": "roa",
    "year": "2023",
    "value": 3.11584553928
  },
  {
    "name": "roa",
    "year": "LTM",
    "value": 5.5813953488372094
  },
  {
    "name": "p_e",
    "year": "2013",
    "value": 0.0
  },
  {
    "name": "p_e",
    "year": "2014",
    "value": 0.0
  },
  {
    "name": "p_e",
    "year": "2015",
    "value": 0.0
  },
  {
    "name": "p_e",
    "year": "2016",
    "value": 9.58678333333
  },
  {
    "name": "p_e",
    "year": "2017",
    "value": 11.6917075
  },
  {
    "name": "p_e",
    "year": "2018",
    "value": 0.0
  },
  {
    "name": "p_e",
    "year": "2019",
    "value": 16.9203748571
  },
  {
    "name": "p_e",
    "year": "2020",
    "value": 20.09712
  },
  {
    "name": "p_e",
    "year": "2021",
    "value": 6.6183513308
  },
  {
    "name": "p_e",
    "year": "2022",
    "value": 26.6495904
  },
  {
    "name": "p_e",
    "year": "2023",
    "value": 5.36090358974
  },
  {
    "name": "p_e",
    "year": "LTM",
    "value": 2.4326936363636364
  },
  {
    "name": "p_s",
    "year": "2013",
    "value": 0.0
  },
  {
    "name": "p_s",
    "year": "2014",
    "value": 0.0
  },
  {
    "name": "p_s",
    "year": "2015",
    "value": 0.0
  },
  {
    "name": "p_s",
    "year": "2016",
    "value": 0.209929562044
  },
  {
    "name": "p_s",
    "year": "2017",
    "value": 0.155997765115
  },
  {
    "name": "p_s",
    "year": "2018",
    "value": 0.0
  },
  {
    "name": "p_s",
    "year": "2019",
    "value": 0.325600542472
  },
  {
    "name": "p_s",
    "year": "2020",
    "value": 0.319972035778
  },
  {
    "name": "p_s",
    "year": "2021",
    "value": 0.224669428848
  },
  {
    "name": "p_s",
    "year": "2022",
    "value": 0.177034480071
  },
  {
    "name": "p_s",
    "year": "2023",
    "value": 0.281709283629
  },
  {
    "name": "p_s",
    "year": "LTM",
    "value": 0.20620681329266335
  },
  {
    "name": "p_bv",
    "year": "2015",
    "value": 0.0
  },
  {
    "name": "p_bv",
    "year": "2016",
    "value": 0.873732151899
  },
  {
    "name": "p_bv",
    "year": "2017",
    "value": 0.721339280206
  },
  {
    "name": "p_bv",
    "year": "2018",
    "value": 0.0
  },
  {
    "name": "p_bv",
    "year": "2019",
    "value": 1.98840443201
  },
  {
    "name": "p_bv",
    "year": "2020",
    "value": 1.97095722314
  },
  {
    "name": "p_bv",
    "year": "2021",
    "value": 1.56601565452
  },
  {
    "name": "p_bv",
    "year": "2022",
    "value": 1.76877812389
  },
  {
    "name": "p_bv",
    "year": "2023",
    "value": 2.82534108108
  },
  {
    "name": "p_bv",
    "year": "LTM",
    "value": 1.6467464615384615
  },
  {
    "name": "capex_revenue",
    "year": "2013",
    "value": 0.0
  },
  {
    "name": "capex_revenue",
    "year": "2014",
    "value": 0.0
  },
  {
    "name": "capex_revenue",
    "year": "2015",
    "value": 0.0
  },
  {
    "name": "capex_revenue",
    "year": "2016",
    "value": 1.09489051095
  },
  {
    "name": "capex_revenue",
    "year": "2017",
    "value": 2.46004169562
  },
  {
    "name": "capex_revenue",
    "year": "2018",
    "value": 3.4385569334799997
  },
  {
    "name": "capex_revenue",
    "year": "2019",
    "value": 0.604783285989
  },
  {
    "name": "capex_revenue",
    "year": "2020",
    "value": 1.62790697674
  },
  {
    "name": "capex_revenue",
    "year": "2021",
    "value": 1.41981284285
  },
  {
    "name": "capex_revenue",
    "year": "2022",
    "value": 22.497785650999997
  },
  {
    "name": "capex_revenue",
    "year": "2023",
    "value": 56.456321581000005
  },
  {
    "name": "capex_revenue",
    "year": "LTM",
    "value": 0.0
  }
]