[{"name":"date","year":"2019","value":"21.03.2022"},{"name":"date","year":"2020","value":"23.03.2022"},{"name":"date","year":"2021","value":"21.03.2022"},{"name":"date","year":"2022","value":"31.03.2023"},{"name":"date","year":"2023","value":"01.04.2024"},{"name":"date","year":"LTM\n?","value":"02.05.2024"},{"name":"currency","year":"2019","value":"RUB"},{"name":"currency","year":"2020","value":"RUB"},{"name":"currency","year":"2021","value":"RUB"},{"name":"currency","year":"2022","value":"RUB"},{"name":"currency","year":"2023","value":"RUB"},{"name":"currency","year":"LTM\n?","value":"RUB"},{"name":"report_url","year":"2019","value":"https://www.e-disclosure.ru/portal/FileLoad.ashx?Fileid=1617450"},{"name":"report_url","year":"2020","value":""},{"name":"report_url","year":"2021","value":"https://www.e-disclosure.ru/portal/FileLoad.ashx?Fileid=1739001"},{"name":"report_url","year":"2022","value":"https://www.e-disclosure.ru/portal/FileLoad.ashx?Fileid=1785162"},{"name":"report_url","year":"2023","value":"https://www.e-disclosure.ru/portal/FileLoad.ashx?Fileid=1829188"},{"name":"report_url","year":"LTM\n?","value":"https://www.e-disclosure.ru/portal/FileLoad.ashx?Fileid=1835177"},{"name":"year_report_url","year":"2019","value":""},{"name":"year_report_url","year":"2020","value":""},{"name":"year_report_url","year":"2021","value":"https://www.e-disclosure.ru/portal/FileLoad.ashx?Fileid=1708625"},{"name":"year_report_url","year":"2022","value":""},{"name":"year_report_url","year":"2023","value":""},{"name":"year_report_url","year":"LTM\n?","value":""},{"name":"revenue","year":"2019","value":"10.9"},{"name":"revenue","year":"2020","value":"11.2"},{"name":"revenue","year":"2021","value":"15.5"},{"name":"revenue","year":"2022","value":"22.6"},{"name":"revenue","year":"2023","value":"44.5"},{"name":"revenue","year":"LTM\n?","value":"62.3"},{"name":"operating_income","year":"2019","value":"0.931"},{"name":"operating_income","year":"2020","value":"1.04"},{"name":"operating_income","year":"2021","value":"1.63"},{"name":"operating_income","year":"2022","value":"1.57"},{"name":"operating_income","year":"2023","value":"6.49"},{"name":"operating_income","year":"LTM\n?","value":"11.7"},{"name":"net_income","year":"2019","value":"0.210"},{"name":"net_income","year":"2020","value":"0.178"},{"name":"net_income","year":"2021","value":"0.526"},{"name":"net_income","year":"2022","value":"0.150"},{"name":"net_income","year":"2023","value":"2.34"},{"name":"net_income","year":"LTM\n?","value":"5.28"},{"name":"ocf","year":"2019","value":"0.366"},{"name":"ocf","year":"2020","value":"-0.116"},{"name":"ocf","year":"2021","value":"1.24"},{"name":"ocf","year":"2022","value":"1.49"},{"name":"ocf","year":"2023","value":"5.70"},{"name":"ocf","year":"LTM\n?","value":""},{"name":"capex","year":"2019","value":"0.066"},{"name":"capex","year":"2020","value":"0.182"},{"name":"capex","year":"2021","value":"0.220"},{"name":"capex","year":"2022","value":"5.08"},{"name":"capex","year":"2023","value":"25.1"},{"name":"capex","year":"LTM\n?","value":""},{"name":"fcf","year":"2019","value":""},{"name":"fcf","year":"2020","value":""},{"name":"fcf","year":"2021","value":"1.02"},{"name":"fcf","year":"2022","value":"-3.60"},{"name":"fcf","year":"2023","value":"-19.4"},{"name":"fcf","year":"LTM\n?","value":""},{"name":"dividend_payout","year":"2019","value":""},{"name":"dividend_payout","year":"2020","value":""},{"name":"dividend_payout","year":"2021","value":""},{"name":"dividend_payout","year":"2022","value":"0.111"},{"name":"dividend_payout","year":"2023","value":"0.262"},{"name":"dividend_payout","year":"LTM\n?","value":"0.262"},{"name":"dividend","year":"2019","value":""},{"name":"dividend","year":"2020","value":""},{"name":"dividend","year":"2021","value":""},{"name":"dividend","year":"2022","value":"185"},{"name":"dividend","year":"2023","value":"437"},{"name":"dividend","year":"LTM\n?","value":"437"},{"name":"div_yield","year":"2019","value":"0.0%"},{"name":"div_yield","year":"2020","value":"0.0%"},{"name":"div_yield","year":"2021","value":"0.0%"},{"name":"div_yield","year":"2022","value":"2.8%"},{"name":"div_yield","year":"2023","value":"2.1%"},{"name":"div_yield","year":"LTM\n?","value":"2.0%"},{"name":"div_payout_ratio","year":"2019","value":"0%"},{"name":"div_payout_ratio","year":"2020","value":"0%"},{"name":"div_payout_ratio","year":"2021","value":"0%"},{"name":"div_payout_ratio","year":"2022","value":"74%"},{"name":"div_payout_ratio","year":"2023","value":"11%"},{"name":"div_payout_ratio","year":"LTM\n?","value":"5%"},{"name":"opex","year":"2019","value":"0.966"},{"name":"opex","year":"2020","value":"1.03"},{"name":"opex","year":"2021","value":"1.39"},{"name":"opex","year":"2022","value":"1.94"},{"name":"opex","year":"2023","value":"3.66"},{"name":"opex","year":"LTM\n?","value":"4.73"},{"name":"cost_of_production","year":"2019","value":"9.02"},{"name":"cost_of_production","year":"2020","value":"9.11"},{"name":"cost_of_production","year":"2021","value":"12.5"},{"name":"cost_of_production","year":"2022","value":"19.1"},{"name":"cost_of_production","year":"2023","value":"34.4"},{"name":"cost_of_production","year":"LTM\n?","value":"45.8"},{"name":"employment_expenses","year":"2019","value":"2.66"},{"name":"employment_expenses","year":"2020","value":""},{"name":"employment_expenses","year":"2021","value":"3.63"},{"name":"employment_expenses","year":"2022","value":"4.07"},{"name":"employment_expenses","year":"2023","value":"15.8"},{"name":"employment_expenses","year":"LTM\n?","value":""},{"name":"interest_expenses","year":"2019","value":"0.387"},{"name":"interest_expenses","year":"2020","value":""},{"name":"interest_expenses","year":"2021","value":"0.373"},{"name":"interest_expenses","year":"2022","value":"0.700"},{"name":"interest_expenses","year":"2023","value":"1.61"},{"name":"interest_expenses","year":"LTM\n?","value":""},{"name":"assets","year":"2019","value":"11.5"},{"name":"assets","year":"2020","value":"12.1"},{"name":"assets","year":"2021","value":"16.1"},{"name":"assets","year":"2022","value":"32.1"},{"name":"assets","year":"2023","value":"75.1"},{"name":"assets","year":"LTM\n?","value":"94.6"},{"name":"net_assets","year":"2019","value":"1.79"},{"name":"net_assets","year":"2020","value":"1.82"},{"name":"net_assets","year":"2021","value":"2.22"},{"name":"net_assets","year":"2022","value":"2.26"},{"name":"net_assets","year":"2023","value":"4.44"},{"name":"net_assets","year":"LTM\n?","value":"7.80"},{"name":"debt","year":"2019","value":"4.11"},{"name":"debt","year":"2020","value":"4.71"},{"name":"debt","year":"2021","value":"4.75"},{"name":"debt","year":"2022","value":"9.34"},{"name":"debt","year":"2023","value":"30.9"},{"name":"debt","year":"LTM\n?","value":"33.4"},{"name":"cash","year":"2019","value":"0.327"},{"name":"cash","year":"2020","value":"0.184"},{"name":"cash","year":"2021","value":"0.481"},{"name":"cash","year":"2022","value":"6.46"},{"name":"cash","year":"2023","value":"8.55"},{"name":"cash","year":"LTM\n?","value":"10.00"},{"name":"net_debt","year":"2019","value":"3.79"},{"name":"net_debt","year":"2020","value":"4.53"},{"name":"net_debt","year":"2021","value":"4.27"},{"name":"net_debt","year":"2022","value":"2.88"},{"name":"net_debt","year":"2023","value":"22.4"},{"name":"net_debt","year":"LTM\n?","value":"23.4"},{"name":"common_share","year":"2019","value":"5 920"},{"name":"common_share","year":"2020","value":"5 960"},{"name":"common_share","year":"2021","value":"5 800"},{"name":"common_share","year":"2022","value":"6 660"},{"name":"common_share","year":"2023","value":"20 900"},{"name":"common_share","year":"LTM\n?","value":"21 750"},{"name":"number_of_shares","year":"2019","value":"0.600"},{"name":"number_of_shares","year":"2020","value":"0.600"},{"name":"number_of_shares","year":"2021","value":"0.600"},{"name":"number_of_shares","year":"2022","value":"0.600"},{"name":"number_of_shares","year":"2023","value":"0.600"},{"name":"number_of_shares","year":"LTM\n?","value":"0.600"},{"name":"number_of_priv_shares","year":"2019","value":"0.200"},{"name":"number_of_priv_shares","year":"2020","value":"0.200"},{"name":"number_of_priv_shares","year":"2021","value":"0.200"},{"name":"number_of_priv_shares","year":"2022","value":"0.200"},{"name":"number_of_priv_shares","year":"2023","value":"0.200"},{"name":"number_of_priv_shares","year":"LTM\n?","value":"0.200"},{"name":"market_cap","year":"2019","value":"3.55"},{"name":"market_cap","year":"2020","value":"3.58"},{"name":"market_cap","year":"2021","value":"3.48"},{"name":"market_cap","year":"2022","value":"4.00"},{"name":"market_cap","year":"2023","value":"12.5"},{"name":"market_cap","year":"LTM\n?","value":"13.1"},{"name":"ev","year":"2019","value":"7.34"},{"name":"ev","year":"2020","value":"8.10"},{"name":"ev","year":"2021","value":"7.75"},{"name":"ev","year":"2022","value":"6.88"},{"name":"ev","year":"2023","value":"34.9"},{"name":"ev","year":"LTM\n?","value":"36.5"},{"name":"book_value","year":"2019","value":"1.79"},{"name":"book_value","year":"2020","value":"1.82"},{"name":"book_value","year":"2021","value":"2.22"},{"name":"book_value","year":"2022","value":"2.26"},{"name":"book_value","year":"2023","value":"4.44"},{"name":"book_value","year":"LTM\n?","value":"7.80"},{"name":"eps","year":"2019","value":"349.9"},{"name":"eps","year":"2020","value":"296.6"},{"name":"eps","year":"2021","value":"876.4"},{"name":"eps","year":"2022","value":"249.9"},{"name":"eps","year":"2023","value":"3 899"},{"name":"eps","year":"LTM\n?","value":"8 797"},{"name":"fcf_share","year":"2019","value":"0.00"},{"name":"fcf_share","year":"2020","value":"0.00"},{"name":"fcf_share","year":"2021","value":"1 699"},{"name":"fcf_share","year":"2022","value":"-5 998"},{"name":"fcf_share","year":"2023","value":"-32 372"},{"name":"fcf_share","year":"LTM\n?","value":"0"},{"name":"bv_share","year":"2019","value":"2 977"},{"name":"bv_share","year":"2020","value":"3 024"},{"name":"bv_share","year":"2021","value":"3 704"},{"name":"bv_share","year":"2022","value":"3 765"},{"name":"bv_share","year":"2023","value":"7 397"},{"name":"bv_share","year":"LTM\n?","value":"12 995"},{"name":"ebitda_margin","year":"2019","value":"0.0%"},{"name":"ebitda_margin","year":"2020","value":"0.0%"},{"name":"ebitda_margin","year":"2021","value":"0.0%"},{"name":"ebitda_margin","year":"2022","value":"0.0%"},{"name":"ebitda_margin","year":"2023","value":"0.0%"},{"name":"ebitda_margin","year":"LTM\n?","value":"0"},{"name":"net_margin","year":"2019","value":"1.9%"},{"name":"net_margin","year":"2020","value":"1.6%"},{"name":"net_margin","year":"2021","value":"3.4%"},{"name":"net_margin","year":"2022","value":"0.7%"},{"name":"net_margin","year":"2023","value":"5.3%"},{"name":"net_margin","year":"LTM\n?","value":"8.5%"},{"name":"fcf_yield","year":"2019","value":"0.0%"},{"name":"fcf_yield","year":"2020","value":"0.0%"},{"name":"fcf_yield","year":"2021","value":"29.3%"},{"name":"fcf_yield","year":"2022","value":"-90.1%"},{"name":"fcf_yield","year":"2023","value":"-154.9%"},{"name":"fcf_yield","year":"LTM\n?","value":"0"},{"name":"roe","year":"2019","value":"11.8%"},{"name":"roe","year":"2020","value":"9.8%"},{"name":"roe","year":"2021","value":"23.7%"},{"name":"roe","year":"2022","value":"6.6%"},{"name":"roe","year":"2023","value":"52.7%"},{"name":"roe","year":"LTM\n?","value":"67.7%"},{"name":"roa","year":"2019","value":"1.8%"},{"name":"roa","year":"2020","value":"1.5%"},{"name":"roa","year":"2021","value":"3.3%"},{"name":"roa","year":"2022","value":"0.5%"},{"name":"roa","year":"2023","value":"3.1%"},{"name":"roa","year":"LTM\n?","value":"5.6%"},{"name":"p_e","year":"2019","value":"16.9"},{"name":"p_e","year":"2020","value":"20.1"},{"name":"p_e","year":"2021","value":"6.62"},{"name":"p_e","year":"2022","value":"26.6"},{"name":"p_e","year":"2023","value":"5.36"},{"name":"p_e","year":"LTM\n?","value":"2.47"},{"name":"p_fcf","year":"2019","value":""},{"name":"p_fcf","year":"2020","value":""},{"name":"p_fcf","year":"2021","value":"3.41"},{"name":"p_fcf","year":"2022","value":"-1.11"},{"name":"p_fcf","year":"2023","value":"-0.65"},{"name":"p_fcf","year":"LTM\n?","value":""},{"name":"p_s","year":"2019","value":"0.33"},{"name":"p_s","year":"2020","value":"0.32"},{"name":"p_s","year":"2021","value":"0.22"},{"name":"p_s","year":"2022","value":"0.18"},{"name":"p_s","year":"2023","value":"0.28"},{"name":"p_s","year":"LTM\n?","value":"0.21"},{"name":"p_bv","year":"2019","value":"1.99"},{"name":"p_bv","year":"2020","value":"1.97"},{"name":"p_bv","year":"2021","value":"1.57"},{"name":"p_bv","year":"2022","value":"1.77"},{"name":"p_bv","year":"2023","value":"2.83"},{"name":"p_bv","year":"LTM\n?","value":"1.67"},{"name":"r_and_d_capex","year":"2019","value":"0.00%"},{"name":"r_and_d_capex","year":"2020","value":"0.00%"},{"name":"r_and_d_capex","year":"2021","value":"0.00%"},{"name":"r_and_d_capex","year":"2022","value":"0.00%"},{"name":"r_and_d_capex","year":"2023","value":"0.00%"},{"name":"r_and_d_capex","year":"LTM\n?","value":""},{"name":"capex_revenue","year":"2019","value":"1%"},{"name":"capex_revenue","year":"2020","value":"2%"},{"name":"capex_revenue","year":"2021","value":"1%"},{"name":"capex_revenue","year":"2022","value":"22%"},{"name":"capex_revenue","year":"2023","value":"56%"},{"name":"capex_revenue","year":"LTM\n?","value":"0"}]