[{"name":"date","year":"2021Q4","value":"17.08.2022"},{"name":"date","year":"2022Q2","value":"29.08.2022"},{"name":"date","year":"2022Q4","value":"26.04.2023"},{"name":"date","year":"2023Q2","value":"15.08.2023"},{"name":"date","year":"2023Q4","value":"23.04.2024"},{"name":"currency","year":"2021Q4","value":"RUB"},{"name":"currency","year":"2022Q2","value":"RUB"},{"name":"currency","year":"2022Q4","value":"RUB"},{"name":"currency","year":"2023Q2","value":"RUB"},{"name":"currency","year":"2023Q4","value":"RUB"},{"name":"report_url","year":"2021Q4","value":"https://www.e-disclosure.ru/portal/FileLoad.ashx?Fileid=1765589"},{"name":"report_url","year":"2022Q2","value":"https://www.e-disclosure.ru/portal/FileLoad.ashx?Fileid=1766322"},{"name":"report_url","year":"2022Q4","value":"https://www.e-disclosure.ru/portal/FileLoad.ashx?Fileid=1789762"},{"name":"report_url","year":"2023Q2","value":"https://www.e-disclosure.ru/portal/FileLoad.ashx?Fileid=1807326"},{"name":"report_url","year":"2023Q4","value":"https://www.e-disclosure.ru/portal/FileLoad.ashx?Fileid=1833192"},{"name":"revenue","year":"2021Q4","value":"6.41"},{"name":"revenue","year":"2022Q2","value":"5.72"},{"name":"revenue","year":"2022Q4","value":"6.48"},{"name":"revenue","year":"2023Q2","value":"6.93"},{"name":"revenue","year":"2023Q4","value":"7.17"},{"name":"operating_income","year":"2021Q4","value":"0.014"},{"name":"operating_income","year":"2022Q2","value":"0.124"},{"name":"operating_income","year":"2022Q4","value":"-0.034"},{"name":"operating_income","year":"2023Q2","value":"0.189"},{"name":"operating_income","year":"2023Q4","value":"0.038"},{"name":"ebitda","year":"2021Q4","value":"0.081"},{"name":"ebitda","year":"2022Q2","value":"0.152"},{"name":"ebitda","year":"2022Q4","value":"-0.009"},{"name":"ebitda","year":"2023Q2","value":"0.220"},{"name":"ebitda","year":"2023Q4","value":"0.080"},{"name":"net_income","year":"2021Q4","value":"0.033"},{"name":"net_income","year":"2022Q2","value":"0.045"},{"name":"net_income","year":"2022Q4","value":"-0.040"},{"name":"net_income","year":"2023Q2","value":"0.076"},{"name":"net_income","year":"2023Q4","value":"-0.022"},{"name":"ocf","year":"2021Q4","value":"0.025"},{"name":"ocf","year":"2022Q2","value":"-0.114"},{"name":"ocf","year":"2022Q4","value":"0.154"},{"name":"ocf","year":"2023Q2","value":"0.048"},{"name":"ocf","year":"2023Q4","value":"0.462"},{"name":"capex","year":"2021Q4","value":"0.015"},{"name":"capex","year":"2022Q2","value":"0.001"},{"name":"capex","year":"2022Q4","value":"0.021"},{"name":"capex","year":"2023Q2","value":"0.029"},{"name":"capex","year":"2023Q4","value":"0.221"},{"name":"fcf","year":"2021Q4","value":"-0.022"},{"name":"fcf","year":"2022Q2","value":"-0.137"},{"name":"fcf","year":"2022Q4","value":"0.157"},{"name":"fcf","year":"2023Q2","value":"0.018"},{"name":"fcf","year":"2023Q4","value":"0.474"},{"name":"div_yield","year":"2021Q4","value":"0.0%"},{"name":"div_yield","year":"2022Q2","value":"0.0%"},{"name":"div_yield","year":"2022Q4","value":"0.0%"},{"name":"div_yield","year":"2023Q2","value":"0.0%"},{"name":"div_yield","year":"2023Q4","value":"0.0%"},{"name":"div_payout_ratio","year":"2021Q4","value":"0%"},{"name":"div_payout_ratio","year":"2022Q2","value":"0%"},{"name":"div_payout_ratio","year":"2022Q4","value":"0%"},{"name":"div_payout_ratio","year":"2023Q2","value":"0%"},{"name":"div_payout_ratio","year":"2023Q4","value":"0%"},{"name":"cost_of_production","year":"2021Q4","value":"6.23"},{"name":"cost_of_production","year":"2022Q2","value":"5.62"},{"name":"cost_of_production","year":"2022Q4","value":"6.29"},{"name":"cost_of_production","year":"2023Q2","value":"6.49"},{"name":"cost_of_production","year":"2023Q4","value":"6.65"},{"name":"amortization","year":"2021Q4","value":""},{"name":"amortization","year":"2022Q2","value":"0.0"},{"name":"amortization","year":"2022Q4","value":""},{"name":"amortization","year":"2023Q2","value":"0.0"},{"name":"amortization","year":"2023Q4","value":"0.0"},{"name":"employment_expenses","year":"2021Q4","value":"0.220"},{"name":"employment_expenses","year":"2022Q2","value":"0.193"},{"name":"employment_expenses","year":"2022Q4","value":"0.217"},{"name":"employment_expenses","year":"2023Q2","value":"0.230"},{"name":"employment_expenses","year":"2023Q4","value":"0.254"},{"name":"assets","year":"2021Q4","value":"3.62"},{"name":"assets","year":"2022Q2","value":"3.36"},{"name":"assets","year":"2022Q4","value":"3.72"},{"name":"assets","year":"2023Q2","value":"2.71"},{"name":"assets","year":"2023Q4","value":"3.32"},{"name":"net_assets","year":"2021Q4","value":"0.230"},{"name":"net_assets","year":"2022Q2","value":"0.280"},{"name":"net_assets","year":"2022Q4","value":"0.240"},{"name":"net_assets","year":"2023Q2","value":"0.316"},{"name":"net_assets","year":"2023Q4","value":"0.295"},{"name":"debt","year":"2021Q4","value":"0.340"},{"name":"debt","year":"2022Q2","value":"0.270"},{"name":"debt","year":"2022Q4","value":"0.000"},{"name":"debt","year":"2023Q2","value":"0.100"},{"name":"debt","year":"2023Q4","value":"0.000"},{"name":"cash","year":"2021Q4","value":"0.005"},{"name":"cash","year":"2022Q2","value":"0.006"},{"name":"cash","year":"2022Q4","value":"0.120"},{"name":"cash","year":"2023Q2","value":"0.014"},{"name":"cash","year":"2023Q4","value":"0.610"},{"name":"net_debt","year":"2021Q4","value":"0.34"},{"name":"net_debt","year":"2022Q2","value":"0.26"},{"name":"net_debt","year":"2022Q4","value":"-0.12"},{"name":"net_debt","year":"2023Q2","value":"0.09"},{"name":"net_debt","year":"2023Q4","value":"-0.61"},{"name":"common_share","year":"2021Q4","value":"0.831"},{"name":"common_share","year":"2022Q2","value":"0.716"},{"name":"common_share","year":"2022Q4","value":"0.758"},{"name":"common_share","year":"2023Q2","value":"1.34"},{"name":"common_share","year":"2023Q4","value":"2.64"},{"name":"number_of_shares","year":"2021Q4","value":"773.9"},{"name":"number_of_shares","year":"2022Q2","value":"773.9"},{"name":"number_of_shares","year":"2022Q4","value":"773.9"},{"name":"number_of_shares","year":"2023Q2","value":"773.9"},{"name":"number_of_shares","year":"2023Q4","value":"773.9"},{"name":"market_cap","year":"2021Q4","value":"0.64"},{"name":"market_cap","year":"2022Q2","value":"0.55"},{"name":"market_cap","year":"2022Q4","value":"0.59"},{"name":"market_cap","year":"2023Q2","value":"1.04"},{"name":"market_cap","year":"2023Q4","value":"2.04"},{"name":"ev","year":"2021Q4","value":"0.98"},{"name":"ev","year":"2022Q2","value":"0.82"},{"name":"ev","year":"2022Q4","value":"0.47"},{"name":"ev","year":"2023Q2","value":"1.12"},{"name":"ev","year":"2023Q4","value":"1.43"},{"name":"book_value","year":"2021Q4","value":"0.23"},{"name":"book_value","year":"2022Q2","value":"0.28"},{"name":"book_value","year":"2022Q4","value":"0.24"},{"name":"book_value","year":"2023Q2","value":"0.32"},{"name":"book_value","year":"2023Q4","value":"0.30"},{"name":"eps","year":"2021Q4","value":"0.04"},{"name":"eps","year":"2022Q2","value":"0.06"},{"name":"eps","year":"2022Q4","value":"-0.05"},{"name":"eps","year":"2023Q2","value":"0.10"},{"name":"eps","year":"2023Q4","value":"-0.03"},{"name":"fcf_share","year":"2021Q4","value":"-0.03"},{"name":"fcf_share","year":"2022Q2","value":"-0.18"},{"name":"fcf_share","year":"2022Q4","value":"0.20"},{"name":"fcf_share","year":"2023Q2","value":"0.02"},{"name":"fcf_share","year":"2023Q4","value":"0.61"},{"name":"bv_share","year":"2021Q4","value":"0.30"},{"name":"bv_share","year":"2022Q2","value":"0.36"},{"name":"bv_share","year":"2022Q4","value":"0.31"},{"name":"bv_share","year":"2023Q2","value":"0.41"},{"name":"bv_share","year":"2023Q4","value":"0.38"},{"name":"ebitda_margin","year":"2021Q4","value":"1.3%"},{"name":"ebitda_margin","year":"2022Q2","value":"2.7%"},{"name":"ebitda_margin","year":"2022Q4","value":"-0.1%"},{"name":"ebitda_margin","year":"2023Q2","value":"3.2%"},{"name":"ebitda_margin","year":"2023Q4","value":"1.1%"},{"name":"net_margin","year":"2021Q4","value":"0.5%"},{"name":"net_margin","year":"2022Q2","value":"0.8%"},{"name":"net_margin","year":"2022Q4","value":"-0.6%"},{"name":"net_margin","year":"2023Q2","value":"1.1%"},{"name":"net_margin","year":"2023Q4","value":"-0.3%"},{"name":"fcf_yield","year":"2021Q4","value":"14.1%"},{"name":"fcf_yield","year":"2022Q2","value":"-28.7%"},{"name":"fcf_yield","year":"2022Q4","value":"3.4%"},{"name":"fcf_yield","year":"2023Q2","value":"16.9%"},{"name":"fcf_yield","year":"2023Q4","value":"24.1%"},{"name":"roe","year":"2021Q4","value":"38.3%"},{"name":"roe","year":"2022Q2","value":"27.9%"},{"name":"roe","year":"2022Q4","value":"2.1%"},{"name":"roe","year":"2023Q2","value":"11.4%"},{"name":"roe","year":"2023Q4","value":"18.3%"},{"name":"roa","year":"2021Q4","value":"2.4%"},{"name":"roa","year":"2022Q2","value":"2.3%"},{"name":"roa","year":"2022Q4","value":"0.1%"},{"name":"roa","year":"2023Q2","value":"1.3%"},{"name":"roa","year":"2023Q4","value":"1.6%"},{"name":"p_e","year":"2021Q4","value":"7.31"},{"name":"p_e","year":"2022Q2","value":"7.10"},{"name":"p_e","year":"2022Q4","value":"117.3"},{"name":"p_e","year":"2023Q2","value":"28.8"},{"name":"p_e","year":"2023Q4","value":"37.8"},{"name":"p_fcf","year":"2021Q4","value":"-29.2"},{"name":"p_fcf","year":"2022Q2","value":"-4.04"},{"name":"p_fcf","year":"2022Q4","value":"29.3"},{"name":"p_fcf","year":"2023Q2","value":"57.6"},{"name":"p_fcf","year":"2023Q4","value":"4.14"},{"name":"p_s","year":"2021Q4","value":"0.05"},{"name":"p_s","year":"2022Q2","value":"0.05"},{"name":"p_s","year":"2022Q4","value":"0.05"},{"name":"p_s","year":"2023Q2","value":"0.08"},{"name":"p_s","year":"2023Q4","value":"0.14"},{"name":"p_bv","year":"2021Q4","value":"2.80"},{"name":"p_bv","year":"2022Q2","value":"1.98"},{"name":"p_bv","year":"2022Q4","value":"2.44"},{"name":"p_bv","year":"2023Q2","value":"3.28"},{"name":"p_bv","year":"2023Q4","value":"6.91"},{"name":"ev_ebitda","year":"2021Q4","value":"5.72"},{"name":"ev_ebitda","year":"2022Q2","value":"3.51"},{"name":"ev_ebitda","year":"2022Q4","value":"3.26"},{"name":"ev_ebitda","year":"2023Q2","value":"5.32"},{"name":"ev_ebitda","year":"2023Q4","value":"4.76"},{"name":"debt_ebitda","year":"2021Q4","value":"1.96"},{"name":"debt_ebitda","year":"2022Q2","value":"1.13"},{"name":"debt_ebitda","year":"2022Q4","value":"-0.84"},{"name":"debt_ebitda","year":"2023Q2","value":"0.41"},{"name":"debt_ebitda","year":"2023Q4","value":"-2.03"},{"name":"r_and_d_capex","year":"2021Q4","value":"0.00%"},{"name":"r_and_d_capex","year":"2022Q2","value":"0.00%"},{"name":"r_and_d_capex","year":"2022Q4","value":"0.00%"},{"name":"r_and_d_capex","year":"2023Q2","value":"0.00%"},{"name":"r_and_d_capex","year":"2023Q4","value":"0.00%"},{"name":"capex_revenue","year":"2021Q4","value":"0%"},{"name":"capex_revenue","year":"2022Q2","value":"0%"},{"name":"capex_revenue","year":"2022Q4","value":"0%"},{"name":"capex_revenue","year":"2023Q2","value":"0%"},{"name":"capex_revenue","year":"2023Q4","value":"3%"}]