[
  {
    "name": "revenue",
    "year": "2016",
    "value": 6.614
  },
  {
    "name": "revenue",
    "year": "2017",
    "value": 6.887
  },
  {
    "name": "revenue",
    "year": "2018",
    "value": 6.581
  },
  {
    "name": "revenue",
    "year": "2019",
    "value": 6.336
  },
  {
    "name": "revenue",
    "year": "2020",
    "value": 6.16
  },
  {
    "name": "revenue",
    "year": "2021",
    "value": 6.25
  },
  {
    "name": "revenue",
    "year": "2022",
    "value": 5.56
  },
  {
    "name": "revenue",
    "year": "2023",
    "value": 6.03
  },
  {
    "name": "revenue",
    "year": "LTM",
    "value": 6.21
  },
  {
    "name": "operating_income",
    "year": "2016",
    "value": 1.62
  },
  {
    "name": "operating_income",
    "year": "2017",
    "value": 1.972
  },
  {
    "name": "operating_income",
    "year": "2018",
    "value": 1.664
  },
  {
    "name": "operating_income",
    "year": "2019",
    "value": 1.47
  },
  {
    "name": "operating_income",
    "year": "2020",
    "value": 1.004
  },
  {
    "name": "operating_income",
    "year": "2021",
    "value": 1.054
  },
  {
    "name": "operating_income",
    "year": "2022",
    "value": 0.33
  },
  {
    "name": "operating_income",
    "year": "2023",
    "value": -0.45
  },
  {
    "name": "operating_income",
    "year": "LTM",
    "value": -0.397
  },
  {
    "name": "net_income",
    "year": "2016",
    "value": 0.834
  },
  {
    "name": "net_income",
    "year": "2017",
    "value": 0.898
  },
  {
    "name": "net_income",
    "year": "2018",
    "value": 1.548
  },
  {
    "name": "net_income",
    "year": "2019",
    "value": 1.927
  },
  {
    "name": "net_income",
    "year": "2020",
    "value": 0.65
  },
  {
    "name": "net_income",
    "year": "2021",
    "value": 2.757
  },
  {
    "name": "net_income",
    "year": "2022",
    "value": 1.27
  },
  {
    "name": "net_income",
    "year": "2023",
    "value": 1.65
  },
  {
    "name": "net_income",
    "year": "LTM",
    "value": 1.678
  },
  {
    "name": "cost_of_production",
    "year": "2016",
    "value": 4.994
  },
  {
    "name": "cost_of_production",
    "year": "2017",
    "value": 4.915
  },
  {
    "name": "cost_of_production",
    "year": "2018",
    "value": 4.917
  },
  {
    "name": "cost_of_production",
    "year": "2019",
    "value": 4.866
  },
  {
    "name": "cost_of_production",
    "year": "2020",
    "value": 5.15
  },
  {
    "name": "cost_of_production",
    "year": "2021",
    "value": 4.85
  },
  {
    "name": "cost_of_production",
    "year": "2022",
    "value": 5.23
  },
  {
    "name": "cost_of_production",
    "year": "2023",
    "value": 6.07
  },
  {
    "name": "cost_of_production",
    "year": "LTM",
    "value": 6.2
  },
  {
    "name": "assets",
    "year": "2017",
    "value": 19.66
  },
  {
    "name": "assets",
    "year": "2018",
    "value": 20.63
  },
  {
    "name": "assets",
    "year": "2019",
    "value": 25.66
  },
  {
    "name": "assets",
    "year": "2020",
    "value": 29.16
  },
  {
    "name": "assets",
    "year": "2021",
    "value": 30.88
  },
  {
    "name": "assets",
    "year": "2022",
    "value": 27.18
  },
  {
    "name": "assets",
    "year": "2023",
    "value": 27.6
  },
  {
    "name": "assets",
    "year": "LTM",
    "value": 27.7
  },
  {
    "name": "net_assets",
    "year": "2017",
    "value": 12.0
  },
  {
    "name": "net_assets",
    "year": "2018",
    "value": 13.0
  },
  {
    "name": "net_assets",
    "year": "2019",
    "value": 17.22
  },
  {
    "name": "net_assets",
    "year": "2020",
    "value": 17.03
  },
  {
    "name": "net_assets",
    "year": "2021",
    "value": 16.96
  },
  {
    "name": "net_assets",
    "year": "2022",
    "value": 17.46
  },
  {
    "name": "net_assets",
    "year": "2023",
    "value": 19.0
  },
  {
    "name": "net_assets",
    "year": "LTM",
    "value": 19.23
  },
  {
    "name": "debt",
    "year": "2017",
    "value": 4.93
  },
  {
    "name": "debt",
    "year": "2018",
    "value": 5.2
  },
  {
    "name": "debt",
    "year": "2019",
    "value": 5.42
  },
  {
    "name": "debt",
    "year": "2020",
    "value": 9.15
  },
  {
    "name": "debt",
    "year": "2021",
    "value": 9.16
  },
  {
    "name": "debt",
    "year": "2022",
    "value": 7.16
  },
  {
    "name": "debt",
    "year": "2023",
    "value": 6.16
  },
  {
    "name": "debt",
    "year": "LTM",
    "value": 5.89
  },
  {
    "name": "cash",
    "year": "2017",
    "value": 2.25
  },
  {
    "name": "cash",
    "year": "2018",
    "value": 0.52
  },
  {
    "name": "cash",
    "year": "2019",
    "value": 0.77
  },
  {
    "name": "cash",
    "year": "2020",
    "value": 1.37
  },
  {
    "name": "cash",
    "year": "2021",
    "value": 3.52
  },
  {
    "name": "cash",
    "year": "2022",
    "value": 1.13
  },
  {
    "name": "cash",
    "year": "2023",
    "value": 0.5
  },
  {
    "name": "cash",
    "year": "LTM",
    "value": 0.51
  },
  {
    "name": "net_debt",
    "year": "2013",
    "value": 0.0
  },
  {
    "name": "net_debt",
    "year": "2014",
    "value": 0.0
  },
  {
    "name": "net_debt",
    "year": "2015",
    "value": 0.0
  },
  {
    "name": "net_debt",
    "year": "2016",
    "value": 0.0
  },
  {
    "name": "net_debt",
    "year": "2017",
    "value": 2.68
  },
  {
    "name": "net_debt",
    "year": "2018",
    "value": 4.68
  },
  {
    "name": "net_debt",
    "year": "2019",
    "value": 4.65
  },
  {
    "name": "net_debt",
    "year": "2020",
    "value": 7.78
  },
  {
    "name": "net_debt",
    "year": "2021",
    "value": 5.64
  },
  {
    "name": "net_debt",
    "year": "2022",
    "value": 6.03
  },
  {
    "name": "net_debt",
    "year": "2023",
    "value": 5.66
  },
  {
    "name": "net_debt",
    "year": "LTM",
    "value": 5.38
  },
  {
    "name": "common_share",
    "year": "2016",
    "value": 4.22
  },
  {
    "name": "common_share",
    "year": "2017",
    "value": 3.8
  },
  {
    "name": "common_share",
    "year": "2018",
    "value": 4.01
  },
  {
    "name": "common_share",
    "year": "2019",
    "value": 6.11
  },
  {
    "name": "common_share",
    "year": "2020",
    "value": 9.46
  },
  {
    "name": "common_share",
    "year": "2021",
    "value": 11.4
  },
  {
    "name": "common_share",
    "year": "2022",
    "value": 9.31
  },
  {
    "name": "common_share",
    "year": "2023",
    "value": 15.0
  },
  {
    "name": "common_share",
    "year": "LTM",
    "value": null
  },
  {
    "name": "number_of_shares",
    "year": "2015",
    "value": 949.02384
  },
  {
    "name": "number_of_shares",
    "year": "2016",
    "value": 949.02384
  },
  {
    "name": "number_of_shares",
    "year": "2017",
    "value": 949.02384
  },
  {
    "name": "number_of_shares",
    "year": "2018",
    "value": 949.02384
  },
  {
    "name": "number_of_shares",
    "year": "2019",
    "value": 949.02384
  },
  {
    "name": "number_of_shares",
    "year": "2020",
    "value": 949.02384
  },
  {
    "name": "number_of_shares",
    "year": "2021",
    "value": 949.02384
  },
  {
    "name": "number_of_shares",
    "year": "2022",
    "value": 949.02384
  },
  {
    "name": "number_of_shares",
    "year": "2023",
    "value": 949.02384
  },
  {
    "name": "number_of_shares",
    "year": "LTM",
    "value": 949.02384
  },
  {
    "name": "priv_share",
    "year": "2015",
    "value": 4.19
  },
  {
    "name": "priv_share",
    "year": "2016",
    "value": 4.22
  },
  {
    "name": "priv_share",
    "year": "2017",
    "value": 3.8
  },
  {
    "name": "priv_share",
    "year": "2018",
    "value": 4.01
  },
  {
    "name": "priv_share",
    "year": "2019",
    "value": 6.11
  },
  {
    "name": "priv_share",
    "year": "2020",
    "value": 9.46
  },
  {
    "name": "priv_share",
    "year": "2021",
    "value": 11.4
  },
  {
    "name": "priv_share",
    "year": "2022",
    "value": 9.31
  },
  {
    "name": "priv_share",
    "year": "2023",
    "value": 14.98
  },
  {
    "name": "priv_share",
    "year": "LTM",
    "value": 9.21
  },
  {
    "name": "number_of_priv_shares",
    "year": "2015",
    "value": 36.16527
  },
  {
    "name": "number_of_priv_shares",
    "year": "2016",
    "value": 36.16527
  },
  {
    "name": "number_of_priv_shares",
    "year": "2017",
    "value": 36.16527
  },
  {
    "name": "number_of_priv_shares",
    "year": "2018",
    "value": 36.16527
  },
  {
    "name": "number_of_priv_shares",
    "year": "2019",
    "value": 36.16527
  },
  {
    "name": "number_of_priv_shares",
    "year": "2020",
    "value": 36.16527
  },
  {
    "name": "number_of_priv_shares",
    "year": "2021",
    "value": 36.16527
  },
  {
    "name": "number_of_priv_shares",
    "year": "2022",
    "value": 36.16527
  },
  {
    "name": "number_of_priv_shares",
    "year": "2023",
    "value": 36.16527
  },
  {
    "name": "number_of_priv_shares",
    "year": "LTM",
    "value": 36.16527
  },
  {
    "name": "market_cap",
    "year": "2013",
    "value": 0.0
  },
  {
    "name": "market_cap",
    "year": "2014",
    "value": 0.0
  },
  {
    "name": "market_cap",
    "year": "2015",
    "value": 0.15153248130000002
  },
  {
    "name": "market_cap",
    "year": "2016",
    "value": 4.1574980442
  },
  {
    "name": "market_cap",
    "year": "2017",
    "value": 3.743718618
  },
  {
    "name": "market_cap",
    "year": "2018",
    "value": 3.9506083310999998
  },
  {
    "name": "market_cap",
    "year": "2019",
    "value": 6.019505462100001
  },
  {
    "name": "market_cap",
    "year": "2020",
    "value": 9.3198889806
  },
  {
    "name": "market_cap",
    "year": "2021",
    "value": 11.231155854
  },
  {
    "name": "market_cap",
    "year": "2022",
    "value": 9.172110614100001
  },
  {
    "name": "market_cap",
    "year": "2023",
    "value": 14.7771133446
  },
  {
    "name": "market_cap",
    "year": "LTM",
    "value": 0.33308213670000003
  },
  {
    "name": "ev",
    "year": "2013",
    "value": 0.0
  },
  {
    "name": "ev",
    "year": "2014",
    "value": 0.0
  },
  {
    "name": "ev",
    "year": "2015",
    "value": 0.15153248130000002
  },
  {
    "name": "ev",
    "year": "2016",
    "value": 4.1574980442
  },
  {
    "name": "ev",
    "year": "2017",
    "value": 6.423718618
  },
  {
    "name": "ev",
    "year": "2018",
    "value": 8.630608331100001
  },
  {
    "name": "ev",
    "year": "2019",
    "value": 10.6695054621
  },
  {
    "name": "ev",
    "year": "2020",
    "value": 17.0998889806
  },
  {
    "name": "ev",
    "year": "2021",
    "value": 16.871155854
  },
  {
    "name": "ev",
    "year": "2022",
    "value": 15.2021106141
  },
  {
    "name": "ev",
    "year": "2023",
    "value": 20.4371133446
  },
  {
    "name": "ev",
    "year": "LTM",
    "value": 5.7130821367
  },
  {
    "name": "book_value",
    "year": "2013",
    "value": 0.0
  },
  {
    "name": "book_value",
    "year": "2014",
    "value": 0.0
  },
  {
    "name": "book_value",
    "year": "2015",
    "value": 0.0
  },
  {
    "name": "book_value",
    "year": "2016",
    "value": 0.0
  },
  {
    "name": "book_value",
    "year": "2017",
    "value": 12.0
  },
  {
    "name": "book_value",
    "year": "2018",
    "value": 13.0
  },
  {
    "name": "book_value",
    "year": "2019",
    "value": 17.22
  },
  {
    "name": "book_value",
    "year": "2020",
    "value": 17.03
  },
  {
    "name": "book_value",
    "year": "2021",
    "value": 16.96
  },
  {
    "name": "book_value",
    "year": "2022",
    "value": 17.46
  },
  {
    "name": "book_value",
    "year": "2023",
    "value": 19.0
  },
  {
    "name": "book_value",
    "year": "LTM",
    "value": 19.23
  },
  {
    "name": "eps",
    "year": "2015",
    "value": 0.0
  },
  {
    "name": "eps",
    "year": "2016",
    "value": 0.87879773389
  },
  {
    "name": "eps",
    "year": "2017",
    "value": 0.946235449681
  },
  {
    "name": "eps",
    "year": "2018",
    "value": 1.63114975067
  },
  {
    "name": "eps",
    "year": "2019",
    "value": 2.03050747387
  },
  {
    "name": "eps",
    "year": "2020",
    "value": 0.684914300994
  },
  {
    "name": "eps",
    "year": "2021",
    "value": 2.90509035052
  },
  {
    "name": "eps",
    "year": "2022",
    "value": 1.33821717271
  },
  {
    "name": "eps",
    "year": "2023",
    "value": 1.73862861021
  },
  {
    "name": "eps",
    "year": "LTM",
    "value": 1.7681326108730842
  },
  {
    "name": "fcf_share",
    "year": "2015",
    "value": 0.0
  },
  {
    "name": "fcf_share",
    "year": "2016",
    "value": 0.0
  },
  {
    "name": "fcf_share",
    "year": "2017",
    "value": 0.705988587178
  },
  {
    "name": "fcf_share",
    "year": "2018",
    "value": 0.943074306753
  },
  {
    "name": "fcf_share",
    "year": "2019",
    "value": 1.43305146054
  },
  {
    "name": "fcf_share",
    "year": "2020",
    "value": 1.16962288324
  },
  {
    "name": "fcf_share",
    "year": "2021",
    "value": -0.242354291121
  },
  {
    "name": "fcf_share",
    "year": "2022",
    "value": 0.927268592115
  },
  {
    "name": "fcf_share",
    "year": "2023",
    "value": 0.71652573027
  },
  {
    "name": "fcf_share",
    "year": "LTM",
    "value": 0.0
  },
  {
    "name": "bv_share",
    "year": "2015",
    "value": 0.0
  },
  {
    "name": "bv_share",
    "year": "2016",
    "value": 0.0
  },
  {
    "name": "bv_share",
    "year": "2017",
    "value": 12.6445717107
  },
  {
    "name": "bv_share",
    "year": "2018",
    "value": 13.6982860199
  },
  {
    "name": "bv_share",
    "year": "2019",
    "value": 18.1449604048
  },
  {
    "name": "bv_share",
    "year": "2020",
    "value": 17.944754686
  },
  {
    "name": "bv_share",
    "year": "2021",
    "value": 17.8709946844
  },
  {
    "name": "bv_share",
    "year": "2022",
    "value": 18.397851839
  },
  {
    "name": "bv_share",
    "year": "2023",
    "value": 20.0205718752
  },
  {
    "name": "bv_share",
    "year": "LTM",
    "value": 20.26292616632265
  },
  {
    "name": "ebitda_margin",
    "year": "2016",
    "value": 0.0
  },
  {
    "name": "ebitda_margin",
    "year": "2017",
    "value": 0.0
  },
  {
    "name": "ebitda_margin",
    "year": "2018",
    "value": 0.0
  },
  {
    "name": "ebitda_margin",
    "year": "2019",
    "value": 0.0
  },
  {
    "name": "ebitda_margin",
    "year": "2020",
    "value": 0.0
  },
  {
    "name": "ebitda_margin",
    "year": "2021",
    "value": 0.0
  },
  {
    "name": "ebitda_margin",
    "year": "2022",
    "value": 0.0
  },
  {
    "name": "ebitda_margin",
    "year": "2023",
    "value": 0.0
  },
  {
    "name": "ebitda_margin",
    "year": "LTM",
    "value": 0.0
  },
  {
    "name": "net_margin",
    "year": "2016",
    "value": 12.6096159661
  },
  {
    "name": "net_margin",
    "year": "2017",
    "value": 13.039059096799999
  },
  {
    "name": "net_margin",
    "year": "2018",
    "value": 23.522261054599998
  },
  {
    "name": "net_margin",
    "year": "2019",
    "value": 30.413510101000004
  },
  {
    "name": "net_margin",
    "year": "2020",
    "value": 10.5519480519
  },
  {
    "name": "net_margin",
    "year": "2021",
    "value": 44.112
  },
  {
    "name": "net_margin",
    "year": "2022",
    "value": 22.8417266187
  },
  {
    "name": "net_margin",
    "year": "2023",
    "value": 27.3631840796
  },
  {
    "name": "net_margin",
    "year": "LTM",
    "value": 27.02093397745572
  },
  {
    "name": "fcf_yield",
    "year": "2016",
    "value": 0.0
  },
  {
    "name": "fcf_yield",
    "year": "2017",
    "value": 18.578647031
  },
  {
    "name": "fcf_yield",
    "year": "2018",
    "value": 23.5180625125
  },
  {
    "name": "fcf_yield",
    "year": "2019",
    "value": 23.454197390199997
  },
  {
    "name": "fcf_yield",
    "year": "2020",
    "value": 12.3638782583
  },
  {
    "name": "fcf_yield",
    "year": "2021",
    "value": -2.12591483439
  },
  {
    "name": "fcf_yield",
    "year": "2022",
    "value": 9.95992043088
  },
  {
    "name": "fcf_yield",
    "year": "2023",
    "value": 4.7768382018
  },
  {
    "name": "fcf_yield",
    "year": "LTM",
    "value": null
  },
  {
    "name": "roe",
    "year": "2017",
    "value": 7.48333333333
  },
  {
    "name": "roe",
    "year": "2018",
    "value": 11.9076923077
  },
  {
    "name": "roe",
    "year": "2019",
    "value": 11.1904761905
  },
  {
    "name": "roe",
    "year": "2020",
    "value": 3.8167938931300003
  },
  {
    "name": "roe",
    "year": "2021",
    "value": 16.255896226399997
  },
  {
    "name": "roe",
    "year": "2022",
    "value": 7.27376861397
  },
  {
    "name": "roe",
    "year": "2023",
    "value": 8.684210526320001
  },
  {
    "name": "roe",
    "year": "LTM",
    "value": 8.725949037961518
  },
  {
    "name": "roa",
    "year": "2017",
    "value": 4.567650050859999
  },
  {
    "name": "roa",
    "year": "2018",
    "value": 7.503635482310001
  },
  {
    "name": "roa",
    "year": "2019",
    "value": 7.50974279034
  },
  {
    "name": "roa",
    "year": "2020",
    "value": 2.22908093278
  },
  {
    "name": "roa",
    "year": "2021",
    "value": 8.92810880829
  },
  {
    "name": "roa",
    "year": "2022",
    "value": 4.67255334805
  },
  {
    "name": "roa",
    "year": "2023",
    "value": 5.97826086957
  },
  {
    "name": "roa",
    "year": "LTM",
    "value": 6.0577617328519855
  },
  {
    "name": "p_e",
    "year": "2016",
    "value": 4.98500964532
  },
  {
    "name": "p_e",
    "year": "2017",
    "value": 4.16895169042
  },
  {
    "name": "p_e",
    "year": "2018",
    "value": 2.55207256531
  },
  {
    "name": "p_e",
    "year": "2019",
    "value": 3.12377034878
  },
  {
    "name": "p_e",
    "year": "2020",
    "value": 14.3382907394
  },
  {
    "name": "p_e",
    "year": "2021",
    "value": 4.07368728836
  },
  {
    "name": "p_e",
    "year": "2022",
    "value": 7.22213434181
  },
  {
    "name": "p_e",
    "year": "2023",
    "value": 8.95582626945
  },
  {
    "name": "p_e",
    "year": "LTM",
    "value": 0.1984994855184744
  },
  {
    "name": "p_s",
    "year": "2016",
    "value": 0.62859057215
  },
  {
    "name": "p_s",
    "year": "2017",
    "value": 0.543592074633
  },
  {
    "name": "p_s",
    "year": "2018",
    "value": 0.600305171114
  },
  {
    "name": "p_s",
    "year": "2019",
    "value": 0.950048210559
  },
  {
    "name": "p_s",
    "year": "2020",
    "value": 1.51296899036
  },
  {
    "name": "p_s",
    "year": "2021",
    "value": 1.79698493664
  },
  {
    "name": "p_s",
    "year": "2022",
    "value": 1.64966018239
  },
  {
    "name": "p_s",
    "year": "2023",
    "value": 2.45059922796
  },
  {
    "name": "p_s",
    "year": "LTM",
    "value": 0.05363641492753624
  },
  {
    "name": "p_bv",
    "year": "2017",
    "value": 0.3119765515
  },
  {
    "name": "p_bv",
    "year": "2018",
    "value": 0.303892948546
  },
  {
    "name": "p_bv",
    "year": "2019",
    "value": 0.349564777125
  },
  {
    "name": "p_bv",
    "year": "2020",
    "value": 0.54726300532
  },
  {
    "name": "p_bv",
    "year": "2021",
    "value": 0.662214378184
  },
  {
    "name": "p_bv",
    "year": "2022",
    "value": 0.525321341014
  },
  {
    "name": "p_bv",
    "year": "2023",
    "value": 0.777742807611
  },
  {
    "name": "p_bv",
    "year": "LTM",
    "value": 0.017320963946957882
  },
  {
    "name": "capex_revenue",
    "year": "2016",
    "value": 6.83398850922
  },
  {
    "name": "capex_revenue",
    "year": "2017",
    "value": 9.84463481922
  },
  {
    "name": "capex_revenue",
    "year": "2018",
    "value": 13.599756875899999
  },
  {
    "name": "capex_revenue",
    "year": "2019",
    "value": 14.8832070707
  },
  {
    "name": "capex_revenue",
    "year": "2020",
    "value": 17.7272727273
  },
  {
    "name": "capex_revenue",
    "year": "2021",
    "value": 24.48
  },
  {
    "name": "capex_revenue",
    "year": "2022",
    "value": 6.8345323741
  },
  {
    "name": "capex_revenue",
    "year": "2023",
    "value": 7.296849087890001
  },
  {
    "name": "capex_revenue",
    "year": "LTM",
    "value": 0.0
  }
]