[{"name":"date","year":"2019","value":"27.03.2020"},{"name":"date","year":"2020","value":"24.03.2021"},{"name":"date","year":"2021","value":"23.03.2022"},{"name":"date","year":"2022","value":"29.03.2023"},{"name":"date","year":"2023","value":"20.03.2024"},{"name":"date","year":"LTM\n?","value":"24.04.2024"},{"name":"currency","year":"2019","value":"RUB"},{"name":"currency","year":"2020","value":"RUB"},{"name":"currency","year":"2021","value":"RUB"},{"name":"currency","year":"2022","value":"RUB"},{"name":"currency","year":"2023","value":"RUB"},{"name":"currency","year":"LTM\n?","value":"RUB"},{"name":"report_url","year":"2019","value":"http://www.e-disclosure.ru/portal/FileLoad.ashx?Fileid=1621108"},{"name":"report_url","year":"2020","value":"https://e-disclosure.ru/portal/FileLoad.ashx?Fileid=1685707"},{"name":"report_url","year":"2021","value":"https://www.e-disclosure.ru/portal/FileLoad.ashx?Fileid=1739426"},{"name":"report_url","year":"2022","value":"https://www.e-disclosure.ru/portal/FileLoad.ashx?Fileid=1784102"},{"name":"report_url","year":"2023","value":"https://www.e-disclosure.ru/portal/FileLoad.ashx?Fileid=1825775"},{"name":"report_url","year":"LTM\n?","value":"https://www.e-disclosure.ru/portal/FileLoad.ashx?Fileid=1833322"},{"name":"year_report_url","year":"2019","value":"https://e-disclosure.ru/portal/FileLoad.ashx?Fileid=1660868"},{"name":"year_report_url","year":"2020","value":""},{"name":"year_report_url","year":"2021","value":""},{"name":"year_report_url","year":"2022","value":""},{"name":"year_report_url","year":"2023","value":""},{"name":"year_report_url","year":"LTM\n?","value":""},{"name":"revenue","year":"2019","value":"6.34"},{"name":"revenue","year":"2020","value":"6.16"},{"name":"revenue","year":"2021","value":"6.25"},{"name":"revenue","year":"2022","value":"5.56"},{"name":"revenue","year":"2023","value":"6.03"},{"name":"revenue","year":"LTM\n?","value":"6.21"},{"name":"operating_income","year":"2019","value":"1.47"},{"name":"operating_income","year":"2020","value":"1.00"},{"name":"operating_income","year":"2021","value":"1.05"},{"name":"operating_income","year":"2022","value":"0.330"},{"name":"operating_income","year":"2023","value":"-0.450"},{"name":"operating_income","year":"LTM\n?","value":"-0.397"},{"name":"net_income","year":"2019","value":"1.93"},{"name":"net_income","year":"2020","value":"0.650"},{"name":"net_income","year":"2021","value":"2.76"},{"name":"net_income","year":"2022","value":"1.27"},{"name":"net_income","year":"2023","value":"1.65"},{"name":"net_income","year":"LTM\n?","value":"1.68"},{"name":"ocf","year":"2019","value":"2.30"},{"name":"ocf","year":"2020","value":"2.20"},{"name":"ocf","year":"2021","value":"1.30"},{"name":"ocf","year":"2022","value":"1.26"},{"name":"ocf","year":"2023","value":"1.12"},{"name":"ocf","year":"LTM\n?","value":""},{"name":"capex","year":"2019","value":"0.943"},{"name":"capex","year":"2020","value":"1.09"},{"name":"capex","year":"2021","value":"1.53"},{"name":"capex","year":"2022","value":"0.380"},{"name":"capex","year":"2023","value":"0.440"},{"name":"capex","year":"LTM\n?","value":""},{"name":"fcf","year":"2019","value":"1.36"},{"name":"fcf","year":"2020","value":"1.11"},{"name":"fcf","year":"2021","value":"-0.230"},{"name":"fcf","year":"2022","value":"0.880"},{"name":"fcf","year":"2023","value":"0.680"},{"name":"fcf","year":"LTM\n?","value":""},{"name":"dividend_payout","year":"2019","value":"0.840"},{"name":"dividend_payout","year":"2020","value":"0.320"},{"name":"dividend_payout","year":"2021","value":"2.52"},{"name":"dividend_payout","year":"2022","value":"0.381"},{"name":"dividend_payout","year":"2023","value":"0.024"},{"name":"dividend_payout","year":"LTM\n?","value":"0.024"},{"name":"dividend","year":"2019","value":"0.854"},{"name":"dividend","year":"2020","value":"0.332"},{"name":"dividend","year":"2021","value":"2.6029"},{"name":"dividend","year":"2022","value":"0.3805"},{"name":"dividend","year":"2023","value":""},{"name":"dividend","year":"LTM\n?","value":""},{"name":"div_yield","year":"2019","value":"14.0%"},{"name":"div_yield","year":"2020","value":"3.5%"},{"name":"div_yield","year":"2021","value":"22.8%"},{"name":"div_yield","year":"2022","value":"4.1%"},{"name":"div_yield","year":"2023","value":"0.0%"},{"name":"div_yield","year":"LTM\n?","value":""},{"name":"dividend_pr","year":"2019","value":"0.782"},{"name":"dividend_pr","year":"2020","value":"0.264"},{"name":"dividend_pr","year":"2021","value":"1.4288"},{"name":"dividend_pr","year":"2022","value":"0.542"},{"name":"dividend_pr","year":"2023","value":"0.67"},{"name":"dividend_pr","year":"LTM\n?","value":"0.67"},{"name":"div_yield_priv","year":"2019","value":"12.8%"},{"name":"div_yield_priv","year":"2020","value":"2.8%"},{"name":"div_yield_priv","year":"2021","value":"12.5%"},{"name":"div_yield_priv","year":"2022","value":"5.8%"},{"name":"div_yield_priv","year":"2023","value":"4.5%"},{"name":"div_yield_priv","year":"LTM\n?","value":"7.3%"},{"name":"div_payout_ratio","year":"2019","value":"44%"},{"name":"div_payout_ratio","year":"2020","value":"49%"},{"name":"div_payout_ratio","year":"2021","value":"91%"},{"name":"div_payout_ratio","year":"2022","value":"30%"},{"name":"div_payout_ratio","year":"2023","value":"1%"},{"name":"div_payout_ratio","year":"LTM\n?","value":"1%"},{"name":"cost_of_production","year":"2019","value":"4.87"},{"name":"cost_of_production","year":"2020","value":"5.15"},{"name":"cost_of_production","year":"2021","value":"4.85"},{"name":"cost_of_production","year":"2022","value":"5.23"},{"name":"cost_of_production","year":"2023","value":"6.07"},{"name":"cost_of_production","year":"LTM\n?","value":"6.20"},{"name":"employment_expenses","year":"2019","value":"1.75"},{"name":"employment_expenses","year":"2020","value":"1.72"},{"name":"employment_expenses","year":"2021","value":"1.60"},{"name":"employment_expenses","year":"2022","value":"1.95"},{"name":"employment_expenses","year":"2023","value":"1.85"},{"name":"employment_expenses","year":"LTM\n?","value":""},{"name":"assets","year":"2019","value":"25.7"},{"name":"assets","year":"2020","value":"29.2"},{"name":"assets","year":"2021","value":"30.9"},{"name":"assets","year":"2022","value":"27.2"},{"name":"assets","year":"2023","value":"27.6"},{"name":"assets","year":"LTM\n?","value":"27.7"},{"name":"net_assets","year":"2019","value":"17.2"},{"name":"net_assets","year":"2020","value":"17.0"},{"name":"net_assets","year":"2021","value":"17.0"},{"name":"net_assets","year":"2022","value":"17.5"},{"name":"net_assets","year":"2023","value":"19.0"},{"name":"net_assets","year":"LTM\n?","value":"19.2"},{"name":"debt","year":"2019","value":"5.42"},{"name":"debt","year":"2020","value":"9.15"},{"name":"debt","year":"2021","value":"9.16"},{"name":"debt","year":"2022","value":"7.16"},{"name":"debt","year":"2023","value":"6.16"},{"name":"debt","year":"LTM\n?","value":"5.89"},{"name":"cash","year":"2019","value":"0.770"},{"name":"cash","year":"2020","value":"1.37"},{"name":"cash","year":"2021","value":"3.52"},{"name":"cash","year":"2022","value":"1.13"},{"name":"cash","year":"2023","value":"0.500"},{"name":"cash","year":"LTM\n?","value":"0.510"},{"name":"net_debt","year":"2019","value":"4.65"},{"name":"net_debt","year":"2020","value":"7.78"},{"name":"net_debt","year":"2021","value":"5.64"},{"name":"net_debt","year":"2022","value":"6.03"},{"name":"net_debt","year":"2023","value":"5.66"},{"name":"net_debt","year":"LTM\n?","value":"5.38"},{"name":"common_share","year":"2019","value":"6.11"},{"name":"common_share","year":"2020","value":"9.46"},{"name":"common_share","year":"2021","value":"11.4"},{"name":"common_share","year":"2022","value":"9.31"},{"name":"common_share","year":"2023","value":"15.0"},{"name":"common_share","year":"LTM\n?","value":""},{"name":"number_of_shares","year":"2019","value":"949.0"},{"name":"number_of_shares","year":"2020","value":"949.0"},{"name":"number_of_shares","year":"2021","value":"949.0"},{"name":"number_of_shares","year":"2022","value":"949.0"},{"name":"number_of_shares","year":"2023","value":"949.0"},{"name":"number_of_shares","year":"LTM\n?","value":"949.0"},{"name":"priv_share","year":"2019","value":"6.11"},{"name":"priv_share","year":"2020","value":"9.46"},{"name":"priv_share","year":"2021","value":"11.4"},{"name":"priv_share","year":"2022","value":"9.31"},{"name":"priv_share","year":"2023","value":"15.0"},{"name":"priv_share","year":"LTM\n?","value":"9.18"},{"name":"number_of_priv_shares","year":"2019","value":"36.2"},{"name":"number_of_priv_shares","year":"2020","value":"36.2"},{"name":"number_of_priv_shares","year":"2021","value":"36.2"},{"name":"number_of_priv_shares","year":"2022","value":"36.2"},{"name":"number_of_priv_shares","year":"2023","value":"36.2"},{"name":"number_of_priv_shares","year":"LTM\n?","value":"36.2"},{"name":"market_cap","year":"2019","value":"6.02"},{"name":"market_cap","year":"2020","value":"9.32"},{"name":"market_cap","year":"2021","value":"11.2"},{"name":"market_cap","year":"2022","value":"9.17"},{"name":"market_cap","year":"2023","value":"14.8"},{"name":"market_cap","year":"LTM\n?","value":"0.33"},{"name":"ev","year":"2019","value":"10.7"},{"name":"ev","year":"2020","value":"17.1"},{"name":"ev","year":"2021","value":"16.9"},{"name":"ev","year":"2022","value":"15.2"},{"name":"ev","year":"2023","value":"20.4"},{"name":"ev","year":"LTM\n?","value":"5.71"},{"name":"book_value","year":"2019","value":"17.2"},{"name":"book_value","year":"2020","value":"17.0"},{"name":"book_value","year":"2021","value":"17.0"},{"name":"book_value","year":"2022","value":"17.5"},{"name":"book_value","year":"2023","value":"19.0"},{"name":"book_value","year":"LTM\n?","value":"19.2"},{"name":"eps","year":"2019","value":"2.03"},{"name":"eps","year":"2020","value":"0.68"},{"name":"eps","year":"2021","value":"2.91"},{"name":"eps","year":"2022","value":"1.34"},{"name":"eps","year":"2023","value":"1.74"},{"name":"eps","year":"LTM\n?","value":"1.77"},{"name":"fcf_share","year":"2019","value":"1.43"},{"name":"fcf_share","year":"2020","value":"1.17"},{"name":"fcf_share","year":"2021","value":"-0.24"},{"name":"fcf_share","year":"2022","value":"0.93"},{"name":"fcf_share","year":"2023","value":"0.72"},{"name":"fcf_share","year":"LTM\n?","value":"0"},{"name":"bv_share","year":"2019","value":"18.1"},{"name":"bv_share","year":"2020","value":"17.9"},{"name":"bv_share","year":"2021","value":"17.9"},{"name":"bv_share","year":"2022","value":"18.4"},{"name":"bv_share","year":"2023","value":"20.0"},{"name":"bv_share","year":"LTM\n?","value":"20.3"},{"name":"ebitda_margin","year":"2019","value":"0.0%"},{"name":"ebitda_margin","year":"2020","value":"0.0%"},{"name":"ebitda_margin","year":"2021","value":"0.0%"},{"name":"ebitda_margin","year":"2022","value":"0.0%"},{"name":"ebitda_margin","year":"2023","value":"0.0%"},{"name":"ebitda_margin","year":"LTM\n?","value":"0"},{"name":"net_margin","year":"2019","value":"30.4%"},{"name":"net_margin","year":"2020","value":"10.6%"},{"name":"net_margin","year":"2021","value":"44.1%"},{"name":"net_margin","year":"2022","value":"22.8%"},{"name":"net_margin","year":"2023","value":"27.4%"},{"name":"net_margin","year":"LTM\n?","value":"27.0%"},{"name":"fcf_yield","year":"2019","value":"23.5%"},{"name":"fcf_yield","year":"2020","value":"12.4%"},{"name":"fcf_yield","year":"2021","value":"-2.1%"},{"name":"fcf_yield","year":"2022","value":"10.0%"},{"name":"fcf_yield","year":"2023","value":"4.8%"},{"name":"fcf_yield","year":"LTM\n?","value":""},{"name":"roe","year":"2019","value":"11.2%"},{"name":"roe","year":"2020","value":"3.8%"},{"name":"roe","year":"2021","value":"16.3%"},{"name":"roe","year":"2022","value":"7.3%"},{"name":"roe","year":"2023","value":"8.7%"},{"name":"roe","year":"LTM\n?","value":"8.7%"},{"name":"roa","year":"2019","value":"7.5%"},{"name":"roa","year":"2020","value":"2.2%"},{"name":"roa","year":"2021","value":"8.9%"},{"name":"roa","year":"2022","value":"4.7%"},{"name":"roa","year":"2023","value":"6.0%"},{"name":"roa","year":"LTM\n?","value":"6.1%"},{"name":"p_e","year":"2019","value":"3.12"},{"name":"p_e","year":"2020","value":"14.3"},{"name":"p_e","year":"2021","value":"4.07"},{"name":"p_e","year":"2022","value":"7.22"},{"name":"p_e","year":"2023","value":"8.96"},{"name":"p_e","year":"LTM\n?","value":"0.20"},{"name":"p_fcf","year":"2019","value":"4.43"},{"name":"p_fcf","year":"2020","value":"8.40"},{"name":"p_fcf","year":"2021","value":"-48.8"},{"name":"p_fcf","year":"2022","value":"10.4"},{"name":"p_fcf","year":"2023","value":"21.7"},{"name":"p_fcf","year":"LTM\n?","value":""},{"name":"p_s","year":"2019","value":"0.95"},{"name":"p_s","year":"2020","value":"1.51"},{"name":"p_s","year":"2021","value":"1.80"},{"name":"p_s","year":"2022","value":"1.65"},{"name":"p_s","year":"2023","value":"2.45"},{"name":"p_s","year":"LTM\n?","value":"0.05"},{"name":"p_bv","year":"2019","value":"0.35"},{"name":"p_bv","year":"2020","value":"0.55"},{"name":"p_bv","year":"2021","value":"0.66"},{"name":"p_bv","year":"2022","value":"0.53"},{"name":"p_bv","year":"2023","value":"0.78"},{"name":"p_bv","year":"LTM\n?","value":"0.02"},{"name":"r_and_d_capex","year":"2019","value":"0.00%"},{"name":"r_and_d_capex","year":"2020","value":"0.00%"},{"name":"r_and_d_capex","year":"2021","value":"0.00%"},{"name":"r_and_d_capex","year":"2022","value":"0.00%"},{"name":"r_and_d_capex","year":"2023","value":"0.00%"},{"name":"r_and_d_capex","year":"LTM\n?","value":""},{"name":"capex_revenue","year":"2019","value":"15%"},{"name":"capex_revenue","year":"2020","value":"18%"},{"name":"capex_revenue","year":"2021","value":"24%"},{"name":"capex_revenue","year":"2022","value":"7%"},{"name":"capex_revenue","year":"2023","value":"7%"},{"name":"capex_revenue","year":"LTM\n?","value":"0"}]