[{"name":"date","year":"2023Q1","value":"29.08.2023"},{"name":"date","year":"2023Q2","value":"29.08.2023"},{"name":"date","year":"2023Q3","value":"01.12.2023"},{"name":"date","year":"2023Q4","value":"05.03.2024"},{"name":"date","year":"2024Q1","value":"30.05.2024"},{"name":"date","year":"LTM\n?","value":"30.05.2024"},{"name":"currency","year":"2023Q1","value":"RUB"},{"name":"currency","year":"2023Q2","value":"RUB"},{"name":"currency","year":"2023Q3","value":"RUB"},{"name":"currency","year":"2023Q4","value":"RUB"},{"name":"currency","year":"2024Q1","value":"RUB"},{"name":"currency","year":"LTM\n?","value":"RUB"},{"name":"report_url","year":"2023Q1","value":""},{"name":"report_url","year":"2023Q2","value":"https://www.e-disclosure.ru/portal/FileLoad.ashx?Fileid=1810513"},{"name":"report_url","year":"2023Q3","value":"https://www.e-disclosure.ru/portal/FileLoad.ashx?Fileid=1816790"},{"name":"report_url","year":"2023Q4","value":"https://ir.aeroflot.ru/fileadmin/user_upload/files/mfso23/Consolidated_financial_statements_12m2023_RUS.pdf"},{"name":"report_url","year":"2024Q1","value":"https://ir.aeroflot.ru/fileadmin/user_upload/files/rus/reports/msfo/Konsolidirovannaja_otchetnost_1q2024_30052024.pdf"},{"name":"report_url","year":"LTM\n?","value":"https://ir.aeroflot.ru/fileadmin/user_upload/files/rus/reports/msfo/Konsolidirovannaja_otchetnost_1q2024_30052024.pdf"},{"name":"presentation_url","year":"2023Q1","value":""},{"name":"presentation_url","year":"2023Q2","value":"https://ir.aeroflot.ru/fileadmin/user_upload/files/mfso23/Q2_2023_Presentation_VF_P.pdf"},{"name":"presentation_url","year":"2023Q3","value":"https://ir.aeroflot.ru/fileadmin/user_upload/files/mfso23/Q3_2023_Presentation.pdf"},{"name":"presentation_url","year":"2023Q4","value":"https://ir.aeroflot.ru/fileadmin/user_upload/files/mfso23/Q4_2023_Presentation_vP.pdf"},{"name":"presentation_url","year":"2024Q1","value":"https://ir.aeroflot.ru/fileadmin/user_upload/files/rus/reports/msfo/Q1_2024_Presentation.pdf"},{"name":"presentation_url","year":"LTM\n?","value":"https://ir.aeroflot.ru/fileadmin/user_upload/files/rus/reports/msfo/Q1_2024_Presentation.pdf"},{"name":"passenger_traffic_total","year":"2023Q1","value":"9.47"},{"name":"passenger_traffic_total","year":"2023Q2","value":"11.5"},{"name":"passenger_traffic_total","year":"2023Q3","value":"14.9"},{"name":"passenger_traffic_total","year":"2023Q4","value":"11.5"},{"name":"passenger_traffic_total","year":"2024Q1","value":"11.5"},{"name":"passenger_traffic_total","year":"LTM\n?","value":"11.5"},{"name":"passenger_traffic_internal","year":"2023Q1","value":"7.52"},{"name":"passenger_traffic_internal","year":"2023Q2","value":"9.29"},{"name":"passenger_traffic_internal","year":"2023Q3","value":"12.1"},{"name":"passenger_traffic_internal","year":"2023Q4","value":"8.79"},{"name":"passenger_traffic_internal","year":"2024Q1","value":"8.64"},{"name":"passenger_traffic_internal","year":"LTM\n?","value":"8.64"},{"name":"passenger_traffic_world","year":"2023Q1","value":"1.95"},{"name":"passenger_traffic_world","year":"2023Q2","value":"2.17"},{"name":"passenger_traffic_world","year":"2023Q3","value":"2.76"},{"name":"passenger_traffic_world","year":"2023Q4","value":"2.71"},{"name":"passenger_traffic_world","year":"2024Q1","value":"2.88"},{"name":"passenger_traffic_world","year":"LTM\n?","value":"2.88"},{"name":"chairs_employed","year":"2023Q1","value":"86.3%"},{"name":"chairs_employed","year":"2023Q2","value":"85.7%"},{"name":"chairs_employed","year":"2023Q3","value":"90.5%"},{"name":"chairs_employed","year":"2023Q4","value":"87.2%"},{"name":"chairs_employed","year":"2024Q1","value":"88.3%"},{"name":"chairs_employed","year":"LTM\n?","value":"88.3%"},{"name":"turnover","year":"2023Q1","value":"202.9"},{"name":"turnover","year":"2023Q2","value":"224.7"},{"name":"turnover","year":"2023Q3","value":"271.1"},{"name":"turnover","year":"2023Q4","value":"290.7"},{"name":"turnover","year":"2024Q1","value":""},{"name":"turnover","year":"LTM\n?","value":"786.5"},{"name":"flight_hours","year":"2023Q1","value":"185 394"},{"name":"flight_hours","year":"2023Q2","value":"200 190"},{"name":"flight_hours","year":"2023Q3","value":"288 360"},{"name":"flight_hours","year":"2023Q4","value":"219 750"},{"name":"flight_hours","year":"2024Q1","value":""},{"name":"flight_hours","year":"LTM\n?","value":""},{"name":"aircraft_number","year":"2023Q1","value":""},{"name":"aircraft_number","year":"2023Q2","value":""},{"name":"aircraft_number","year":"2023Q3","value":""},{"name":"aircraft_number","year":"2023Q4","value":"349"},{"name":"aircraft_number","year":"2024Q1","value":"349"},{"name":"aircraft_number","year":"LTM\n?","value":"349"},{"name":"revenue","year":"2023Q1","value":"112.5"},{"name":"revenue","year":"2023Q2","value":"139.7"},{"name":"revenue","year":"2023Q3","value":"188.9"},{"name":"revenue","year":"2023Q4","value":"171.1"},{"name":"revenue","year":"2024Q1","value":"173.6"},{"name":"revenue","year":"LTM\n?","value":"673.3"},{"name":"operating_income","year":"2023Q1","value":"-5.29"},{"name":"operating_income","year":"2023Q2","value":"2.36"},{"name":"operating_income","year":"2023Q3","value":"73.5"},{"name":"operating_income","year":"2023Q4","value":"111.7"},{"name":"operating_income","year":"2024Q1","value":"30.8"},{"name":"operating_income","year":"LTM\n?","value":"218.3"},{"name":"ebitda","year":"2023Q1","value":"30.3"},{"name":"ebitda","year":"2023Q2","value":"35.9"},{"name":"ebitda","year":"2023Q3","value":"108.1"},{"name":"ebitda","year":"2023Q4","value":"144.1"},{"name":"ebitda","year":"2024Q1","value":"59.4"},{"name":"ebitda","year":"LTM\n?","value":"347.4"},{"name":"net_income","year":"2023Q1","value":"-13.0"},{"name":"net_income","year":"2023Q2","value":"-53.6"},{"name":"net_income","year":"2023Q3","value":"-10.8"},{"name":"net_income","year":"2023Q4","value":"117.7"},{"name":"net_income","year":"2024Q1","value":"6.54"},{"name":"net_income","year":"LTM\n?","value":"59.8"},{"name":"net_income_ns","year":"2023Q1","value":"-43.0"},{"name":"net_income_ns","year":"2023Q2","value":""},{"name":"net_income_ns","year":"2023Q3","value":""},{"name":"net_income_ns","year":"2023Q4","value":""},{"name":"net_income_ns","year":"2024Q1","value":"1.09"},{"name":"net_income_ns","year":"LTM\n?","value":"1.09"},{"name":"ocf","year":"2023Q1","value":""},{"name":"ocf","year":"2023Q2","value":"69.8"},{"name":"ocf","year":"2023Q3","value":"36.8"},{"name":"ocf","year":"2023Q4","value":"70.6"},{"name":"ocf","year":"2024Q1","value":""},{"name":"ocf","year":"LTM\n?","value":"177.2"},{"name":"capex","year":"2023Q1","value":""},{"name":"capex","year":"2023Q2","value":"12.5"},{"name":"capex","year":"2023Q3","value":"28.1"},{"name":"capex","year":"2023Q4","value":"58.9"},{"name":"capex","year":"2024Q1","value":""},{"name":"capex","year":"LTM\n?","value":"99.5"},{"name":"fcf","year":"2023Q1","value":""},{"name":"fcf","year":"2023Q2","value":"18.9"},{"name":"fcf","year":"2023Q3","value":"-9.50"},{"name":"fcf","year":"2023Q4","value":"-12.0"},{"name":"fcf","year":"2024Q1","value":""},{"name":"fcf","year":"LTM\n?","value":"-2.61"},{"name":"div_yield","year":"2023Q1","value":"0.0%"},{"name":"div_yield","year":"2023Q2","value":"0.0%"},{"name":"div_yield","year":"2023Q3","value":"0.0%"},{"name":"div_yield","year":"2023Q4","value":"0.0%"},{"name":"div_yield","year":"2024Q1","value":"0.0%"},{"name":"div_yield","year":"LTM\n?","value":"0.0%"},{"name":"div_payout_ratio","year":"2023Q1","value":"0%"},{"name":"div_payout_ratio","year":"2023Q2","value":"0%"},{"name":"div_payout_ratio","year":"2023Q3","value":"0%"},{"name":"div_payout_ratio","year":"2023Q4","value":"0%"},{"name":"div_payout_ratio","year":"2024Q1","value":"0%"},{"name":"div_payout_ratio","year":"LTM\n?","value":"0"},{"name":"opex","year":"2023Q1","value":"117.8"},{"name":"opex","year":"2023Q2","value":"131.3"},{"name":"opex","year":"2023Q3","value":"115.4"},{"name":"opex","year":"2023Q4","value":"65.4"},{"name":"opex","year":"2024Q1","value":"142.8"},{"name":"opex","year":"LTM\n?","value":"454.9"},{"name":"amortization","year":"2023Q1","value":"35.6"},{"name":"amortization","year":"2023Q2","value":"33.5"},{"name":"amortization","year":"2023Q3","value":"34.5"},{"name":"amortization","year":"2023Q4","value":"32.4"},{"name":"amortization","year":"2024Q1","value":"28.5"},{"name":"amortization","year":"LTM\n?","value":"128.9"},{"name":"employment_expenses","year":"2023Q1","value":"18.0"},{"name":"employment_expenses","year":"2023Q2","value":"18.2"},{"name":"employment_expenses","year":"2023Q3","value":"19.4"},{"name":"employment_expenses","year":"2023Q4","value":"21.9"},{"name":"employment_expenses","year":"2024Q1","value":"21.3"},{"name":"employment_expenses","year":"LTM\n?","value":"80.8"},{"name":"interest_expenses","year":"2023Q1","value":""},{"name":"interest_expenses","year":"2023Q2","value":"15.2"},{"name":"interest_expenses","year":"2023Q3","value":"9.58"},{"name":"interest_expenses","year":"2023Q4","value":"4.48"},{"name":"interest_expenses","year":"2024Q1","value":""},{"name":"interest_expenses","year":"LTM\n?","value":"29.2"},{"name":"assets","year":"2023Q1","value":""},{"name":"assets","year":"2023Q2","value":"1 060"},{"name":"assets","year":"2023Q3","value":"1 107"},{"name":"assets","year":"2023Q4","value":"1 114"},{"name":"assets","year":"2024Q1","value":"1 110"},{"name":"assets","year":"LTM\n?","value":"1 110"},{"name":"net_assets","year":"2023Q1","value":""},{"name":"net_assets","year":"2023Q2","value":"-173.3"},{"name":"net_assets","year":"2023Q3","value":"-184.1"},{"name":"net_assets","year":"2023Q4","value":"-85.5"},{"name":"net_assets","year":"2024Q1","value":"-97.7"},{"name":"net_assets","year":"LTM\n?","value":"-97.7"},{"name":"debt","year":"2023Q1","value":""},{"name":"debt","year":"2023Q2","value":"700.4"},{"name":"debt","year":"2023Q3","value":"763.7"},{"name":"debt","year":"2023Q4","value":"747.3"},{"name":"debt","year":"2024Q1","value":"741.0"},{"name":"debt","year":"LTM\n?","value":"741.0"},{"name":"cash","year":"2023Q1","value":""},{"name":"cash","year":"2023Q2","value":"162.2"},{"name":"cash","year":"2023Q3","value":"139.8"},{"name":"cash","year":"2023Q4","value":"117.0"},{"name":"cash","year":"2024Q1","value":"109.7"},{"name":"cash","year":"LTM\n?","value":"109.7"},{"name":"net_debt","year":"2023Q1","value":"0.00"},{"name":"net_debt","year":"2023Q2","value":"538.2"},{"name":"net_debt","year":"2023Q3","value":"623.9"},{"name":"net_debt","year":"2023Q4","value":"630.3"},{"name":"net_debt","year":"2024Q1","value":"631.3"},{"name":"net_debt","year":"LTM\n?","value":"631.3"},{"name":"common_share","year":"2023Q1","value":"31.5"},{"name":"common_share","year":"2023Q2","value":"42.5"},{"name":"common_share","year":"2023Q3","value":"41.5"},{"name":"common_share","year":"2023Q4","value":"34.9"},{"name":"common_share","year":"2024Q1","value":"45.3"},{"name":"common_share","year":"LTM\n?","value":"47.2"},{"name":"number_of_shares","year":"2023Q1","value":"3 976"},{"name":"number_of_shares","year":"2023Q2","value":"3 976"},{"name":"number_of_shares","year":"2023Q3","value":"3 976"},{"name":"number_of_shares","year":"2023Q4","value":"3 976"},{"name":"number_of_shares","year":"2024Q1","value":"3 976"},{"name":"number_of_shares","year":"LTM\n?","value":"3 976"},{"name":"market_cap","year":"2023Q1","value":"125.1"},{"name":"market_cap","year":"2023Q2","value":"169.0"},{"name":"market_cap","year":"2023Q3","value":"164.9"},{"name":"market_cap","year":"2023Q4","value":"138.9"},{"name":"market_cap","year":"2024Q1","value":"180.2"},{"name":"market_cap","year":"LTM\n?","value":"187.5"},{"name":"ev","year":"2023Q1","value":"125.1"},{"name":"ev","year":"2023Q2","value":"707.2"},{"name":"ev","year":"2023Q3","value":"788.8"},{"name":"ev","year":"2023Q4","value":"769.2"},{"name":"ev","year":"2024Q1","value":"811.5"},{"name":"ev","year":"LTM\n?","value":"818.8"},{"name":"book_value","year":"2023Q1","value":"0.00"},{"name":"book_value","year":"2023Q2","value":"-173.3"},{"name":"book_value","year":"2023Q3","value":"-184.1"},{"name":"book_value","year":"2023Q4","value":"-93.0"},{"name":"book_value","year":"2024Q1","value":"-105.5"},{"name":"book_value","year":"LTM\n?","value":"-105.5"},{"name":"eps","year":"2023Q1","value":"-3.27"},{"name":"eps","year":"2023Q2","value":"-13.5"},{"name":"eps","year":"2023Q3","value":"-2.73"},{"name":"eps","year":"2023Q4","value":"29.6"},{"name":"eps","year":"2024Q1","value":"1.65"},{"name":"eps","year":"LTM\n?","value":"15.0"},{"name":"fcf_share","year":"2023Q1","value":"0.00"},{"name":"fcf_share","year":"2023Q2","value":"4.76"},{"name":"fcf_share","year":"2023Q3","value":"-2.39"},{"name":"fcf_share","year":"2023Q4","value":"-3.03"},{"name":"fcf_share","year":"2024Q1","value":"0.00"},{"name":"fcf_share","year":"LTM\n?","value":"-0.66"},{"name":"bv_share","year":"2023Q1","value":"0.00"},{"name":"bv_share","year":"2023Q2","value":"-43.6"},{"name":"bv_share","year":"2023Q3","value":"-46.3"},{"name":"bv_share","year":"2023Q4","value":"-23.4"},{"name":"bv_share","year":"2024Q1","value":"-26.5"},{"name":"bv_share","year":"LTM\n?","value":"-26.5"},{"name":"ebitda_margin","year":"2023Q1","value":"27.0%"},{"name":"ebitda_margin","year":"2023Q2","value":"25.7%"},{"name":"ebitda_margin","year":"2023Q3","value":"57.2%"},{"name":"ebitda_margin","year":"2023Q4","value":"84.2%"},{"name":"ebitda_margin","year":"2024Q1","value":"34.2%"},{"name":"ebitda_margin","year":"LTM\n?","value":"51.6%"},{"name":"net_margin","year":"2023Q1","value":"-11.6%"},{"name":"net_margin","year":"2023Q2","value":"-38.4%"},{"name":"net_margin","year":"2023Q3","value":"-5.7%"},{"name":"net_margin","year":"2023Q4","value":"68.8%"},{"name":"net_margin","year":"2024Q1","value":"3.8%"},{"name":"net_margin","year":"LTM\n?","value":"8.9%"},{"name":"fcf_yield","year":"2023Q1","value":"-19.9%"},{"name":"fcf_yield","year":"2023Q2","value":"4.7%"},{"name":"fcf_yield","year":"2023Q3","value":"5.7%"},{"name":"fcf_yield","year":"2023Q4","value":"-1.9%"},{"name":"fcf_yield","year":"2024Q1","value":"-1.4%"},{"name":"fcf_yield","year":"LTM\n?","value":"-1.4%"},{"name":"roe","year":"2023Q1","value":""},{"name":"roe","year":"2023Q2","value":"102.4%"},{"name":"roe","year":"2023Q3","value":"58.4%"},{"name":"roe","year":"2023Q4","value":"-12.0%"},{"name":"roe","year":"2024Q1","value":"-61.2%"},{"name":"roe","year":"LTM\n?","value":"-61.2%"},{"name":"roa","year":"2023Q1","value":""},{"name":"roa","year":"2023Q2","value":"-16.7%"},{"name":"roa","year":"2023Q3","value":"-9.7%"},{"name":"roa","year":"2023Q4","value":"0.9%"},{"name":"roa","year":"2024Q1","value":"5.4%"},{"name":"roa","year":"LTM\n?","value":"5.4%"},{"name":"p_e","year":"2023Q1","value":"1.72"},{"name":"p_e","year":"2023Q2","value":"-0.95"},{"name":"p_e","year":"2023Q3","value":"-1.53"},{"name":"p_e","year":"2023Q4","value":"13.5"},{"name":"p_e","year":"2024Q1","value":"3.01"},{"name":"p_e","year":"LTM\n?","value":"3.13"},{"name":"p_fcf","year":"2023Q1","value":"-5.03"},{"name":"p_fcf","year":"2023Q2","value":"21.4"},{"name":"p_fcf","year":"2023Q3","value":"-17.4"},{"name":"p_fcf","year":"2023Q4","value":"-53.2"},{"name":"p_fcf","year":"2024Q1","value":"-69.0"},{"name":"p_fcf","year":"LTM\n?","value":"-71.8"},{"name":"p_s","year":"2023Q1","value":"0.29"},{"name":"p_s","year":"2023Q2","value":"0.35"},{"name":"p_s","year":"2023Q3","value":"0.37"},{"name":"p_s","year":"2023Q4","value":"0.23"},{"name":"p_s","year":"2024Q1","value":"0.27"},{"name":"p_s","year":"LTM\n?","value":"0.28"},{"name":"p_bv","year":"2023Q1","value":""},{"name":"p_bv","year":"2023Q2","value":"-0.98"},{"name":"p_bv","year":"2023Q3","value":"-0.90"},{"name":"p_bv","year":"2023Q4","value":"-1.49"},{"name":"p_bv","year":"2024Q1","value":"-1.71"},{"name":"p_bv","year":"LTM\n?","value":"-1.78"},{"name":"ev_ebitda","year":"2023Q1","value":"1.01"},{"name":"ev_ebitda","year":"2023Q2","value":"6.04"},{"name":"ev_ebitda","year":"2023Q3","value":"4.53"},{"name":"ev_ebitda","year":"2023Q4","value":"2.42"},{"name":"ev_ebitda","year":"2024Q1","value":"2.34"},{"name":"ev_ebitda","year":"LTM\n?","value":"2.36"},{"name":"debt_ebitda","year":"2023Q1","value":"0.00"},{"name":"debt_ebitda","year":"2023Q2","value":"4.60"},{"name":"debt_ebitda","year":"2023Q3","value":"3.58"},{"name":"debt_ebitda","year":"2023Q4","value":"1.98"},{"name":"debt_ebitda","year":"2024Q1","value":"1.82"},{"name":"debt_ebitda","year":"LTM\n?","value":"1.82"},{"name":"employees","year":"2023Q1","value":""},{"name":"employees","year":"2023Q2","value":""},{"name":"employees","year":"2023Q3","value":""},{"name":"employees","year":"2023Q4","value":"31 500"},{"name":"employees","year":"2024Q1","value":""},{"name":"employees","year":"LTM\n?","value":""},{"name":"expenses_per_employee","year":"2023Q1","value":""},{"name":"expenses_per_employee","year":"2023Q2","value":""},{"name":"expenses_per_employee","year":"2023Q3","value":""},{"name":"expenses_per_employee","year":"2023Q4","value":"696.5"},{"name":"expenses_per_employee","year":"2024Q1","value":""},{"name":"expenses_per_employee","year":"LTM\n?","value":""},{"name":"r_and_d_capex","year":"2023Q1","value":""},{"name":"r_and_d_capex","year":"2023Q2","value":"0.00%"},{"name":"r_and_d_capex","year":"2023Q3","value":"0.00%"},{"name":"r_and_d_capex","year":"2023Q4","value":"0.00%"},{"name":"r_and_d_capex","year":"2024Q1","value":""},{"name":"r_and_d_capex","year":"LTM\n?","value":"0"},{"name":"capex_revenue","year":"2023Q1","value":"0%"},{"name":"capex_revenue","year":"2023Q2","value":"9%"},{"name":"capex_revenue","year":"2023Q3","value":"15%"},{"name":"capex_revenue","year":"2023Q4","value":"34%"},{"name":"capex_revenue","year":"2024Q1","value":"0%"},{"name":"capex_revenue","year":"LTM\n?","value":"15%"}]