[
  {
    "name": "revenue",
    "year": "2015Q2",
    "value": 16.101
  },
  {
    "name": "revenue",
    "year": "2015Q4",
    "value": null
  },
  {
    "name": "revenue",
    "year": "2016Q2",
    "value": 22.698
  },
  {
    "name": "revenue",
    "year": "2016Q4",
    "value": null
  },
  {
    "name": "revenue",
    "year": "2017Q2",
    "value": 24.679
  },
  {
    "name": "revenue",
    "year": "2017Q4",
    "value": null
  },
  {
    "name": "revenue",
    "year": "2018Q2",
    "value": 22.603
  },
  {
    "name": "revenue",
    "year": "2018Q3",
    "value": null
  },
  {
    "name": "revenue",
    "year": "2018Q4",
    "value": 22.061
  },
  {
    "name": "revenue",
    "year": "2019Q2",
    "value": 20.864
  },
  {
    "name": "revenue",
    "year": "2019Q4",
    "value": 25.186
  },
  {
    "name": "revenue",
    "year": "2020Q2",
    "value": 26.49
  },
  {
    "name": "revenue",
    "year": "2020Q4",
    "value": 12.81
  },
  {
    "name": "revenue",
    "year": "2021Q2",
    "value": 20.85
  },
  {
    "name": "revenue",
    "year": "2021Q4",
    "value": null
  },
  {
    "name": "revenue",
    "year": "2022Q2",
    "value": 29.2
  },
  {
    "name": "revenue",
    "year": "2022Q4",
    "value": 29.9
  },
  {
    "name": "revenue",
    "year": "2023Q2",
    "value": 30.5
  },
  {
    "name": "revenue",
    "year": "2023Q4",
    "value": 36.86
  },
  {
    "name": "ebitda",
    "year": "2018Q2",
    "value": -4.337
  },
  {
    "name": "ebitda",
    "year": "2018Q3",
    "value": null
  },
  {
    "name": "ebitda",
    "year": "2018Q4",
    "value": -12.398
  },
  {
    "name": "ebitda",
    "year": "2019Q2",
    "value": -1.215
  },
  {
    "name": "ebitda",
    "year": "2019Q4",
    "value": -2.375
  },
  {
    "name": "ebitda",
    "year": "2020Q2",
    "value": 10.62
  },
  {
    "name": "ebitda",
    "year": "2020Q4",
    "value": -5.92
  },
  {
    "name": "ebitda",
    "year": "2021Q2",
    "value": 9.95
  },
  {
    "name": "net_income",
    "year": "2015Q2",
    "value": 0.339
  },
  {
    "name": "net_income",
    "year": "2015Q4",
    "value": null
  },
  {
    "name": "net_income",
    "year": "2016Q2",
    "value": 0.033
  },
  {
    "name": "net_income",
    "year": "2016Q4",
    "value": null
  },
  {
    "name": "net_income",
    "year": "2017Q2",
    "value": 0.345
  },
  {
    "name": "net_income",
    "year": "2017Q4",
    "value": null
  },
  {
    "name": "net_income",
    "year": "2018Q2",
    "value": -5.067
  },
  {
    "name": "net_income",
    "year": "2018Q3",
    "value": null
  },
  {
    "name": "net_income",
    "year": "2018Q4",
    "value": -17.91
  },
  {
    "name": "net_income",
    "year": "2019Q2",
    "value": -3.765
  },
  {
    "name": "net_income",
    "year": "2019Q4",
    "value": -5.095
  },
  {
    "name": "net_income",
    "year": "2020Q2",
    "value": -2.38
  },
  {
    "name": "net_income",
    "year": "2020Q4",
    "value": 8.78
  },
  {
    "name": "net_income",
    "year": "2021Q2",
    "value": -1.29
  },
  {
    "name": "net_income",
    "year": "2021Q4",
    "value": null
  },
  {
    "name": "net_income",
    "year": "2022Q2",
    "value": 0.48
  },
  {
    "name": "net_income",
    "year": "2022Q4",
    "value": -0.257
  },
  {
    "name": "net_income",
    "year": "2023Q2",
    "value": 0.087
  },
  {
    "name": "net_income",
    "year": "2023Q4",
    "value": 0.033
  },
  {
    "name": "ocf",
    "year": "2022Q2",
    "value": -1.55
  },
  {
    "name": "ocf",
    "year": "2022Q4",
    "value": 8.15
  },
  {
    "name": "ocf",
    "year": "2023Q2",
    "value": 1.42
  },
  {
    "name": "ocf",
    "year": "2023Q4",
    "value": 5.63
  },
  {
    "name": "capex",
    "year": "2018Q2",
    "value": 0.171
  },
  {
    "name": "capex",
    "year": "2018Q3",
    "value": null
  },
  {
    "name": "capex",
    "year": "2018Q4",
    "value": 0.474
  },
  {
    "name": "capex",
    "year": "2019Q2",
    "value": 0.434
  },
  {
    "name": "capex",
    "year": "2019Q4",
    "value": 1.386
  },
  {
    "name": "capex",
    "year": "2020Q2",
    "value": 1.4
  },
  {
    "name": "capex",
    "year": "2020Q4",
    "value": 0.3
  },
  {
    "name": "capex",
    "year": "2021Q2",
    "value": 0.225
  },
  {
    "name": "capex",
    "year": "2021Q4",
    "value": null
  },
  {
    "name": "capex",
    "year": "2022Q2",
    "value": 0.52
  },
  {
    "name": "capex",
    "year": "2022Q4",
    "value": 0.46
  },
  {
    "name": "capex",
    "year": "2023Q2",
    "value": 0.57
  },
  {
    "name": "capex",
    "year": "2023Q4",
    "value": 0.08
  },
  {
    "name": "fcf",
    "year": "2022Q2",
    "value": -4.2
  },
  {
    "name": "fcf",
    "year": "2022Q4",
    "value": 5.84
  },
  {
    "name": "fcf",
    "year": "2023Q2",
    "value": -1.24
  },
  {
    "name": "fcf",
    "year": "2023Q4",
    "value": 3.92
  },
  {
    "name": "cost_of_production",
    "year": "2015Q2",
    "value": 10.655
  },
  {
    "name": "cost_of_production",
    "year": "2015Q4",
    "value": null
  },
  {
    "name": "cost_of_production",
    "year": "2016Q2",
    "value": 16.388
  },
  {
    "name": "cost_of_production",
    "year": "2016Q4",
    "value": null
  },
  {
    "name": "cost_of_production",
    "year": "2017Q2",
    "value": 17.076
  },
  {
    "name": "cost_of_production",
    "year": "2017Q4",
    "value": null
  },
  {
    "name": "cost_of_production",
    "year": "2018Q2",
    "value": 17.322
  },
  {
    "name": "cost_of_production",
    "year": "2018Q3",
    "value": null
  },
  {
    "name": "cost_of_production",
    "year": "2018Q4",
    "value": 16.007
  },
  {
    "name": "cost_of_production",
    "year": "2019Q2",
    "value": 14.908
  },
  {
    "name": "cost_of_production",
    "year": "2019Q4",
    "value": 18.032
  },
  {
    "name": "cost_of_production",
    "year": "2020Q2",
    "value": 18.4
  },
  {
    "name": "cost_of_production",
    "year": "2020Q4",
    "value": 7.3
  },
  {
    "name": "cost_of_production",
    "year": "2021Q2",
    "value": 13.7
  },
  {
    "name": "cost_of_production",
    "year": "2021Q4",
    "value": null
  },
  {
    "name": "cost_of_production",
    "year": "2022Q2",
    "value": 19.1
  },
  {
    "name": "cost_of_production",
    "year": "2022Q4",
    "value": 19.76
  },
  {
    "name": "cost_of_production",
    "year": "2023Q2",
    "value": 20.3
  },
  {
    "name": "cost_of_production",
    "year": "2023Q4",
    "value": 24.8
  },
  {
    "name": "amortization",
    "year": "2022Q2",
    "value": 3.0
  },
  {
    "name": "amortization",
    "year": "2022Q4",
    "value": 2.8
  },
  {
    "name": "amortization",
    "year": "2023Q2",
    "value": 3.0
  },
  {
    "name": "amortization",
    "year": "2023Q4",
    "value": 3.0
  },
  {
    "name": "employment_expenses",
    "year": "2022Q2",
    "value": 3.9
  },
  {
    "name": "employment_expenses",
    "year": "2022Q4",
    "value": 4.02
  },
  {
    "name": "employment_expenses",
    "year": "2023Q2",
    "value": 4.2
  },
  {
    "name": "employment_expenses",
    "year": "2023Q4",
    "value": 4.71
  },
  {
    "name": "interest_expenses",
    "year": "2021Q2",
    "value": 3.4
  },
  {
    "name": "interest_expenses",
    "year": "2021Q4",
    "value": null
  },
  {
    "name": "interest_expenses",
    "year": "2022Q2",
    "value": 1.83
  },
  {
    "name": "interest_expenses",
    "year": "2022Q4",
    "value": 2.44
  },
  {
    "name": "interest_expenses",
    "year": "2023Q2",
    "value": 1.73
  },
  {
    "name": "interest_expenses",
    "year": "2023Q4",
    "value": 2.33
  },
  {
    "name": "assets",
    "year": "2015Q4",
    "value": 27.314
  },
  {
    "name": "assets",
    "year": "2016Q2",
    "value": null
  },
  {
    "name": "assets",
    "year": "2016Q4",
    "value": 44.763
  },
  {
    "name": "assets",
    "year": "2017Q2",
    "value": null
  },
  {
    "name": "assets",
    "year": "2017Q4",
    "value": 39.909
  },
  {
    "name": "assets",
    "year": "2018Q2",
    "value": null
  },
  {
    "name": "assets",
    "year": "2018Q3",
    "value": null
  },
  {
    "name": "assets",
    "year": "2018Q4",
    "value": 32.719
  },
  {
    "name": "assets",
    "year": "2019Q2",
    "value": null
  },
  {
    "name": "assets",
    "year": "2019Q4",
    "value": 32.62
  },
  {
    "name": "assets",
    "year": "2020Q2",
    "value": 35.78
  },
  {
    "name": "assets",
    "year": "2020Q4",
    "value": 54.43
  },
  {
    "name": "assets",
    "year": "2021Q2",
    "value": 34.44
  },
  {
    "name": "assets",
    "year": "2021Q4",
    "value": 37.83
  },
  {
    "name": "assets",
    "year": "2022Q2",
    "value": null
  },
  {
    "name": "assets",
    "year": "2022Q4",
    "value": 43.62
  },
  {
    "name": "assets",
    "year": "2023Q2",
    "value": 42.72
  },
  {
    "name": "assets",
    "year": "2023Q4",
    "value": 53.22
  },
  {
    "name": "net_assets",
    "year": "2013Q4",
    "value": -10.309
  },
  {
    "name": "net_assets",
    "year": "2014Q4",
    "value": -10.084
  },
  {
    "name": "net_assets",
    "year": "2015Q2",
    "value": 1.387
  },
  {
    "name": "net_assets",
    "year": "2015Q4",
    "value": 0.625
  },
  {
    "name": "net_assets",
    "year": "2016Q2",
    "value": 3.834
  },
  {
    "name": "net_assets",
    "year": "2016Q4",
    "value": -0.531
  },
  {
    "name": "net_assets",
    "year": "2017Q2",
    "value": 0.026
  },
  {
    "name": "net_assets",
    "year": "2017Q4",
    "value": -13.818
  },
  {
    "name": "net_assets",
    "year": "2018Q2",
    "value": -18.885
  },
  {
    "name": "net_assets",
    "year": "2018Q3",
    "value": null
  },
  {
    "name": "net_assets",
    "year": "2018Q4",
    "value": -36.808
  },
  {
    "name": "net_assets",
    "year": "2019Q2",
    "value": -18.466
  },
  {
    "name": "net_assets",
    "year": "2019Q4",
    "value": -23.56
  },
  {
    "name": "net_assets",
    "year": "2020Q2",
    "value": -25.94
  },
  {
    "name": "net_assets",
    "year": "2020Q4",
    "value": -5.7
  },
  {
    "name": "net_assets",
    "year": "2021Q2",
    "value": -7.0
  },
  {
    "name": "net_assets",
    "year": "2021Q4",
    "value": -6.65
  },
  {
    "name": "net_assets",
    "year": "2022Q2",
    "value": null
  },
  {
    "name": "net_assets",
    "year": "2022Q4",
    "value": -6.41
  },
  {
    "name": "net_assets",
    "year": "2023Q2",
    "value": -6.6
  },
  {
    "name": "net_assets",
    "year": "2023Q4",
    "value": -6.83
  },
  {
    "name": "debt",
    "year": "2013Q4",
    "value": 8.165
  },
  {
    "name": "debt",
    "year": "2014Q4",
    "value": 10.883
  },
  {
    "name": "debt",
    "year": "2015Q2",
    "value": null
  },
  {
    "name": "debt",
    "year": "2015Q4",
    "value": 13.207
  },
  {
    "name": "debt",
    "year": "2016Q2",
    "value": 15.82
  },
  {
    "name": "debt",
    "year": "2016Q4",
    "value": 20.292
  },
  {
    "name": "debt",
    "year": "2017Q2",
    "value": 26.5
  },
  {
    "name": "debt",
    "year": "2017Q4",
    "value": 32.173
  },
  {
    "name": "debt",
    "year": "2018Q2",
    "value": 39.722
  },
  {
    "name": "debt",
    "year": "2018Q3",
    "value": null
  },
  {
    "name": "debt",
    "year": "2018Q4",
    "value": 45.877
  },
  {
    "name": "debt",
    "year": "2019Q2",
    "value": 30.248
  },
  {
    "name": "debt",
    "year": "2019Q4",
    "value": 33.15
  },
  {
    "name": "debt",
    "year": "2020Q2",
    "value": 43.16
  },
  {
    "name": "debt",
    "year": "2020Q4",
    "value": 40.15
  },
  {
    "name": "debt",
    "year": "2021Q2",
    "value": 21.6
  },
  {
    "name": "debt",
    "year": "2021Q4",
    "value": 21.63
  },
  {
    "name": "debt",
    "year": "2022Q2",
    "value": null
  },
  {
    "name": "debt",
    "year": "2022Q4",
    "value": 18.9
  },
  {
    "name": "debt",
    "year": "2023Q2",
    "value": 18.65
  },
  {
    "name": "debt",
    "year": "2023Q4",
    "value": 20.68
  },
  {
    "name": "cash",
    "year": "2013Q4",
    "value": 0.489
  },
  {
    "name": "cash",
    "year": "2014Q4",
    "value": 0.224
  },
  {
    "name": "cash",
    "year": "2015Q2",
    "value": null
  },
  {
    "name": "cash",
    "year": "2015Q4",
    "value": 0.284
  },
  {
    "name": "cash",
    "year": "2016Q2",
    "value": null
  },
  {
    "name": "cash",
    "year": "2016Q4",
    "value": 0.585
  },
  {
    "name": "cash",
    "year": "2017Q2",
    "value": 0.316
  },
  {
    "name": "cash",
    "year": "2017Q4",
    "value": 0.659
  },
  {
    "name": "cash",
    "year": "2018Q2",
    "value": 0.714
  },
  {
    "name": "cash",
    "year": "2018Q3",
    "value": null
  },
  {
    "name": "cash",
    "year": "2018Q4",
    "value": 0.503
  },
  {
    "name": "cash",
    "year": "2019Q2",
    "value": 0.42
  },
  {
    "name": "cash",
    "year": "2019Q4",
    "value": 0.85
  },
  {
    "name": "cash",
    "year": "2020Q2",
    "value": 1.14
  },
  {
    "name": "cash",
    "year": "2020Q4",
    "value": 1.0
  },
  {
    "name": "cash",
    "year": "2021Q2",
    "value": 1.66
  },
  {
    "name": "cash",
    "year": "2021Q4",
    "value": 1.73
  },
  {
    "name": "cash",
    "year": "2022Q2",
    "value": null
  },
  {
    "name": "cash",
    "year": "2022Q4",
    "value": 0.81
  },
  {
    "name": "cash",
    "year": "2023Q2",
    "value": 0.52
  },
  {
    "name": "cash",
    "year": "2023Q4",
    "value": 2.09
  },
  {
    "name": "net_debt",
    "year": "2013Q4",
    "value": 7.676
  },
  {
    "name": "net_debt",
    "year": "2014Q4",
    "value": 10.659
  },
  {
    "name": "net_debt",
    "year": "2015Q2",
    "value": 0.0
  },
  {
    "name": "net_debt",
    "year": "2015Q4",
    "value": 12.923
  },
  {
    "name": "net_debt",
    "year": "2016Q2",
    "value": 15.82
  },
  {
    "name": "net_debt",
    "year": "2016Q4",
    "value": 19.707
  },
  {
    "name": "net_debt",
    "year": "2017Q2",
    "value": 26.184
  },
  {
    "name": "net_debt",
    "year": "2017Q4",
    "value": 31.514
  },
  {
    "name": "net_debt",
    "year": "2018Q2",
    "value": 39.008
  },
  {
    "name": "net_debt",
    "year": "2018Q3",
    "value": 0.0
  },
  {
    "name": "net_debt",
    "year": "2018Q4",
    "value": 45.374
  },
  {
    "name": "net_debt",
    "year": "2019Q2",
    "value": 29.828
  },
  {
    "name": "net_debt",
    "year": "2019Q4",
    "value": 32.3
  },
  {
    "name": "net_debt",
    "year": "2020Q2",
    "value": 42.02
  },
  {
    "name": "net_debt",
    "year": "2020Q4",
    "value": 39.15
  },
  {
    "name": "net_debt",
    "year": "2021Q2",
    "value": 19.94
  },
  {
    "name": "net_debt",
    "year": "2021Q4",
    "value": 19.9
  },
  {
    "name": "net_debt",
    "year": "2022Q2",
    "value": 0.0
  },
  {
    "name": "net_debt",
    "year": "2022Q4",
    "value": 18.09
  },
  {
    "name": "net_debt",
    "year": "2023Q2",
    "value": 18.13
  },
  {
    "name": "net_debt",
    "year": "2023Q4",
    "value": 18.59
  },
  {
    "name": "common_share",
    "year": "2015Q4",
    "value": 15.91
  },
  {
    "name": "common_share",
    "year": "2016Q2",
    "value": 12.03
  },
  {
    "name": "common_share",
    "year": "2016Q4",
    "value": 10.31
  },
  {
    "name": "common_share",
    "year": "2017Q2",
    "value": 9.02
  },
  {
    "name": "common_share",
    "year": "2017Q4",
    "value": 8.69
  },
  {
    "name": "common_share",
    "year": "2018Q2",
    "value": 5.91
  },
  {
    "name": "common_share",
    "year": "2018Q3",
    "value": 5.14
  },
  {
    "name": "common_share",
    "year": "2018Q4",
    "value": 5.05
  },
  {
    "name": "common_share",
    "year": "2019Q2",
    "value": 12.25
  },
  {
    "name": "common_share",
    "year": "2019Q4",
    "value": 12.29
  },
  {
    "name": "common_share",
    "year": "2020Q2",
    "value": 14.232
  },
  {
    "name": "common_share",
    "year": "2020Q4",
    "value": 13.95
  },
  {
    "name": "common_share",
    "year": "2021Q2",
    "value": 13.9
  },
  {
    "name": "common_share",
    "year": "2021Q4",
    "value": 13.954
  },
  {
    "name": "common_share",
    "year": "2022Q2",
    "value": 12.372
  },
  {
    "name": "common_share",
    "year": "2022Q4",
    "value": 11.57
  },
  {
    "name": "common_share",
    "year": "2023Q2",
    "value": 13.486
  },
  {
    "name": "common_share",
    "year": "2023Q4",
    "value": 14.22
  },
  {
    "name": "number_of_shares",
    "year": "2013Q4",
    "value": 2330.645
  },
  {
    "name": "number_of_shares",
    "year": "2014Q4",
    "value": 2330.645
  },
  {
    "name": "number_of_shares",
    "year": "2015Q2",
    "value": null
  },
  {
    "name": "number_of_shares",
    "year": "2015Q4",
    "value": 976.449
  },
  {
    "name": "number_of_shares",
    "year": "2016Q2",
    "value": 2330.645
  },
  {
    "name": "number_of_shares",
    "year": "2016Q4",
    "value": 2330.645
  },
  {
    "name": "number_of_shares",
    "year": "2017Q2",
    "value": 2330.645
  },
  {
    "name": "number_of_shares",
    "year": "2017Q4",
    "value": 2330.645
  },
  {
    "name": "number_of_shares",
    "year": "2018Q2",
    "value": 2330.645
  },
  {
    "name": "number_of_shares",
    "year": "2018Q3",
    "value": 2330.645
  },
  {
    "name": "number_of_shares",
    "year": "2018Q4",
    "value": 2330.645
  },
  {
    "name": "number_of_shares",
    "year": "2019Q2",
    "value": 2330.645
  },
  {
    "name": "number_of_shares",
    "year": "2019Q4",
    "value": 2330.645
  },
  {
    "name": "number_of_shares",
    "year": "2020Q2",
    "value": 2330.645
  },
  {
    "name": "number_of_shares",
    "year": "2020Q4",
    "value": 2330.645
  },
  {
    "name": "number_of_shares",
    "year": "2021Q2",
    "value": 2330.645
  },
  {
    "name": "number_of_shares",
    "year": "2021Q4",
    "value": 2330.645
  },
  {
    "name": "number_of_shares",
    "year": "2022Q2",
    "value": 2330.645
  },
  {
    "name": "number_of_shares",
    "year": "2022Q4",
    "value": 2330.645
  },
  {
    "name": "number_of_shares",
    "year": "2023Q2",
    "value": 2330.645
  },
  {
    "name": "number_of_shares",
    "year": "2023Q4",
    "value": 2330.645
  },
  {
    "name": "market_cap",
    "year": "2013Q4",
    "value": 0.0
  },
  {
    "name": "market_cap",
    "year": "2014Q4",
    "value": 0.0
  },
  {
    "name": "market_cap",
    "year": "2015Q2",
    "value": 0.0
  },
  {
    "name": "market_cap",
    "year": "2015Q4",
    "value": 15.53530359
  },
  {
    "name": "market_cap",
    "year": "2016Q2",
    "value": 28.03765935
  },
  {
    "name": "market_cap",
    "year": "2016Q4",
    "value": 24.02894995
  },
  {
    "name": "market_cap",
    "year": "2017Q2",
    "value": 21.0224179
  },
  {
    "name": "market_cap",
    "year": "2017Q4",
    "value": 20.25330505
  },
  {
    "name": "market_cap",
    "year": "2018Q2",
    "value": 13.77411195
  },
  {
    "name": "market_cap",
    "year": "2018Q3",
    "value": 11.9795153
  },
  {
    "name": "market_cap",
    "year": "2018Q4",
    "value": 11.76975725
  },
  {
    "name": "market_cap",
    "year": "2019Q2",
    "value": 28.55040125
  },
  {
    "name": "market_cap",
    "year": "2019Q4",
    "value": 28.64362705
  },
  {
    "name": "market_cap",
    "year": "2020Q2",
    "value": 33.16973964
  },
  {
    "name": "market_cap",
    "year": "2020Q4",
    "value": 32.51249775
  },
  {
    "name": "market_cap",
    "year": "2021Q2",
    "value": 32.3959655
  },
  {
    "name": "market_cap",
    "year": "2021Q4",
    "value": 32.52182033
  },
  {
    "name": "market_cap",
    "year": "2022Q2",
    "value": 28.83473994
  },
  {
    "name": "market_cap",
    "year": "2022Q4",
    "value": 26.96556265
  },
  {
    "name": "market_cap",
    "year": "2023Q2",
    "value": 31.43107847
  },
  {
    "name": "market_cap",
    "year": "2023Q4",
    "value": 33.1417719
  },
  {
    "name": "ev",
    "year": "2013Q4",
    "value": 7.676
  },
  {
    "name": "ev",
    "year": "2014Q4",
    "value": 10.659
  },
  {
    "name": "ev",
    "year": "2015Q2",
    "value": 0.0
  },
  {
    "name": "ev",
    "year": "2015Q4",
    "value": 28.45830359
  },
  {
    "name": "ev",
    "year": "2016Q2",
    "value": 43.85765935
  },
  {
    "name": "ev",
    "year": "2016Q4",
    "value": 43.73594995
  },
  {
    "name": "ev",
    "year": "2017Q2",
    "value": 47.2064179
  },
  {
    "name": "ev",
    "year": "2017Q4",
    "value": 51.76730505
  },
  {
    "name": "ev",
    "year": "2018Q2",
    "value": 52.78211195
  },
  {
    "name": "ev",
    "year": "2018Q3",
    "value": 11.9795153
  },
  {
    "name": "ev",
    "year": "2018Q4",
    "value": 57.14375725
  },
  {
    "name": "ev",
    "year": "2019Q2",
    "value": 58.37840125
  },
  {
    "name": "ev",
    "year": "2019Q4",
    "value": 60.94362705
  },
  {
    "name": "ev",
    "year": "2020Q2",
    "value": 75.18973964
  },
  {
    "name": "ev",
    "year": "2020Q4",
    "value": 71.66249775
  },
  {
    "name": "ev",
    "year": "2021Q2",
    "value": 52.3359655
  },
  {
    "name": "ev",
    "year": "2021Q4",
    "value": 52.42182033
  },
  {
    "name": "ev",
    "year": "2022Q2",
    "value": 28.83473994
  },
  {
    "name": "ev",
    "year": "2022Q4",
    "value": 45.05556265
  },
  {
    "name": "ev",
    "year": "2023Q2",
    "value": 49.56107847
  },
  {
    "name": "ev",
    "year": "2023Q4",
    "value": 51.7317719
  },
  {
    "name": "book_value",
    "year": "2013Q4",
    "value": -10.309
  },
  {
    "name": "book_value",
    "year": "2014Q4",
    "value": -10.084
  },
  {
    "name": "book_value",
    "year": "2015Q2",
    "value": -14.892
  },
  {
    "name": "book_value",
    "year": "2015Q4",
    "value": -15.654
  },
  {
    "name": "book_value",
    "year": "2016Q2",
    "value": -12.797
  },
  {
    "name": "book_value",
    "year": "2016Q4",
    "value": -30.458
  },
  {
    "name": "book_value",
    "year": "2017Q2",
    "value": -29.398
  },
  {
    "name": "book_value",
    "year": "2017Q4",
    "value": -36.762
  },
  {
    "name": "book_value",
    "year": "2018Q2",
    "value": -40.976
  },
  {
    "name": "book_value",
    "year": "2018Q3",
    "value": 0.0
  },
  {
    "name": "book_value",
    "year": "2018Q4",
    "value": -48.15
  },
  {
    "name": "book_value",
    "year": "2019Q2",
    "value": -29.633
  },
  {
    "name": "book_value",
    "year": "2019Q4",
    "value": -33.2
  },
  {
    "name": "book_value",
    "year": "2020Q2",
    "value": -35.47
  },
  {
    "name": "book_value",
    "year": "2020Q4",
    "value": -18.2
  },
  {
    "name": "book_value",
    "year": "2021Q2",
    "value": -19.24
  },
  {
    "name": "book_value",
    "year": "2021Q4",
    "value": -19.51
  },
  {
    "name": "book_value",
    "year": "2022Q2",
    "value": 0.0
  },
  {
    "name": "book_value",
    "year": "2022Q4",
    "value": -19.91
  },
  {
    "name": "book_value",
    "year": "2023Q2",
    "value": -19.88
  },
  {
    "name": "book_value",
    "year": "2023Q4",
    "value": -24.02
  },
  {
    "name": "eps",
    "year": "2013Q4",
    "value": 0.0
  },
  {
    "name": "eps",
    "year": "2014Q4",
    "value": 0.0
  },
  {
    "name": "eps",
    "year": "2015Q2",
    "value": null
  },
  {
    "name": "eps",
    "year": "2015Q4",
    "value": 0.0
  },
  {
    "name": "eps",
    "year": "2016Q2",
    "value": 0.01415917053
  },
  {
    "name": "eps",
    "year": "2016Q4",
    "value": 0.0
  },
  {
    "name": "eps",
    "year": "2017Q2",
    "value": 0.148027691905
  },
  {
    "name": "eps",
    "year": "2017Q4",
    "value": 0.0
  },
  {
    "name": "eps",
    "year": "2018Q2",
    "value": -2.17407627502
  },
  {
    "name": "eps",
    "year": "2018Q3",
    "value": 0.0
  },
  {
    "name": "eps",
    "year": "2018Q4",
    "value": -7.68456800585
  },
  {
    "name": "eps",
    "year": "2019Q2",
    "value": -1.61543263775
  },
  {
    "name": "eps",
    "year": "2019Q4",
    "value": -2.18609011668
  },
  {
    "name": "eps",
    "year": "2020Q2",
    "value": -1.02117654126
  },
  {
    "name": "eps",
    "year": "2020Q4",
    "value": 3.76719749254
  },
  {
    "name": "eps",
    "year": "2021Q2",
    "value": -0.553494847993
  },
  {
    "name": "eps",
    "year": "2021Q4",
    "value": 0.0
  },
  {
    "name": "eps",
    "year": "2022Q2",
    "value": 0.205951571346
  },
  {
    "name": "eps",
    "year": "2022Q4",
    "value": -0.110269903825
  },
  {
    "name": "eps",
    "year": "2023Q2",
    "value": 0.0373287223065
  },
  {
    "name": "eps",
    "year": "2023Q4",
    "value": 0.01415917053
  },
  {
    "name": "fcf_share",
    "year": "2013Q4",
    "value": 0.0
  },
  {
    "name": "fcf_share",
    "year": "2014Q4",
    "value": 0.0
  },
  {
    "name": "fcf_share",
    "year": "2015Q2",
    "value": null
  },
  {
    "name": "fcf_share",
    "year": "2015Q4",
    "value": 0.0
  },
  {
    "name": "fcf_share",
    "year": "2016Q2",
    "value": 0.0
  },
  {
    "name": "fcf_share",
    "year": "2016Q4",
    "value": 0.0
  },
  {
    "name": "fcf_share",
    "year": "2017Q2",
    "value": 0.0
  },
  {
    "name": "fcf_share",
    "year": "2017Q4",
    "value": 0.0
  },
  {
    "name": "fcf_share",
    "year": "2018Q2",
    "value": 0.0
  },
  {
    "name": "fcf_share",
    "year": "2018Q3",
    "value": 0.0
  },
  {
    "name": "fcf_share",
    "year": "2018Q4",
    "value": 0.0
  },
  {
    "name": "fcf_share",
    "year": "2019Q2",
    "value": 0.0
  },
  {
    "name": "fcf_share",
    "year": "2019Q4",
    "value": 0.0
  },
  {
    "name": "fcf_share",
    "year": "2020Q2",
    "value": 0.0
  },
  {
    "name": "fcf_share",
    "year": "2020Q4",
    "value": 0.0
  },
  {
    "name": "fcf_share",
    "year": "2021Q2",
    "value": 0.0
  },
  {
    "name": "fcf_share",
    "year": "2021Q4",
    "value": 0.0
  },
  {
    "name": "fcf_share",
    "year": "2022Q2",
    "value": -1.80207624928
  },
  {
    "name": "fcf_share",
    "year": "2022Q4",
    "value": 2.50574411804
  },
  {
    "name": "fcf_share",
    "year": "2023Q2",
    "value": -0.532041559311
  },
  {
    "name": "fcf_share",
    "year": "2023Q4",
    "value": 1.68193783266
  },
  {
    "name": "bv_share",
    "year": "2013Q4",
    "value": -4.42323906043
  },
  {
    "name": "bv_share",
    "year": "2014Q4",
    "value": -4.32669926136
  },
  {
    "name": "bv_share",
    "year": "2015Q2",
    "value": null
  },
  {
    "name": "bv_share",
    "year": "2015Q4",
    "value": -16.0315592519
  },
  {
    "name": "bv_share",
    "year": "2016Q2",
    "value": -5.49075470524
  },
  {
    "name": "bv_share",
    "year": "2016Q4",
    "value": -13.0684853335
  },
  {
    "name": "bv_share",
    "year": "2017Q2",
    "value": -12.6136756134
  },
  {
    "name": "bv_share",
    "year": "2017Q4",
    "value": -15.7733159705
  },
  {
    "name": "bv_share",
    "year": "2018Q2",
    "value": -17.5813991406
  },
  {
    "name": "bv_share",
    "year": "2018Q3",
    "value": 0.0
  },
  {
    "name": "bv_share",
    "year": "2018Q4",
    "value": -20.6595170007
  },
  {
    "name": "bv_share",
    "year": "2019Q2",
    "value": -12.7145060702
  },
  {
    "name": "bv_share",
    "year": "2019Q4",
    "value": -14.2449836848
  },
  {
    "name": "bv_share",
    "year": "2020Q2",
    "value": -15.2189629909
  },
  {
    "name": "bv_share",
    "year": "2020Q4",
    "value": -7.80899708021
  },
  {
    "name": "bv_share",
    "year": "2021Q2",
    "value": -8.25522548479
  },
  {
    "name": "bv_share",
    "year": "2021Q4",
    "value": -8.37107324367
  },
  {
    "name": "bv_share",
    "year": "2022Q2",
    "value": 0.0
  },
  {
    "name": "bv_share",
    "year": "2022Q4",
    "value": -8.54269955313
  },
  {
    "name": "bv_share",
    "year": "2023Q2",
    "value": -8.52982757992
  },
  {
    "name": "bv_share",
    "year": "2023Q4",
    "value": -10.3061598828
  },
  {
    "name": "ebitda_margin",
    "year": "2015Q2",
    "value": 0.0
  },
  {
    "name": "ebitda_margin",
    "year": "2015Q4",
    "value": null
  },
  {
    "name": "ebitda_margin",
    "year": "2016Q2",
    "value": 0.0
  },
  {
    "name": "ebitda_margin",
    "year": "2016Q4",
    "value": null
  },
  {
    "name": "ebitda_margin",
    "year": "2017Q2",
    "value": 0.0
  },
  {
    "name": "ebitda_margin",
    "year": "2017Q4",
    "value": null
  },
  {
    "name": "ebitda_margin",
    "year": "2018Q2",
    "value": -19.1877184445
  },
  {
    "name": "ebitda_margin",
    "year": "2018Q3",
    "value": null
  },
  {
    "name": "ebitda_margin",
    "year": "2018Q4",
    "value": -56.1987217261
  },
  {
    "name": "ebitda_margin",
    "year": "2019Q2",
    "value": -5.82342791411
  },
  {
    "name": "ebitda_margin",
    "year": "2019Q4",
    "value": -9.4298419757
  },
  {
    "name": "ebitda_margin",
    "year": "2020Q2",
    "value": 40.0906002265
  },
  {
    "name": "ebitda_margin",
    "year": "2020Q4",
    "value": -46.2138953942
  },
  {
    "name": "ebitda_margin",
    "year": "2021Q2",
    "value": 47.721822542
  },
  {
    "name": "ebitda_margin",
    "year": "2021Q4",
    "value": null
  },
  {
    "name": "ebitda_margin",
    "year": "2022Q2",
    "value": 0.0
  },
  {
    "name": "ebitda_margin",
    "year": "2022Q4",
    "value": 0.0
  },
  {
    "name": "ebitda_margin",
    "year": "2023Q2",
    "value": 0.0
  },
  {
    "name": "ebitda_margin",
    "year": "2023Q4",
    "value": 0.0
  },
  {
    "name": "net_margin",
    "year": "2015Q2",
    "value": 2.10545928824
  },
  {
    "name": "net_margin",
    "year": "2015Q4",
    "value": null
  },
  {
    "name": "net_margin",
    "year": "2016Q2",
    "value": 0.145387258789
  },
  {
    "name": "net_margin",
    "year": "2016Q4",
    "value": null
  },
  {
    "name": "net_margin",
    "year": "2017Q2",
    "value": 1.3979496738100001
  },
  {
    "name": "net_margin",
    "year": "2017Q4",
    "value": null
  },
  {
    "name": "net_margin",
    "year": "2018Q2",
    "value": -22.417378224100002
  },
  {
    "name": "net_margin",
    "year": "2018Q3",
    "value": null
  },
  {
    "name": "net_margin",
    "year": "2018Q4",
    "value": -81.1839898463
  },
  {
    "name": "net_margin",
    "year": "2019Q2",
    "value": -18.0454371166
  },
  {
    "name": "net_margin",
    "year": "2019Q4",
    "value": -20.229492575200002
  },
  {
    "name": "net_margin",
    "year": "2020Q2",
    "value": -8.98452246131
  },
  {
    "name": "net_margin",
    "year": "2020Q4",
    "value": 68.5402029664
  },
  {
    "name": "net_margin",
    "year": "2021Q2",
    "value": -6.18705035971
  },
  {
    "name": "net_margin",
    "year": "2021Q4",
    "value": null
  },
  {
    "name": "net_margin",
    "year": "2022Q2",
    "value": 1.6438356164399999
  },
  {
    "name": "net_margin",
    "year": "2022Q4",
    "value": -0.859531772575
  },
  {
    "name": "net_margin",
    "year": "2023Q2",
    "value": 0.285245901639
  },
  {
    "name": "net_margin",
    "year": "2023Q4",
    "value": 0.0895279435703
  },
  {
    "name": "fcf_yield",
    "year": "2015Q4",
    "value": 0.0
  },
  {
    "name": "fcf_yield",
    "year": "2016Q2",
    "value": 0.0
  },
  {
    "name": "fcf_yield",
    "year": "2016Q4",
    "value": 0.0
  },
  {
    "name": "fcf_yield",
    "year": "2017Q2",
    "value": 0.0
  },
  {
    "name": "fcf_yield",
    "year": "2017Q4",
    "value": 0.0
  },
  {
    "name": "fcf_yield",
    "year": "2018Q2",
    "value": 0.0
  },
  {
    "name": "fcf_yield",
    "year": "2018Q3",
    "value": 0.0
  },
  {
    "name": "fcf_yield",
    "year": "2018Q4",
    "value": 0.0
  },
  {
    "name": "fcf_yield",
    "year": "2019Q2",
    "value": 0.0
  },
  {
    "name": "fcf_yield",
    "year": "2019Q4",
    "value": 0.0
  },
  {
    "name": "fcf_yield",
    "year": "2020Q2",
    "value": 0.0
  },
  {
    "name": "fcf_yield",
    "year": "2020Q4",
    "value": 0.0
  },
  {
    "name": "fcf_yield",
    "year": "2021Q2",
    "value": 0.0
  },
  {
    "name": "fcf_yield",
    "year": "2021Q4",
    "value": 0.0
  },
  {
    "name": "fcf_yield",
    "year": "2022Q2",
    "value": -14.565763411599999
  },
  {
    "name": "fcf_yield",
    "year": "2022Q4",
    "value": 6.08183119072
  },
  {
    "name": "fcf_yield",
    "year": "2023Q2",
    "value": 14.6351961941
  },
  {
    "name": "fcf_yield",
    "year": "2023Q4",
    "value": 8.08647168319
  },
  {
    "name": "roe",
    "year": "2013Q4",
    "value": 0.0
  },
  {
    "name": "roe",
    "year": "2014Q4",
    "value": 0.0
  },
  {
    "name": "roe",
    "year": "2015Q2",
    "value": 24.4412400865
  },
  {
    "name": "roe",
    "year": "2015Q4",
    "value": 54.24
  },
  {
    "name": "roe",
    "year": "2016Q2",
    "value": 0.8607198748039999
  },
  {
    "name": "roe",
    "year": "2016Q4",
    "value": -6.21468926554
  },
  {
    "name": "roe",
    "year": "2017Q2",
    "value": 1326.92307692
  },
  {
    "name": "roe",
    "year": "2017Q4",
    "value": -2.4967433782
  },
  {
    "name": "roe",
    "year": "2018Q2",
    "value": 26.830818109600003
  },
  {
    "name": "roe",
    "year": "2018Q3",
    "value": null
  },
  {
    "name": "roe",
    "year": "2018Q4",
    "value": 62.4239295805
  },
  {
    "name": "roe",
    "year": "2019Q2",
    "value": 117.37788367799999
  },
  {
    "name": "roe",
    "year": "2019Q4",
    "value": 37.6061120543
  },
  {
    "name": "roe",
    "year": "2020Q2",
    "value": 28.816499614500003
  },
  {
    "name": "roe",
    "year": "2020Q4",
    "value": -112.280701754
  },
  {
    "name": "roe",
    "year": "2021Q2",
    "value": -107.0
  },
  {
    "name": "roe",
    "year": "2021Q4",
    "value": 19.3984962406
  },
  {
    "name": "roe",
    "year": "2022Q2",
    "value": null
  },
  {
    "name": "roe",
    "year": "2022Q4",
    "value": -3.4789391575699997
  },
  {
    "name": "roe",
    "year": "2023Q2",
    "value": 2.57575757576
  },
  {
    "name": "roe",
    "year": "2023Q4",
    "value": -1.7569546120100001
  },
  {
    "name": "roa",
    "year": "2015Q4",
    "value": 1.24112176906
  },
  {
    "name": "roa",
    "year": "2016Q2",
    "value": null
  },
  {
    "name": "roa",
    "year": "2016Q4",
    "value": 0.0737216004289
  },
  {
    "name": "roa",
    "year": "2017Q2",
    "value": null
  },
  {
    "name": "roa",
    "year": "2017Q4",
    "value": 0.8644666616550001
  },
  {
    "name": "roa",
    "year": "2018Q2",
    "value": null
  },
  {
    "name": "roa",
    "year": "2018Q3",
    "value": null
  },
  {
    "name": "roa",
    "year": "2018Q4",
    "value": -70.225251383
  },
  {
    "name": "roa",
    "year": "2019Q2",
    "value": null
  },
  {
    "name": "roa",
    "year": "2019Q4",
    "value": -27.161250766400002
  },
  {
    "name": "roa",
    "year": "2020Q2",
    "value": -20.8915595305
  },
  {
    "name": "roa",
    "year": "2020Q4",
    "value": 11.758221569
  },
  {
    "name": "roa",
    "year": "2021Q2",
    "value": 21.7479674797
  },
  {
    "name": "roa",
    "year": "2021Q4",
    "value": -3.40999206979
  },
  {
    "name": "roa",
    "year": "2022Q2",
    "value": null
  },
  {
    "name": "roa",
    "year": "2022Q4",
    "value": 0.511233379184
  },
  {
    "name": "roa",
    "year": "2023Q2",
    "value": -0.397940074906
  },
  {
    "name": "roa",
    "year": "2023Q4",
    "value": 0.225479143179
  },
  {
    "name": "p_e",
    "year": "2015Q2",
    "value": 0.0
  },
  {
    "name": "p_e",
    "year": "2015Q4",
    "value": 45.8268542478
  },
  {
    "name": "p_e",
    "year": "2016Q2",
    "value": 849.626040909
  },
  {
    "name": "p_e",
    "year": "2016Q4",
    "value": 728.149998485
  },
  {
    "name": "p_e",
    "year": "2017Q2",
    "value": 60.9345446377
  },
  {
    "name": "p_e",
    "year": "2017Q4",
    "value": 58.705232029
  },
  {
    "name": "p_e",
    "year": "2018Q2",
    "value": -2.71839588514
  },
  {
    "name": "p_e",
    "year": "2018Q3",
    "value": -2.36422247878
  },
  {
    "name": "p_e",
    "year": "2018Q4",
    "value": -0.512240816904
  },
  {
    "name": "p_e",
    "year": "2019Q2",
    "value": -1.31720420992
  },
  {
    "name": "p_e",
    "year": "2019Q4",
    "value": -3.23291501693
  },
  {
    "name": "p_e",
    "year": "2020Q2",
    "value": -4.43742336321
  },
  {
    "name": "p_e",
    "year": "2020Q4",
    "value": 5.08007777344
  },
  {
    "name": "p_e",
    "year": "2021Q2",
    "value": 4.32522903872
  },
  {
    "name": "p_e",
    "year": "2021Q4",
    "value": -25.2107134341
  },
  {
    "name": "p_e",
    "year": "2022Q2",
    "value": 60.072374875
  },
  {
    "name": "p_e",
    "year": "2022Q4",
    "value": 120.921805605
  },
  {
    "name": "p_e",
    "year": "2023Q2",
    "value": -184.888696882
  },
  {
    "name": "p_e",
    "year": "2023Q4",
    "value": 276.1814325
  },
  {
    "name": "p_fcf",
    "year": "2022Q2",
    "value": -6.8654142714285715
  },
  {
    "name": "p_fcf",
    "year": "2022Q4",
    "value": 16.44241625
  },
  {
    "name": "p_fcf",
    "year": "2023Q2",
    "value": 6.83284314565
  },
  {
    "name": "p_fcf",
    "year": "2023Q4",
    "value": 12.3663327985
  },
  {
    "name": "p_s",
    "year": "2015Q2",
    "value": 0.0
  },
  {
    "name": "p_s",
    "year": "2015Q4",
    "value": 0.96486575927
  },
  {
    "name": "p_s",
    "year": "2016Q2",
    "value": 1.23524801084
  },
  {
    "name": "p_s",
    "year": "2016Q4",
    "value": 1.05863732267
  },
  {
    "name": "p_s",
    "year": "2017Q2",
    "value": 0.851834268001
  },
  {
    "name": "p_s",
    "year": "2017Q4",
    "value": 0.82066959966
  },
  {
    "name": "p_s",
    "year": "2018Q2",
    "value": 0.609393087201
  },
  {
    "name": "p_s",
    "year": "2018Q3",
    "value": 0.529996695129
  },
  {
    "name": "p_s",
    "year": "2018Q4",
    "value": 0.263517760389
  },
  {
    "name": "p_s",
    "year": "2019Q2",
    "value": 0.66512291788
  },
  {
    "name": "p_s",
    "year": "2019Q4",
    "value": 0.622011445168
  },
  {
    "name": "p_s",
    "year": "2020Q2",
    "value": 0.641879008437
  },
  {
    "name": "p_s",
    "year": "2020Q4",
    "value": 0.827290019084
  },
  {
    "name": "p_s",
    "year": "2021Q2",
    "value": 0.962446984551
  },
  {
    "name": "p_s",
    "year": "2021Q4",
    "value": 1.55979953621
  },
  {
    "name": "p_s",
    "year": "2022Q2",
    "value": 0.987491093836
  },
  {
    "name": "p_s",
    "year": "2022Q4",
    "value": 0.456270095601
  },
  {
    "name": "p_s",
    "year": "2023Q2",
    "value": 0.520382093874
  },
  {
    "name": "p_s",
    "year": "2023Q4",
    "value": 0.49200967785
  },
  {
    "name": "p_bv",
    "year": "2013Q4",
    "value": 0.0
  },
  {
    "name": "p_bv",
    "year": "2014Q4",
    "value": 0.0
  },
  {
    "name": "p_bv",
    "year": "2015Q2",
    "value": 0.0
  },
  {
    "name": "p_bv",
    "year": "2015Q4",
    "value": -0.992417502875
  },
  {
    "name": "p_bv",
    "year": "2016Q2",
    "value": -2.19095564195
  },
  {
    "name": "p_bv",
    "year": "2016Q4",
    "value": -0.788920807341
  },
  {
    "name": "p_bv",
    "year": "2017Q2",
    "value": -0.715096873937
  },
  {
    "name": "p_bv",
    "year": "2017Q4",
    "value": -0.550930445841
  },
  {
    "name": "p_bv",
    "year": "2018Q2",
    "value": -0.336150721154
  },
  {
    "name": "p_bv",
    "year": "2018Q3",
    "value": null
  },
  {
    "name": "p_bv",
    "year": "2018Q4",
    "value": -0.244439402908
  },
  {
    "name": "p_bv",
    "year": "2019Q2",
    "value": -0.963466447879
  },
  {
    "name": "p_bv",
    "year": "2019Q4",
    "value": -0.862759850904
  },
  {
    "name": "p_bv",
    "year": "2020Q2",
    "value": -0.935149129969
  },
  {
    "name": "p_bv",
    "year": "2020Q4",
    "value": -1.78640097527
  },
  {
    "name": "p_bv",
    "year": "2021Q2",
    "value": -1.68378199064
  },
  {
    "name": "p_bv",
    "year": "2021Q4",
    "value": -1.66693082163
  },
  {
    "name": "p_bv",
    "year": "2022Q2",
    "value": null
  },
  {
    "name": "p_bv",
    "year": "2022Q4",
    "value": -1.35437281015
  },
  {
    "name": "p_bv",
    "year": "2023Q2",
    "value": -1.58104016449
  },
  {
    "name": "p_bv",
    "year": "2023Q4",
    "value": -1.3797573647
  },
  {
    "name": "ev_ebitda",
    "year": "2018Q2",
    "value": -12.1701895204
  },
  {
    "name": "ev_ebitda",
    "year": "2018Q3",
    "value": -2.76216631312
  },
  {
    "name": "ev_ebitda",
    "year": "2018Q4",
    "value": -3.41462547057
  },
  {
    "name": "ev_ebitda",
    "year": "2019Q2",
    "value": -4.28843026886
  },
  {
    "name": "ev_ebitda",
    "year": "2019Q4",
    "value": -16.9759406825
  },
  {
    "name": "ev_ebitda",
    "year": "2020Q2",
    "value": 9.11943476531
  },
  {
    "name": "ev_ebitda",
    "year": "2020Q4",
    "value": 15.2473399468
  },
  {
    "name": "ev_ebitda",
    "year": "2021Q2",
    "value": 12.9865919355
  },
  {
    "name": "ev_ebitda",
    "year": "2021Q4",
    "value": 5.26852465628
  },
  {
    "name": "debt_ebitda",
    "year": "2018Q2",
    "value": -8.99423564676
  },
  {
    "name": "debt_ebitda",
    "year": "2018Q3",
    "value": 0.0
  },
  {
    "name": "debt_ebitda",
    "year": "2018Q4",
    "value": -2.71132357335
  },
  {
    "name": "debt_ebitda",
    "year": "2019Q2",
    "value": -2.19114082127
  },
  {
    "name": "debt_ebitda",
    "year": "2019Q4",
    "value": -8.99721448468
  },
  {
    "name": "debt_ebitda",
    "year": "2020Q2",
    "value": 5.09642207398
  },
  {
    "name": "debt_ebitda",
    "year": "2020Q4",
    "value": 8.32978723404
  },
  {
    "name": "debt_ebitda",
    "year": "2021Q2",
    "value": 4.94789081886
  },
  {
    "name": "debt_ebitda",
    "year": "2021Q4",
    "value": 2.0
  },
  {
    "name": "employees",
    "year": "2020Q4",
    "value": 5904.0
  },
  {
    "name": "labour_productivity",
    "year": "2020Q4",
    "value": 2.1697154471499998
  },
  {
    "name": "expenses_per_employee",
    "year": "2020Q4",
    "value": 0.0
  },
  {
    "name": "r_and_d_capex",
    "year": "2018Q2",
    "value": 0.0
  },
  {
    "name": "r_and_d_capex",
    "year": "2018Q3",
    "value": null
  },
  {
    "name": "r_and_d_capex",
    "year": "2018Q4",
    "value": 0.0
  },
  {
    "name": "r_and_d_capex",
    "year": "2019Q2",
    "value": 0.0
  },
  {
    "name": "r_and_d_capex",
    "year": "2019Q4",
    "value": 0.0
  },
  {
    "name": "r_and_d_capex",
    "year": "2020Q2",
    "value": 0.0
  },
  {
    "name": "r_and_d_capex",
    "year": "2020Q4",
    "value": 0.0
  },
  {
    "name": "r_and_d_capex",
    "year": "2021Q2",
    "value": 0.0
  },
  {
    "name": "r_and_d_capex",
    "year": "2021Q4",
    "value": null
  },
  {
    "name": "r_and_d_capex",
    "year": "2022Q2",
    "value": 0.0
  },
  {
    "name": "r_and_d_capex",
    "year": "2022Q4",
    "value": 0.0
  },
  {
    "name": "r_and_d_capex",
    "year": "2023Q2",
    "value": 0.0
  },
  {
    "name": "r_and_d_capex",
    "year": "2023Q4",
    "value": 0.0
  },
  {
    "name": "capex_revenue",
    "year": "2015Q2",
    "value": 0.0
  },
  {
    "name": "capex_revenue",
    "year": "2015Q4",
    "value": null
  },
  {
    "name": "capex_revenue",
    "year": "2016Q2",
    "value": 0.0
  },
  {
    "name": "capex_revenue",
    "year": "2016Q4",
    "value": null
  },
  {
    "name": "capex_revenue",
    "year": "2017Q2",
    "value": 0.0
  },
  {
    "name": "capex_revenue",
    "year": "2017Q4",
    "value": null
  },
  {
    "name": "capex_revenue",
    "year": "2018Q2",
    "value": 0.7565367429100001
  },
  {
    "name": "capex_revenue",
    "year": "2018Q3",
    "value": null
  },
  {
    "name": "capex_revenue",
    "year": "2018Q4",
    "value": 2.14858800598
  },
  {
    "name": "capex_revenue",
    "year": "2019Q2",
    "value": 2.0801380368099998
  },
  {
    "name": "capex_revenue",
    "year": "2019Q4",
    "value": 5.50305725403
  },
  {
    "name": "capex_revenue",
    "year": "2020Q2",
    "value": 5.28501321253
  },
  {
    "name": "capex_revenue",
    "year": "2020Q4",
    "value": 2.34192037471
  },
  {
    "name": "capex_revenue",
    "year": "2021Q2",
    "value": 1.07913669065
  },
  {
    "name": "capex_revenue",
    "year": "2021Q4",
    "value": null
  },
  {
    "name": "capex_revenue",
    "year": "2022Q2",
    "value": 1.78082191781
  },
  {
    "name": "capex_revenue",
    "year": "2022Q4",
    "value": 1.53846153846
  },
  {
    "name": "capex_revenue",
    "year": "2023Q2",
    "value": 1.8688524590200002
  },
  {
    "name": "capex_revenue",
    "year": "2023Q4",
    "value": 0.21703743895799998
  }
]