[{"name":"date","year":"2021Q4","value":"08.08.2023"},{"name":"date","year":"2022Q2","value":"29.08.2023"},{"name":"date","year":"2022Q4","value":"17.07.2023"},{"name":"date","year":"2023Q2","value":"29.08.2023"},{"name":"date","year":"2023Q4","value":"02.05.2024"},{"name":"currency","year":"2021Q4","value":"RUB"},{"name":"currency","year":"2022Q2","value":"RUB"},{"name":"currency","year":"2022Q4","value":"RUB"},{"name":"currency","year":"2023Q2","value":"RUB"},{"name":"currency","year":"2023Q4","value":"RUB"},{"name":"report_url","year":"2021Q4","value":"https://www.e-disclosure.ru/portal/FileLoad.ashx?Fileid=1806861"},{"name":"report_url","year":"2022Q2","value":""},{"name":"report_url","year":"2022Q4","value":"https://www.e-disclosure.ru/portal/FileLoad.ashx?Fileid=1804741"},{"name":"report_url","year":"2023Q2","value":"https://www.e-disclosure.ru/portal/FileLoad.ashx?Fileid=1809003"},{"name":"report_url","year":"2023Q4","value":"https://www.e-disclosure.ru/portal/FileLoad.ashx?Fileid=1835161"},{"name":"revenue","year":"2021Q4","value":""},{"name":"revenue","year":"2022Q2","value":"29.2"},{"name":"revenue","year":"2022Q4","value":"29.9"},{"name":"revenue","year":"2023Q2","value":"30.5"},{"name":"revenue","year":"2023Q4","value":"36.9"},{"name":"net_income","year":"2021Q4","value":""},{"name":"net_income","year":"2022Q2","value":"0.480"},{"name":"net_income","year":"2022Q4","value":"-0.257"},{"name":"net_income","year":"2023Q2","value":"0.087"},{"name":"net_income","year":"2023Q4","value":"0.033"},{"name":"ocf","year":"2021Q4","value":""},{"name":"ocf","year":"2022Q2","value":"-1.55"},{"name":"ocf","year":"2022Q4","value":"8.15"},{"name":"ocf","year":"2023Q2","value":"1.42"},{"name":"ocf","year":"2023Q4","value":"5.63"},{"name":"capex","year":"2021Q4","value":""},{"name":"capex","year":"2022Q2","value":"0.520"},{"name":"capex","year":"2022Q4","value":"0.460"},{"name":"capex","year":"2023Q2","value":"0.570"},{"name":"capex","year":"2023Q4","value":"0.080"},{"name":"fcf","year":"2021Q4","value":""},{"name":"fcf","year":"2022Q2","value":"-4.20"},{"name":"fcf","year":"2022Q4","value":"5.84"},{"name":"fcf","year":"2023Q2","value":"-1.24"},{"name":"fcf","year":"2023Q4","value":"3.92"},{"name":"div_yield","year":"2021Q4","value":"0.0%"},{"name":"div_yield","year":"2022Q2","value":"0.0%"},{"name":"div_yield","year":"2022Q4","value":"0.0%"},{"name":"div_yield","year":"2023Q2","value":"0.0%"},{"name":"div_yield","year":"2023Q4","value":"0.0%"},{"name":"div_payout_ratio","year":"2021Q4","value":""},{"name":"div_payout_ratio","year":"2022Q2","value":"0%"},{"name":"div_payout_ratio","year":"2022Q4","value":"0%"},{"name":"div_payout_ratio","year":"2023Q2","value":"0%"},{"name":"div_payout_ratio","year":"2023Q4","value":"0%"},{"name":"opex","year":"2021Q4","value":""},{"name":"opex","year":"2022Q2","value":"9.34"},{"name":"opex","year":"2022Q4","value":""},{"name":"opex","year":"2023Q2","value":"10.00"},{"name":"opex","year":"2023Q4","value":""},{"name":"cost_of_production","year":"2021Q4","value":""},{"name":"cost_of_production","year":"2022Q2","value":"19.1"},{"name":"cost_of_production","year":"2022Q4","value":"19.8"},{"name":"cost_of_production","year":"2023Q2","value":"20.3"},{"name":"cost_of_production","year":"2023Q4","value":"24.8"},{"name":"amortization","year":"2021Q4","value":""},{"name":"amortization","year":"2022Q2","value":"3.0"},{"name":"amortization","year":"2022Q4","value":"2.8"},{"name":"amortization","year":"2023Q2","value":"3.0"},{"name":"amortization","year":"2023Q4","value":"3.0"},{"name":"employment_expenses","year":"2021Q4","value":""},{"name":"employment_expenses","year":"2022Q2","value":"3.90"},{"name":"employment_expenses","year":"2022Q4","value":"4.02"},{"name":"employment_expenses","year":"2023Q2","value":"4.20"},{"name":"employment_expenses","year":"2023Q4","value":"4.71"},{"name":"interest_expenses","year":"2021Q4","value":""},{"name":"interest_expenses","year":"2022Q2","value":"1.83"},{"name":"interest_expenses","year":"2022Q4","value":"2.44"},{"name":"interest_expenses","year":"2023Q2","value":"1.73"},{"name":"interest_expenses","year":"2023Q4","value":"2.33"},{"name":"assets","year":"2021Q4","value":"37.8"},{"name":"assets","year":"2022Q2","value":""},{"name":"assets","year":"2022Q4","value":"43.6"},{"name":"assets","year":"2023Q2","value":"42.7"},{"name":"assets","year":"2023Q4","value":"53.2"},{"name":"net_assets","year":"2021Q4","value":"-6.65"},{"name":"net_assets","year":"2022Q2","value":""},{"name":"net_assets","year":"2022Q4","value":"-6.41"},{"name":"net_assets","year":"2023Q2","value":"-6.60"},{"name":"net_assets","year":"2023Q4","value":"-6.83"},{"name":"debt","year":"2021Q4","value":"21.6"},{"name":"debt","year":"2022Q2","value":""},{"name":"debt","year":"2022Q4","value":"18.9"},{"name":"debt","year":"2023Q2","value":"18.7"},{"name":"debt","year":"2023Q4","value":"20.7"},{"name":"cash","year":"2021Q4","value":"1.73"},{"name":"cash","year":"2022Q2","value":""},{"name":"cash","year":"2022Q4","value":"0.810"},{"name":"cash","year":"2023Q2","value":"0.520"},{"name":"cash","year":"2023Q4","value":"2.09"},{"name":"net_debt","year":"2021Q4","value":"19.9"},{"name":"net_debt","year":"2022Q2","value":"0.00"},{"name":"net_debt","year":"2022Q4","value":"18.1"},{"name":"net_debt","year":"2023Q2","value":"18.1"},{"name":"net_debt","year":"2023Q4","value":"18.6"},{"name":"common_share","year":"2021Q4","value":"14.0"},{"name":"common_share","year":"2022Q2","value":"12.4"},{"name":"common_share","year":"2022Q4","value":"11.6"},{"name":"common_share","year":"2023Q2","value":"13.5"},{"name":"common_share","year":"2023Q4","value":"14.2"},{"name":"number_of_shares","year":"2021Q4","value":"2 331"},{"name":"number_of_shares","year":"2022Q2","value":"2 331"},{"name":"number_of_shares","year":"2022Q4","value":"2 331"},{"name":"number_of_shares","year":"2023Q2","value":"2 331"},{"name":"number_of_shares","year":"2023Q4","value":"2 331"},{"name":"market_cap","year":"2021Q4","value":"32.5"},{"name":"market_cap","year":"2022Q2","value":"28.8"},{"name":"market_cap","year":"2022Q4","value":"27.0"},{"name":"market_cap","year":"2023Q2","value":"31.4"},{"name":"market_cap","year":"2023Q4","value":"33.1"},{"name":"ev","year":"2021Q4","value":"52.4"},{"name":"ev","year":"2022Q2","value":"28.8"},{"name":"ev","year":"2022Q4","value":"45.1"},{"name":"ev","year":"2023Q2","value":"49.6"},{"name":"ev","year":"2023Q4","value":"51.7"},{"name":"book_value","year":"2021Q4","value":"-19.5"},{"name":"book_value","year":"2022Q2","value":"0.00"},{"name":"book_value","year":"2022Q4","value":"-19.9"},{"name":"book_value","year":"2023Q2","value":"-19.9"},{"name":"book_value","year":"2023Q4","value":"-24.0"},{"name":"eps","year":"2021Q4","value":"0.00"},{"name":"eps","year":"2022Q2","value":"0.21"},{"name":"eps","year":"2022Q4","value":"-0.11"},{"name":"eps","year":"2023Q2","value":"0.04"},{"name":"eps","year":"2023Q4","value":"0.01"},{"name":"fcf_share","year":"2021Q4","value":"0.00"},{"name":"fcf_share","year":"2022Q2","value":"-1.80"},{"name":"fcf_share","year":"2022Q4","value":"2.51"},{"name":"fcf_share","year":"2023Q2","value":"-0.53"},{"name":"fcf_share","year":"2023Q4","value":"1.68"},{"name":"bv_share","year":"2021Q4","value":"-8.37"},{"name":"bv_share","year":"2022Q2","value":"0.00"},{"name":"bv_share","year":"2022Q4","value":"-8.54"},{"name":"bv_share","year":"2023Q2","value":"-8.53"},{"name":"bv_share","year":"2023Q4","value":"-10.3"},{"name":"ebitda_margin","year":"2021Q4","value":""},{"name":"ebitda_margin","year":"2022Q2","value":"0.0%"},{"name":"ebitda_margin","year":"2022Q4","value":"0.0%"},{"name":"ebitda_margin","year":"2023Q2","value":"0.0%"},{"name":"ebitda_margin","year":"2023Q4","value":"0.0%"},{"name":"net_margin","year":"2021Q4","value":""},{"name":"net_margin","year":"2022Q2","value":"1.6%"},{"name":"net_margin","year":"2022Q4","value":"-0.9%"},{"name":"net_margin","year":"2023Q2","value":"0.3%"},{"name":"net_margin","year":"2023Q4","value":"0.1%"},{"name":"fcf_yield","year":"2021Q4","value":"0.0%"},{"name":"fcf_yield","year":"2022Q2","value":"-14.6%"},{"name":"fcf_yield","year":"2022Q4","value":"6.1%"},{"name":"fcf_yield","year":"2023Q2","value":"14.6%"},{"name":"fcf_yield","year":"2023Q4","value":"8.1%"},{"name":"roe","year":"2021Q4","value":"19.4%"},{"name":"roe","year":"2022Q2","value":""},{"name":"roe","year":"2022Q4","value":"-3.5%"},{"name":"roe","year":"2023Q2","value":"2.6%"},{"name":"roe","year":"2023Q4","value":"-1.8%"},{"name":"roa","year":"2021Q4","value":"-3.4%"},{"name":"roa","year":"2022Q2","value":""},{"name":"roa","year":"2022Q4","value":"0.5%"},{"name":"roa","year":"2023Q2","value":"-0.4%"},{"name":"roa","year":"2023Q4","value":"0.2%"},{"name":"p_e","year":"2021Q4","value":"-25.2"},{"name":"p_e","year":"2022Q2","value":"60.1"},{"name":"p_e","year":"2022Q4","value":"120.9"},{"name":"p_e","year":"2023Q2","value":"-184.9"},{"name":"p_e","year":"2023Q4","value":"276.2"},{"name":"p_fcf","year":"2021Q4","value":""},{"name":"p_fcf","year":"2022Q2","value":"-6.87"},{"name":"p_fcf","year":"2022Q4","value":"16.4"},{"name":"p_fcf","year":"2023Q2","value":"6.83"},{"name":"p_fcf","year":"2023Q4","value":"12.4"},{"name":"p_s","year":"2021Q4","value":"1.56"},{"name":"p_s","year":"2022Q2","value":"0.99"},{"name":"p_s","year":"2022Q4","value":"0.46"},{"name":"p_s","year":"2023Q2","value":"0.52"},{"name":"p_s","year":"2023Q4","value":"0.49"},{"name":"p_bv","year":"2021Q4","value":"-1.67"},{"name":"p_bv","year":"2022Q2","value":""},{"name":"p_bv","year":"2022Q4","value":"-1.35"},{"name":"p_bv","year":"2023Q2","value":"-1.58"},{"name":"p_bv","year":"2023Q4","value":"-1.38"},{"name":"ev_ebitda","year":"2021Q4","value":"5.27"},{"name":"ev_ebitda","year":"2022Q2","value":""},{"name":"ev_ebitda","year":"2022Q4","value":""},{"name":"ev_ebitda","year":"2023Q2","value":""},{"name":"ev_ebitda","year":"2023Q4","value":""},{"name":"debt_ebitda","year":"2021Q4","value":"2.00"},{"name":"debt_ebitda","year":"2022Q2","value":""},{"name":"debt_ebitda","year":"2022Q4","value":""},{"name":"debt_ebitda","year":"2023Q2","value":""},{"name":"debt_ebitda","year":"2023Q4","value":""},{"name":"r_and_d_capex","year":"2021Q4","value":""},{"name":"r_and_d_capex","year":"2022Q2","value":"0.00%"},{"name":"r_and_d_capex","year":"2022Q4","value":"0.00%"},{"name":"r_and_d_capex","year":"2023Q2","value":"0.00%"},{"name":"r_and_d_capex","year":"2023Q4","value":"0.00%"},{"name":"capex_revenue","year":"2021Q4","value":""},{"name":"capex_revenue","year":"2022Q2","value":"2%"},{"name":"capex_revenue","year":"2022Q4","value":"2%"},{"name":"capex_revenue","year":"2023Q2","value":"2%"},{"name":"capex_revenue","year":"2023Q4","value":"0%"}]