[{"name":"date","year":"2019","value":"18.03.2020"},{"name":"date","year":"2020","value":"18.03.2021"},{"name":"date","year":"2021","value":"24.03.2023"},{"name":"date","year":"2022","value":"24.03.2023"},{"name":"date","year":"2023","value":"01.03.2024"},{"name":"date","year":"LTM\n?","value":"17.05.2024"},{"name":"currency","year":"2019","value":"RUB"},{"name":"currency","year":"2020","value":"RUB"},{"name":"currency","year":"2021","value":"RUB"},{"name":"currency","year":"2022","value":"RUB"},{"name":"currency","year":"2023","value":"RUB"},{"name":"currency","year":"LTM\n?","value":"RUB"},{"name":"report_url","year":"2019","value":"https://mkb.ru/file/20db28c2-38f3-470c-af5a-3254cb2c37ac"},{"name":"report_url","year":"2020","value":"https://ir.mkb.ru/file/ee39b05f-f5ea-46d8-990e-2c5881189323"},{"name":"report_url","year":"2021","value":""},{"name":"report_url","year":"2022","value":"https://ir.mkb.ru/file/ce310726-e3ad-45e3-a732-a81327e64825"},{"name":"report_url","year":"2023","value":"https://e-disclosure.ru/portal/FileLoad.ashx?Fileid=1823856"},{"name":"report_url","year":"LTM\n?","value":"https://www.e-disclosure.ru/portal/FileLoad.ashx?Fileid=1837265"},{"name":"year_report_url","year":"2019","value":"https://mkb.ru/file/ad567843-b556-423f-ad01-acdb32c37f9c"},{"name":"year_report_url","year":"2020","value":"https://www.e-disclosure.ru/portal/FileLoad.ashx?Fileid=1711295"},{"name":"year_report_url","year":"2021","value":""},{"name":"year_report_url","year":"2022","value":""},{"name":"year_report_url","year":"2023","value":"https://www.e-disclosure.ru/portal/FileLoad.ashx?Fileid=1843856"},{"name":"year_report_url","year":"LTM\n?","value":""},{"name":"presentation_url","year":"2019","value":""},{"name":"presentation_url","year":"2020","value":""},{"name":"presentation_url","year":"2021","value":""},{"name":"presentation_url","year":"2022","value":""},{"name":"presentation_url","year":"2023","value":"https://ir.mkb.ru/file/0f37ece4-662c-4e96-9722-0c5ad55f2534"},{"name":"presentation_url","year":"LTM\n?","value":""},{"name":"net_operating_income","year":"2019","value":"36.3"},{"name":"net_operating_income","year":"2020","value":"59.3"},{"name":"net_operating_income","year":"2021","value":"62.1"},{"name":"net_operating_income","year":"2022","value":"43.4"},{"name":"net_operating_income","year":"2023","value":"113.5"},{"name":"net_operating_income","year":"LTM\n?","value":"126.2"},{"name":"net_interest_income","year":"2019","value":"45.3"},{"name":"net_interest_income","year":"2020","value":"59.3"},{"name":"net_interest_income","year":"2021","value":"79.6"},{"name":"net_interest_income","year":"2022","value":"62.0"},{"name":"net_interest_income","year":"2023","value":"92.1"},{"name":"net_interest_income","year":"LTM\n?","value":"115.1"},{"name":"commission_income","year":"2019","value":"11.5"},{"name":"commission_income","year":"2020","value":"15.4"},{"name":"commission_income","year":"2021","value":"16.8"},{"name":"commission_income","year":"2022","value":"12.7"},{"name":"commission_income","year":"2023","value":"16.5"},{"name":"commission_income","year":"LTM\n?","value":"15.9"},{"name":"interest_income_on_securities","year":"2019","value":"-12.7"},{"name":"interest_income_on_securities","year":"2020","value":"-6.94"},{"name":"interest_income_on_securities","year":"2021","value":""},{"name":"interest_income_on_securities","year":"2022","value":"-31.0"},{"name":"interest_income_on_securities","year":"2023","value":"14.6"},{"name":"interest_income_on_securities","year":"LTM\n?","value":""},{"name":"net_income","year":"2019","value":"12.0"},{"name":"net_income","year":"2020","value":"30.0"},{"name":"net_income","year":"2021","value":"26.2"},{"name":"net_income","year":"2022","value":"7.47"},{"name":"net_income","year":"2023","value":"59.8"},{"name":"net_income","year":"LTM\n?","value":"60.8"},{"name":"div_yield","year":"2019","value":"0.0%"},{"name":"div_yield","year":"2020","value":"0.0%"},{"name":"div_yield","year":"2021","value":"0.0%"},{"name":"div_yield","year":"2022","value":"0.0%"},{"name":"div_yield","year":"2023","value":"0.0%"},{"name":"div_yield","year":"LTM\n?","value":"0.0%"},{"name":"div_payout_ratio","year":"2019","value":"0%"},{"name":"div_payout_ratio","year":"2020","value":"0%"},{"name":"div_payout_ratio","year":"2021","value":"0%"},{"name":"div_payout_ratio","year":"2022","value":"0%"},{"name":"div_payout_ratio","year":"2023","value":"0%"},{"name":"div_payout_ratio","year":"LTM\n?","value":"0"},{"name":"opex","year":"2019","value":"21.2"},{"name":"opex","year":"2020","value":"21.8"},{"name":"opex","year":"2021","value":"29.6"},{"name":"opex","year":"2022","value":"35.2"},{"name":"opex","year":"2023","value":"40.3"},{"name":"opex","year":"LTM\n?","value":"40.6"},{"name":"amortization","year":"2019","value":""},{"name":"amortization","year":"2020","value":""},{"name":"amortization","year":"2021","value":""},{"name":"amortization","year":"2022","value":"2.2"},{"name":"amortization","year":"2023","value":"2.3"},{"name":"amortization","year":"LTM\n?","value":"2.3"},{"name":"employment_expenses","year":"2019","value":"14.2"},{"name":"employment_expenses","year":"2020","value":"13.9"},{"name":"employment_expenses","year":"2021","value":"19.6"},{"name":"employment_expenses","year":"2022","value":"21.9"},{"name":"employment_expenses","year":"2023","value":"25.9"},{"name":"employment_expenses","year":"LTM\n?","value":"26.1"},{"name":"interest_expenses","year":"2019","value":""},{"name":"interest_expenses","year":"2020","value":""},{"name":"interest_expenses","year":"2021","value":""},{"name":"interest_expenses","year":"2022","value":"235.9"},{"name":"interest_expenses","year":"2023","value":"301.7"},{"name":"interest_expenses","year":"LTM\n?","value":""},{"name":"creation_of_provision_for_loan_impairment","year":"2019","value":"6.82"},{"name":"creation_of_provision_for_loan_impairment","year":"2020","value":"18.9"},{"name":"creation_of_provision_for_loan_impairment","year":"2021","value":"8.12"},{"name":"creation_of_provision_for_loan_impairment","year":"2022","value":"25.9"},{"name":"creation_of_provision_for_loan_impairment","year":"2023","value":"24.1"},{"name":"creation_of_provision_for_loan_impairment","year":"LTM\n?","value":"24.5"},{"name":"cash","year":"2019","value":"953.6"},{"name":"cash","year":"2020","value":"683.0"},{"name":"cash","year":"2021","value":"1 531"},{"name":"cash","year":"2022","value":"1 515"},{"name":"cash","year":"2023","value":"1 379"},{"name":"cash","year":"LTM\n?","value":"1 479"},{"name":"net_debt","year":"2019","value":"-953.6"},{"name":"net_debt","year":"2020","value":"-683.0"},{"name":"net_debt","year":"2021","value":"-1 531"},{"name":"net_debt","year":"2022","value":"-1 515"},{"name":"net_debt","year":"2023","value":"-1 379"},{"name":"net_debt","year":"LTM\n?","value":"-1 479"},{"name":"bank_assets","year":"2019","value":"2 423"},{"name":"bank_assets","year":"2020","value":"2 916"},{"name":"bank_assets","year":"2021","value":"3 420"},{"name":"bank_assets","year":"2022","value":"3 973"},{"name":"bank_assets","year":"2023","value":"4 667"},{"name":"bank_assets","year":"LTM\n?","value":"4 827"},{"name":"capital","year":"2019","value":"210.4"},{"name":"capital","year":"2020","value":"234.5"},{"name":"capital","year":"2021","value":"281.4"},{"name":"capital","year":"2022","value":"273.8"},{"name":"capital","year":"2023","value":"347.9"},{"name":"capital","year":"LTM\n?","value":"357.8"},{"name":"loan_portfolio","year":"2019","value":"829.2"},{"name":"loan_portfolio","year":"2020","value":"1 009"},{"name":"loan_portfolio","year":"2021","value":"1 342"},{"name":"loan_portfolio","year":"2022","value":"1 845"},{"name":"loan_portfolio","year":"2023","value":"2 350"},{"name":"loan_portfolio","year":"LTM\n?","value":"2 467"},{"name":"corporate_loans","year":"2019","value":"719.4"},{"name":"corporate_loans","year":"2020","value":"889.0"},{"name":"corporate_loans","year":"2021","value":"1 181"},{"name":"corporate_loans","year":"2022","value":"1 649"},{"name":"corporate_loans","year":"2023","value":"2 149"},{"name":"corporate_loans","year":"LTM\n?","value":"2 266"},{"name":"retail_loans","year":"2019","value":"109.8"},{"name":"retail_loans","year":"2020","value":"120.0"},{"name":"retail_loans","year":"2021","value":"161.0"},{"name":"retail_loans","year":"2022","value":"197.0"},{"name":"retail_loans","year":"2023","value":"200.6"},{"name":"retail_loans","year":"LTM\n?","value":"200.5"},{"name":"deposits","year":"2019","value":"1 340"},{"name":"deposits","year":"2020","value":"1 738"},{"name":"deposits","year":"2021","value":"1 983"},{"name":"deposits","year":"2022","value":"2 388"},{"name":"deposits","year":"2023","value":"2 861"},{"name":"deposits","year":"LTM\n?","value":"3 009"},{"name":"corporate_deposits","year":"2019","value":"853.4"},{"name":"corporate_deposits","year":"2020","value":"1 236"},{"name":"corporate_deposits","year":"2021","value":"1 418"},{"name":"corporate_deposits","year":"2022","value":"1 794"},{"name":"corporate_deposits","year":"2023","value":"2 076"},{"name":"corporate_deposits","year":"LTM\n?","value":"2 150"},{"name":"retail_deposits","year":"2019","value":"486.2"},{"name":"retail_deposits","year":"2020","value":"501.0"},{"name":"retail_deposits","year":"2021","value":"565.0"},{"name":"retail_deposits","year":"2022","value":"594.0"},{"name":"retail_deposits","year":"2023","value":"785.5"},{"name":"retail_deposits","year":"LTM\n?","value":"859.0"},{"name":"provision_for_loan_impairment","year":"2019","value":"34.0"},{"name":"provision_for_loan_impairment","year":"2020","value":"37.0"},{"name":"provision_for_loan_impairment","year":"2021","value":""},{"name":"provision_for_loan_impairment","year":"2022","value":""},{"name":"provision_for_loan_impairment","year":"2023","value":""},{"name":"provision_for_loan_impairment","year":"LTM\n?","value":""},{"name":"core_capital_adequacy_ratio","year":"2019","value":"12.3%"},{"name":"core_capital_adequacy_ratio","year":"2020","value":"12.7%"},{"name":"core_capital_adequacy_ratio","year":"2021","value":"12.5%"},{"name":"core_capital_adequacy_ratio","year":"2022","value":"12.1%"},{"name":"core_capital_adequacy_ratio","year":"2023","value":"12.4%"},{"name":"core_capital_adequacy_ratio","year":"LTM\n?","value":""},{"name":"total_capital_adequacy_ratio","year":"2019","value":"14.1%"},{"name":"total_capital_adequacy_ratio","year":"2020","value":"13.8%"},{"name":"total_capital_adequacy_ratio","year":"2021","value":"13.4%"},{"name":"total_capital_adequacy_ratio","year":"2022","value":"13.0%"},{"name":"total_capital_adequacy_ratio","year":"2023","value":"13.8%"},{"name":"total_capital_adequacy_ratio","year":"LTM\n?","value":""},{"name":"cost_of_risk_ratio","year":"2019","value":"1.000%"},{"name":"cost_of_risk_ratio","year":"2020","value":"1.80%"},{"name":"cost_of_risk_ratio","year":"2021","value":""},{"name":"cost_of_risk_ratio","year":"2022","value":""},{"name":"cost_of_risk_ratio","year":"2023","value":"0.100%"},{"name":"cost_of_risk_ratio","year":"LTM\n?","value":""},{"name":"loan_to_deposit_ratio","year":"2019","value":"62%"},{"name":"loan_to_deposit_ratio","year":"2020","value":"58%"},{"name":"loan_to_deposit_ratio","year":"2021","value":"68%"},{"name":"loan_to_deposit_ratio","year":"2022","value":"77%"},{"name":"loan_to_deposit_ratio","year":"2023","value":"82%"},{"name":"loan_to_deposit_ratio","year":"LTM\n?","value":"82%"},{"name":"share_of_non_performing_loans","year":"2019","value":"3.60%"},{"name":"share_of_non_performing_loans","year":"2020","value":"3.10%"},{"name":"share_of_non_performing_loans","year":"2021","value":""},{"name":"share_of_non_performing_loans","year":"2022","value":""},{"name":"share_of_non_performing_loans","year":"2023","value":"1.000%"},{"name":"share_of_non_performing_loans","year":"LTM\n?","value":""},{"name":"common_share","year":"2019","value":"5.88"},{"name":"common_share","year":"2020","value":"6.15"},{"name":"common_share","year":"2021","value":"6.85"},{"name":"common_share","year":"2022","value":"6.72"},{"name":"common_share","year":"2023","value":"8.02"},{"name":"common_share","year":"LTM\n?","value":"6.54"},{"name":"number_of_shares","year":"2019","value":"29 830"},{"name":"number_of_shares","year":"2020","value":"33 430"},{"name":"number_of_shares","year":"2021","value":"33 430"},{"name":"number_of_shares","year":"2022","value":"33 430"},{"name":"number_of_shares","year":"2023","value":"33 430"},{"name":"number_of_shares","year":"LTM\n?","value":"33 430"},{"name":"market_cap","year":"2019","value":"175.4"},{"name":"market_cap","year":"2020","value":"205.5"},{"name":"market_cap","year":"2021","value":"228.9"},{"name":"market_cap","year":"2022","value":"224.7"},{"name":"market_cap","year":"2023","value":"268.2"},{"name":"market_cap","year":"LTM\n?","value":"218.5"},{"name":"ev","year":"2019","value":"-778.3"},{"name":"ev","year":"2020","value":"-477.5"},{"name":"ev","year":"2021","value":"-1 302"},{"name":"ev","year":"2022","value":"-1 290"},{"name":"ev","year":"2023","value":"-1 111"},{"name":"ev","year":"LTM\n?","value":"-1 261"},{"name":"eps","year":"2019","value":"0.40"},{"name":"eps","year":"2020","value":"0.90"},{"name":"eps","year":"2021","value":"0.78"},{"name":"eps","year":"2022","value":"0.22"},{"name":"eps","year":"2023","value":"1.79"},{"name":"eps","year":"LTM\n?","value":"1.82"},{"name":"fcf_yield","year":"2019","value":"0.0%"},{"name":"fcf_yield","year":"2020","value":"0.0%"},{"name":"fcf_yield","year":"2021","value":"0.0%"},{"name":"fcf_yield","year":"2022","value":"0.0%"},{"name":"fcf_yield","year":"2023","value":"0.0%"},{"name":"fcf_yield","year":"LTM\n?","value":"0.0%"},{"name":"roe","year":"2019","value":"7.8%"},{"name":"roe","year":"2020","value":"16.9%"},{"name":"roe","year":"2021","value":"12.6%"},{"name":"roe","year":"2022","value":"3.7%"},{"name":"roe","year":"2023","value":"23.4%"},{"name":"roe","year":"LTM\n?","value":""},{"name":"roa","year":"2019","value":"0.5%"},{"name":"roa","year":"2020","value":"1.1%"},{"name":"roa","year":"2021","value":"0.8%"},{"name":"roa","year":"2022","value":"0.2%"},{"name":"roa","year":"2023","value":"1.4%"},{"name":"roa","year":"LTM\n?","value":""},{"name":"net_intertest_margin","year":"2019","value":"2.20%"},{"name":"net_intertest_margin","year":"2020","value":"2.30%"},{"name":"net_intertest_margin","year":"2021","value":"2.60%"},{"name":"net_intertest_margin","year":"2022","value":"1.80%"},{"name":"net_intertest_margin","year":"2023","value":"2.80%"},{"name":"net_intertest_margin","year":"LTM\n?","value":""},{"name":"bank_margin","year":"2019","value":"32.9%"},{"name":"bank_margin","year":"2020","value":"50.6%"},{"name":"bank_margin","year":"2021","value":"42.2%"},{"name":"bank_margin","year":"2022","value":"17.2%"},{"name":"bank_margin","year":"2023","value":"52.7%"},{"name":"bank_margin","year":"LTM\n?","value":"48.1%"},{"name":"p_e","year":"2019","value":"14.7"},{"name":"p_e","year":"2020","value":"6.85"},{"name":"p_e","year":"2021","value":"8.74"},{"name":"p_e","year":"2022","value":"30.1"},{"name":"p_e","year":"2023","value":"4.49"},{"name":"p_e","year":"LTM\n?","value":"3.60"},{"name":"p_b","year":"2019","value":"0.83"},{"name":"p_b","year":"2020","value":"0.88"},{"name":"p_b","year":"2021","value":"0.81"},{"name":"p_b","year":"2022","value":"0.82"},{"name":"p_b","year":"2023","value":"0.77"},{"name":"p_b","year":"LTM\n?","value":"0.61"},{"name":"employees","year":"2019","value":""},{"name":"employees","year":"2020","value":"5 511"},{"name":"employees","year":"2021","value":""},{"name":"employees","year":"2022","value":""},{"name":"employees","year":"2023","value":""},{"name":"employees","year":"LTM\n?","value":""},{"name":"labour_productivity","year":"2019","value":""},{"name":"labour_productivity","year":"2020","value":"10.8"},{"name":"labour_productivity","year":"2021","value":""},{"name":"labour_productivity","year":"2022","value":""},{"name":"labour_productivity","year":"2023","value":""},{"name":"labour_productivity","year":"LTM\n?","value":""},{"name":"expenses_per_employee","year":"2019","value":""},{"name":"expenses_per_employee","year":"2020","value":"2 519"},{"name":"expenses_per_employee","year":"2021","value":""},{"name":"expenses_per_employee","year":"2022","value":""},{"name":"expenses_per_employee","year":"2023","value":""},{"name":"expenses_per_employee","year":"LTM\n?","value":""}]