[
  {
    "name": "net_operating_income",
    "year": "2013",
    "value": 24.5
  },
  {
    "name": "net_operating_income",
    "year": "2014",
    "value": 28.3
  },
  {
    "name": "net_operating_income",
    "year": "2015",
    "value": 13.19
  },
  {
    "name": "net_operating_income",
    "year": "2016",
    "value": 28.954
  },
  {
    "name": "net_operating_income",
    "year": "2017",
    "value": 64.615
  },
  {
    "name": "net_operating_income",
    "year": "2018",
    "value": 66.483
  },
  {
    "name": "net_operating_income",
    "year": "2019",
    "value": 36.34
  },
  {
    "name": "net_operating_income",
    "year": "2020",
    "value": 59.33
  },
  {
    "name": "net_operating_income",
    "year": "2021",
    "value": 62.13
  },
  {
    "name": "net_operating_income",
    "year": "2022",
    "value": 43.44
  },
  {
    "name": "net_operating_income",
    "year": "2023",
    "value": 113.5
  },
  {
    "name": "net_operating_income",
    "year": "LTM",
    "value": 126.23
  },
  {
    "name": "net_interest_income",
    "year": "2013",
    "value": 17.38
  },
  {
    "name": "net_interest_income",
    "year": "2014",
    "value": 25.883
  },
  {
    "name": "net_interest_income",
    "year": "2015",
    "value": 29.288
  },
  {
    "name": "net_interest_income",
    "year": "2016",
    "value": 40.299
  },
  {
    "name": "net_interest_income",
    "year": "2017",
    "value": 45.3
  },
  {
    "name": "net_interest_income",
    "year": "2018",
    "value": 48.4
  },
  {
    "name": "net_interest_income",
    "year": "2019",
    "value": 45.283
  },
  {
    "name": "net_interest_income",
    "year": "2020",
    "value": 59.25
  },
  {
    "name": "net_interest_income",
    "year": "2021",
    "value": 79.6
  },
  {
    "name": "net_interest_income",
    "year": "2022",
    "value": 62.01
  },
  {
    "name": "net_interest_income",
    "year": "2023",
    "value": 92.06
  },
  {
    "name": "net_interest_income",
    "year": "LTM",
    "value": 115.08
  },
  {
    "name": "commission_income",
    "year": "2013",
    "value": 7.205
  },
  {
    "name": "commission_income",
    "year": "2014",
    "value": 9.027
  },
  {
    "name": "commission_income",
    "year": "2015",
    "value": 9.369
  },
  {
    "name": "commission_income",
    "year": "2016",
    "value": 13.4
  },
  {
    "name": "commission_income",
    "year": "2017",
    "value": 15.5
  },
  {
    "name": "commission_income",
    "year": "2018",
    "value": 15.8
  },
  {
    "name": "commission_income",
    "year": "2019",
    "value": 11.53
  },
  {
    "name": "commission_income",
    "year": "2020",
    "value": 15.44
  },
  {
    "name": "commission_income",
    "year": "2021",
    "value": 16.8
  },
  {
    "name": "commission_income",
    "year": "2022",
    "value": 12.7
  },
  {
    "name": "commission_income",
    "year": "2023",
    "value": 16.5
  },
  {
    "name": "commission_income",
    "year": "LTM",
    "value": 15.85
  },
  {
    "name": "interest_income_on_securities",
    "year": "2017",
    "value": 3.815
  },
  {
    "name": "interest_income_on_securities",
    "year": "2018",
    "value": 2.283
  },
  {
    "name": "interest_income_on_securities",
    "year": "2019",
    "value": -12.739
  },
  {
    "name": "interest_income_on_securities",
    "year": "2020",
    "value": -6.94
  },
  {
    "name": "interest_income_on_securities",
    "year": "2021",
    "value": null
  },
  {
    "name": "interest_income_on_securities",
    "year": "2022",
    "value": -31.0
  },
  {
    "name": "interest_income_on_securities",
    "year": "2023",
    "value": 14.6
  },
  {
    "name": "interest_income_on_securities",
    "year": "LTM",
    "value": null
  },
  {
    "name": "net_income",
    "year": "2013",
    "value": 8.88
  },
  {
    "name": "net_income",
    "year": "2014",
    "value": 5.569
  },
  {
    "name": "net_income",
    "year": "2015",
    "value": 1.509
  },
  {
    "name": "net_income",
    "year": "2016",
    "value": 10.9
  },
  {
    "name": "net_income",
    "year": "2017",
    "value": 20.7
  },
  {
    "name": "net_income",
    "year": "2018",
    "value": 27.2
  },
  {
    "name": "net_income",
    "year": "2019",
    "value": 11.957
  },
  {
    "name": "net_income",
    "year": "2020",
    "value": 30.0
  },
  {
    "name": "net_income",
    "year": "2021",
    "value": 26.2
  },
  {
    "name": "net_income",
    "year": "2022",
    "value": 7.47
  },
  {
    "name": "net_income",
    "year": "2023",
    "value": 59.8
  },
  {
    "name": "net_income",
    "year": "LTM",
    "value": 60.77
  },
  {
    "name": "opex",
    "year": "2014",
    "value": 9.6
  },
  {
    "name": "opex",
    "year": "2015",
    "value": 11.2
  },
  {
    "name": "opex",
    "year": "2016",
    "value": 15.219
  },
  {
    "name": "opex",
    "year": "2017",
    "value": 17.0
  },
  {
    "name": "opex",
    "year": "2018",
    "value": 19.4
  },
  {
    "name": "opex",
    "year": "2019",
    "value": 21.225
  },
  {
    "name": "opex",
    "year": "2020",
    "value": 21.8
  },
  {
    "name": "opex",
    "year": "2021",
    "value": 29.63
  },
  {
    "name": "opex",
    "year": "2022",
    "value": 35.2
  },
  {
    "name": "opex",
    "year": "2023",
    "value": 40.3
  },
  {
    "name": "opex",
    "year": "LTM",
    "value": 40.63
  },
  {
    "name": "amortization",
    "year": "2022",
    "value": 2.18
  },
  {
    "name": "amortization",
    "year": "2023",
    "value": 2.27
  },
  {
    "name": "amortization",
    "year": "LTM",
    "value": 2.27
  },
  {
    "name": "employment_expenses",
    "year": "2014",
    "value": 5.335
  },
  {
    "name": "employment_expenses",
    "year": "2015",
    "value": 5.519
  },
  {
    "name": "employment_expenses",
    "year": "2016",
    "value": 7.7
  },
  {
    "name": "employment_expenses",
    "year": "2017",
    "value": 9.516
  },
  {
    "name": "employment_expenses",
    "year": "2018",
    "value": 11.446
  },
  {
    "name": "employment_expenses",
    "year": "2019",
    "value": 14.167
  },
  {
    "name": "employment_expenses",
    "year": "2020",
    "value": 13.88
  },
  {
    "name": "employment_expenses",
    "year": "2021",
    "value": 19.56
  },
  {
    "name": "employment_expenses",
    "year": "2022",
    "value": 21.87
  },
  {
    "name": "employment_expenses",
    "year": "2023",
    "value": 25.94
  },
  {
    "name": "employment_expenses",
    "year": "LTM",
    "value": 26.11
  },
  {
    "name": "creation_of_provision_for_loan_impairment",
    "year": "2014",
    "value": 11.645
  },
  {
    "name": "creation_of_provision_for_loan_impairment",
    "year": "2015",
    "value": 26.036
  },
  {
    "name": "creation_of_provision_for_loan_impairment",
    "year": "2016",
    "value": 29.783
  },
  {
    "name": "creation_of_provision_for_loan_impairment",
    "year": "2017",
    "value": 18.597
  },
  {
    "name": "creation_of_provision_for_loan_impairment",
    "year": "2018",
    "value": 2.221
  },
  {
    "name": "creation_of_provision_for_loan_impairment",
    "year": "2019",
    "value": 6.821
  },
  {
    "name": "creation_of_provision_for_loan_impairment",
    "year": "2020",
    "value": 18.9
  },
  {
    "name": "creation_of_provision_for_loan_impairment",
    "year": "2021",
    "value": 8.12
  },
  {
    "name": "creation_of_provision_for_loan_impairment",
    "year": "2022",
    "value": 25.92
  },
  {
    "name": "creation_of_provision_for_loan_impairment",
    "year": "2023",
    "value": 24.1
  },
  {
    "name": "creation_of_provision_for_loan_impairment",
    "year": "LTM",
    "value": 24.54
  },
  {
    "name": "cash",
    "year": "2018",
    "value": 1162.779
  },
  {
    "name": "cash",
    "year": "2019",
    "value": 953.645
  },
  {
    "name": "cash",
    "year": "2020",
    "value": 683.0
  },
  {
    "name": "cash",
    "year": "2021",
    "value": 1530.77
  },
  {
    "name": "cash",
    "year": "2022",
    "value": 1515.14
  },
  {
    "name": "cash",
    "year": "2023",
    "value": 1379.0
  },
  {
    "name": "cash",
    "year": "LTM",
    "value": 1479.4
  },
  {
    "name": "net_debt",
    "year": "2013",
    "value": 0.0
  },
  {
    "name": "net_debt",
    "year": "2014",
    "value": 0.0
  },
  {
    "name": "net_debt",
    "year": "2015",
    "value": 0.0
  },
  {
    "name": "net_debt",
    "year": "2016",
    "value": 0.0
  },
  {
    "name": "net_debt",
    "year": "2017",
    "value": 0.0
  },
  {
    "name": "net_debt",
    "year": "2018",
    "value": -1162.779
  },
  {
    "name": "net_debt",
    "year": "2019",
    "value": -953.645
  },
  {
    "name": "net_debt",
    "year": "2020",
    "value": -683.0
  },
  {
    "name": "net_debt",
    "year": "2021",
    "value": -1530.77
  },
  {
    "name": "net_debt",
    "year": "2022",
    "value": -1515.14
  },
  {
    "name": "net_debt",
    "year": "2023",
    "value": -1379.0
  },
  {
    "name": "net_debt",
    "year": "LTM",
    "value": -1479.4
  },
  {
    "name": "bank_assets",
    "year": "2013",
    "value": 454.202
  },
  {
    "name": "bank_assets",
    "year": "2014",
    "value": 584.8
  },
  {
    "name": "bank_assets",
    "year": "2015",
    "value": 1208.2
  },
  {
    "name": "bank_assets",
    "year": "2016",
    "value": 1600.0
  },
  {
    "name": "bank_assets",
    "year": "2017",
    "value": 1882.2
  },
  {
    "name": "bank_assets",
    "year": "2018",
    "value": 2145.9
  },
  {
    "name": "bank_assets",
    "year": "2019",
    "value": 2423.497
  },
  {
    "name": "bank_assets",
    "year": "2020",
    "value": 2916.0
  },
  {
    "name": "bank_assets",
    "year": "2021",
    "value": 3420.0
  },
  {
    "name": "bank_assets",
    "year": "2022",
    "value": 3973.0
  },
  {
    "name": "bank_assets",
    "year": "2023",
    "value": 4667.0
  },
  {
    "name": "bank_assets",
    "year": "LTM",
    "value": 4826.9
  },
  {
    "name": "capital",
    "year": "2013",
    "value": 50.658
  },
  {
    "name": "capital",
    "year": "2014",
    "value": 59.987
  },
  {
    "name": "capital",
    "year": "2015",
    "value": 92.338
  },
  {
    "name": "capital",
    "year": "2016",
    "value": 103.4
  },
  {
    "name": "capital",
    "year": "2017",
    "value": 177.6
  },
  {
    "name": "capital",
    "year": "2018",
    "value": 191.173
  },
  {
    "name": "capital",
    "year": "2019",
    "value": 210.432
  },
  {
    "name": "capital",
    "year": "2020",
    "value": 234.5
  },
  {
    "name": "capital",
    "year": "2021",
    "value": 281.41
  },
  {
    "name": "capital",
    "year": "2022",
    "value": 273.78
  },
  {
    "name": "capital",
    "year": "2023",
    "value": 347.9
  },
  {
    "name": "capital",
    "year": "LTM",
    "value": 357.84
  },
  {
    "name": "loan_portfolio",
    "year": "2013",
    "value": 317.86
  },
  {
    "name": "loan_portfolio",
    "year": "2014",
    "value": 394.2
  },
  {
    "name": "loan_portfolio",
    "year": "2015",
    "value": 629.9
  },
  {
    "name": "loan_portfolio",
    "year": "2016",
    "value": 667.0
  },
  {
    "name": "loan_portfolio",
    "year": "2017",
    "value": 818.8
  },
  {
    "name": "loan_portfolio",
    "year": "2018",
    "value": 740.1
  },
  {
    "name": "loan_portfolio",
    "year": "2019",
    "value": 829.2
  },
  {
    "name": "loan_portfolio",
    "year": "2020",
    "value": 1009.0
  },
  {
    "name": "loan_portfolio",
    "year": "2021",
    "value": 1341.6
  },
  {
    "name": "loan_portfolio",
    "year": "2022",
    "value": 1845.4
  },
  {
    "name": "loan_portfolio",
    "year": "2023",
    "value": 2349.9
  },
  {
    "name": "loan_portfolio",
    "year": "LTM",
    "value": 2466.6
  },
  {
    "name": "corporate_loans",
    "year": "2017",
    "value": 686.0
  },
  {
    "name": "corporate_loans",
    "year": "2018",
    "value": 618.0
  },
  {
    "name": "corporate_loans",
    "year": "2019",
    "value": 719.4
  },
  {
    "name": "corporate_loans",
    "year": "2020",
    "value": 889.0
  },
  {
    "name": "corporate_loans",
    "year": "2021",
    "value": 1180.6
  },
  {
    "name": "corporate_loans",
    "year": "2022",
    "value": 1648.5
  },
  {
    "name": "corporate_loans",
    "year": "2023",
    "value": 2149.3
  },
  {
    "name": "corporate_loans",
    "year": "LTM",
    "value": 2266.1
  },
  {
    "name": "retail_loans",
    "year": "2017",
    "value": 83.0
  },
  {
    "name": "retail_loans",
    "year": "2018",
    "value": 96.6
  },
  {
    "name": "retail_loans",
    "year": "2019",
    "value": 109.8
  },
  {
    "name": "retail_loans",
    "year": "2020",
    "value": 120.0
  },
  {
    "name": "retail_loans",
    "year": "2021",
    "value": 161.0
  },
  {
    "name": "retail_loans",
    "year": "2022",
    "value": 197.0
  },
  {
    "name": "retail_loans",
    "year": "2023",
    "value": 200.6
  },
  {
    "name": "retail_loans",
    "year": "LTM",
    "value": 200.5
  },
  {
    "name": "deposits",
    "year": "2017",
    "value": 941.7
  },
  {
    "name": "deposits",
    "year": "2018",
    "value": 1272.2
  },
  {
    "name": "deposits",
    "year": "2019",
    "value": 1339.535
  },
  {
    "name": "deposits",
    "year": "2020",
    "value": 1738.0
  },
  {
    "name": "deposits",
    "year": "2021",
    "value": 1983.1
  },
  {
    "name": "deposits",
    "year": "2022",
    "value": 2388.1
  },
  {
    "name": "deposits",
    "year": "2023",
    "value": 2861.0
  },
  {
    "name": "deposits",
    "year": "LTM",
    "value": 3008.8
  },
  {
    "name": "corporate_deposits",
    "year": "2017",
    "value": 650.5
  },
  {
    "name": "corporate_deposits",
    "year": "2018",
    "value": 897.1
  },
  {
    "name": "corporate_deposits",
    "year": "2019",
    "value": 853.353
  },
  {
    "name": "corporate_deposits",
    "year": "2020",
    "value": 1236.0
  },
  {
    "name": "corporate_deposits",
    "year": "2021",
    "value": 1417.7
  },
  {
    "name": "corporate_deposits",
    "year": "2022",
    "value": 1794.0
  },
  {
    "name": "corporate_deposits",
    "year": "2023",
    "value": 2075.6
  },
  {
    "name": "corporate_deposits",
    "year": "LTM",
    "value": 2149.8
  },
  {
    "name": "retail_deposits",
    "year": "2017",
    "value": 291.2
  },
  {
    "name": "retail_deposits",
    "year": "2018",
    "value": 375.1
  },
  {
    "name": "retail_deposits",
    "year": "2019",
    "value": 486.182
  },
  {
    "name": "retail_deposits",
    "year": "2020",
    "value": 501.0
  },
  {
    "name": "retail_deposits",
    "year": "2021",
    "value": 565.0
  },
  {
    "name": "retail_deposits",
    "year": "2022",
    "value": 594.0
  },
  {
    "name": "retail_deposits",
    "year": "2023",
    "value": 785.5
  },
  {
    "name": "retail_deposits",
    "year": "LTM",
    "value": 859.0
  },
  {
    "name": "provision_for_loan_impairment",
    "year": "2017",
    "value": 50.14
  },
  {
    "name": "provision_for_loan_impairment",
    "year": "2018",
    "value": 31.086
  },
  {
    "name": "provision_for_loan_impairment",
    "year": "2019",
    "value": 33.982
  },
  {
    "name": "provision_for_loan_impairment",
    "year": "2020",
    "value": 37.036
  },
  {
    "name": "provision_for_loan_impairment",
    "year": "LTM",
    "value": null
  },
  {
    "name": "core_capital_adequacy_ratio",
    "year": "2014",
    "value": 8.9
  },
  {
    "name": "core_capital_adequacy_ratio",
    "year": "2015",
    "value": 8.200000000000001
  },
  {
    "name": "core_capital_adequacy_ratio",
    "year": "2016",
    "value": null
  },
  {
    "name": "core_capital_adequacy_ratio",
    "year": "2017",
    "value": null
  },
  {
    "name": "core_capital_adequacy_ratio",
    "year": "2018",
    "value": 10.7
  },
  {
    "name": "core_capital_adequacy_ratio",
    "year": "2019",
    "value": 12.3
  },
  {
    "name": "core_capital_adequacy_ratio",
    "year": "2020",
    "value": 12.7
  },
  {
    "name": "core_capital_adequacy_ratio",
    "year": "2021",
    "value": 12.5
  },
  {
    "name": "core_capital_adequacy_ratio",
    "year": "2022",
    "value": 12.1
  },
  {
    "name": "core_capital_adequacy_ratio",
    "year": "2023",
    "value": 12.4
  },
  {
    "name": "core_capital_adequacy_ratio",
    "year": "LTM",
    "value": null
  },
  {
    "name": "total_capital_adequacy_ratio",
    "year": "2014",
    "value": 12.5
  },
  {
    "name": "total_capital_adequacy_ratio",
    "year": "2015",
    "value": 12.7
  },
  {
    "name": "total_capital_adequacy_ratio",
    "year": "2016",
    "value": null
  },
  {
    "name": "total_capital_adequacy_ratio",
    "year": "2017",
    "value": null
  },
  {
    "name": "total_capital_adequacy_ratio",
    "year": "2018",
    "value": 21.9
  },
  {
    "name": "total_capital_adequacy_ratio",
    "year": "2019",
    "value": 14.099999999999998
  },
  {
    "name": "total_capital_adequacy_ratio",
    "year": "2020",
    "value": 13.8
  },
  {
    "name": "total_capital_adequacy_ratio",
    "year": "2021",
    "value": 13.4
  },
  {
    "name": "total_capital_adequacy_ratio",
    "year": "2022",
    "value": 13.0
  },
  {
    "name": "total_capital_adequacy_ratio",
    "year": "2023",
    "value": 13.8
  },
  {
    "name": "total_capital_adequacy_ratio",
    "year": "LTM",
    "value": null
  },
  {
    "name": "cost_of_risk_ratio",
    "year": "2017",
    "value": 2.5
  },
  {
    "name": "cost_of_risk_ratio",
    "year": "2018",
    "value": 1.0
  },
  {
    "name": "cost_of_risk_ratio",
    "year": "2019",
    "value": 1.0
  },
  {
    "name": "cost_of_risk_ratio",
    "year": "2020",
    "value": 1.7999999999999998
  },
  {
    "name": "cost_of_risk_ratio",
    "year": "2021",
    "value": null
  },
  {
    "name": "cost_of_risk_ratio",
    "year": "2022",
    "value": null
  },
  {
    "name": "cost_of_risk_ratio",
    "year": "2023",
    "value": 0.1
  },
  {
    "name": "cost_of_risk_ratio",
    "year": "LTM",
    "value": null
  },
  {
    "name": "loan_to_deposit_ratio",
    "year": "2017",
    "value": 86.9491345439
  },
  {
    "name": "loan_to_deposit_ratio",
    "year": "2018",
    "value": 58.1748152806
  },
  {
    "name": "loan_to_deposit_ratio",
    "year": "2019",
    "value": 61.902077959900005
  },
  {
    "name": "loan_to_deposit_ratio",
    "year": "2020",
    "value": 58.055235903299995
  },
  {
    "name": "loan_to_deposit_ratio",
    "year": "2021",
    "value": 67.6516564974
  },
  {
    "name": "loan_to_deposit_ratio",
    "year": "2022",
    "value": 77.27482098739999
  },
  {
    "name": "loan_to_deposit_ratio",
    "year": "2023",
    "value": 82.13561691720001
  },
  {
    "name": "loan_to_deposit_ratio",
    "year": "LTM",
    "value": 81.9795267216166
  },
  {
    "name": "share_of_non_performing_loans",
    "year": "2014",
    "value": 2.3
  },
  {
    "name": "share_of_non_performing_loans",
    "year": "2015",
    "value": 5.1
  },
  {
    "name": "share_of_non_performing_loans",
    "year": "2016",
    "value": 2.3
  },
  {
    "name": "share_of_non_performing_loans",
    "year": "2017",
    "value": 2.4
  },
  {
    "name": "share_of_non_performing_loans",
    "year": "2018",
    "value": 1.6
  },
  {
    "name": "share_of_non_performing_loans",
    "year": "2019",
    "value": 3.5999999999999996
  },
  {
    "name": "share_of_non_performing_loans",
    "year": "2020",
    "value": 3.1
  },
  {
    "name": "share_of_non_performing_loans",
    "year": "2021",
    "value": null
  },
  {
    "name": "share_of_non_performing_loans",
    "year": "2022",
    "value": null
  },
  {
    "name": "share_of_non_performing_loans",
    "year": "2023",
    "value": 1.0
  },
  {
    "name": "share_of_non_performing_loans",
    "year": "LTM",
    "value": null
  },
  {
    "name": "common_share",
    "year": "2015",
    "value": 3.8
  },
  {
    "name": "common_share",
    "year": "2016",
    "value": 4.3
  },
  {
    "name": "common_share",
    "year": "2017",
    "value": 4.742
  },
  {
    "name": "common_share",
    "year": "2018",
    "value": 5.17
  },
  {
    "name": "common_share",
    "year": "2019",
    "value": 5.879
  },
  {
    "name": "common_share",
    "year": "2020",
    "value": 6.147
  },
  {
    "name": "common_share",
    "year": "2021",
    "value": 6.847
  },
  {
    "name": "common_share",
    "year": "2022",
    "value": 6.722
  },
  {
    "name": "common_share",
    "year": "2023",
    "value": 8.023
  },
  {
    "name": "common_share",
    "year": "LTM",
    "value": 6.278
  },
  {
    "name": "number_of_shares",
    "year": "2013",
    "value": 14468.0
  },
  {
    "name": "number_of_shares",
    "year": "2014",
    "value": 15740.0
  },
  {
    "name": "number_of_shares",
    "year": "2015",
    "value": 23879.71
  },
  {
    "name": "number_of_shares",
    "year": "2016",
    "value": 23879.71
  },
  {
    "name": "number_of_shares",
    "year": "2017",
    "value": 29830.0
  },
  {
    "name": "number_of_shares",
    "year": "2018",
    "value": 29830.0
  },
  {
    "name": "number_of_shares",
    "year": "2019",
    "value": 29830.0
  },
  {
    "name": "number_of_shares",
    "year": "2020",
    "value": 33429.709866
  },
  {
    "name": "number_of_shares",
    "year": "2021",
    "value": 33429.709866
  },
  {
    "name": "number_of_shares",
    "year": "2022",
    "value": 33429.709866
  },
  {
    "name": "number_of_shares",
    "year": "2023",
    "value": 33429.709866
  },
  {
    "name": "number_of_shares",
    "year": "LTM",
    "value": 33429.709866
  },
  {
    "name": "market_cap",
    "year": "2013",
    "value": 0.0
  },
  {
    "name": "market_cap",
    "year": "2014",
    "value": 0.0
  },
  {
    "name": "market_cap",
    "year": "2015",
    "value": 90.742898
  },
  {
    "name": "market_cap",
    "year": "2016",
    "value": 102.682753
  },
  {
    "name": "market_cap",
    "year": "2017",
    "value": 141.45386
  },
  {
    "name": "market_cap",
    "year": "2018",
    "value": 154.2211
  },
  {
    "name": "market_cap",
    "year": "2019",
    "value": 175.37057
  },
  {
    "name": "market_cap",
    "year": "2020",
    "value": 205.492426546
  },
  {
    "name": "market_cap",
    "year": "2021",
    "value": 228.893223453
  },
  {
    "name": "market_cap",
    "year": "2022",
    "value": 224.714509719
  },
  {
    "name": "market_cap",
    "year": "2023",
    "value": 268.206562255
  },
  {
    "name": "market_cap",
    "year": "LTM",
    "value": 209.87171853874798
  },
  {
    "name": "ev",
    "year": "2013",
    "value": 0.0
  },
  {
    "name": "ev",
    "year": "2014",
    "value": 0.0
  },
  {
    "name": "ev",
    "year": "2015",
    "value": 90.742898
  },
  {
    "name": "ev",
    "year": "2016",
    "value": 102.682753
  },
  {
    "name": "ev",
    "year": "2017",
    "value": 141.45386
  },
  {
    "name": "ev",
    "year": "2018",
    "value": -1008.5579
  },
  {
    "name": "ev",
    "year": "2019",
    "value": -778.27443
  },
  {
    "name": "ev",
    "year": "2020",
    "value": -477.507573454
  },
  {
    "name": "ev",
    "year": "2021",
    "value": -1301.87677655
  },
  {
    "name": "ev",
    "year": "2022",
    "value": -1290.42549028
  },
  {
    "name": "ev",
    "year": "2023",
    "value": -1110.79343775
  },
  {
    "name": "ev",
    "year": "LTM",
    "value": -1269.528281461252
  },
  {
    "name": "eps",
    "year": "2013",
    "value": 0.613768316284
  },
  {
    "name": "eps",
    "year": "2014",
    "value": 0.353811944091
  },
  {
    "name": "eps",
    "year": "2015",
    "value": 0.0631917221775
  },
  {
    "name": "eps",
    "year": "2016",
    "value": 0.45645445443
  },
  {
    "name": "eps",
    "year": "2017",
    "value": 0.693932282937
  },
  {
    "name": "eps",
    "year": "2018",
    "value": 0.911833724438
  },
  {
    "name": "eps",
    "year": "2019",
    "value": 0.400838082467
  },
  {
    "name": "eps",
    "year": "2020",
    "value": 0.897405335561
  },
  {
    "name": "eps",
    "year": "2021",
    "value": 0.783733993056
  },
  {
    "name": "eps",
    "year": "2022",
    "value": 0.223453928555
  },
  {
    "name": "eps",
    "year": "2023",
    "value": 1.78882796888
  },
  {
    "name": "eps",
    "year": "LTM",
    "value": 1.8178440747344535
  },
  {
    "name": "fcf_yield",
    "year": "2015",
    "value": 0.0
  },
  {
    "name": "fcf_yield",
    "year": "2016",
    "value": 0.0
  },
  {
    "name": "fcf_yield",
    "year": "2017",
    "value": 0.0
  },
  {
    "name": "fcf_yield",
    "year": "2018",
    "value": 0.0
  },
  {
    "name": "fcf_yield",
    "year": "2019",
    "value": 0.0
  },
  {
    "name": "fcf_yield",
    "year": "2020",
    "value": 0.0
  },
  {
    "name": "fcf_yield",
    "year": "2021",
    "value": 0.0
  },
  {
    "name": "fcf_yield",
    "year": "2022",
    "value": 0.0
  },
  {
    "name": "fcf_yield",
    "year": "2023",
    "value": 0.0
  },
  {
    "name": "fcf_yield",
    "year": "LTM",
    "value": 0.0
  },
  {
    "name": "roe",
    "year": "2013",
    "value": 20.1
  },
  {
    "name": "roe",
    "year": "2014",
    "value": 10.100000000000001
  },
  {
    "name": "roe",
    "year": "2015",
    "value": 2.1
  },
  {
    "name": "roe",
    "year": "2016",
    "value": 11.1
  },
  {
    "name": "roe",
    "year": "2017",
    "value": 17.8
  },
  {
    "name": "roe",
    "year": "2018",
    "value": 19.900000000000002
  },
  {
    "name": "roe",
    "year": "2019",
    "value": 7.8
  },
  {
    "name": "roe",
    "year": "2020",
    "value": 16.900000000000002
  },
  {
    "name": "roe",
    "year": "2021",
    "value": 12.6
  },
  {
    "name": "roe",
    "year": "2022",
    "value": 3.6999999999999997
  },
  {
    "name": "roe",
    "year": "2023",
    "value": 23.400000000000002
  },
  {
    "name": "roe",
    "year": "LTM",
    "value": null
  },
  {
    "name": "roa",
    "year": "2013",
    "value": 2.4
  },
  {
    "name": "roa",
    "year": "2014",
    "value": 1.0999999999999999
  },
  {
    "name": "roa",
    "year": "2015",
    "value": 0.2
  },
  {
    "name": "roa",
    "year": "2016",
    "value": 0.8
  },
  {
    "name": "roa",
    "year": "2017",
    "value": 1.2
  },
  {
    "name": "roa",
    "year": "2018",
    "value": 1.4000000000000001
  },
  {
    "name": "roa",
    "year": "2019",
    "value": 0.5
  },
  {
    "name": "roa",
    "year": "2020",
    "value": 1.0999999999999999
  },
  {
    "name": "roa",
    "year": "2021",
    "value": 0.8
  },
  {
    "name": "roa",
    "year": "2022",
    "value": 0.2
  },
  {
    "name": "roa",
    "year": "2023",
    "value": 1.4000000000000001
  },
  {
    "name": "roa",
    "year": "LTM",
    "value": null
  },
  {
    "name": "net_intertest_margin",
    "year": "2013",
    "value": 5.2
  },
  {
    "name": "net_intertest_margin",
    "year": "2014",
    "value": 5.800000000000001
  },
  {
    "name": "net_intertest_margin",
    "year": "2015",
    "value": 3.9
  },
  {
    "name": "net_intertest_margin",
    "year": "2016",
    "value": 3.3000000000000003
  },
  {
    "name": "net_intertest_margin",
    "year": "2017",
    "value": 2.9000000000000004
  },
  {
    "name": "net_intertest_margin",
    "year": "2018",
    "value": 2.6
  },
  {
    "name": "net_intertest_margin",
    "year": "2019",
    "value": 2.1999999999999997
  },
  {
    "name": "net_intertest_margin",
    "year": "2020",
    "value": 2.3
  },
  {
    "name": "net_intertest_margin",
    "year": "2021",
    "value": 2.6
  },
  {
    "name": "net_intertest_margin",
    "year": "2022",
    "value": 1.7999999999999998
  },
  {
    "name": "net_intertest_margin",
    "year": "2023",
    "value": 2.8000000000000003
  },
  {
    "name": "net_intertest_margin",
    "year": "LTM",
    "value": null
  },
  {
    "name": "bank_margin",
    "year": "2013",
    "value": 36.2448979592
  },
  {
    "name": "bank_margin",
    "year": "2014",
    "value": 19.6784452297
  },
  {
    "name": "bank_margin",
    "year": "2015",
    "value": 11.4404852161
  },
  {
    "name": "bank_margin",
    "year": "2016",
    "value": 37.6459211163
  },
  {
    "name": "bank_margin",
    "year": "2017",
    "value": 32.0359049756
  },
  {
    "name": "bank_margin",
    "year": "2018",
    "value": 40.9127145285
  },
  {
    "name": "bank_margin",
    "year": "2019",
    "value": 32.9031370391
  },
  {
    "name": "bank_margin",
    "year": "2020",
    "value": 50.564638462800005
  },
  {
    "name": "bank_margin",
    "year": "2021",
    "value": 42.1696442942
  },
  {
    "name": "bank_margin",
    "year": "2022",
    "value": 17.1961325967
  },
  {
    "name": "bank_margin",
    "year": "2023",
    "value": 52.6872246696
  },
  {
    "name": "bank_margin",
    "year": "LTM",
    "value": 48.14227996514299
  },
  {
    "name": "p_e",
    "year": "2013",
    "value": 0.0
  },
  {
    "name": "p_e",
    "year": "2014",
    "value": 0.0
  },
  {
    "name": "p_e",
    "year": "2015",
    "value": 60.1344585818
  },
  {
    "name": "p_e",
    "year": "2016",
    "value": 9.42043605505
  },
  {
    "name": "p_e",
    "year": "2017",
    "value": 6.83351980676
  },
  {
    "name": "p_e",
    "year": "2018",
    "value": 5.66989338235
  },
  {
    "name": "p_e",
    "year": "2019",
    "value": 14.6667700928
  },
  {
    "name": "p_e",
    "year": "2020",
    "value": 6.84974755154
  },
  {
    "name": "p_e",
    "year": "2021",
    "value": 8.73638257452
  },
  {
    "name": "p_e",
    "year": "2022",
    "value": 30.082263684
  },
  {
    "name": "p_e",
    "year": "2023",
    "value": 4.48505956948
  },
  {
    "name": "p_e",
    "year": "LTM",
    "value": 3.453541526061346
  },
  {
    "name": "p_b",
    "year": "2013",
    "value": 0.0
  },
  {
    "name": "p_b",
    "year": "2014",
    "value": 0.0
  },
  {
    "name": "p_b",
    "year": "2015",
    "value": 0.98272540016
  },
  {
    "name": "p_b",
    "year": "2016",
    "value": 0.993063375242
  },
  {
    "name": "p_b",
    "year": "2017",
    "value": 0.796474436937
  },
  {
    "name": "p_b",
    "year": "2018",
    "value": 0.806709629498
  },
  {
    "name": "p_b",
    "year": "2019",
    "value": 0.833383563336
  },
  {
    "name": "p_b",
    "year": "2020",
    "value": 0.876300326423
  },
  {
    "name": "p_b",
    "year": "2021",
    "value": 0.813379849517
  },
  {
    "name": "p_b",
    "year": "2022",
    "value": 0.820784972311
  },
  {
    "name": "p_b",
    "year": "2023",
    "value": 0.770930043849
  },
  {
    "name": "p_b",
    "year": "LTM",
    "value": 0.5864959717715962
  },
  {
    "name": "employees",
    "year": "2020",
    "value": 5511.0
  },
  {
    "name": "employees",
    "year": "LTM",
    "value": null
  },
  {
    "name": "labour_productivity",
    "year": "2020",
    "value": 10.7657412448
  },
  {
    "name": "labour_productivity",
    "year": "LTM",
    "value": null
  },
  {
    "name": "expenses_per_employee",
    "year": "2020",
    "value": 2518.59916531
  },
  {
    "name": "expenses_per_employee",
    "year": "LTM",
    "value": null
  }
]