[{"name":"date","year":"2023Q2","value":"29.08.2023"},{"name":"date","year":"2023Q3","value":""},{"name":"date","year":"2023Q4","value":"18.03.2024"},{"name":"date","year":"2024Q1","value":""},{"name":"date","year":"2024Q2","value":"29.08.2024"},{"name":"date","year":"LTM\n?","value":"29.08.2024"},{"name":"currency","year":"2023Q2","value":"RUB"},{"name":"currency","year":"2023Q3","value":"RUB"},{"name":"currency","year":"2023Q4","value":"RUB"},{"name":"currency","year":"2024Q1","value":"RUB"},{"name":"currency","year":"2024Q2","value":"RUB"},{"name":"currency","year":"LTM\n?","value":"RUB"},{"name":"report_url","year":"2023Q2","value":"https://inarctica.com/upload/iblock/6c8/lekgbea9easdbmnn1fyxhvl7gq67n3g8.pdf"},{"name":"report_url","year":"2023Q3","value":""},{"name":"report_url","year":"2023Q4","value":"https://inarctica.com/upload/iblock/296/2xo2t63purtq8e4ch1z3riazc2z8qibf.pdf"},{"name":"report_url","year":"2024Q1","value":""},{"name":"report_url","year":"2024Q2","value":"https://inarctica.com/upload/iblock/54c/16apewnaua7lcx3gr1zpzx0f2fszzj59.pdf"},{"name":"report_url","year":"LTM\n?","value":"https://inarctica.com/upload/iblock/54c/16apewnaua7lcx3gr1zpzx0f2fszzj59.pdf"},{"name":"presentation_url","year":"2023Q2","value":"https://inarctica.com/upload/iblock/7a1/jyrvgbzl1hrcres6ueh68tiwub0qvfu0.pdf"},{"name":"presentation_url","year":"2023Q3","value":""},{"name":"presentation_url","year":"2023Q4","value":"https://inarctica.com/upload/iblock/70d/lcmawvw4rrvhk9dbbmaeixybcoxawkk7.pdf"},{"name":"presentation_url","year":"2024Q1","value":""},{"name":"presentation_url","year":"2024Q2","value":"https://inarctica.com/upload/iblock/016/h4z28t2k5665uc4s60mm2ko0bwswiwn8.pdf"},{"name":"presentation_url","year":"LTM\n?","value":"https://inarctica.com/upload/iblock/016/h4z28t2k5665uc4s60mm2ko0bwswiwn8.pdf"},{"name":"revenue","year":"2023Q2","value":"12.9"},{"name":"revenue","year":"2023Q3","value":""},{"name":"revenue","year":"2023Q4","value":"15.6"},{"name":"revenue","year":"2024Q1","value":""},{"name":"revenue","year":"2024Q2","value":"18.3"},{"name":"revenue","year":"LTM\n?","value":"33.9"},{"name":"ebitda","year":"2023Q2","value":"6.28"},{"name":"ebitda","year":"2023Q3","value":""},{"name":"ebitda","year":"2023Q4","value":"6.62"},{"name":"ebitda","year":"2024Q1","value":""},{"name":"ebitda","year":"2024Q2","value":"7.38"},{"name":"ebitda","year":"LTM\n?","value":"14.0"},{"name":"net_income","year":"2023Q2","value":"5.52"},{"name":"net_income","year":"2023Q3","value":""},{"name":"net_income","year":"2023Q4","value":"3.71"},{"name":"net_income","year":"2024Q1","value":""},{"name":"net_income","year":"2024Q2","value":"-1.42"},{"name":"net_income","year":"LTM\n?","value":"2.29"},{"name":"net_income_ns","year":"2023Q2","value":"8.64"},{"name":"net_income_ns","year":"2023Q3","value":""},{"name":"net_income_ns","year":"2023Q4","value":"6.83"},{"name":"net_income_ns","year":"2024Q1","value":""},{"name":"net_income_ns","year":"2024Q2","value":""},{"name":"net_income_ns","year":"LTM\n?","value":"6.83"},{"name":"ocf","year":"2023Q2","value":"4.65"},{"name":"ocf","year":"2023Q3","value":""},{"name":"ocf","year":"2023Q4","value":"4.00"},{"name":"ocf","year":"2024Q1","value":""},{"name":"ocf","year":"2024Q2","value":"11.0"},{"name":"ocf","year":"LTM\n?","value":"15.0"},{"name":"capex","year":"2023Q2","value":"2.72"},{"name":"capex","year":"2023Q3","value":""},{"name":"capex","year":"2023Q4","value":"1.86"},{"name":"capex","year":"2024Q1","value":""},{"name":"capex","year":"2024Q2","value":"3.54"},{"name":"capex","year":"LTM\n?","value":"5.40"},{"name":"fcf","year":"2023Q2","value":"1.91"},{"name":"fcf","year":"2023Q3","value":""},{"name":"fcf","year":"2023Q4","value":"2.09"},{"name":"fcf","year":"2024Q1","value":""},{"name":"fcf","year":"2024Q2","value":"7.43"},{"name":"fcf","year":"LTM\n?","value":"9.52"},{"name":"dividend_payout","year":"2023Q2","value":"1.41"},{"name":"dividend_payout","year":"2023Q3","value":"1.67"},{"name":"dividend_payout","year":"2023Q4","value":"0.879"},{"name":"dividend_payout","year":"2024Q1","value":"0.879"},{"name":"dividend_payout","year":"2024Q2","value":""},{"name":"dividend_payout","year":"LTM\n?","value":"3.43"},{"name":"dividend","year":"2023Q2","value":"16"},{"name":"dividend","year":"2023Q3","value":"19"},{"name":"dividend","year":"2023Q4","value":"10"},{"name":"dividend","year":"2024Q1","value":"10"},{"name":"dividend","year":"2024Q2","value":""},{"name":"dividend","year":"LTM\n?","value":"39"},{"name":"div_yield","year":"2023Q2","value":"2.5%"},{"name":"div_yield","year":"2023Q3","value":"2.0%"},{"name":"div_yield","year":"2023Q4","value":"1.2%"},{"name":"div_yield","year":"2024Q1","value":"1.1%"},{"name":"div_yield","year":"2024Q2","value":"0.0%"},{"name":"div_yield","year":"LTM\n?","value":"6.2%"},{"name":"div_payout_ratio","year":"2023Q2","value":"25%"},{"name":"div_payout_ratio","year":"2023Q3","value":""},{"name":"div_payout_ratio","year":"2023Q4","value":"24%"},{"name":"div_payout_ratio","year":"2024Q1","value":""},{"name":"div_payout_ratio","year":"2024Q2","value":"0%"},{"name":"div_payout_ratio","year":"LTM\n?","value":"150%"},{"name":"opex","year":"2023Q2","value":"0.859"},{"name":"opex","year":"2023Q3","value":""},{"name":"opex","year":"2023Q4","value":"3.34"},{"name":"opex","year":"2024Q1","value":""},{"name":"opex","year":"2024Q2","value":"1.14"},{"name":"opex","year":"LTM\n?","value":"4.48"},{"name":"cost_of_production","year":"2023Q2","value":"5.98"},{"name":"cost_of_production","year":"2023Q3","value":""},{"name":"cost_of_production","year":"2023Q4","value":"7.49"},{"name":"cost_of_production","year":"2024Q1","value":""},{"name":"cost_of_production","year":"2024Q2","value":"8.69"},{"name":"cost_of_production","year":"LTM\n?","value":"16.2"},{"name":"amortization","year":"2023Q2","value":"0.6"},{"name":"amortization","year":"2023Q3","value":""},{"name":"amortization","year":"2023Q4","value":"0.6"},{"name":"amortization","year":"2024Q1","value":""},{"name":"amortization","year":"2024Q2","value":"0.8"},{"name":"amortization","year":"LTM\n?","value":"1.5"},{"name":"employment_expenses","year":"2023Q2","value":"0.919"},{"name":"employment_expenses","year":"2023Q3","value":""},{"name":"employment_expenses","year":"2023Q4","value":""},{"name":"employment_expenses","year":"2024Q1","value":""},{"name":"employment_expenses","year":"2024Q2","value":"1.27"},{"name":"employment_expenses","year":"LTM\n?","value":"1.27"},{"name":"interest_expenses","year":"2023Q2","value":"0.480"},{"name":"interest_expenses","year":"2023Q3","value":""},{"name":"interest_expenses","year":"2023Q4","value":"0.800"},{"name":"interest_expenses","year":"2024Q1","value":""},{"name":"interest_expenses","year":"2024Q2","value":"0.730"},{"name":"interest_expenses","year":"LTM\n?","value":"1.53"},{"name":"assets","year":"2023Q2","value":"51.1"},{"name":"assets","year":"2023Q3","value":""},{"name":"assets","year":"2023Q4","value":"56.8"},{"name":"assets","year":"2024Q1","value":""},{"name":"assets","year":"2024Q2","value":"49.7"},{"name":"assets","year":"LTM\n?","value":"49.7"},{"name":"net_assets","year":"2023Q2","value":"35.0"},{"name":"net_assets","year":"2023Q3","value":""},{"name":"net_assets","year":"2023Q4","value":"39.7"},{"name":"net_assets","year":"2024Q1","value":""},{"name":"net_assets","year":"2024Q2","value":"36.5"},{"name":"net_assets","year":"LTM\n?","value":"36.5"},{"name":"debt","year":"2023Q2","value":"13.7"},{"name":"debt","year":"2023Q3","value":""},{"name":"debt","year":"2023Q4","value":"14.5"},{"name":"debt","year":"2024Q1","value":""},{"name":"debt","year":"2024Q2","value":"9.18"},{"name":"debt","year":"LTM\n?","value":"9.18"},{"name":"cash","year":"2023Q2","value":"2.24"},{"name":"cash","year":"2023Q3","value":""},{"name":"cash","year":"2023Q4","value":"0.890"},{"name":"cash","year":"2024Q1","value":""},{"name":"cash","year":"2024Q2","value":"3.11"},{"name":"cash","year":"LTM\n?","value":"3.11"},{"name":"net_debt","year":"2023Q2","value":"11.5"},{"name":"net_debt","year":"2023Q3","value":"0.00"},{"name":"net_debt","year":"2023Q4","value":"13.6"},{"name":"net_debt","year":"2024Q1","value":"0.00"},{"name":"net_debt","year":"2024Q2","value":"6.07"},{"name":"net_debt","year":"LTM\n?","value":"6.07"},{"name":"common_share","year":"2023Q2","value":"634.5"},{"name":"common_share","year":"2023Q3","value":"948.5"},{"name":"common_share","year":"2023Q4","value":"852.0"},{"name":"common_share","year":"2024Q1","value":"915.0"},{"name":"common_share","year":"2024Q2","value":"842.0"},{"name":"common_share","year":"LTM\n?","value":"626.5"},{"name":"number_of_shares","year":"2023Q2","value":"87.9"},{"name":"number_of_shares","year":"2023Q3","value":"87.9"},{"name":"number_of_shares","year":"2023Q4","value":"87.9"},{"name":"number_of_shares","year":"2024Q1","value":"87.9"},{"name":"number_of_shares","year":"2024Q2","value":"87.9"},{"name":"number_of_shares","year":"LTM\n?","value":"87.9"},{"name":"market_cap","year":"2023Q2","value":"55.8"},{"name":"market_cap","year":"2023Q3","value":"83.4"},{"name":"market_cap","year":"2023Q4","value":"74.9"},{"name":"market_cap","year":"2024Q1","value":"80.4"},{"name":"market_cap","year":"2024Q2","value":"74.0"},{"name":"market_cap","year":"LTM\n?","value":"55.1"},{"name":"ev","year":"2023Q2","value":"67.2"},{"name":"ev","year":"2023Q3","value":"83.4"},{"name":"ev","year":"2023Q4","value":"88.5"},{"name":"ev","year":"2024Q1","value":"80.4"},{"name":"ev","year":"2024Q2","value":"80.1"},{"name":"ev","year":"LTM\n?","value":"61.1"},{"name":"book_value","year":"2023Q2","value":"34.4"},{"name":"book_value","year":"2023Q3","value":"0.00"},{"name":"book_value","year":"2023Q4","value":"38.9"},{"name":"book_value","year":"2024Q1","value":"0.00"},{"name":"book_value","year":"2024Q2","value":"35.7"},{"name":"book_value","year":"LTM\n?","value":"35.7"},{"name":"eps","year":"2023Q2","value":"62.8"},{"name":"eps","year":"2023Q3","value":"0.00"},{"name":"eps","year":"2023Q4","value":"42.2"},{"name":"eps","year":"2024Q1","value":"0.00"},{"name":"eps","year":"2024Q2","value":"-16.2"},{"name":"eps","year":"LTM\n?","value":"26.1"},{"name":"fcf_share","year":"2023Q2","value":"21.7"},{"name":"fcf_share","year":"2023Q3","value":"0.00"},{"name":"fcf_share","year":"2023Q4","value":"23.8"},{"name":"fcf_share","year":"2024Q1","value":"0.00"},{"name":"fcf_share","year":"2024Q2","value":"84.5"},{"name":"fcf_share","year":"LTM\n?","value":"108.3"},{"name":"bv_share","year":"2023Q2","value":"391.3"},{"name":"bv_share","year":"2023Q3","value":"0.00"},{"name":"bv_share","year":"2023Q4","value":"442.8"},{"name":"bv_share","year":"2024Q1","value":"0.00"},{"name":"bv_share","year":"2024Q2","value":"406.5"},{"name":"bv_share","year":"LTM\n?","value":"406.5"},{"name":"ebitda_margin","year":"2023Q2","value":"48.7%"},{"name":"ebitda_margin","year":"2023Q3","value":""},{"name":"ebitda_margin","year":"2023Q4","value":"42.5%"},{"name":"ebitda_margin","year":"2024Q1","value":""},{"name":"ebitda_margin","year":"2024Q2","value":"40.4%"},{"name":"ebitda_margin","year":"LTM\n?","value":"41.4%"},{"name":"net_margin","year":"2023Q2","value":"42.8%"},{"name":"net_margin","year":"2023Q3","value":""},{"name":"net_margin","year":"2023Q4","value":"23.8%"},{"name":"net_margin","year":"2024Q1","value":""},{"name":"net_margin","year":"2024Q2","value":"-7.8%"},{"name":"net_margin","year":"LTM\n?","value":"6.8%"},{"name":"fcf_yield","year":"2023Q2","value":"-4.5%"},{"name":"fcf_yield","year":"2023Q3","value":"-3.0%"},{"name":"fcf_yield","year":"2023Q4","value":"5.3%"},{"name":"fcf_yield","year":"2024Q1","value":"5.0%"},{"name":"fcf_yield","year":"2024Q2","value":"12.9%"},{"name":"fcf_yield","year":"LTM\n?","value":"17.3%"},{"name":"roe","year":"2023Q2","value":"25.7%"},{"name":"roe","year":"2023Q3","value":""},{"name":"roe","year":"2023Q4","value":"23.2%"},{"name":"roe","year":"2024Q1","value":""},{"name":"roe","year":"2024Q2","value":"6.3%"},{"name":"roe","year":"LTM\n?","value":"6.3%"},{"name":"roa","year":"2023Q2","value":"17.6%"},{"name":"roa","year":"2023Q3","value":""},{"name":"roa","year":"2023Q4","value":"16.3%"},{"name":"roa","year":"2024Q1","value":""},{"name":"roa","year":"2024Q2","value":"4.6%"},{"name":"roa","year":"LTM\n?","value":"4.6%"},{"name":"p_e","year":"2023Q2","value":"6.18"},{"name":"p_e","year":"2023Q3","value":"9.24"},{"name":"p_e","year":"2023Q4","value":"8.11"},{"name":"p_e","year":"2024Q1","value":"8.71"},{"name":"p_e","year":"2024Q2","value":"32.3"},{"name":"p_e","year":"LTM\n?","value":"24.0"},{"name":"p_fcf","year":"2023Q2","value":"-22.1"},{"name":"p_fcf","year":"2023Q3","value":""},{"name":"p_fcf","year":"2023Q4","value":"18.7"},{"name":"p_fcf","year":"2024Q1","value":"20.1"},{"name":"p_fcf","year":"2024Q2","value":"7.77"},{"name":"p_fcf","year":"LTM\n?","value":"5.78"},{"name":"p_s","year":"2023Q2","value":"2.52"},{"name":"p_s","year":"2023Q3","value":"3.77"},{"name":"p_s","year":"2023Q4","value":"2.63"},{"name":"p_s","year":"2024Q1","value":"2.82"},{"name":"p_s","year":"2024Q2","value":"2.19"},{"name":"p_s","year":"LTM\n?","value":"1.63"},{"name":"p_bv","year":"2023Q2","value":"1.62"},{"name":"p_bv","year":"2023Q3","value":""},{"name":"p_bv","year":"2023Q4","value":"1.92"},{"name":"p_bv","year":"2024Q1","value":""},{"name":"p_bv","year":"2024Q2","value":"2.07"},{"name":"p_bv","year":"LTM\n?","value":"1.54"},{"name":"ev_ebitda","year":"2023Q2","value":"6.13"},{"name":"ev_ebitda","year":"2023Q3","value":"7.60"},{"name":"ev_ebitda","year":"2023Q4","value":"6.86"},{"name":"ev_ebitda","year":"2024Q1","value":"6.23"},{"name":"ev_ebitda","year":"2024Q2","value":"5.72"},{"name":"ev_ebitda","year":"LTM\n?","value":"4.37"},{"name":"debt_ebitda","year":"2023Q2","value":"1.05"},{"name":"debt_ebitda","year":"2023Q3","value":"0.00"},{"name":"debt_ebitda","year":"2023Q4","value":"1.05"},{"name":"debt_ebitda","year":"2024Q1","value":"0.00"},{"name":"debt_ebitda","year":"2024Q2","value":"0.43"},{"name":"debt_ebitda","year":"LTM\n?","value":"0.43"},{"name":"r_and_d_capex","year":"2023Q2","value":"0.00%"},{"name":"r_and_d_capex","year":"2023Q3","value":""},{"name":"r_and_d_capex","year":"2023Q4","value":"0.00%"},{"name":"r_and_d_capex","year":"2024Q1","value":""},{"name":"r_and_d_capex","year":"2024Q2","value":"0.00%"},{"name":"r_and_d_capex","year":"LTM\n?","value":"0"},{"name":"capex_revenue","year":"2023Q2","value":"21%"},{"name":"capex_revenue","year":"2023Q3","value":""},{"name":"capex_revenue","year":"2023Q4","value":"12%"},{"name":"capex_revenue","year":"2024Q1","value":""},{"name":"capex_revenue","year":"2024Q2","value":"19%"},{"name":"capex_revenue","year":"LTM\n?","value":"16%"},{"name":"irr","year":"2023Q2","value":"4.1"},{"name":"irr","year":"2023Q3","value":"4.1"},{"name":"irr","year":"2023Q4","value":"4.1"},{"name":"irr","year":"2024Q1","value":"4.1"},{"name":"irr","year":"2024Q2","value":"4.1"},{"name":"irr","year":"LTM\n?","value":"4.1"},{"name":"ir_fs_quality","year":"2023Q2","value":"4"},{"name":"ir_fs_quality","year":"2023Q3","value":"4"},{"name":"ir_fs_quality","year":"2023Q4","value":"4"},{"name":"ir_fs_quality","year":"2024Q1","value":"4"},{"name":"ir_fs_quality","year":"2024Q2","value":"4"},{"name":"ir_fs_quality","year":"LTM\n?","value":"4"},{"name":"ir_investor_presentations","year":"2023Q2","value":"5"},{"name":"ir_investor_presentations","year":"2023Q3","value":"5"},{"name":"ir_investor_presentations","year":"2023Q4","value":"5"},{"name":"ir_investor_presentations","year":"2024Q1","value":"5"},{"name":"ir_investor_presentations","year":"2024Q2","value":"5"},{"name":"ir_investor_presentations","year":"LTM\n?","value":"5"},{"name":"ir_annual_report","year":"2023Q2","value":"5"},{"name":"ir_annual_report","year":"2023Q3","value":"5"},{"name":"ir_annual_report","year":"2023Q4","value":"5"},{"name":"ir_annual_report","year":"2024Q1","value":"5"},{"name":"ir_annual_report","year":"2024Q2","value":"5"},{"name":"ir_annual_report","year":"LTM\n?","value":"5"},{"name":"ir_investor_site","year":"2023Q2","value":"5"},{"name":"ir_investor_site","year":"2023Q3","value":"5"},{"name":"ir_investor_site","year":"2023Q4","value":"5"},{"name":"ir_investor_site","year":"2024Q1","value":"5"},{"name":"ir_investor_site","year":"2024Q2","value":"5"},{"name":"ir_investor_site","year":"LTM\n?","value":"5"},{"name":"ir_investor_calendar","year":"2023Q2","value":"1"},{"name":"ir_investor_calendar","year":"2023Q3","value":"1"},{"name":"ir_investor_calendar","year":"2023Q4","value":"1"},{"name":"ir_investor_calendar","year":"2024Q1","value":"1"},{"name":"ir_investor_calendar","year":"2024Q2","value":"1"},{"name":"ir_investor_calendar","year":"LTM\n?","value":"1"},{"name":"ir_feedback","year":"2023Q2","value":"5"},{"name":"ir_feedback","year":"2023Q3","value":"5"},{"name":"ir_feedback","year":"2023Q4","value":"5"},{"name":"ir_feedback","year":"2024Q1","value":"5"},{"name":"ir_feedback","year":"2024Q2","value":"5"},{"name":"ir_feedback","year":"LTM\n?","value":"5"}]