[
  {
    "name": "revenue",
    "year": "2018Q2",
    "value": 0.305
  },
  {
    "name": "revenue",
    "year": "2018Q4",
    "value": 2.907
  },
  {
    "name": "revenue",
    "year": "2019Q2",
    "value": 4.854
  },
  {
    "name": "revenue",
    "year": "2019Q4",
    "value": 3.944
  },
  {
    "name": "revenue",
    "year": "2020Q1",
    "value": 3.4
  },
  {
    "name": "revenue",
    "year": "2020Q2",
    "value": 5.26
  },
  {
    "name": "revenue",
    "year": "2020Q3",
    "value": 0.35
  },
  {
    "name": "revenue",
    "year": "2020Q4",
    "value": 3.08
  },
  {
    "name": "revenue",
    "year": "2021Q1",
    "value": 3.9
  },
  {
    "name": "revenue",
    "year": "2021Q2",
    "value": 2.8
  },
  {
    "name": "revenue",
    "year": "2021Q3",
    "value": 2.97
  },
  {
    "name": "revenue",
    "year": "2021Q4",
    "value": 6.23
  },
  {
    "name": "revenue",
    "year": "2022Q2",
    "value": 14.3
  },
  {
    "name": "revenue",
    "year": "2022Q3",
    "value": null
  },
  {
    "name": "revenue",
    "year": "2022Q4",
    "value": 9.2
  },
  {
    "name": "revenue",
    "year": "2023Q1",
    "value": null
  },
  {
    "name": "revenue",
    "year": "2023Q2",
    "value": 12.9
  },
  {
    "name": "revenue",
    "year": "2023Q3",
    "value": null
  },
  {
    "name": "revenue",
    "year": "2023Q4",
    "value": 15.58
  },
  {
    "name": "revenue",
    "year": "2024Q1",
    "value": null
  },
  {
    "name": "revenue",
    "year": "2024Q2",
    "value": 18.27
  },
  {
    "name": "ebitda",
    "year": "2018Q2",
    "value": -0.042
  },
  {
    "name": "ebitda",
    "year": "2018Q4",
    "value": 1.016
  },
  {
    "name": "ebitda",
    "year": "2019Q2",
    "value": 2.121
  },
  {
    "name": "ebitda",
    "year": "2019Q4",
    "value": 1.311
  },
  {
    "name": "ebitda",
    "year": "2020Q1",
    "value": 1.6
  },
  {
    "name": "ebitda",
    "year": "2020Q2",
    "value": 2.3
  },
  {
    "name": "ebitda",
    "year": "2020Q3",
    "value": 0.249
  },
  {
    "name": "ebitda",
    "year": "2020Q4",
    "value": 1.08
  },
  {
    "name": "ebitda",
    "year": "2021Q1",
    "value": 1.5
  },
  {
    "name": "ebitda",
    "year": "2021Q2",
    "value": 0.9
  },
  {
    "name": "ebitda",
    "year": "2021Q3",
    "value": 1.44
  },
  {
    "name": "ebitda",
    "year": "2021Q4",
    "value": 2.91
  },
  {
    "name": "ebitda",
    "year": "2022Q2",
    "value": 8.24
  },
  {
    "name": "ebitda",
    "year": "2022Q3",
    "value": null
  },
  {
    "name": "ebitda",
    "year": "2022Q4",
    "value": 4.69
  },
  {
    "name": "ebitda",
    "year": "2023Q1",
    "value": null
  },
  {
    "name": "ebitda",
    "year": "2023Q2",
    "value": 6.28
  },
  {
    "name": "ebitda",
    "year": "2023Q3",
    "value": null
  },
  {
    "name": "ebitda",
    "year": "2023Q4",
    "value": 6.62
  },
  {
    "name": "ebitda",
    "year": "2024Q1",
    "value": null
  },
  {
    "name": "ebitda",
    "year": "2024Q2",
    "value": 7.38
  },
  {
    "name": "net_income",
    "year": "2018Q2",
    "value": 0.154
  },
  {
    "name": "net_income",
    "year": "2018Q4",
    "value": 2.177
  },
  {
    "name": "net_income",
    "year": "2019Q2",
    "value": 1.008
  },
  {
    "name": "net_income",
    "year": "2019Q4",
    "value": 2.25
  },
  {
    "name": "net_income",
    "year": "2020Q1",
    "value": -0.335
  },
  {
    "name": "net_income",
    "year": "2020Q2",
    "value": -0.4
  },
  {
    "name": "net_income",
    "year": "2020Q3",
    "value": 2.613
  },
  {
    "name": "net_income",
    "year": "2020Q4",
    "value": 3.52
  },
  {
    "name": "net_income",
    "year": "2021Q1",
    "value": -0.082
  },
  {
    "name": "net_income",
    "year": "2021Q2",
    "value": 2.04
  },
  {
    "name": "net_income",
    "year": "2021Q3",
    "value": 2.848
  },
  {
    "name": "net_income",
    "year": "2021Q4",
    "value": 3.79
  },
  {
    "name": "net_income",
    "year": "2022Q2",
    "value": 6.83
  },
  {
    "name": "net_income",
    "year": "2022Q3",
    "value": null
  },
  {
    "name": "net_income",
    "year": "2022Q4",
    "value": 3.5
  },
  {
    "name": "net_income",
    "year": "2023Q1",
    "value": null
  },
  {
    "name": "net_income",
    "year": "2023Q2",
    "value": 5.52
  },
  {
    "name": "net_income",
    "year": "2023Q3",
    "value": null
  },
  {
    "name": "net_income",
    "year": "2023Q4",
    "value": 3.71
  },
  {
    "name": "net_income",
    "year": "2024Q1",
    "value": null
  },
  {
    "name": "net_income",
    "year": "2024Q2",
    "value": -1.42
  },
  {
    "name": "net_income_ns",
    "year": "2022Q2",
    "value": 8.29
  },
  {
    "name": "net_income_ns",
    "year": "2022Q3",
    "value": null
  },
  {
    "name": "net_income_ns",
    "year": "2022Q4",
    "value": 3.64
  },
  {
    "name": "net_income_ns",
    "year": "2023Q1",
    "value": null
  },
  {
    "name": "net_income_ns",
    "year": "2023Q2",
    "value": 8.64
  },
  {
    "name": "net_income_ns",
    "year": "2023Q3",
    "value": null
  },
  {
    "name": "net_income_ns",
    "year": "2023Q4",
    "value": 6.83
  },
  {
    "name": "ocf",
    "year": "2020Q1",
    "value": 1.49
  },
  {
    "name": "ocf",
    "year": "2020Q2",
    "value": 0.71
  },
  {
    "name": "ocf",
    "year": "2020Q3",
    "value": 0.26
  },
  {
    "name": "ocf",
    "year": "2020Q4",
    "value": 0.84
  },
  {
    "name": "ocf",
    "year": "2021Q1",
    "value": 2.18
  },
  {
    "name": "ocf",
    "year": "2021Q2",
    "value": -0.21
  },
  {
    "name": "ocf",
    "year": "2021Q3",
    "value": 0.07
  },
  {
    "name": "ocf",
    "year": "2021Q4",
    "value": 1.88
  },
  {
    "name": "ocf",
    "year": "2022Q2",
    "value": 5.036
  },
  {
    "name": "ocf",
    "year": "2022Q3",
    "value": null
  },
  {
    "name": "ocf",
    "year": "2022Q4",
    "value": -1.136
  },
  {
    "name": "ocf",
    "year": "2023Q1",
    "value": null
  },
  {
    "name": "ocf",
    "year": "2023Q2",
    "value": 4.65
  },
  {
    "name": "ocf",
    "year": "2023Q3",
    "value": null
  },
  {
    "name": "ocf",
    "year": "2023Q4",
    "value": 4.0
  },
  {
    "name": "ocf",
    "year": "2024Q1",
    "value": null
  },
  {
    "name": "ocf",
    "year": "2024Q2",
    "value": 11.01
  },
  {
    "name": "capex",
    "year": "2018Q2",
    "value": 0.567
  },
  {
    "name": "capex",
    "year": "2018Q4",
    "value": 0.702
  },
  {
    "name": "capex",
    "year": "2019Q2",
    "value": 1.433
  },
  {
    "name": "capex",
    "year": "2019Q4",
    "value": 1.099
  },
  {
    "name": "capex",
    "year": "2020Q1",
    "value": 0.9
  },
  {
    "name": "capex",
    "year": "2020Q2",
    "value": 0.33
  },
  {
    "name": "capex",
    "year": "2020Q3",
    "value": 0.25
  },
  {
    "name": "capex",
    "year": "2020Q4",
    "value": 0.6
  },
  {
    "name": "capex",
    "year": "2021Q1",
    "value": 1.32
  },
  {
    "name": "capex",
    "year": "2021Q2",
    "value": 0.59
  },
  {
    "name": "capex",
    "year": "2021Q3",
    "value": 0.19
  },
  {
    "name": "capex",
    "year": "2021Q4",
    "value": 1.1
  },
  {
    "name": "capex",
    "year": "2022Q2",
    "value": 1.68
  },
  {
    "name": "capex",
    "year": "2022Q3",
    "value": null
  },
  {
    "name": "capex",
    "year": "2022Q4",
    "value": 2.25
  },
  {
    "name": "capex",
    "year": "2023Q1",
    "value": null
  },
  {
    "name": "capex",
    "year": "2023Q2",
    "value": 2.72
  },
  {
    "name": "capex",
    "year": "2023Q3",
    "value": null
  },
  {
    "name": "capex",
    "year": "2023Q4",
    "value": 1.86
  },
  {
    "name": "capex",
    "year": "2024Q1",
    "value": null
  },
  {
    "name": "capex",
    "year": "2024Q2",
    "value": 3.54
  },
  {
    "name": "fcf",
    "year": "2020Q1",
    "value": 0.87
  },
  {
    "name": "fcf",
    "year": "2020Q2",
    "value": 0.278
  },
  {
    "name": "fcf",
    "year": "2020Q3",
    "value": -1.75
  },
  {
    "name": "fcf",
    "year": "2020Q4",
    "value": -0.77
  },
  {
    "name": "fcf",
    "year": "2021Q1",
    "value": 0.843
  },
  {
    "name": "fcf",
    "year": "2021Q2",
    "value": -1.023
  },
  {
    "name": "fcf",
    "year": "2021Q3",
    "value": -0.408
  },
  {
    "name": "fcf",
    "year": "2021Q4",
    "value": null
  },
  {
    "name": "fcf",
    "year": "2022Q2",
    "value": 3.33
  },
  {
    "name": "fcf",
    "year": "2022Q3",
    "value": null
  },
  {
    "name": "fcf",
    "year": "2022Q4",
    "value": -4.43
  },
  {
    "name": "fcf",
    "year": "2023Q1",
    "value": null
  },
  {
    "name": "fcf",
    "year": "2023Q2",
    "value": 1.91
  },
  {
    "name": "fcf",
    "year": "2023Q3",
    "value": null
  },
  {
    "name": "fcf",
    "year": "2023Q4",
    "value": 2.09
  },
  {
    "name": "fcf",
    "year": "2024Q1",
    "value": null
  },
  {
    "name": "fcf",
    "year": "2024Q2",
    "value": 7.43
  },
  {
    "name": "opex",
    "year": "2022Q2",
    "value": 0.958
  },
  {
    "name": "opex",
    "year": "2022Q3",
    "value": null
  },
  {
    "name": "opex",
    "year": "2022Q4",
    "value": 1.243
  },
  {
    "name": "opex",
    "year": "2023Q1",
    "value": null
  },
  {
    "name": "opex",
    "year": "2023Q2",
    "value": 0.859
  },
  {
    "name": "opex",
    "year": "2023Q3",
    "value": null
  },
  {
    "name": "opex",
    "year": "2023Q4",
    "value": 3.338
  },
  {
    "name": "opex",
    "year": "2024Q1",
    "value": null
  },
  {
    "name": "opex",
    "year": "2024Q2",
    "value": 1.14
  },
  {
    "name": "cost_of_production",
    "year": "2018Q2",
    "value": 0.304
  },
  {
    "name": "cost_of_production",
    "year": "2018Q4",
    "value": 1.899
  },
  {
    "name": "cost_of_production",
    "year": "2019Q2",
    "value": 4.286
  },
  {
    "name": "cost_of_production",
    "year": "2019Q4",
    "value": 2.354
  },
  {
    "name": "cost_of_production",
    "year": "2020Q1",
    "value": 1.96
  },
  {
    "name": "cost_of_production",
    "year": "2020Q2",
    "value": 2.3
  },
  {
    "name": "cost_of_production",
    "year": "2020Q3",
    "value": null
  },
  {
    "name": "cost_of_production",
    "year": "2020Q4",
    "value": 2.7
  },
  {
    "name": "cost_of_production",
    "year": "2021Q1",
    "value": 2.34
  },
  {
    "name": "cost_of_production",
    "year": "2021Q2",
    "value": 1.75
  },
  {
    "name": "cost_of_production",
    "year": "2021Q3",
    "value": 1.53
  },
  {
    "name": "cost_of_production",
    "year": "2021Q4",
    "value": 3.22
  },
  {
    "name": "cost_of_production",
    "year": "2022Q2",
    "value": 5.54
  },
  {
    "name": "cost_of_production",
    "year": "2022Q3",
    "value": null
  },
  {
    "name": "cost_of_production",
    "year": "2022Q4",
    "value": 4.24
  },
  {
    "name": "cost_of_production",
    "year": "2023Q1",
    "value": null
  },
  {
    "name": "cost_of_production",
    "year": "2023Q2",
    "value": 5.98
  },
  {
    "name": "cost_of_production",
    "year": "2023Q3",
    "value": null
  },
  {
    "name": "cost_of_production",
    "year": "2023Q4",
    "value": 7.49
  },
  {
    "name": "cost_of_production",
    "year": "2024Q1",
    "value": null
  },
  {
    "name": "cost_of_production",
    "year": "2024Q2",
    "value": 8.69
  },
  {
    "name": "amortization",
    "year": "2021Q1",
    "value": 0.222
  },
  {
    "name": "amortization",
    "year": "2021Q2",
    "value": 0.165
  },
  {
    "name": "amortization",
    "year": "2021Q3",
    "value": 0.146
  },
  {
    "name": "amortization",
    "year": "2021Q4",
    "value": 0.247
  },
  {
    "name": "amortization",
    "year": "2022Q2",
    "value": 0.45
  },
  {
    "name": "amortization",
    "year": "2022Q3",
    "value": null
  },
  {
    "name": "amortization",
    "year": "2022Q4",
    "value": 0.48
  },
  {
    "name": "amortization",
    "year": "2023Q1",
    "value": null
  },
  {
    "name": "amortization",
    "year": "2023Q2",
    "value": 0.57
  },
  {
    "name": "amortization",
    "year": "2023Q3",
    "value": null
  },
  {
    "name": "amortization",
    "year": "2023Q4",
    "value": 0.63
  },
  {
    "name": "amortization",
    "year": "2024Q1",
    "value": null
  },
  {
    "name": "amortization",
    "year": "2024Q2",
    "value": 0.84
  },
  {
    "name": "employment_expenses",
    "year": "2023Q2",
    "value": 0.919
  },
  {
    "name": "employment_expenses",
    "year": "2023Q3",
    "value": null
  },
  {
    "name": "employment_expenses",
    "year": "2023Q4",
    "value": null
  },
  {
    "name": "employment_expenses",
    "year": "2024Q1",
    "value": null
  },
  {
    "name": "employment_expenses",
    "year": "2024Q2",
    "value": 1.266
  },
  {
    "name": "interest_expenses",
    "year": "2018Q2",
    "value": 0.104
  },
  {
    "name": "interest_expenses",
    "year": "2018Q4",
    "value": 0.24
  },
  {
    "name": "interest_expenses",
    "year": "2019Q2",
    "value": 0.21
  },
  {
    "name": "interest_expenses",
    "year": "2019Q4",
    "value": 0.222
  },
  {
    "name": "interest_expenses",
    "year": "2020Q1",
    "value": 0.081
  },
  {
    "name": "interest_expenses",
    "year": "2020Q2",
    "value": 0.17
  },
  {
    "name": "interest_expenses",
    "year": "2020Q3",
    "value": null
  },
  {
    "name": "interest_expenses",
    "year": "2020Q4",
    "value": 0.191
  },
  {
    "name": "interest_expenses",
    "year": "2021Q1",
    "value": 0.095
  },
  {
    "name": "interest_expenses",
    "year": "2021Q2",
    "value": 0.085
  },
  {
    "name": "interest_expenses",
    "year": "2021Q3",
    "value": 0.26
  },
  {
    "name": "interest_expenses",
    "year": "2021Q4",
    "value": 0.15
  },
  {
    "name": "interest_expenses",
    "year": "2022Q2",
    "value": 0.57
  },
  {
    "name": "interest_expenses",
    "year": "2022Q3",
    "value": null
  },
  {
    "name": "interest_expenses",
    "year": "2022Q4",
    "value": 0.39
  },
  {
    "name": "interest_expenses",
    "year": "2023Q1",
    "value": null
  },
  {
    "name": "interest_expenses",
    "year": "2023Q2",
    "value": 0.48
  },
  {
    "name": "interest_expenses",
    "year": "2023Q3",
    "value": null
  },
  {
    "name": "interest_expenses",
    "year": "2023Q4",
    "value": 0.8
  },
  {
    "name": "interest_expenses",
    "year": "2024Q1",
    "value": null
  },
  {
    "name": "interest_expenses",
    "year": "2024Q2",
    "value": 0.73
  },
  {
    "name": "assets",
    "year": "2015Q4",
    "value": 8.46
  },
  {
    "name": "assets",
    "year": "2016Q4",
    "value": 5.95
  },
  {
    "name": "assets",
    "year": "2017Q4",
    "value": 5.58
  },
  {
    "name": "assets",
    "year": "2018Q2",
    "value": 7.246
  },
  {
    "name": "assets",
    "year": "2018Q4",
    "value": 10.95
  },
  {
    "name": "assets",
    "year": "2019Q2",
    "value": 4.67
  },
  {
    "name": "assets",
    "year": "2019Q4",
    "value": 14.04
  },
  {
    "name": "assets",
    "year": "2020Q1",
    "value": null
  },
  {
    "name": "assets",
    "year": "2020Q2",
    "value": 13.48
  },
  {
    "name": "assets",
    "year": "2020Q3",
    "value": null
  },
  {
    "name": "assets",
    "year": "2020Q4",
    "value": 19.8
  },
  {
    "name": "assets",
    "year": "2021Q1",
    "value": 20.7
  },
  {
    "name": "assets",
    "year": "2021Q2",
    "value": 24.05
  },
  {
    "name": "assets",
    "year": "2021Q3",
    "value": 25.38
  },
  {
    "name": "assets",
    "year": "2021Q4",
    "value": 28.89
  },
  {
    "name": "assets",
    "year": "2022Q2",
    "value": null
  },
  {
    "name": "assets",
    "year": "2022Q3",
    "value": null
  },
  {
    "name": "assets",
    "year": "2022Q4",
    "value": 42.41
  },
  {
    "name": "assets",
    "year": "2023Q1",
    "value": null
  },
  {
    "name": "assets",
    "year": "2023Q2",
    "value": 51.14
  },
  {
    "name": "assets",
    "year": "2023Q3",
    "value": null
  },
  {
    "name": "assets",
    "year": "2023Q4",
    "value": 56.79
  },
  {
    "name": "assets",
    "year": "2024Q1",
    "value": null
  },
  {
    "name": "assets",
    "year": "2024Q2",
    "value": 49.72
  },
  {
    "name": "net_assets",
    "year": "2013Q4",
    "value": 0.224
  },
  {
    "name": "net_assets",
    "year": "2014Q4",
    "value": -0.18
  },
  {
    "name": "net_assets",
    "year": "2015Q4",
    "value": -1.519
  },
  {
    "name": "net_assets",
    "year": "2016Q4",
    "value": 2.367
  },
  {
    "name": "net_assets",
    "year": "2017Q4",
    "value": 3.514
  },
  {
    "name": "net_assets",
    "year": "2018Q2",
    "value": 3.69
  },
  {
    "name": "net_assets",
    "year": "2018Q4",
    "value": 6.003
  },
  {
    "name": "net_assets",
    "year": "2019Q2",
    "value": 6.919
  },
  {
    "name": "net_assets",
    "year": "2019Q4",
    "value": 9.065
  },
  {
    "name": "net_assets",
    "year": "2020Q1",
    "value": null
  },
  {
    "name": "net_assets",
    "year": "2020Q2",
    "value": 8.57
  },
  {
    "name": "net_assets",
    "year": "2020Q3",
    "value": null
  },
  {
    "name": "net_assets",
    "year": "2020Q4",
    "value": 11.73
  },
  {
    "name": "net_assets",
    "year": "2021Q1",
    "value": 11.6
  },
  {
    "name": "net_assets",
    "year": "2021Q2",
    "value": 13.0
  },
  {
    "name": "net_assets",
    "year": "2021Q3",
    "value": 15.5
  },
  {
    "name": "net_assets",
    "year": "2021Q4",
    "value": 18.7
  },
  {
    "name": "net_assets",
    "year": "2022Q2",
    "value": null
  },
  {
    "name": "net_assets",
    "year": "2022Q3",
    "value": null
  },
  {
    "name": "net_assets",
    "year": "2022Q4",
    "value": 27.27
  },
  {
    "name": "net_assets",
    "year": "2023Q1",
    "value": null
  },
  {
    "name": "net_assets",
    "year": "2023Q2",
    "value": 35.04
  },
  {
    "name": "net_assets",
    "year": "2023Q3",
    "value": null
  },
  {
    "name": "net_assets",
    "year": "2023Q4",
    "value": 39.7
  },
  {
    "name": "net_assets",
    "year": "2024Q1",
    "value": null
  },
  {
    "name": "net_assets",
    "year": "2024Q2",
    "value": 36.5
  },
  {
    "name": "debt",
    "year": "2013Q4",
    "value": 2.701
  },
  {
    "name": "debt",
    "year": "2014Q4",
    "value": 5.022
  },
  {
    "name": "debt",
    "year": "2015Q4",
    "value": 4.8
  },
  {
    "name": "debt",
    "year": "2016Q4",
    "value": 3.2
  },
  {
    "name": "debt",
    "year": "2017Q4",
    "value": 1.837
  },
  {
    "name": "debt",
    "year": "2018Q2",
    "value": 3.27
  },
  {
    "name": "debt",
    "year": "2018Q4",
    "value": 4.302
  },
  {
    "name": "debt",
    "year": "2019Q2",
    "value": 4.21
  },
  {
    "name": "debt",
    "year": "2019Q4",
    "value": 4.124
  },
  {
    "name": "debt",
    "year": "2020Q1",
    "value": null
  },
  {
    "name": "debt",
    "year": "2020Q2",
    "value": 4.33
  },
  {
    "name": "debt",
    "year": "2020Q3",
    "value": null
  },
  {
    "name": "debt",
    "year": "2020Q4",
    "value": 6.72
  },
  {
    "name": "debt",
    "year": "2021Q1",
    "value": 7.49
  },
  {
    "name": "debt",
    "year": "2021Q2",
    "value": 9.2
  },
  {
    "name": "debt",
    "year": "2021Q3",
    "value": 8.54
  },
  {
    "name": "debt",
    "year": "2021Q4",
    "value": 8.31
  },
  {
    "name": "debt",
    "year": "2022Q2",
    "value": null
  },
  {
    "name": "debt",
    "year": "2022Q3",
    "value": null
  },
  {
    "name": "debt",
    "year": "2022Q4",
    "value": 13.73
  },
  {
    "name": "debt",
    "year": "2023Q1",
    "value": null
  },
  {
    "name": "debt",
    "year": "2023Q2",
    "value": 13.73
  },
  {
    "name": "debt",
    "year": "2023Q3",
    "value": null
  },
  {
    "name": "debt",
    "year": "2023Q4",
    "value": 14.48
  },
  {
    "name": "debt",
    "year": "2024Q1",
    "value": null
  },
  {
    "name": "debt",
    "year": "2024Q2",
    "value": 9.18
  },
  {
    "name": "cash",
    "year": "2013Q4",
    "value": 0.362
  },
  {
    "name": "cash",
    "year": "2014Q4",
    "value": 0.795
  },
  {
    "name": "cash",
    "year": "2015Q4",
    "value": 0.458
  },
  {
    "name": "cash",
    "year": "2016Q4",
    "value": 0.034
  },
  {
    "name": "cash",
    "year": "2017Q4",
    "value": 1.094
  },
  {
    "name": "cash",
    "year": "2018Q2",
    "value": 0.21
  },
  {
    "name": "cash",
    "year": "2018Q4",
    "value": 0.103
  },
  {
    "name": "cash",
    "year": "2019Q2",
    "value": 1.064
  },
  {
    "name": "cash",
    "year": "2019Q4",
    "value": 0.085
  },
  {
    "name": "cash",
    "year": "2020Q1",
    "value": null
  },
  {
    "name": "cash",
    "year": "2020Q2",
    "value": 1.24
  },
  {
    "name": "cash",
    "year": "2020Q3",
    "value": null
  },
  {
    "name": "cash",
    "year": "2020Q4",
    "value": 0.627
  },
  {
    "name": "cash",
    "year": "2021Q1",
    "value": 2.2
  },
  {
    "name": "cash",
    "year": "2021Q2",
    "value": 2.59
  },
  {
    "name": "cash",
    "year": "2021Q3",
    "value": 0.46
  },
  {
    "name": "cash",
    "year": "2021Q4",
    "value": 0.299
  },
  {
    "name": "cash",
    "year": "2022Q2",
    "value": null
  },
  {
    "name": "cash",
    "year": "2022Q3",
    "value": null
  },
  {
    "name": "cash",
    "year": "2022Q4",
    "value": 0.34
  },
  {
    "name": "cash",
    "year": "2023Q1",
    "value": null
  },
  {
    "name": "cash",
    "year": "2023Q2",
    "value": 2.24
  },
  {
    "name": "cash",
    "year": "2023Q3",
    "value": null
  },
  {
    "name": "cash",
    "year": "2023Q4",
    "value": 0.89
  },
  {
    "name": "cash",
    "year": "2024Q1",
    "value": null
  },
  {
    "name": "cash",
    "year": "2024Q2",
    "value": 3.11
  },
  {
    "name": "net_debt",
    "year": "2013Q4",
    "value": 2.339
  },
  {
    "name": "net_debt",
    "year": "2014Q4",
    "value": 4.227
  },
  {
    "name": "net_debt",
    "year": "2015Q4",
    "value": 4.342
  },
  {
    "name": "net_debt",
    "year": "2016Q4",
    "value": 3.166
  },
  {
    "name": "net_debt",
    "year": "2017Q4",
    "value": 0.743
  },
  {
    "name": "net_debt",
    "year": "2018Q2",
    "value": 3.06
  },
  {
    "name": "net_debt",
    "year": "2018Q4",
    "value": 4.199
  },
  {
    "name": "net_debt",
    "year": "2019Q2",
    "value": 3.146
  },
  {
    "name": "net_debt",
    "year": "2019Q4",
    "value": 4.039
  },
  {
    "name": "net_debt",
    "year": "2020Q1",
    "value": 0.0
  },
  {
    "name": "net_debt",
    "year": "2020Q2",
    "value": 3.09
  },
  {
    "name": "net_debt",
    "year": "2020Q3",
    "value": 0.0
  },
  {
    "name": "net_debt",
    "year": "2020Q4",
    "value": 6.093
  },
  {
    "name": "net_debt",
    "year": "2021Q1",
    "value": 5.29
  },
  {
    "name": "net_debt",
    "year": "2021Q2",
    "value": 6.61
  },
  {
    "name": "net_debt",
    "year": "2021Q3",
    "value": 8.08
  },
  {
    "name": "net_debt",
    "year": "2021Q4",
    "value": 8.011
  },
  {
    "name": "net_debt",
    "year": "2022Q2",
    "value": 0.0
  },
  {
    "name": "net_debt",
    "year": "2022Q3",
    "value": 0.0
  },
  {
    "name": "net_debt",
    "year": "2022Q4",
    "value": 13.39
  },
  {
    "name": "net_debt",
    "year": "2023Q1",
    "value": 0.0
  },
  {
    "name": "net_debt",
    "year": "2023Q2",
    "value": 11.49
  },
  {
    "name": "net_debt",
    "year": "2023Q3",
    "value": 0.0
  },
  {
    "name": "net_debt",
    "year": "2023Q4",
    "value": 13.59
  },
  {
    "name": "net_debt",
    "year": "2024Q1",
    "value": 0.0
  },
  {
    "name": "net_debt",
    "year": "2024Q2",
    "value": 6.07
  },
  {
    "name": "common_share",
    "year": "2016Q4",
    "value": 89.9
  },
  {
    "name": "common_share",
    "year": "2017Q4",
    "value": 157.0
  },
  {
    "name": "common_share",
    "year": "2018Q2",
    "value": 200.0
  },
  {
    "name": "common_share",
    "year": "2018Q4",
    "value": 139.0
  },
  {
    "name": "common_share",
    "year": "2019Q2",
    "value": 221.5
  },
  {
    "name": "common_share",
    "year": "2019Q4",
    "value": 255.5
  },
  {
    "name": "common_share",
    "year": "2020Q1",
    "value": 233.5
  },
  {
    "name": "common_share",
    "year": "2020Q2",
    "value": 201.5
  },
  {
    "name": "common_share",
    "year": "2020Q3",
    "value": 230.5
  },
  {
    "name": "common_share",
    "year": "2020Q4",
    "value": 261.5
  },
  {
    "name": "common_share",
    "year": "2021Q1",
    "value": 306.0
  },
  {
    "name": "common_share",
    "year": "2021Q2",
    "value": 359.5
  },
  {
    "name": "common_share",
    "year": "2021Q3",
    "value": 493.5
  },
  {
    "name": "common_share",
    "year": "2021Q4",
    "value": 600.5
  },
  {
    "name": "common_share",
    "year": "2022Q2",
    "value": 500.0
  },
  {
    "name": "common_share",
    "year": "2022Q3",
    "value": 509.5
  },
  {
    "name": "common_share",
    "year": "2022Q4",
    "value": 597.0
  },
  {
    "name": "common_share",
    "year": "2023Q1",
    "value": 609.5
  },
  {
    "name": "common_share",
    "year": "2023Q2",
    "value": 634.5
  },
  {
    "name": "common_share",
    "year": "2023Q3",
    "value": 948.5
  },
  {
    "name": "common_share",
    "year": "2023Q4",
    "value": 852.0
  },
  {
    "name": "common_share",
    "year": "2024Q1",
    "value": 915.0
  },
  {
    "name": "common_share",
    "year": "2024Q2",
    "value": 842.0
  },
  {
    "name": "number_of_shares",
    "year": "2013Q4",
    "value": 79.538
  },
  {
    "name": "number_of_shares",
    "year": "2014Q4",
    "value": 79.538
  },
  {
    "name": "number_of_shares",
    "year": "2015Q4",
    "value": 79.538
  },
  {
    "name": "number_of_shares",
    "year": "2016Q4",
    "value": 79.538
  },
  {
    "name": "number_of_shares",
    "year": "2017Q4",
    "value": 79.538
  },
  {
    "name": "number_of_shares",
    "year": "2018Q2",
    "value": 87.877
  },
  {
    "name": "number_of_shares",
    "year": "2018Q4",
    "value": 87.877
  },
  {
    "name": "number_of_shares",
    "year": "2019Q2",
    "value": 87.877
  },
  {
    "name": "number_of_shares",
    "year": "2019Q4",
    "value": 87.877
  },
  {
    "name": "number_of_shares",
    "year": "2020Q1",
    "value": 87.877
  },
  {
    "name": "number_of_shares",
    "year": "2020Q2",
    "value": 87.877
  },
  {
    "name": "number_of_shares",
    "year": "2020Q3",
    "value": 87.877
  },
  {
    "name": "number_of_shares",
    "year": "2020Q4",
    "value": 87.877
  },
  {
    "name": "number_of_shares",
    "year": "2021Q1",
    "value": 87.877
  },
  {
    "name": "number_of_shares",
    "year": "2021Q2",
    "value": 87.877
  },
  {
    "name": "number_of_shares",
    "year": "2021Q3",
    "value": 87.877
  },
  {
    "name": "number_of_shares",
    "year": "2021Q4",
    "value": 87.877
  },
  {
    "name": "number_of_shares",
    "year": "2022Q2",
    "value": 87.877
  },
  {
    "name": "number_of_shares",
    "year": "2022Q3",
    "value": 87.877
  },
  {
    "name": "number_of_shares",
    "year": "2022Q4",
    "value": 87.877
  },
  {
    "name": "number_of_shares",
    "year": "2023Q1",
    "value": 87.877
  },
  {
    "name": "number_of_shares",
    "year": "2023Q2",
    "value": 87.877
  },
  {
    "name": "number_of_shares",
    "year": "2023Q3",
    "value": 87.877
  },
  {
    "name": "number_of_shares",
    "year": "2023Q4",
    "value": 87.877
  },
  {
    "name": "number_of_shares",
    "year": "2024Q1",
    "value": 87.877
  },
  {
    "name": "number_of_shares",
    "year": "2024Q2",
    "value": 87.877
  },
  {
    "name": "market_cap",
    "year": "2013Q4",
    "value": 0.0
  },
  {
    "name": "market_cap",
    "year": "2014Q4",
    "value": 0.0
  },
  {
    "name": "market_cap",
    "year": "2015Q4",
    "value": 0.0
  },
  {
    "name": "market_cap",
    "year": "2016Q4",
    "value": 7.1504662
  },
  {
    "name": "market_cap",
    "year": "2017Q4",
    "value": 12.487466
  },
  {
    "name": "market_cap",
    "year": "2018Q2",
    "value": 17.5754
  },
  {
    "name": "market_cap",
    "year": "2018Q4",
    "value": 12.214903
  },
  {
    "name": "market_cap",
    "year": "2019Q2",
    "value": 19.4647555
  },
  {
    "name": "market_cap",
    "year": "2019Q4",
    "value": 22.4525735
  },
  {
    "name": "market_cap",
    "year": "2020Q1",
    "value": 20.5192795
  },
  {
    "name": "market_cap",
    "year": "2020Q2",
    "value": 17.7072155
  },
  {
    "name": "market_cap",
    "year": "2020Q3",
    "value": 20.2556485
  },
  {
    "name": "market_cap",
    "year": "2020Q4",
    "value": 22.9798355
  },
  {
    "name": "market_cap",
    "year": "2021Q1",
    "value": 26.890362
  },
  {
    "name": "market_cap",
    "year": "2021Q2",
    "value": 31.5917815
  },
  {
    "name": "market_cap",
    "year": "2021Q3",
    "value": 43.3672995
  },
  {
    "name": "market_cap",
    "year": "2021Q4",
    "value": 52.7701385
  },
  {
    "name": "market_cap",
    "year": "2022Q2",
    "value": 43.9385
  },
  {
    "name": "market_cap",
    "year": "2022Q3",
    "value": 44.7733315
  },
  {
    "name": "market_cap",
    "year": "2022Q4",
    "value": 52.462569
  },
  {
    "name": "market_cap",
    "year": "2023Q1",
    "value": 53.5610315
  },
  {
    "name": "market_cap",
    "year": "2023Q2",
    "value": 55.7579565
  },
  {
    "name": "market_cap",
    "year": "2023Q3",
    "value": 83.3513345
  },
  {
    "name": "market_cap",
    "year": "2023Q4",
    "value": 74.871204
  },
  {
    "name": "market_cap",
    "year": "2024Q1",
    "value": 80.407455
  },
  {
    "name": "market_cap",
    "year": "2024Q2",
    "value": 73.992434
  },
  {
    "name": "ev",
    "year": "2013Q4",
    "value": 2.339
  },
  {
    "name": "ev",
    "year": "2014Q4",
    "value": 4.227
  },
  {
    "name": "ev",
    "year": "2015Q4",
    "value": 4.342
  },
  {
    "name": "ev",
    "year": "2016Q4",
    "value": 10.3164662
  },
  {
    "name": "ev",
    "year": "2017Q4",
    "value": 13.230466
  },
  {
    "name": "ev",
    "year": "2018Q2",
    "value": 20.6354
  },
  {
    "name": "ev",
    "year": "2018Q4",
    "value": 16.413903
  },
  {
    "name": "ev",
    "year": "2019Q2",
    "value": 22.6107555
  },
  {
    "name": "ev",
    "year": "2019Q4",
    "value": 26.4915735
  },
  {
    "name": "ev",
    "year": "2020Q1",
    "value": 20.5192795
  },
  {
    "name": "ev",
    "year": "2020Q2",
    "value": 20.7972155
  },
  {
    "name": "ev",
    "year": "2020Q3",
    "value": 20.2556485
  },
  {
    "name": "ev",
    "year": "2020Q4",
    "value": 29.0728355
  },
  {
    "name": "ev",
    "year": "2021Q1",
    "value": 32.180362
  },
  {
    "name": "ev",
    "year": "2021Q2",
    "value": 38.2017815
  },
  {
    "name": "ev",
    "year": "2021Q3",
    "value": 51.4472995
  },
  {
    "name": "ev",
    "year": "2021Q4",
    "value": 60.7811385
  },
  {
    "name": "ev",
    "year": "2022Q2",
    "value": 43.9385
  },
  {
    "name": "ev",
    "year": "2022Q3",
    "value": 44.7733315
  },
  {
    "name": "ev",
    "year": "2022Q4",
    "value": 65.852569
  },
  {
    "name": "ev",
    "year": "2023Q1",
    "value": 53.5610315
  },
  {
    "name": "ev",
    "year": "2023Q2",
    "value": 67.2479565
  },
  {
    "name": "ev",
    "year": "2023Q3",
    "value": 83.3513345
  },
  {
    "name": "ev",
    "year": "2023Q4",
    "value": 88.461204
  },
  {
    "name": "ev",
    "year": "2024Q1",
    "value": 80.407455
  },
  {
    "name": "ev",
    "year": "2024Q2",
    "value": 80.062434
  },
  {
    "name": "book_value",
    "year": "2013Q4",
    "value": 0.224
  },
  {
    "name": "book_value",
    "year": "2014Q4",
    "value": -0.18
  },
  {
    "name": "book_value",
    "year": "2015Q4",
    "value": -1.519
  },
  {
    "name": "book_value",
    "year": "2016Q4",
    "value": 2.367
  },
  {
    "name": "book_value",
    "year": "2017Q4",
    "value": 3.514
  },
  {
    "name": "book_value",
    "year": "2018Q2",
    "value": 3.69
  },
  {
    "name": "book_value",
    "year": "2018Q4",
    "value": 6.003
  },
  {
    "name": "book_value",
    "year": "2019Q2",
    "value": 6.919
  },
  {
    "name": "book_value",
    "year": "2019Q4",
    "value": 9.016
  },
  {
    "name": "book_value",
    "year": "2020Q1",
    "value": 0.0
  },
  {
    "name": "book_value",
    "year": "2020Q2",
    "value": 8.57
  },
  {
    "name": "book_value",
    "year": "2020Q3",
    "value": 0.0
  },
  {
    "name": "book_value",
    "year": "2020Q4",
    "value": 11.289
  },
  {
    "name": "book_value",
    "year": "2021Q1",
    "value": 11.16
  },
  {
    "name": "book_value",
    "year": "2021Q2",
    "value": 12.512
  },
  {
    "name": "book_value",
    "year": "2021Q3",
    "value": 15.005
  },
  {
    "name": "book_value",
    "year": "2021Q4",
    "value": 18.16
  },
  {
    "name": "book_value",
    "year": "2022Q2",
    "value": 0.0
  },
  {
    "name": "book_value",
    "year": "2022Q3",
    "value": 0.0
  },
  {
    "name": "book_value",
    "year": "2022Q4",
    "value": 26.57
  },
  {
    "name": "book_value",
    "year": "2023Q1",
    "value": 0.0
  },
  {
    "name": "book_value",
    "year": "2023Q2",
    "value": 34.39
  },
  {
    "name": "book_value",
    "year": "2023Q3",
    "value": 0.0
  },
  {
    "name": "book_value",
    "year": "2023Q4",
    "value": 38.915
  },
  {
    "name": "book_value",
    "year": "2024Q1",
    "value": 0.0
  },
  {
    "name": "book_value",
    "year": "2024Q2",
    "value": 35.72
  },
  {
    "name": "eps",
    "year": "2013Q4",
    "value": 0.0
  },
  {
    "name": "eps",
    "year": "2014Q4",
    "value": 0.0
  },
  {
    "name": "eps",
    "year": "2015Q4",
    "value": 0.0
  },
  {
    "name": "eps",
    "year": "2016Q4",
    "value": 0.0
  },
  {
    "name": "eps",
    "year": "2017Q4",
    "value": 0.0
  },
  {
    "name": "eps",
    "year": "2018Q2",
    "value": 1.75244944639
  },
  {
    "name": "eps",
    "year": "2018Q4",
    "value": 24.7732626284
  },
  {
    "name": "eps",
    "year": "2019Q2",
    "value": 11.4705781945
  },
  {
    "name": "eps",
    "year": "2019Q4",
    "value": 25.6039691842
  },
  {
    "name": "eps",
    "year": "2020Q1",
    "value": -3.81214652298
  },
  {
    "name": "eps",
    "year": "2020Q2",
    "value": -4.55181674386
  },
  {
    "name": "eps",
    "year": "2020Q3",
    "value": 29.7347428793
  },
  {
    "name": "eps",
    "year": "2020Q4",
    "value": 40.0559873459
  },
  {
    "name": "eps",
    "year": "2021Q1",
    "value": -0.933122432491
  },
  {
    "name": "eps",
    "year": "2021Q2",
    "value": 23.2142653937
  },
  {
    "name": "eps",
    "year": "2021Q3",
    "value": 32.4089352163
  },
  {
    "name": "eps",
    "year": "2021Q4",
    "value": 43.1284636481
  },
  {
    "name": "eps",
    "year": "2022Q2",
    "value": 77.7222709014
  },
  {
    "name": "eps",
    "year": "2022Q3",
    "value": 0.0
  },
  {
    "name": "eps",
    "year": "2022Q4",
    "value": 39.8283965088
  },
  {
    "name": "eps",
    "year": "2023Q1",
    "value": 0.0
  },
  {
    "name": "eps",
    "year": "2023Q2",
    "value": 62.8150710652
  },
  {
    "name": "eps",
    "year": "2023Q3",
    "value": 0.0
  },
  {
    "name": "eps",
    "year": "2023Q4",
    "value": 42.2181002993
  },
  {
    "name": "eps",
    "year": "2024Q1",
    "value": 0.0
  },
  {
    "name": "eps",
    "year": "2024Q2",
    "value": -16.1589494407
  },
  {
    "name": "fcf_share",
    "year": "2013Q4",
    "value": 0.0
  },
  {
    "name": "fcf_share",
    "year": "2014Q4",
    "value": 0.0
  },
  {
    "name": "fcf_share",
    "year": "2015Q4",
    "value": 0.0
  },
  {
    "name": "fcf_share",
    "year": "2016Q4",
    "value": 0.0
  },
  {
    "name": "fcf_share",
    "year": "2017Q4",
    "value": 0.0
  },
  {
    "name": "fcf_share",
    "year": "2018Q2",
    "value": 0.0
  },
  {
    "name": "fcf_share",
    "year": "2018Q4",
    "value": 0.0
  },
  {
    "name": "fcf_share",
    "year": "2019Q2",
    "value": 0.0
  },
  {
    "name": "fcf_share",
    "year": "2019Q4",
    "value": 0.0
  },
  {
    "name": "fcf_share",
    "year": "2020Q1",
    "value": 9.90020141789
  },
  {
    "name": "fcf_share",
    "year": "2020Q2",
    "value": 3.16351263698
  },
  {
    "name": "fcf_share",
    "year": "2020Q3",
    "value": -19.9141982544
  },
  {
    "name": "fcf_share",
    "year": "2020Q4",
    "value": -8.76224723193
  },
  {
    "name": "fcf_share",
    "year": "2021Q1",
    "value": 9.59295378768
  },
  {
    "name": "fcf_share",
    "year": "2021Q2",
    "value": -11.6412713224
  },
  {
    "name": "fcf_share",
    "year": "2021Q3",
    "value": -4.64285307874
  },
  {
    "name": "fcf_share",
    "year": "2021Q4",
    "value": 0.0
  },
  {
    "name": "fcf_share",
    "year": "2022Q2",
    "value": 37.8938743926
  },
  {
    "name": "fcf_share",
    "year": "2022Q3",
    "value": 0.0
  },
  {
    "name": "fcf_share",
    "year": "2022Q4",
    "value": -50.4113704382
  },
  {
    "name": "fcf_share",
    "year": "2023Q1",
    "value": 0.0
  },
  {
    "name": "fcf_share",
    "year": "2023Q2",
    "value": 21.7349249519
  },
  {
    "name": "fcf_share",
    "year": "2023Q3",
    "value": 0.0
  },
  {
    "name": "fcf_share",
    "year": "2023Q4",
    "value": 23.7832424867
  },
  {
    "name": "fcf_share",
    "year": "2024Q1",
    "value": 0.0
  },
  {
    "name": "fcf_share",
    "year": "2024Q2",
    "value": 84.5499960172
  },
  {
    "name": "bv_share",
    "year": "2013Q4",
    "value": 2.81626392416
  },
  {
    "name": "bv_share",
    "year": "2014Q4",
    "value": -2.26306922477
  },
  {
    "name": "bv_share",
    "year": "2015Q4",
    "value": -19.0977897357
  },
  {
    "name": "bv_share",
    "year": "2016Q4",
    "value": 29.7593603058
  },
  {
    "name": "bv_share",
    "year": "2017Q4",
    "value": 44.1801403103
  },
  {
    "name": "bv_share",
    "year": "2018Q2",
    "value": 41.9905094621
  },
  {
    "name": "bv_share",
    "year": "2018Q4",
    "value": 68.3113897834
  },
  {
    "name": "bv_share",
    "year": "2019Q2",
    "value": 78.7350501269
  },
  {
    "name": "bv_share",
    "year": "2019Q4",
    "value": 102.597949407
  },
  {
    "name": "bv_share",
    "year": "2020Q1",
    "value": 0.0
  },
  {
    "name": "bv_share",
    "year": "2020Q2",
    "value": 97.5226737372
  },
  {
    "name": "bv_share",
    "year": "2020Q3",
    "value": 0.0
  },
  {
    "name": "bv_share",
    "year": "2020Q4",
    "value": 128.463648054
  },
  {
    "name": "bv_share",
    "year": "2021Q1",
    "value": 126.995687154
  },
  {
    "name": "bv_share",
    "year": "2021Q2",
    "value": 142.380827748
  },
  {
    "name": "bv_share",
    "year": "2021Q3",
    "value": 170.750025604
  },
  {
    "name": "bv_share",
    "year": "2021Q4",
    "value": 206.652480171
  },
  {
    "name": "bv_share",
    "year": "2022Q2",
    "value": 0.0
  },
  {
    "name": "bv_share",
    "year": "2022Q3",
    "value": 0.0
  },
  {
    "name": "bv_share",
    "year": "2022Q4",
    "value": 302.354427211
  },
  {
    "name": "bv_share",
    "year": "2023Q1",
    "value": 0.0
  },
  {
    "name": "bv_share",
    "year": "2023Q2",
    "value": 391.342444553
  },
  {
    "name": "bv_share",
    "year": "2023Q3",
    "value": 0.0
  },
  {
    "name": "bv_share",
    "year": "2023Q4",
    "value": 442.834871468
  },
  {
    "name": "bv_share",
    "year": "2024Q1",
    "value": 0.0
  },
  {
    "name": "bv_share",
    "year": "2024Q2",
    "value": 406.477235227
  },
  {
    "name": "ebitda_margin",
    "year": "2018Q2",
    "value": -13.7704918033
  },
  {
    "name": "ebitda_margin",
    "year": "2018Q4",
    "value": 34.950120399
  },
  {
    "name": "ebitda_margin",
    "year": "2019Q2",
    "value": 43.695920890000004
  },
  {
    "name": "ebitda_margin",
    "year": "2019Q4",
    "value": 33.2403651116
  },
  {
    "name": "ebitda_margin",
    "year": "2020Q1",
    "value": 47.0588235294
  },
  {
    "name": "ebitda_margin",
    "year": "2020Q2",
    "value": 43.7262357414
  },
  {
    "name": "ebitda_margin",
    "year": "2020Q3",
    "value": 71.1428571429
  },
  {
    "name": "ebitda_margin",
    "year": "2020Q4",
    "value": 35.0649350649
  },
  {
    "name": "ebitda_margin",
    "year": "2021Q1",
    "value": 38.4615384615
  },
  {
    "name": "ebitda_margin",
    "year": "2021Q2",
    "value": 32.1428571429
  },
  {
    "name": "ebitda_margin",
    "year": "2021Q3",
    "value": 48.484848484800004
  },
  {
    "name": "ebitda_margin",
    "year": "2021Q4",
    "value": 46.709470305
  },
  {
    "name": "ebitda_margin",
    "year": "2022Q2",
    "value": 57.6223776224
  },
  {
    "name": "ebitda_margin",
    "year": "2022Q3",
    "value": null
  },
  {
    "name": "ebitda_margin",
    "year": "2022Q4",
    "value": 50.9782608696
  },
  {
    "name": "ebitda_margin",
    "year": "2023Q1",
    "value": null
  },
  {
    "name": "ebitda_margin",
    "year": "2023Q2",
    "value": 48.6821705426
  },
  {
    "name": "ebitda_margin",
    "year": "2023Q3",
    "value": null
  },
  {
    "name": "ebitda_margin",
    "year": "2023Q4",
    "value": 42.490372272100004
  },
  {
    "name": "ebitda_margin",
    "year": "2024Q1",
    "value": null
  },
  {
    "name": "ebitda_margin",
    "year": "2024Q2",
    "value": 40.39408867
  },
  {
    "name": "net_margin",
    "year": "2018Q2",
    "value": 50.4918032787
  },
  {
    "name": "net_margin",
    "year": "2018Q4",
    "value": 74.8882008944
  },
  {
    "name": "net_margin",
    "year": "2019Q2",
    "value": 20.7663782447
  },
  {
    "name": "net_margin",
    "year": "2019Q4",
    "value": 57.0486815416
  },
  {
    "name": "net_margin",
    "year": "2020Q1",
    "value": -9.852941176469999
  },
  {
    "name": "net_margin",
    "year": "2020Q2",
    "value": -7.60456273764
  },
  {
    "name": "net_margin",
    "year": "2020Q3",
    "value": 746.571428571
  },
  {
    "name": "net_margin",
    "year": "2020Q4",
    "value": 114.285714286
  },
  {
    "name": "net_margin",
    "year": "2021Q1",
    "value": -2.1025641025599997
  },
  {
    "name": "net_margin",
    "year": "2021Q2",
    "value": 72.8571428571
  },
  {
    "name": "net_margin",
    "year": "2021Q3",
    "value": 95.8922558923
  },
  {
    "name": "net_margin",
    "year": "2021Q4",
    "value": 60.834670947
  },
  {
    "name": "net_margin",
    "year": "2022Q2",
    "value": 47.7622377622
  },
  {
    "name": "net_margin",
    "year": "2022Q3",
    "value": null
  },
  {
    "name": "net_margin",
    "year": "2022Q4",
    "value": 38.0434782609
  },
  {
    "name": "net_margin",
    "year": "2023Q1",
    "value": null
  },
  {
    "name": "net_margin",
    "year": "2023Q2",
    "value": 42.7906976744
  },
  {
    "name": "net_margin",
    "year": "2023Q3",
    "value": null
  },
  {
    "name": "net_margin",
    "year": "2023Q4",
    "value": 23.8125802311
  },
  {
    "name": "net_margin",
    "year": "2024Q1",
    "value": null
  },
  {
    "name": "net_margin",
    "year": "2024Q2",
    "value": -7.772304324029999
  },
  {
    "name": "fcf_yield",
    "year": "2016Q4",
    "value": 0.0
  },
  {
    "name": "fcf_yield",
    "year": "2017Q4",
    "value": 0.0
  },
  {
    "name": "fcf_yield",
    "year": "2018Q2",
    "value": 0.0
  },
  {
    "name": "fcf_yield",
    "year": "2018Q4",
    "value": 0.0
  },
  {
    "name": "fcf_yield",
    "year": "2019Q2",
    "value": 0.0
  },
  {
    "name": "fcf_yield",
    "year": "2019Q4",
    "value": 0.0
  },
  {
    "name": "fcf_yield",
    "year": "2020Q1",
    "value": 4.2399149541300005
  },
  {
    "name": "fcf_yield",
    "year": "2020Q2",
    "value": 6.48323278157
  },
  {
    "name": "fcf_yield",
    "year": "2020Q3",
    "value": -2.9720104987
  },
  {
    "name": "fcf_yield",
    "year": "2020Q4",
    "value": -5.97045179022
  },
  {
    "name": "fcf_yield",
    "year": "2021Q1",
    "value": -5.20260753648
  },
  {
    "name": "fcf_yield",
    "year": "2021Q2",
    "value": -8.54652657053
  },
  {
    "name": "fcf_yield",
    "year": "2021Q3",
    "value": -3.13139166067
  },
  {
    "name": "fcf_yield",
    "year": "2021Q4",
    "value": -1.11426654679
  },
  {
    "name": "fcf_yield",
    "year": "2022Q2",
    "value": 6.65020426278
  },
  {
    "name": "fcf_yield",
    "year": "2022Q3",
    "value": 0.0
  },
  {
    "name": "fcf_yield",
    "year": "2022Q4",
    "value": -2.09673300596
  },
  {
    "name": "fcf_yield",
    "year": "2023Q1",
    "value": -2.05373191889
  },
  {
    "name": "fcf_yield",
    "year": "2023Q2",
    "value": -4.5195343556
  },
  {
    "name": "fcf_yield",
    "year": "2023Q3",
    "value": -3.0233469147400003
  },
  {
    "name": "fcf_yield",
    "year": "2023Q4",
    "value": 5.34250791533
  },
  {
    "name": "fcf_yield",
    "year": "2024Q1",
    "value": 4.97466310804
  },
  {
    "name": "fcf_yield",
    "year": "2024Q2",
    "value": 12.8661803449
  },
  {
    "name": "roe",
    "year": "2013Q4",
    "value": 0.0
  },
  {
    "name": "roe",
    "year": "2014Q4",
    "value": 0.0
  },
  {
    "name": "roe",
    "year": "2015Q4",
    "value": 0.0
  },
  {
    "name": "roe",
    "year": "2016Q4",
    "value": 0.0
  },
  {
    "name": "roe",
    "year": "2017Q4",
    "value": 0.0
  },
  {
    "name": "roe",
    "year": "2018Q2",
    "value": 4.17344173442
  },
  {
    "name": "roe",
    "year": "2018Q4",
    "value": 38.8305847076
  },
  {
    "name": "roe",
    "year": "2019Q2",
    "value": 46.0326636797
  },
  {
    "name": "roe",
    "year": "2019Q4",
    "value": 35.9404302261
  },
  {
    "name": "roe",
    "year": "2020Q1",
    "value": null
  },
  {
    "name": "roe",
    "year": "2020Q2",
    "value": 17.6779463244
  },
  {
    "name": "roe",
    "year": "2020Q3",
    "value": null
  },
  {
    "name": "roe",
    "year": "2020Q4",
    "value": 46.0187553282
  },
  {
    "name": "roe",
    "year": "2021Q1",
    "value": 48.7155172414
  },
  {
    "name": "roe",
    "year": "2021Q2",
    "value": 62.2384615385
  },
  {
    "name": "roe",
    "year": "2021Q3",
    "value": 53.716129032299996
  },
  {
    "name": "roe",
    "year": "2021Q4",
    "value": 45.9679144385
  },
  {
    "name": "roe",
    "year": "2022Q2",
    "value": null
  },
  {
    "name": "roe",
    "year": "2022Q3",
    "value": null
  },
  {
    "name": "roe",
    "year": "2022Q4",
    "value": 37.8804547121
  },
  {
    "name": "roe",
    "year": "2023Q1",
    "value": null
  },
  {
    "name": "roe",
    "year": "2023Q2",
    "value": 25.7420091324
  },
  {
    "name": "roe",
    "year": "2023Q3",
    "value": null
  },
  {
    "name": "roe",
    "year": "2023Q4",
    "value": 23.249370277100002
  },
  {
    "name": "roe",
    "year": "2024Q1",
    "value": null
  },
  {
    "name": "roe",
    "year": "2024Q2",
    "value": 6.27397260274
  },
  {
    "name": "roa",
    "year": "2015Q4",
    "value": 0.0
  },
  {
    "name": "roa",
    "year": "2016Q4",
    "value": 0.0
  },
  {
    "name": "roa",
    "year": "2017Q4",
    "value": 0.0
  },
  {
    "name": "roa",
    "year": "2018Q2",
    "value": 2.12531051615
  },
  {
    "name": "roa",
    "year": "2018Q4",
    "value": 21.2876712329
  },
  {
    "name": "roa",
    "year": "2019Q2",
    "value": 68.2012847966
  },
  {
    "name": "roa",
    "year": "2019Q4",
    "value": 23.2051282051
  },
  {
    "name": "roa",
    "year": "2020Q1",
    "value": null
  },
  {
    "name": "roa",
    "year": "2020Q2",
    "value": 11.2388724036
  },
  {
    "name": "roa",
    "year": "2020Q3",
    "value": null
  },
  {
    "name": "roa",
    "year": "2020Q4",
    "value": 27.262626262599998
  },
  {
    "name": "roa",
    "year": "2021Q1",
    "value": 27.2995169082
  },
  {
    "name": "roa",
    "year": "2021Q2",
    "value": 33.6424116424
  },
  {
    "name": "roa",
    "year": "2021Q3",
    "value": 32.80535855
  },
  {
    "name": "roa",
    "year": "2021Q4",
    "value": 29.7542402215
  },
  {
    "name": "roa",
    "year": "2022Q2",
    "value": null
  },
  {
    "name": "roa",
    "year": "2022Q3",
    "value": null
  },
  {
    "name": "roa",
    "year": "2022Q4",
    "value": 24.3574628625
  },
  {
    "name": "roa",
    "year": "2023Q1",
    "value": null
  },
  {
    "name": "roa",
    "year": "2023Q2",
    "value": 17.6378568635
  },
  {
    "name": "roa",
    "year": "2023Q3",
    "value": null
  },
  {
    "name": "roa",
    "year": "2023Q4",
    "value": 16.2528614193
  },
  {
    "name": "roa",
    "year": "2024Q1",
    "value": null
  },
  {
    "name": "roa",
    "year": "2024Q2",
    "value": 4.60579243765
  },
  {
    "name": "p_e",
    "year": "2018Q2",
    "value": 114.125974026
  },
  {
    "name": "p_e",
    "year": "2018Q4",
    "value": 5.2401986272
  },
  {
    "name": "p_e",
    "year": "2019Q2",
    "value": 6.11138320251
  },
  {
    "name": "p_e",
    "year": "2019Q4",
    "value": 6.8915204113
  },
  {
    "name": "p_e",
    "year": "2020Q1",
    "value": 7.01993824837
  },
  {
    "name": "p_e",
    "year": "2020Q2",
    "value": 11.6879310231
  },
  {
    "name": "p_e",
    "year": "2020Q3",
    "value": 4.90689159399
  },
  {
    "name": "p_e",
    "year": "2020Q4",
    "value": 4.25710179696
  },
  {
    "name": "p_e",
    "year": "2021Q1",
    "value": 4.75851389135
  },
  {
    "name": "p_e",
    "year": "2021Q2",
    "value": 3.90455833642
  },
  {
    "name": "p_e",
    "year": "2021Q3",
    "value": 5.20865956041
  },
  {
    "name": "p_e",
    "year": "2021Q4",
    "value": 6.13891792694
  },
  {
    "name": "p_e",
    "year": "2022Q2",
    "value": 3.26243688744
  },
  {
    "name": "p_e",
    "year": "2022Q3",
    "value": null
  },
  {
    "name": "p_e",
    "year": "2022Q4",
    "value": 5.07866108422
  },
  {
    "name": "p_e",
    "year": "2023Q1",
    "value": 5.1849982091
  },
  {
    "name": "p_e",
    "year": "2023Q2",
    "value": 6.18159162971
  },
  {
    "name": "p_e",
    "year": "2023Q3",
    "value": 9.24072444568
  },
  {
    "name": "p_e",
    "year": "2023Q4",
    "value": 8.11172307692
  },
  {
    "name": "p_e",
    "year": "2024Q1",
    "value": 8.71153358613
  },
  {
    "name": "p_e",
    "year": "2024Q2",
    "value": 32.3111065502
  },
  {
    "name": "p_fcf",
    "year": "2020Q1",
    "value": 23.585378735632183
  },
  {
    "name": "p_fcf",
    "year": "2020Q2",
    "value": 63.695019784172665
  },
  {
    "name": "p_fcf",
    "year": "2020Q3",
    "value": -11.574656285714285
  },
  {
    "name": "p_fcf",
    "year": "2020Q4",
    "value": -29.843942207792207
  },
  {
    "name": "p_fcf",
    "year": "2021Q1",
    "value": 31.8984128113879
  },
  {
    "name": "p_fcf",
    "year": "2021Q2",
    "value": -30.881506842619746
  },
  {
    "name": "p_fcf",
    "year": "2021Q3",
    "value": -106.29240073529412
  },
  {
    "name": "p_fcf",
    "year": "2021Q4",
    "value": null
  },
  {
    "name": "p_fcf",
    "year": "2022Q2",
    "value": 13.194744744744744
  },
  {
    "name": "p_fcf",
    "year": "2022Q3",
    "value": null
  },
  {
    "name": "p_fcf",
    "year": "2022Q4",
    "value": -47.6932445455
  },
  {
    "name": "p_fcf",
    "year": "2023Q1",
    "value": -48.6918468182
  },
  {
    "name": "p_fcf",
    "year": "2023Q2",
    "value": -22.1261732143
  },
  {
    "name": "p_fcf",
    "year": "2023Q3",
    "value": null
  },
  {
    "name": "p_fcf",
    "year": "2023Q4",
    "value": 18.717801
  },
  {
    "name": "p_fcf",
    "year": "2024Q1",
    "value": 20.10186375
  },
  {
    "name": "p_fcf",
    "year": "2024Q2",
    "value": 7.7723144958
  },
  {
    "name": "p_s",
    "year": "2018Q2",
    "value": 57.6242622951
  },
  {
    "name": "p_s",
    "year": "2018Q4",
    "value": 3.80289632628
  },
  {
    "name": "p_s",
    "year": "2019Q2",
    "value": 2.50802158227
  },
  {
    "name": "p_s",
    "year": "2019Q4",
    "value": 2.55200880882
  },
  {
    "name": "p_s",
    "year": "2020Q1",
    "value": 1.68218392359
  },
  {
    "name": "p_s",
    "year": "2020Q2",
    "value": 1.40488856712
  },
  {
    "name": "p_s",
    "year": "2020Q3",
    "value": 1.5636597576
  },
  {
    "name": "p_s",
    "year": "2020Q4",
    "value": 1.90073081059
  },
  {
    "name": "p_s",
    "year": "2021Q1",
    "value": 2.135850834
  },
  {
    "name": "p_s",
    "year": "2021Q2",
    "value": 3.11863588351
  },
  {
    "name": "p_s",
    "year": "2021Q3",
    "value": 3.40135682353
  },
  {
    "name": "p_s",
    "year": "2021Q4",
    "value": 3.31887663522
  },
  {
    "name": "p_s",
    "year": "2022Q2",
    "value": 1.86972340426
  },
  {
    "name": "p_s",
    "year": "2022Q3",
    "value": null
  },
  {
    "name": "p_s",
    "year": "2022Q4",
    "value": 2.23244974468
  },
  {
    "name": "p_s",
    "year": "2023Q1",
    "value": 2.27919282979
  },
  {
    "name": "p_s",
    "year": "2023Q2",
    "value": 2.52298445701
  },
  {
    "name": "p_s",
    "year": "2023Q3",
    "value": 3.77155359729
  },
  {
    "name": "p_s",
    "year": "2023Q4",
    "value": 2.62890463483
  },
  {
    "name": "p_s",
    "year": "2024Q1",
    "value": 2.82329547051
  },
  {
    "name": "p_s",
    "year": "2024Q2",
    "value": 2.18589169867
  },
  {
    "name": "p_bv",
    "year": "2013Q4",
    "value": 0.0
  },
  {
    "name": "p_bv",
    "year": "2014Q4",
    "value": 0.0
  },
  {
    "name": "p_bv",
    "year": "2015Q4",
    "value": 0.0
  },
  {
    "name": "p_bv",
    "year": "2016Q4",
    "value": 3.02089826785
  },
  {
    "name": "p_bv",
    "year": "2017Q4",
    "value": 3.55363289698
  },
  {
    "name": "p_bv",
    "year": "2018Q2",
    "value": 4.76298102981
  },
  {
    "name": "p_bv",
    "year": "2018Q4",
    "value": 2.03479976678
  },
  {
    "name": "p_bv",
    "year": "2019Q2",
    "value": 2.81323247579
  },
  {
    "name": "p_bv",
    "year": "2019Q4",
    "value": 2.49030318323
  },
  {
    "name": "p_bv",
    "year": "2020Q1",
    "value": null
  },
  {
    "name": "p_bv",
    "year": "2020Q2",
    "value": 2.0661861727
  },
  {
    "name": "p_bv",
    "year": "2020Q3",
    "value": null
  },
  {
    "name": "p_bv",
    "year": "2020Q4",
    "value": 2.03559531402
  },
  {
    "name": "p_bv",
    "year": "2021Q1",
    "value": 2.40953064516
  },
  {
    "name": "p_bv",
    "year": "2021Q2",
    "value": 2.52491859815
  },
  {
    "name": "p_bv",
    "year": "2021Q3",
    "value": 2.89018990337
  },
  {
    "name": "p_bv",
    "year": "2021Q4",
    "value": 2.90584463106
  },
  {
    "name": "p_bv",
    "year": "2022Q2",
    "value": null
  },
  {
    "name": "p_bv",
    "year": "2022Q3",
    "value": null
  },
  {
    "name": "p_bv",
    "year": "2022Q4",
    "value": 1.97450391419
  },
  {
    "name": "p_bv",
    "year": "2023Q1",
    "value": null
  },
  {
    "name": "p_bv",
    "year": "2023Q2",
    "value": 1.62134214888
  },
  {
    "name": "p_bv",
    "year": "2023Q3",
    "value": null
  },
  {
    "name": "p_bv",
    "year": "2023Q4",
    "value": 1.92396772453
  },
  {
    "name": "p_bv",
    "year": "2024Q1",
    "value": null
  },
  {
    "name": "p_bv",
    "year": "2024Q2",
    "value": 2.07145671892
  },
  {
    "name": "ev_ebitda",
    "year": "2018Q2",
    "value": -491.319047619
  },
  {
    "name": "ev_ebitda",
    "year": "2018Q4",
    "value": 16.8520564682
  },
  {
    "name": "ev_ebitda",
    "year": "2019Q2",
    "value": 7.20776394645
  },
  {
    "name": "ev_ebitda",
    "year": "2019Q4",
    "value": 7.71898994755
  },
  {
    "name": "ev_ebitda",
    "year": "2020Q1",
    "value": 4.07775824722
  },
  {
    "name": "ev_ebitda",
    "year": "2020Q2",
    "value": 3.99102197275
  },
  {
    "name": "ev_ebitda",
    "year": "2020Q3",
    "value": 3.7098257326
  },
  {
    "name": "ev_ebitda",
    "year": "2020Q4",
    "value": 5.55992264295
  },
  {
    "name": "ev_ebitda",
    "year": "2021Q1",
    "value": 6.2741980893
  },
  {
    "name": "ev_ebitda",
    "year": "2021Q2",
    "value": 10.2445109949
  },
  {
    "name": "ev_ebitda",
    "year": "2021Q3",
    "value": 10.4567681911
  },
  {
    "name": "ev_ebitda",
    "year": "2021Q4",
    "value": 9.00461311111
  },
  {
    "name": "ev_ebitda",
    "year": "2022Q2",
    "value": 3.48995234313
  },
  {
    "name": "ev_ebitda",
    "year": "2022Q3",
    "value": null
  },
  {
    "name": "ev_ebitda",
    "year": "2022Q4",
    "value": 5.09300610982
  },
  {
    "name": "ev_ebitda",
    "year": "2023Q1",
    "value": 4.14238449343
  },
  {
    "name": "ev_ebitda",
    "year": "2023Q2",
    "value": 6.13016923428
  },
  {
    "name": "ev_ebitda",
    "year": "2023Q3",
    "value": 7.59811618049
  },
  {
    "name": "ev_ebitda",
    "year": "2023Q4",
    "value": 6.85745767442
  },
  {
    "name": "ev_ebitda",
    "year": "2024Q1",
    "value": 6.23313604651
  },
  {
    "name": "ev_ebitda",
    "year": "2024Q2",
    "value": 5.71874528571
  },
  {
    "name": "debt_ebitda",
    "year": "2018Q2",
    "value": -72.8571428571
  },
  {
    "name": "debt_ebitda",
    "year": "2018Q4",
    "value": 4.31108829569
  },
  {
    "name": "debt_ebitda",
    "year": "2019Q2",
    "value": 1.0028689831
  },
  {
    "name": "debt_ebitda",
    "year": "2019Q4",
    "value": 1.17686480186
  },
  {
    "name": "debt_ebitda",
    "year": "2020Q1",
    "value": 0.0
  },
  {
    "name": "debt_ebitda",
    "year": "2020Q2",
    "value": 0.592976396085
  },
  {
    "name": "debt_ebitda",
    "year": "2020Q3",
    "value": 0.0
  },
  {
    "name": "debt_ebitda",
    "year": "2020Q4",
    "value": 1.165232358
  },
  {
    "name": "debt_ebitda",
    "year": "2021Q1",
    "value": 1.03139013453
  },
  {
    "name": "debt_ebitda",
    "year": "2021Q2",
    "value": 1.77259318852
  },
  {
    "name": "debt_ebitda",
    "year": "2021Q3",
    "value": 1.64227642276
  },
  {
    "name": "debt_ebitda",
    "year": "2021Q4",
    "value": 1.18681481481
  },
  {
    "name": "debt_ebitda",
    "year": "2022Q2",
    "value": 0.0
  },
  {
    "name": "debt_ebitda",
    "year": "2022Q3",
    "value": null
  },
  {
    "name": "debt_ebitda",
    "year": "2022Q4",
    "value": 1.03557617943
  },
  {
    "name": "debt_ebitda",
    "year": "2023Q1",
    "value": 0.0
  },
  {
    "name": "debt_ebitda",
    "year": "2023Q2",
    "value": 1.04740200547
  },
  {
    "name": "debt_ebitda",
    "year": "2023Q3",
    "value": 0.0
  },
  {
    "name": "debt_ebitda",
    "year": "2023Q4",
    "value": 1.05348837209
  },
  {
    "name": "debt_ebitda",
    "year": "2024Q1",
    "value": 0.0
  },
  {
    "name": "debt_ebitda",
    "year": "2024Q2",
    "value": 0.433571428571
  },
  {
    "name": "employees",
    "year": "2019Q4",
    "value": 387.0
  },
  {
    "name": "employees",
    "year": "2020Q1",
    "value": null
  },
  {
    "name": "employees",
    "year": "2020Q2",
    "value": null
  },
  {
    "name": "employees",
    "year": "2020Q3",
    "value": null
  },
  {
    "name": "employees",
    "year": "2020Q4",
    "value": 455.0
  },
  {
    "name": "employees",
    "year": "2021Q1",
    "value": null
  },
  {
    "name": "employees",
    "year": "2021Q2",
    "value": null
  },
  {
    "name": "employees",
    "year": "2021Q3",
    "value": null
  },
  {
    "name": "employees",
    "year": "2021Q4",
    "value": 656.0
  },
  {
    "name": "employees",
    "year": "2022Q2",
    "value": null
  },
  {
    "name": "employees",
    "year": "2022Q3",
    "value": null
  },
  {
    "name": "employees",
    "year": "2022Q4",
    "value": 676.0
  },
  {
    "name": "labour_productivity",
    "year": "2019Q4",
    "value": 10.1912144703
  },
  {
    "name": "labour_productivity",
    "year": "2020Q1",
    "value": null
  },
  {
    "name": "labour_productivity",
    "year": "2020Q2",
    "value": null
  },
  {
    "name": "labour_productivity",
    "year": "2020Q3",
    "value": null
  },
  {
    "name": "labour_productivity",
    "year": "2020Q4",
    "value": 6.76923076923
  },
  {
    "name": "labour_productivity",
    "year": "2021Q1",
    "value": null
  },
  {
    "name": "labour_productivity",
    "year": "2021Q2",
    "value": null
  },
  {
    "name": "labour_productivity",
    "year": "2021Q3",
    "value": null
  },
  {
    "name": "labour_productivity",
    "year": "2021Q4",
    "value": 9.49695121951
  },
  {
    "name": "labour_productivity",
    "year": "2022Q2",
    "value": null
  },
  {
    "name": "labour_productivity",
    "year": "2022Q3",
    "value": null
  },
  {
    "name": "labour_productivity",
    "year": "2022Q4",
    "value": 13.6094674556
  },
  {
    "name": "expenses_per_employee",
    "year": "2019Q4",
    "value": 0.0
  },
  {
    "name": "expenses_per_employee",
    "year": "2020Q1",
    "value": null
  },
  {
    "name": "expenses_per_employee",
    "year": "2020Q2",
    "value": null
  },
  {
    "name": "expenses_per_employee",
    "year": "2020Q3",
    "value": null
  },
  {
    "name": "expenses_per_employee",
    "year": "2020Q4",
    "value": 0.0
  },
  {
    "name": "expenses_per_employee",
    "year": "2021Q1",
    "value": null
  },
  {
    "name": "expenses_per_employee",
    "year": "2021Q2",
    "value": null
  },
  {
    "name": "expenses_per_employee",
    "year": "2021Q3",
    "value": null
  },
  {
    "name": "expenses_per_employee",
    "year": "2021Q4",
    "value": 0.0
  },
  {
    "name": "expenses_per_employee",
    "year": "2022Q2",
    "value": null
  },
  {
    "name": "expenses_per_employee",
    "year": "2022Q3",
    "value": null
  },
  {
    "name": "expenses_per_employee",
    "year": "2022Q4",
    "value": 0.0
  },
  {
    "name": "r_and_d_capex",
    "year": "2018Q2",
    "value": 0.0
  },
  {
    "name": "r_and_d_capex",
    "year": "2018Q4",
    "value": 0.0
  },
  {
    "name": "r_and_d_capex",
    "year": "2019Q2",
    "value": 0.0
  },
  {
    "name": "r_and_d_capex",
    "year": "2019Q4",
    "value": 0.0
  },
  {
    "name": "r_and_d_capex",
    "year": "2020Q1",
    "value": 0.0
  },
  {
    "name": "r_and_d_capex",
    "year": "2020Q2",
    "value": 0.0
  },
  {
    "name": "r_and_d_capex",
    "year": "2020Q3",
    "value": 0.0
  },
  {
    "name": "r_and_d_capex",
    "year": "2020Q4",
    "value": 0.0
  },
  {
    "name": "r_and_d_capex",
    "year": "2021Q1",
    "value": 0.0
  },
  {
    "name": "r_and_d_capex",
    "year": "2021Q2",
    "value": 0.0
  },
  {
    "name": "r_and_d_capex",
    "year": "2021Q3",
    "value": 0.0
  },
  {
    "name": "r_and_d_capex",
    "year": "2021Q4",
    "value": 0.0
  },
  {
    "name": "r_and_d_capex",
    "year": "2022Q2",
    "value": 0.0
  },
  {
    "name": "r_and_d_capex",
    "year": "2022Q3",
    "value": null
  },
  {
    "name": "r_and_d_capex",
    "year": "2022Q4",
    "value": 0.0
  },
  {
    "name": "r_and_d_capex",
    "year": "2023Q1",
    "value": null
  },
  {
    "name": "r_and_d_capex",
    "year": "2023Q2",
    "value": 0.0
  },
  {
    "name": "r_and_d_capex",
    "year": "2023Q3",
    "value": null
  },
  {
    "name": "r_and_d_capex",
    "year": "2023Q4",
    "value": 0.0
  },
  {
    "name": "r_and_d_capex",
    "year": "2024Q1",
    "value": null
  },
  {
    "name": "r_and_d_capex",
    "year": "2024Q2",
    "value": 0.0
  },
  {
    "name": "capex_revenue",
    "year": "2018Q2",
    "value": 185.901639344
  },
  {
    "name": "capex_revenue",
    "year": "2018Q4",
    "value": 24.148606811100002
  },
  {
    "name": "capex_revenue",
    "year": "2019Q2",
    "value": 29.522043675300004
  },
  {
    "name": "capex_revenue",
    "year": "2019Q4",
    "value": 27.8651115619
  },
  {
    "name": "capex_revenue",
    "year": "2020Q1",
    "value": 26.470588235300003
  },
  {
    "name": "capex_revenue",
    "year": "2020Q2",
    "value": 6.27376425856
  },
  {
    "name": "capex_revenue",
    "year": "2020Q3",
    "value": 71.4285714286
  },
  {
    "name": "capex_revenue",
    "year": "2020Q4",
    "value": 19.4805194805
  },
  {
    "name": "capex_revenue",
    "year": "2021Q1",
    "value": 33.8461538462
  },
  {
    "name": "capex_revenue",
    "year": "2021Q2",
    "value": 21.0714285714
  },
  {
    "name": "capex_revenue",
    "year": "2021Q3",
    "value": 6.39730639731
  },
  {
    "name": "capex_revenue",
    "year": "2021Q4",
    "value": 17.6565008026
  },
  {
    "name": "capex_revenue",
    "year": "2022Q2",
    "value": 11.7482517483
  },
  {
    "name": "capex_revenue",
    "year": "2022Q3",
    "value": null
  },
  {
    "name": "capex_revenue",
    "year": "2022Q4",
    "value": 24.4565217391
  },
  {
    "name": "capex_revenue",
    "year": "2023Q1",
    "value": null
  },
  {
    "name": "capex_revenue",
    "year": "2023Q2",
    "value": 21.0852713178
  },
  {
    "name": "capex_revenue",
    "year": "2023Q3",
    "value": null
  },
  {
    "name": "capex_revenue",
    "year": "2023Q4",
    "value": 11.938382541700001
  },
  {
    "name": "capex_revenue",
    "year": "2024Q1",
    "value": null
  },
  {
    "name": "capex_revenue",
    "year": "2024Q2",
    "value": 19.3760262726
  },
  {
    "name": "irr",
    "year": "2021Q1",
    "value": 4.14286
  },
  {
    "name": "irr",
    "year": "2021Q2",
    "value": 4.14286
  },
  {
    "name": "irr",
    "year": "2021Q3",
    "value": 4.14286
  },
  {
    "name": "irr",
    "year": "2021Q4",
    "value": null
  },
  {
    "name": "irr",
    "year": "2022Q2",
    "value": 4.14286
  },
  {
    "name": "irr",
    "year": "2022Q3",
    "value": 4.14286
  },
  {
    "name": "irr",
    "year": "2022Q4",
    "value": 4.14286
  },
  {
    "name": "irr",
    "year": "2023Q1",
    "value": 4.14286
  },
  {
    "name": "irr",
    "year": "2023Q2",
    "value": 4.14286
  },
  {
    "name": "irr",
    "year": "2023Q3",
    "value": 4.14286
  },
  {
    "name": "irr",
    "year": "2023Q4",
    "value": 4.14286
  },
  {
    "name": "irr",
    "year": "2024Q1",
    "value": 4.14286
  },
  {
    "name": "irr",
    "year": "2024Q2",
    "value": 4.14286
  },
  {
    "name": "ir_fs_quality",
    "year": "2021Q1",
    "value": 4.0
  },
  {
    "name": "ir_fs_quality",
    "year": "2021Q2",
    "value": 4.0
  },
  {
    "name": "ir_fs_quality",
    "year": "2021Q3",
    "value": 4.0
  },
  {
    "name": "ir_fs_quality",
    "year": "2021Q4",
    "value": null
  },
  {
    "name": "ir_fs_quality",
    "year": "2022Q2",
    "value": 4.0
  },
  {
    "name": "ir_fs_quality",
    "year": "2022Q3",
    "value": 4.0
  },
  {
    "name": "ir_fs_quality",
    "year": "2022Q4",
    "value": 4.0
  },
  {
    "name": "ir_fs_quality",
    "year": "2023Q1",
    "value": 4.0
  },
  {
    "name": "ir_fs_quality",
    "year": "2023Q2",
    "value": 4.0
  },
  {
    "name": "ir_fs_quality",
    "year": "2023Q3",
    "value": 4.0
  },
  {
    "name": "ir_fs_quality",
    "year": "2023Q4",
    "value": 4.0
  },
  {
    "name": "ir_fs_quality",
    "year": "2024Q1",
    "value": 4.0
  },
  {
    "name": "ir_fs_quality",
    "year": "2024Q2",
    "value": 4.0
  },
  {
    "name": "ir_investor_presentations",
    "year": "2021Q1",
    "value": 5.0
  },
  {
    "name": "ir_investor_presentations",
    "year": "2021Q2",
    "value": 5.0
  },
  {
    "name": "ir_investor_presentations",
    "year": "2021Q3",
    "value": 5.0
  },
  {
    "name": "ir_investor_presentations",
    "year": "2021Q4",
    "value": null
  },
  {
    "name": "ir_investor_presentations",
    "year": "2022Q2",
    "value": 5.0
  },
  {
    "name": "ir_investor_presentations",
    "year": "2022Q3",
    "value": 5.0
  },
  {
    "name": "ir_investor_presentations",
    "year": "2022Q4",
    "value": 5.0
  },
  {
    "name": "ir_investor_presentations",
    "year": "2023Q1",
    "value": 5.0
  },
  {
    "name": "ir_investor_presentations",
    "year": "2023Q2",
    "value": 5.0
  },
  {
    "name": "ir_investor_presentations",
    "year": "2023Q3",
    "value": 5.0
  },
  {
    "name": "ir_investor_presentations",
    "year": "2023Q4",
    "value": 5.0
  },
  {
    "name": "ir_investor_presentations",
    "year": "2024Q1",
    "value": 5.0
  },
  {
    "name": "ir_investor_presentations",
    "year": "2024Q2",
    "value": 5.0
  },
  {
    "name": "ir_annual_report",
    "year": "2021Q1",
    "value": 5.0
  },
  {
    "name": "ir_annual_report",
    "year": "2021Q2",
    "value": 5.0
  },
  {
    "name": "ir_annual_report",
    "year": "2021Q3",
    "value": 5.0
  },
  {
    "name": "ir_annual_report",
    "year": "2021Q4",
    "value": null
  },
  {
    "name": "ir_annual_report",
    "year": "2022Q2",
    "value": 5.0
  },
  {
    "name": "ir_annual_report",
    "year": "2022Q3",
    "value": 5.0
  },
  {
    "name": "ir_annual_report",
    "year": "2022Q4",
    "value": 5.0
  },
  {
    "name": "ir_annual_report",
    "year": "2023Q1",
    "value": 5.0
  },
  {
    "name": "ir_annual_report",
    "year": "2023Q2",
    "value": 5.0
  },
  {
    "name": "ir_annual_report",
    "year": "2023Q3",
    "value": 5.0
  },
  {
    "name": "ir_annual_report",
    "year": "2023Q4",
    "value": 5.0
  },
  {
    "name": "ir_annual_report",
    "year": "2024Q1",
    "value": 5.0
  },
  {
    "name": "ir_annual_report",
    "year": "2024Q2",
    "value": 5.0
  },
  {
    "name": "ir_investor_site",
    "year": "2021Q1",
    "value": 5.0
  },
  {
    "name": "ir_investor_site",
    "year": "2021Q2",
    "value": 5.0
  },
  {
    "name": "ir_investor_site",
    "year": "2021Q3",
    "value": 5.0
  },
  {
    "name": "ir_investor_site",
    "year": "2021Q4",
    "value": null
  },
  {
    "name": "ir_investor_site",
    "year": "2022Q2",
    "value": 5.0
  },
  {
    "name": "ir_investor_site",
    "year": "2022Q3",
    "value": 5.0
  },
  {
    "name": "ir_investor_site",
    "year": "2022Q4",
    "value": 5.0
  },
  {
    "name": "ir_investor_site",
    "year": "2023Q1",
    "value": 5.0
  },
  {
    "name": "ir_investor_site",
    "year": "2023Q2",
    "value": 5.0
  },
  {
    "name": "ir_investor_site",
    "year": "2023Q3",
    "value": 5.0
  },
  {
    "name": "ir_investor_site",
    "year": "2023Q4",
    "value": 5.0
  },
  {
    "name": "ir_investor_site",
    "year": "2024Q1",
    "value": 5.0
  },
  {
    "name": "ir_investor_site",
    "year": "2024Q2",
    "value": 5.0
  },
  {
    "name": "ir_investor_calendar",
    "year": "2021Q1",
    "value": 1.0
  },
  {
    "name": "ir_investor_calendar",
    "year": "2021Q2",
    "value": 1.0
  },
  {
    "name": "ir_investor_calendar",
    "year": "2021Q3",
    "value": 1.0
  },
  {
    "name": "ir_investor_calendar",
    "year": "2021Q4",
    "value": null
  },
  {
    "name": "ir_investor_calendar",
    "year": "2022Q2",
    "value": 1.0
  },
  {
    "name": "ir_investor_calendar",
    "year": "2022Q3",
    "value": 1.0
  },
  {
    "name": "ir_investor_calendar",
    "year": "2022Q4",
    "value": 1.0
  },
  {
    "name": "ir_investor_calendar",
    "year": "2023Q1",
    "value": 1.0
  },
  {
    "name": "ir_investor_calendar",
    "year": "2023Q2",
    "value": 1.0
  },
  {
    "name": "ir_investor_calendar",
    "year": "2023Q3",
    "value": 1.0
  },
  {
    "name": "ir_investor_calendar",
    "year": "2023Q4",
    "value": 1.0
  },
  {
    "name": "ir_investor_calendar",
    "year": "2024Q1",
    "value": 1.0
  },
  {
    "name": "ir_investor_calendar",
    "year": "2024Q2",
    "value": 1.0
  },
  {
    "name": "ir_feedback",
    "year": "2021Q1",
    "value": 5.0
  },
  {
    "name": "ir_feedback",
    "year": "2021Q2",
    "value": 5.0
  },
  {
    "name": "ir_feedback",
    "year": "2021Q3",
    "value": 5.0
  },
  {
    "name": "ir_feedback",
    "year": "2021Q4",
    "value": null
  },
  {
    "name": "ir_feedback",
    "year": "2022Q2",
    "value": 5.0
  },
  {
    "name": "ir_feedback",
    "year": "2022Q3",
    "value": 5.0
  },
  {
    "name": "ir_feedback",
    "year": "2022Q4",
    "value": 5.0
  },
  {
    "name": "ir_feedback",
    "year": "2023Q1",
    "value": 5.0
  },
  {
    "name": "ir_feedback",
    "year": "2023Q2",
    "value": 5.0
  },
  {
    "name": "ir_feedback",
    "year": "2023Q3",
    "value": 5.0
  },
  {
    "name": "ir_feedback",
    "year": "2023Q4",
    "value": 5.0
  },
  {
    "name": "ir_feedback",
    "year": "2024Q1",
    "value": 5.0
  },
  {
    "name": "ir_feedback",
    "year": "2024Q2",
    "value": 5.0
  }
]