[{"name":"Выручка","year":"2023","value":"67358000000"},{"name":"Выручка","year":"2022","value":"59048000000"},{"name":"Выручка","year":"2021","value":"44104000000"},{"name":"Выручка","year":"2020","value":"39267000000"},{"name":"Выручка","year":"2019","value":"36524000000"},{"name":"Валовая прибыль","year":"2023","value":"22266000000"},{"name":"Валовая прибыль","year":"2022","value":"20193000000"},{"name":"Валовая прибыль","year":"2021","value":"15155000000"},{"name":"Валовая прибыль","year":"2020","value":"13569000000"},{"name":"Валовая прибыль","year":"2019","value":"10057000000"},{"name":"EBITDA","year":"2023","value":"10303000000"},{"name":"EBITDA","year":"2022","value":"10265000000"},{"name":"EBITDA","year":"2021","value":"7404000000"},{"name":"EBITDA","year":"2020","value":"9430000000"},{"name":"EBITDA","year":"2019","value":"931000000"},{"name":"EBIT","year":"2023","value":"4270000000"},{"name":"EBIT","year":"2022","value":"4476000000"},{"name":"EBIT","year":"2021","value":"1597000000"},{"name":"EBIT","year":"2020","value":"4089000000"},{"name":"EBIT","year":"2019","value":"-4220000000"},{"name":"Процентные доходы","year":"2023","value":"283000000"},{"name":"Процентные доходы","year":"2022","value":"391000000"},{"name":"Процентные доходы","year":"2021","value":"412000000"},{"name":"Процентные доходы","year":"2020","value":"83000000"},{"name":"Процентные доходы","year":"2019","value":"30000000"},{"name":"Процентные расходы","year":"2023","value":"4391000000"},{"name":"Процентные расходы","year":"2022","value":"4456000000"},{"name":"Процентные расходы","year":"2021","value":"3451000000"},{"name":"Процентные расходы","year":"2020","value":"4815000000"},{"name":"Процентные расходы","year":"2019","value":"4056000000"},{"name":"Чистые процентные доходы/расходы","year":"2023","value":"-4108000000"},{"name":"Чистые процентные доходы/расходы","year":"2022","value":"-4065000000"},{"name":"Чистые процентные доходы/расходы","year":"2021","value":"-3039000000"},{"name":"Чистые процентные доходы/расходы","year":"2020","value":"-4732000000"},{"name":"Чистые процентные доходы/расходы","year":"2019","value":"-4026000000"},{"name":"Операционный доход","year":"2019","value":"-1103000000"},{"name":"Операционный доход","year":"2018","value":"-4873000000"},{"name":"Операционный доход","year":"2017","value":"-4748000000"},{"name":"Операционный доход","year":"2016","value":"-8736000000"},{"name":"Операционный доход","year":"2015","value":"1024000000"},{"name":"Расходы на персонал","year":"2023","value":"18120000000"},{"name":"Расходы на персонал","year":"2022","value":"16332000000"},{"name":"Расходы на персонал","year":"2021","value":"14662000000"},{"name":"Расходы на персонал","year":"2020","value":"12899000000"},{"name":"Расходы на персонал","year":"2019","value":"12794000000"},{"name":"Прибыль до налогов","year":"2023","value":"162000000"},{"name":"Прибыль до налогов","year":"2022","value":"411000000"},{"name":"Прибыль до налогов","year":"2021","value":"-1442000000"},{"name":"Прибыль до налогов","year":"2020","value":"-643000000"},{"name":"Прибыль до налогов","year":"2019","value":"-8246000000"},{"name":"Чистая прибыль","year":"2023","value":"120000000"},{"name":"Чистая прибыль","year":"2022","value":"223000000"},{"name":"Чистая прибыль","year":"2021","value":"-950000000"},{"name":"Чистая прибыль","year":"2020","value":"-992000000"},{"name":"Чистая прибыль","year":"2019","value":"-8462000000"},{"name":"Капитал на акционеров","year":"2023","value":"-6831000000"},{"name":"Капитал на акционеров","year":"2022","value":"-6431000000"},{"name":"Капитал на акционеров","year":"2021","value":"-6654000000"},{"name":"Капитал на акционеров","year":"2020","value":"-5704000000"},{"name":"Капитал на акционеров","year":"2019","value":"-23556000000"},{"name":"Активы","year":"2023","value":"53218000000"},{"name":"Активы","year":"2022","value":"43618000000"},{"name":"Активы","year":"2021","value":"37831000000"},{"name":"Активы","year":"2020","value":"54428000000"},{"name":"Активы","year":"2019","value":"32620000000"},{"name":"CA Оборотные активы","year":"2023","value":"18270000000"},{"name":"CA Оборотные активы","year":"2022","value":"14797000000"},{"name":"CA Оборотные активы","year":"2021","value":"13500000000"},{"name":"CA Оборотные активы","year":"2020","value":"30336000000"},{"name":"CA Оборотные активы","year":"2019","value":"14230000000"},{"name":"Денежные средства и их эквиваленты","year":"2023","value":"2086000000"},{"name":"Денежные средства и их эквиваленты","year":"2022","value":"811000000"},{"name":"Денежные средства и их эквиваленты","year":"2021","value":"1727000000"},{"name":"Денежные средства и их эквиваленты","year":"2020","value":"1003000000"},{"name":"Денежные средства и их эквиваленты","year":"2019","value":"847000000"},{"name":"Обязательства","year":"2023","value":"60049000000"},{"name":"Обязательства","year":"2022","value":"50049000000"},{"name":"Обязательства","year":"2021","value":"44485000000"},{"name":"Обязательства","year":"2020","value":"60132000000"},{"name":"Обязательства","year":"2019","value":"56176000000"},{"name":"Собственный капитал","year":"2023","value":"-6831000000"},{"name":"Собственный капитал","year":"2022","value":"-6431000000"},{"name":"Собственный капитал","year":"2021","value":"-6654000000"},{"name":"Собственный капитал","year":"2020","value":"-5704000000"},{"name":"Собственный капитал","year":"2019","value":"-23556000000"},{"name":"Капитал на акционеров","year":"2023","value":"120000000"},{"name":"Капитал на акционеров","year":"2022","value":"223000000"},{"name":"Капитал на акционеров","year":"2021","value":"-950000000"},{"name":"Капитал на акционеров","year":"2020","value":"-992000000"},{"name":"Капитал на акционеров","year":"2019","value":"-8462000000"},{"name":"Внеоборотные активы","year":"2023","value":"34948000000"},{"name":"Внеоборотные активы","year":"2022","value":"28821000000"},{"name":"Внеоборотные активы","year":"2021","value":"24331000000"},{"name":"Внеоборотные активы","year":"2020","value":"24092000000"},{"name":"Внеоборотные активы","year":"2019","value":"18390000000"},{"name":"Собственный капитал","year":"2023","value":"1197.8461"},{"name":"Собственный капитал","year":"2022","value":"1200.1486"},{"name":"Собственный капитал","year":"2021","value":"1399.8133"},{"name":"Собственный капитал","year":"2020","value":"1435.5093"},{"name":"Собственный капитал","year":"2019","value":"1317.7311"},{"name":"CFO операционные денежные потоки","year":"2023","value":"7048000000"},{"name":"CFO операционные денежные потоки","year":"2022","value":"6595000000"},{"name":"CFO операционные денежные потоки","year":"2021","value":"3227000000"},{"name":"CFO операционные денежные потоки","year":"2020","value":"-3366000000"},{"name":"CFO операционные денежные потоки","year":"2019","value":"-1785000000"},{"name":"FCF на акцию","year":"2023","value":"5772000000"},{"name":"FCF на акцию","year":"2022","value":"5560000000"},{"name":"FCF на акцию","year":"2021","value":"2246000000"},{"name":"FCF на акцию","year":"2020","value":"-5288000000"},{"name":"FCF на акцию","year":"2019","value":"-3805000000"},{"name":"Инвестиционный денежный поток","year":"2023","value":"-3037000000"},{"name":"Инвестиционный денежный поток","year":"2022","value":"-995000000"},{"name":"Инвестиционный денежный поток","year":"2021","value":"18283000000"},{"name":"Инвестиционный денежный поток","year":"2020","value":"-20619000000"},{"name":"Инвестиционный денежный поток","year":"2019","value":"-2444000000"},{"name":"CFF Денежный поток от финансовой деятельности","year":"2023","value":"-2736000000"},{"name":"CFF Денежный поток от финансовой деятельности","year":"2022","value":"-6516000000"},{"name":"CFF Денежный поток от финансовой деятельности","year":"2021","value":"-20786000000"},{"name":"CFF Денежный поток от финансовой деятельности","year":"2020","value":"24141000000"},{"name":"CFF Денежный поток от финансовой деятельности","year":"2019","value":"4573000000"},{"name":"CB Текущие кредиты","year":"2023","value":"4704000000"},{"name":"CB Текущие кредиты","year":"2022","value":"5936000000"},{"name":"CB Текущие кредиты","year":"2021","value":"11634000000"},{"name":"CB Текущие кредиты","year":"2020","value":"10151000000"},{"name":"CB Текущие кредиты","year":"2019","value":"6499000000"},{"name":"Общий долг","year":"2023","value":"18596000000"},{"name":"Общий долг","year":"2022","value":"18103000000"},{"name":"Общий долг","year":"2021","value":"19907000000"},{"name":"Общий долг","year":"2020","value":"39148000000"},{"name":"Общий долг","year":"2019","value":"32305000000"},{"name":"Текущие обязательства","year":"2023","value":"31723000000"},{"name":"Текущие обязательства","year":"2022","value":"27534000000"},{"name":"Текущие обязательства","year":"2021","value":"28894000000"},{"name":"Текущие обязательства","year":"2020","value":"24573000000"},{"name":"Текущие обязательства","year":"2019","value":"26224000000"},{"name":"CL Текущая аренда","year":"2023","value":"4617000000"},{"name":"CL Текущая аренда","year":"2022","value":"4345000000"},{"name":"CL Текущая аренда","year":"2021","value":"4258000000"},{"name":"CL Текущая аренда","year":"2020","value":"4226000000"},{"name":"CL Текущая аренда","year":"2019","value":"4352000000"},{"name":"Долгосрочная аренда","year":"2023","value":"11933000000"},{"name":"Долгосрочная аренда","year":"2022","value":"9190000000"},{"name":"Долгосрочная аренда","year":"2021","value":"5426000000"},{"name":"Долгосрочная аренда","year":"2020","value":"5338000000"},{"name":"Долгосрочная аренда","year":"2019","value":"3096000000"},{"name":"Долгосрочные кредиты","year":"2023","value":"15978000000"},{"name":"Долгосрочные кредиты","year":"2022","value":"12978000000"},{"name":"Долгосрочные кредиты","year":"2021","value":"10000000000"},{"name":"Долгосрочные кредиты","year":"2020","value":"30000000000"},{"name":"Долгосрочные кредиты","year":"2019","value":"26653000000"},{"name":"Долгосрочные обязательства","year":"2023","value":"28326000000"},{"name":"Долгосрочные обязательства","year":"2022","value":"22515000000"},{"name":"Долгосрочные обязательства","year":"2021","value":"15591000000"},{"name":"Долгосрочные обязательства","year":"2020","value":"35559000000"},{"name":"Долгосрочные обязательства","year":"2019","value":"29952000000"},{"name":"Чистый долг","year":"2023","value":"20682000000"},{"name":"Чистый долг","year":"2022","value":"18914000000"},{"name":"Чистый долг","year":"2021","value":"21634000000"},{"name":"Чистый долг","year":"2020","value":"40151000000"},{"name":"Чистый долг","year":"2019","value":"33152000000"},{"name":"Общие расходы","year":"2019","value":"14215000000"},{"name":"Общие расходы","year":"2018","value":"16198000000"},{"name":"Общие расходы","year":"2017","value":"17077000000"},{"name":"Общие расходы","year":"2016","value":"19502000000"},{"name":"Общие расходы","year":"2015","value":"8187000000"}]