[{"name":"Выручка","year":"2023","value":"9540560000"},{"name":"Выручка","year":"2022","value":"5394988000"},{"name":"Валовая прибыль","year":"2023","value":"7129948000"},{"name":"Валовая прибыль","year":"2022","value":"4472968000"},{"name":"EBITDA","year":"2023","value":"4155000000"},{"name":"EBITDA","year":"2022","value":"2954193000"},{"name":"EBIT","year":"2023","value":"3251397000"},{"name":"EBIT","year":"2022","value":"2743162000"},{"name":"Процентные доходы","year":"2023","value":"604134000"},{"name":"Процентные доходы","year":"2022","value":"443788000"},{"name":"Процентные расходы","year":"2023","value":"293625000"},{"name":"Процентные расходы","year":"2022","value":"84243000"},{"name":"Чистые процентные доходы/расходы","year":"2023","value":"310509000"},{"name":"Чистые процентные доходы/расходы","year":"2022","value":"359545000"},{"name":"Операционный доход","year":"2023","value":"4088330000"},{"name":"Операционный доход","year":"2022","value":"2796687000"},{"name":"Расходы на персонал","year":"2023","value":"2889394000"},{"name":"Расходы на персонал","year":"2022","value":"1627220000"},{"name":"Прибыль до налогов","year":"2023","value":"3561906000"},{"name":"Прибыль до налогов","year":"2022","value":"3102707000"},{"name":"Чистая прибыль","year":"2023","value":"3638324000"},{"name":"Чистая прибыль","year":"2022","value":"3074043000"},{"name":"Капитал на акционеров","year":"2023","value":"4225331000"},{"name":"Капитал на акционеров","year":"2022","value":"1462802000"},{"name":"Активы","year":"2023","value":"12349619000"},{"name":"Активы","year":"2022","value":"6099931000"},{"name":"CA Оборотные активы","year":"2023","value":"7461218000"},{"name":"CA Оборотные активы","year":"2022","value":"4184273000"},{"name":"Денежные средства и их эквиваленты","year":"2023","value":"2640062000"},{"name":"Денежные средства и их эквиваленты","year":"2022","value":"697516000"},{"name":"Обязательства","year":"2023","value":"7591063000"},{"name":"Обязательства","year":"2022","value":"4637129000"},{"name":"Обязательства","year":"2021","value":"2021822000"},{"name":"Собственный капитал","year":"2023","value":"4758556000"},{"name":"Собственный капитал","year":"2022","value":"1462802000"},{"name":"Капитал на акционеров","year":"2023","value":"3538468000"},{"name":"Капитал на акционеров","year":"2022","value":"2480940000"},{"name":"Внеоборотные активы","year":"2023","value":"4888401000"},{"name":"Внеоборотные активы","year":"2022","value":"1915658000"},{"name":"Собственный капитал","year":"2023","value":"1185.4715"},{"name":"CFO операционные денежные потоки","year":"2023","value":"3447940000"},{"name":"CFO операционные денежные потоки","year":"2022","value":"1861572000"},{"name":"FCF на акцию","year":"2023","value":"3039345000"},{"name":"FCF на акцию","year":"2022","value":"1638292000"},{"name":"Инвестиционный денежный поток","year":"2023","value":"-2584399000"},{"name":"Инвестиционный денежный поток","year":"2022","value":"-1077836000"},{"name":"CFF Денежный поток от финансовой деятельности","year":"2023","value":"1083123000"},{"name":"CFF Денежный поток от финансовой деятельности","year":"2022","value":"-202528000"},{"name":"CB Текущие кредиты","year":"2023","value":"888760000"},{"name":"CB Текущие кредиты","year":"2022","value":"625000"},{"name":"Общий долг","year":"2023","value":"94438000"},{"name":"Общий долг","year":"2022","value":"-82468000"},{"name":"Текущие обязательства","year":"2023","value":"4339298000"},{"name":"Текущие обязательства","year":"2022","value":"3346721000"},{"name":"Долгосрочные кредиты","year":"2023","value":"1845740000"},{"name":"Долгосрочные обязательства","year":"2023","value":"3251765000"},{"name":"Долгосрочные обязательства","year":"2022","value":"1290408000"},{"name":"Чистый долг","year":"2023","value":"2734500000"},{"name":"Чистый долг","year":"2022","value":"615048000"},{"name":"Общие расходы","year":"2023","value":"3041618000"},{"name":"Общие расходы","year":"2022","value":"1676281000"}]