[{"name":"date","year":"2022Q2","value":"29.08.2022"},{"name":"date","year":"2022Q4","value":"29.04.2023"},{"name":"date","year":"2023Q1","value":""},{"name":"date","year":"2023Q2","value":"30.08.2023"},{"name":"date","year":"2023Q4","value":"26.04.2024"},{"name":"date","year":"LTM\n?","value":"26.04.2024"},{"name":"currency","year":"2022Q2","value":"RUB"},{"name":"currency","year":"2022Q4","value":"RUB"},{"name":"currency","year":"2023Q1","value":"RUB"},{"name":"currency","year":"2023Q2","value":"RUB"},{"name":"currency","year":"2023Q4","value":"RUB"},{"name":"currency","year":"LTM\n?","value":"RUB"},{"name":"report_url","year":"2022Q2","value":"https://www.e-disclosure.ru/portal/FileLoad.ashx?Fileid=1766488"},{"name":"report_url","year":"2022Q4","value":"https://www.e-disclosure.ru/portal/FileLoad.ashx?Fileid=1791506"},{"name":"report_url","year":"2023Q1","value":""},{"name":"report_url","year":"2023Q2","value":"https://www.e-disclosure.ru/portal/FileLoad.ashx?Fileid=1809114"},{"name":"report_url","year":"2023Q4","value":"https://www.e-disclosure.ru/portal/FileLoad.ashx?Fileid=1833936"},{"name":"report_url","year":"LTM\n?","value":"https://www.e-disclosure.ru/portal/FileLoad.ashx?Fileid=1833936"},{"name":"revenue","year":"2022Q2","value":"0.520"},{"name":"revenue","year":"2022Q4","value":"0.616"},{"name":"revenue","year":"2023Q1","value":""},{"name":"revenue","year":"2023Q2","value":"0.620"},{"name":"revenue","year":"2023Q4","value":"0.750"},{"name":"revenue","year":"LTM\n?","value":"1.37"},{"name":"operating_income","year":"2022Q2","value":"0.065"},{"name":"operating_income","year":"2022Q4","value":"0.046"},{"name":"operating_income","year":"2023Q1","value":""},{"name":"operating_income","year":"2023Q2","value":"0.105"},{"name":"operating_income","year":"2023Q4","value":"0.171"},{"name":"operating_income","year":"LTM\n?","value":"0.276"},{"name":"ebitda","year":"2022Q2","value":"0.100"},{"name":"ebitda","year":"2022Q4","value":"0.064"},{"name":"ebitda","year":"2023Q1","value":""},{"name":"ebitda","year":"2023Q2","value":"0.150"},{"name":"ebitda","year":"2023Q4","value":"0.197"},{"name":"ebitda","year":"LTM\n?","value":"0.347"},{"name":"net_income","year":"2022Q2","value":"0.025"},{"name":"net_income","year":"2022Q4","value":"0.021"},{"name":"net_income","year":"2023Q1","value":""},{"name":"net_income","year":"2023Q2","value":"0.032"},{"name":"net_income","year":"2023Q4","value":"0.137"},{"name":"net_income","year":"LTM\n?","value":"0.169"},{"name":"ocf","year":"2022Q2","value":"0.047"},{"name":"ocf","year":"2022Q4","value":"0.173"},{"name":"ocf","year":"2023Q1","value":""},{"name":"ocf","year":"2023Q2","value":"0.052"},{"name":"ocf","year":"2023Q4","value":"0.383"},{"name":"ocf","year":"LTM\n?","value":"0.435"},{"name":"capex","year":"2022Q2","value":"0.097"},{"name":"capex","year":"2022Q4","value":"0.121"},{"name":"capex","year":"2023Q1","value":""},{"name":"capex","year":"2023Q2","value":"0.065"},{"name":"capex","year":"2023Q4","value":"0.139"},{"name":"capex","year":"LTM\n?","value":"0.204"},{"name":"fcf","year":"2022Q2","value":"-0.091"},{"name":"fcf","year":"2022Q4","value":"0.049"},{"name":"fcf","year":"2023Q1","value":""},{"name":"fcf","year":"2023Q2","value":"-0.077"},{"name":"fcf","year":"2023Q4","value":"0.268"},{"name":"fcf","year":"LTM\n?","value":"0.191"},{"name":"dividend_payout","year":"2022Q2","value":""},{"name":"dividend_payout","year":"2022Q4","value":"0.085"},{"name":"dividend_payout","year":"2023Q1","value":""},{"name":"dividend_payout","year":"2023Q2","value":""},{"name":"dividend_payout","year":"2023Q4","value":"0.111"},{"name":"dividend_payout","year":"LTM\n?","value":"0.111"},{"name":"dividend","year":"2022Q2","value":""},{"name":"dividend","year":"2022Q4","value":"1"},{"name":"dividend","year":"2023Q1","value":""},{"name":"dividend","year":"2023Q2","value":""},{"name":"dividend","year":"2023Q4","value":"1.2"},{"name":"dividend","year":"LTM\n?","value":"1.2"},{"name":"div_yield","year":"2022Q2","value":"0.0%"},{"name":"div_yield","year":"2022Q4","value":"1.6%"},{"name":"div_yield","year":"2023Q1","value":"0.0%"},{"name":"div_yield","year":"2023Q2","value":"0.0%"},{"name":"div_yield","year":"2023Q4","value":"1.2%"},{"name":"div_yield","year":"LTM\n?","value":"1.6%"},{"name":"div_payout_ratio","year":"2022Q2","value":"0%"},{"name":"div_payout_ratio","year":"2022Q4","value":"405%"},{"name":"div_payout_ratio","year":"2023Q1","value":""},{"name":"div_payout_ratio","year":"2023Q2","value":"0%"},{"name":"div_payout_ratio","year":"2023Q4","value":"81%"},{"name":"div_payout_ratio","year":"LTM\n?","value":"66%"},{"name":"opex","year":"2022Q2","value":"0.456"},{"name":"opex","year":"2022Q4","value":"0.570"},{"name":"opex","year":"2023Q1","value":""},{"name":"opex","year":"2023Q2","value":"0.516"},{"name":"opex","year":"2023Q4","value":"0.577"},{"name":"opex","year":"LTM\n?","value":"1.09"},{"name":"amortization","year":"2022Q2","value":"0.0"},{"name":"amortization","year":"2022Q4","value":"0.0"},{"name":"amortization","year":"2023Q1","value":""},{"name":"amortization","year":"2023Q2","value":"0.0"},{"name":"amortization","year":"2023Q4","value":"0.0"},{"name":"amortization","year":"LTM\n?","value":"0.1"},{"name":"interest_expenses","year":"2022Q2","value":"0.035"},{"name":"interest_expenses","year":"2022Q4","value":"0.014"},{"name":"interest_expenses","year":"2023Q1","value":""},{"name":"interest_expenses","year":"2023Q2","value":"0.054"},{"name":"interest_expenses","year":"2023Q4","value":"0.000"},{"name":"interest_expenses","year":"LTM\n?","value":"0.054"},{"name":"assets","year":"2022Q2","value":"1.75"},{"name":"assets","year":"2022Q4","value":"2.04"},{"name":"assets","year":"2023Q1","value":""},{"name":"assets","year":"2023Q2","value":"2.36"},{"name":"assets","year":"2023Q4","value":"2.54"},{"name":"assets","year":"LTM\n?","value":"2.54"},{"name":"net_assets","year":"2022Q2","value":"0.276"},{"name":"net_assets","year":"2022Q4","value":"0.341"},{"name":"net_assets","year":"2023Q1","value":""},{"name":"net_assets","year":"2023Q2","value":"0.381"},{"name":"net_assets","year":"2023Q4","value":"0.500"},{"name":"net_assets","year":"LTM\n?","value":"0.500"},{"name":"debt","year":"2022Q2","value":"0.506"},{"name":"debt","year":"2022Q4","value":"0.708"},{"name":"debt","year":"2023Q1","value":""},{"name":"debt","year":"2023Q2","value":"0.673"},{"name":"debt","year":"2023Q4","value":"0.650"},{"name":"debt","year":"LTM\n?","value":"0.650"},{"name":"cash","year":"2022Q2","value":"0.060"},{"name":"cash","year":"2022Q4","value":"0.202"},{"name":"cash","year":"2023Q1","value":""},{"name":"cash","year":"2023Q2","value":"0.362"},{"name":"cash","year":"2023Q4","value":"0.544"},{"name":"cash","year":"LTM\n?","value":"0.544"},{"name":"net_debt","year":"2022Q2","value":"0.45"},{"name":"net_debt","year":"2022Q4","value":"0.51"},{"name":"net_debt","year":"2023Q1","value":"0.00"},{"name":"net_debt","year":"2023Q2","value":"0.31"},{"name":"net_debt","year":"2023Q4","value":"0.11"},{"name":"net_debt","year":"LTM\n?","value":"0.11"},{"name":"common_share","year":"2022Q2","value":"57.8"},{"name":"common_share","year":"2022Q4","value":"62.1"},{"name":"common_share","year":"2023Q1","value":"116.3"},{"name":"common_share","year":"2023Q2","value":"104.0"},{"name":"common_share","year":"2023Q4","value":"102.0"},{"name":"common_share","year":"LTM\n?","value":"77.1"},{"name":"number_of_shares","year":"2022Q2","value":"85.0"},{"name":"number_of_shares","year":"2022Q4","value":"92.6"},{"name":"number_of_shares","year":"2023Q1","value":"92.6"},{"name":"number_of_shares","year":"2023Q2","value":"92.6"},{"name":"number_of_shares","year":"2023Q4","value":"92.6"},{"name":"number_of_shares","year":"LTM\n?","value":"92.6"},{"name":"market_cap","year":"2022Q2","value":"4.92"},{"name":"market_cap","year":"2022Q4","value":"5.75"},{"name":"market_cap","year":"2023Q1","value":"10.8"},{"name":"market_cap","year":"2023Q2","value":"9.64"},{"name":"market_cap","year":"2023Q4","value":"9.45"},{"name":"market_cap","year":"LTM\n?","value":"7.14"},{"name":"ev","year":"2022Q2","value":"5.36"},{"name":"ev","year":"2022Q4","value":"6.26"},{"name":"ev","year":"2023Q1","value":"10.8"},{"name":"ev","year":"2023Q2","value":"9.95"},{"name":"ev","year":"2023Q4","value":"9.56"},{"name":"ev","year":"LTM\n?","value":"7.25"},{"name":"book_value","year":"2022Q2","value":"-0.30"},{"name":"book_value","year":"2022Q4","value":"-0.40"},{"name":"book_value","year":"2023Q1","value":"0.00"},{"name":"book_value","year":"2023Q2","value":"-0.36"},{"name":"book_value","year":"2023Q4","value":"-0.30"},{"name":"book_value","year":"LTM\n?","value":"-0.30"},{"name":"eps","year":"2022Q2","value":"0.29"},{"name":"eps","year":"2022Q4","value":"0.23"},{"name":"eps","year":"2023Q1","value":"0.00"},{"name":"eps","year":"2023Q2","value":"0.35"},{"name":"eps","year":"2023Q4","value":"1.48"},{"name":"eps","year":"LTM\n?","value":"1.82"},{"name":"fcf_share","year":"2022Q2","value":"-1.07"},{"name":"fcf_share","year":"2022Q4","value":"0.53"},{"name":"fcf_share","year":"2023Q1","value":"0.00"},{"name":"fcf_share","year":"2023Q2","value":"-0.83"},{"name":"fcf_share","year":"2023Q4","value":"2.89"},{"name":"fcf_share","year":"LTM\n?","value":"2.06"},{"name":"bv_share","year":"2022Q2","value":"-3.54"},{"name":"bv_share","year":"2022Q4","value":"-4.26"},{"name":"bv_share","year":"2023Q1","value":"0.00"},{"name":"bv_share","year":"2023Q2","value":"-3.92"},{"name":"bv_share","year":"2023Q4","value":"-3.24"},{"name":"bv_share","year":"LTM\n?","value":"-3.24"},{"name":"ebitda_margin","year":"2022Q2","value":"19.2%"},{"name":"ebitda_margin","year":"2022Q4","value":"10.4%"},{"name":"ebitda_margin","year":"2023Q1","value":""},{"name":"ebitda_margin","year":"2023Q2","value":"24.2%"},{"name":"ebitda_margin","year":"2023Q4","value":"26.3%"},{"name":"ebitda_margin","year":"LTM\n?","value":"25.3%"},{"name":"net_margin","year":"2022Q2","value":"4.8%"},{"name":"net_margin","year":"2022Q4","value":"3.4%"},{"name":"net_margin","year":"2023Q1","value":""},{"name":"net_margin","year":"2023Q2","value":"5.2%"},{"name":"net_margin","year":"2023Q4","value":"18.3%"},{"name":"net_margin","year":"LTM\n?","value":"12.3%"},{"name":"fcf_yield","year":"2022Q2","value":"-0.1%"},{"name":"fcf_yield","year":"2022Q4","value":"-0.7%"},{"name":"fcf_yield","year":"2023Q1","value":"-0.4%"},{"name":"fcf_yield","year":"2023Q2","value":"-0.3%"},{"name":"fcf_yield","year":"2023Q4","value":"2.0%"},{"name":"fcf_yield","year":"LTM\n?","value":"2.7%"},{"name":"roe","year":"2022Q2","value":"14.1%"},{"name":"roe","year":"2022Q4","value":"13.5%"},{"name":"roe","year":"2023Q1","value":""},{"name":"roe","year":"2023Q2","value":"13.6%"},{"name":"roe","year":"2023Q4","value":"33.8%"},{"name":"roe","year":"LTM\n?","value":"33.8%"},{"name":"roa","year":"2022Q2","value":"2.2%"},{"name":"roa","year":"2022Q4","value":"2.3%"},{"name":"roa","year":"2023Q1","value":""},{"name":"roa","year":"2023Q2","value":"2.2%"},{"name":"roa","year":"2023Q4","value":"6.7%"},{"name":"roa","year":"LTM\n?","value":"6.7%"},{"name":"p_e","year":"2022Q2","value":"126.1"},{"name":"p_e","year":"2022Q4","value":"125.0"},{"name":"p_e","year":"2023Q1","value":"239.4"},{"name":"p_e","year":"2023Q2","value":"185.3"},{"name":"p_e","year":"2023Q4","value":"55.9"},{"name":"p_e","year":"LTM\n?","value":"42.2"},{"name":"p_fcf","year":"2022Q2","value":"-54.0"},{"name":"p_fcf","year":"2022Q4","value":"-136.9"},{"name":"p_fcf","year":"2023Q1","value":""},{"name":"p_fcf","year":"2023Q2","value":"-125.2"},{"name":"p_fcf","year":"2023Q4","value":"49.5"},{"name":"p_fcf","year":"LTM\n?","value":"37.4"},{"name":"p_s","year":"2022Q2","value":"4.30"},{"name":"p_s","year":"2022Q4","value":"5.06"},{"name":"p_s","year":"2023Q1","value":"9.48"},{"name":"p_s","year":"2023Q2","value":"7.80"},{"name":"p_s","year":"2023Q4","value":"6.90"},{"name":"p_s","year":"LTM\n?","value":"5.21"},{"name":"p_bv","year":"2022Q2","value":"-16.3"},{"name":"p_bv","year":"2022Q4","value":"-14.6"},{"name":"p_bv","year":"2023Q1","value":""},{"name":"p_bv","year":"2023Q2","value":"-26.5"},{"name":"p_bv","year":"2023Q4","value":"-31.5"},{"name":"p_bv","year":"LTM\n?","value":"-23.8"},{"name":"ev_ebitda","year":"2022Q2","value":"34.6"},{"name":"ev_ebitda","year":"2022Q4","value":"38.1"},{"name":"ev_ebitda","year":"2023Q1","value":"65.7"},{"name":"ev_ebitda","year":"2023Q2","value":"46.5"},{"name":"ev_ebitda","year":"2023Q4","value":"27.5"},{"name":"ev_ebitda","year":"LTM\n?","value":"20.9"},{"name":"debt_ebitda","year":"2022Q2","value":"2.88"},{"name":"debt_ebitda","year":"2022Q4","value":"3.09"},{"name":"debt_ebitda","year":"2023Q1","value":"0.00"},{"name":"debt_ebitda","year":"2023Q2","value":"1.45"},{"name":"debt_ebitda","year":"2023Q4","value":"0.31"},{"name":"debt_ebitda","year":"LTM\n?","value":"0.31"},{"name":"r_and_d_capex","year":"2022Q2","value":"0.00%"},{"name":"r_and_d_capex","year":"2022Q4","value":"0.00%"},{"name":"r_and_d_capex","year":"2023Q1","value":""},{"name":"r_and_d_capex","year":"2023Q2","value":"0.00%"},{"name":"r_and_d_capex","year":"2023Q4","value":"0.00%"},{"name":"r_and_d_capex","year":"LTM\n?","value":"0"},{"name":"capex_revenue","year":"2022Q2","value":"19%"},{"name":"capex_revenue","year":"2022Q4","value":"20%"},{"name":"capex_revenue","year":"2023Q1","value":""},{"name":"capex_revenue","year":"2023Q2","value":"10%"},{"name":"capex_revenue","year":"2023Q4","value":"19%"},{"name":"capex_revenue","year":"LTM\n?","value":"15%"},{"name":"ir_fs_quality","year":"2022Q2","value":"4"},{"name":"ir_fs_quality","year":"2022Q4","value":""},{"name":"ir_fs_quality","year":"2023Q1","value":""},{"name":"ir_fs_quality","year":"2023Q2","value":""},{"name":"ir_fs_quality","year":"2023Q4","value":""},{"name":"ir_fs_quality","year":"LTM\n?","value":""},{"name":"ir_investor_presentations","year":"2022Q2","value":"3"},{"name":"ir_investor_presentations","year":"2022Q4","value":""},{"name":"ir_investor_presentations","year":"2023Q1","value":""},{"name":"ir_investor_presentations","year":"2023Q2","value":""},{"name":"ir_investor_presentations","year":"2023Q4","value":""},{"name":"ir_investor_presentations","year":"LTM\n?","value":""},{"name":"ir_annual_report","year":"2022Q2","value":"3"},{"name":"ir_annual_report","year":"2022Q4","value":""},{"name":"ir_annual_report","year":"2023Q1","value":""},{"name":"ir_annual_report","year":"2023Q2","value":""},{"name":"ir_annual_report","year":"2023Q4","value":""},{"name":"ir_annual_report","year":"LTM\n?","value":""},{"name":"ir_investor_site","year":"2022Q2","value":"4"},{"name":"ir_investor_site","year":"2022Q4","value":""},{"name":"ir_investor_site","year":"2023Q1","value":""},{"name":"ir_investor_site","year":"2023Q2","value":""},{"name":"ir_investor_site","year":"2023Q4","value":""},{"name":"ir_investor_site","year":"LTM\n?","value":""},{"name":"ir_investor_calendar","year":"2022Q2","value":"4"},{"name":"ir_investor_calendar","year":"2022Q4","value":""},{"name":"ir_investor_calendar","year":"2023Q1","value":""},{"name":"ir_investor_calendar","year":"2023Q2","value":""},{"name":"ir_investor_calendar","year":"2023Q4","value":""},{"name":"ir_investor_calendar","year":"LTM\n?","value":""}]