[{"name":"Выручка","year":"2023","value":"179458000000"},{"name":"Выручка","year":"2022","value":"257195000000"},{"name":"Выручка","year":"2020","value":"119864000000"},{"name":"Выручка","year":"2019","value":"114835000000"},{"name":"Выручка","year":"2018","value":"108062000000"},{"name":"Валовая прибыль","year":"2023","value":"88923000000"},{"name":"Валовая прибыль","year":"2022","value":"165720000000"},{"name":"Валовая прибыль","year":"2020","value":"54047000000"},{"name":"Валовая прибыль","year":"2019","value":"55051000000"},{"name":"Валовая прибыль","year":"2018","value":"53618000000"},{"name":"EBITDA","year":"2023","value":"68740000000"},{"name":"EBITDA","year":"2022","value":"136322000000"},{"name":"EBITDA","year":"2020","value":"35311000000"},{"name":"EBITDA","year":"2019","value":"35075000000"},{"name":"EBITDA","year":"2018","value":"37053000000"},{"name":"EBIT","year":"2023","value":"66046000000"},{"name":"EBIT","year":"2022","value":"110706000000"},{"name":"EBIT","year":"2020","value":"18346000000"},{"name":"EBIT","year":"2019","value":"23731000000"},{"name":"EBIT","year":"2018","value":"26728000000"},{"name":"Процентные доходы","year":"2023","value":"3663000000"},{"name":"Процентные доходы","year":"2022","value":"6729000000"},{"name":"Процентные доходы","year":"2020","value":"111000000"},{"name":"Процентные доходы","year":"2019","value":"7904000000"},{"name":"Процентные доходы","year":"2018","value":"563000000"},{"name":"Процентные расходы","year":"2023","value":"18720000000"},{"name":"Процентные расходы","year":"2020","value":"13047000000"},{"name":"Процентные расходы","year":"2019","value":"668000000"},{"name":"Процентные расходы","year":"2018","value":"8985000000"},{"name":"Процентные расходы","year":"2017","value":"1306000000"},{"name":"Чистые процентные доходы/расходы","year":"2023","value":"-15057000000"},{"name":"Чистые процентные доходы/расходы","year":"2022","value":"6729000000"},{"name":"Чистые процентные доходы/расходы","year":"2020","value":"-12936000000"},{"name":"Чистые процентные доходы/расходы","year":"2019","value":"7236000000"},{"name":"Чистые процентные доходы/расходы","year":"2018","value":"-8422000000"},{"name":"Операционный доход","year":"2023","value":"73117000000"},{"name":"Операционный доход","year":"2022","value":"120262000000"},{"name":"Операционный доход","year":"2020","value":"26029000000"},{"name":"Операционный доход","year":"2019","value":"23401000000"},{"name":"Операционный доход","year":"2018","value":"27439000000"},{"name":"Расходы на персонал","year":"2023","value":"17017000000"},{"name":"Расходы на персонал","year":"2022","value":"11272000000"},{"name":"Расходы на персонал","year":"2020","value":"9048000000"},{"name":"Расходы на персонал","year":"2019","value":"9332000000"},{"name":"Расходы на персонал","year":"2018","value":"8115000000"},{"name":"Прибыль до налогов","year":"2023","value":"50989000000"},{"name":"Прибыль до налогов","year":"2022","value":"114462000000"},{"name":"Прибыль до налогов","year":"2020","value":"5410000000"},{"name":"Прибыль до налогов","year":"2019","value":"30967000000"},{"name":"Прибыль до налогов","year":"2018","value":"18306000000"},{"name":"Чистая прибыль","year":"2023","value":"35866000000"},{"name":"Чистая прибыль","year":"2022","value":"91034000000"},{"name":"Чистая прибыль","year":"2020","value":"3836000000"},{"name":"Чистая прибыль","year":"2019","value":"24786000000"},{"name":"Чистая прибыль","year":"2018","value":"13318000000"},{"name":"Капитал на акционеров","year":"2023","value":"203514000000"},{"name":"Капитал на акционеров","year":"2022","value":"168237000000"},{"name":"Капитал на акционеров","year":"2020","value":"42703000000"},{"name":"Капитал на акционеров","year":"2019","value":"61001000000"},{"name":"Капитал на акционеров","year":"2018","value":"57593000000"},{"name":"Активы","year":"2023","value":"387692000000"},{"name":"Активы","year":"2022","value":"320832000000"},{"name":"Активы","year":"2020","value":"220089000000"},{"name":"Активы","year":"2019","value":"200355000000"},{"name":"Активы","year":"2018","value":"186784000000"},{"name":"CA Оборотные активы","year":"2023","value":"150163000000"},{"name":"CA Оборотные активы","year":"2022","value":"119791000000"},{"name":"CA Оборотные активы","year":"2020","value":"47559000000"},{"name":"CA Оборотные активы","year":"2019","value":"42797000000"},{"name":"CA Оборотные активы","year":"2018","value":"38925000000"},{"name":"Денежные средства и их эквиваленты","year":"2023","value":"78421000000"},{"name":"Денежные средства и их эквиваленты","year":"2022","value":"38473000000"},{"name":"Денежные средства и их эквиваленты","year":"2020","value":"15537000000"},{"name":"Денежные средства и их эквиваленты","year":"2019","value":"11356000000"},{"name":"Денежные средства и их эквиваленты","year":"2018","value":"10460000000"},{"name":"Обязательства","year":"2023","value":"156971000000"},{"name":"Обязательства","year":"2022","value":"125817000000"},{"name":"Обязательства","year":"2020","value":"151286000000"},{"name":"Обязательства","year":"2019","value":"118390000000"},{"name":"Обязательства","year":"2018","value":"108619000000"},{"name":"Собственный капитал","year":"2023","value":"230721000000"},{"name":"Собственный капитал","year":"2022","value":"195015000000"},{"name":"Собственный капитал","year":"2020","value":"68803000000"},{"name":"Собственный капитал","year":"2019","value":"81965000000"},{"name":"Собственный капитал","year":"2018","value":"78165000000"},{"name":"Капитал на акционеров","year":"2023","value":"35721000000"},{"name":"Капитал на акционеров","year":"2022","value":"90434000000"},{"name":"Капитал на акционеров","year":"2020","value":"3310000000"},{"name":"Капитал на акционеров","year":"2019","value":"24219000000"},{"name":"Капитал на акционеров","year":"2018","value":"12768000000"},{"name":"Внеоборотные активы","year":"2023","value":"237529000000"},{"name":"Внеоборотные активы","year":"2022","value":"201041000000"},{"name":"Внеоборотные активы","year":"2020","value":"172530000000"},{"name":"Внеоборотные активы","year":"2019","value":"157558000000"},{"name":"Внеоборотные активы","year":"2018","value":"147859000000"},{"name":"Собственный капитал","year":"2023","value":"7720.0098"},{"name":"Собственный капитал","year":"2022","value":"9044.3066"},{"name":"Собственный капитал","year":"2020","value":"3265.7842"},{"name":"Собственный капитал","year":"2019","value":"3149.3088"},{"name":"Собственный капитал","year":"2018","value":"2714.089"},{"name":"CFO операционные денежные потоки","year":"2023","value":"62377000000"},{"name":"CFO операционные денежные потоки","year":"2022","value":"65447000000"},{"name":"CFO операционные денежные потоки","year":"2020","value":"26190000000"},{"name":"CFO операционные денежные потоки","year":"2019","value":"28278000000"},{"name":"CFO операционные денежные потоки","year":"2018","value":"28406000000"},{"name":"FCF на акцию","year":"2023","value":"17102000000"},{"name":"FCF на акцию","year":"2022","value":"35987000000"},{"name":"FCF на акцию","year":"2020","value":"8244000000"},{"name":"FCF на акцию","year":"2019","value":"9248000000"},{"name":"FCF на акцию","year":"2018","value":"13864000000"},{"name":"Инвестиционный денежный поток","year":"2023","value":"-45031000000"},{"name":"Инвестиционный денежный поток","year":"2022","value":"-28807000000"},{"name":"Инвестиционный денежный поток","year":"2020","value":"-17181000000"},{"name":"Инвестиционный денежный поток","year":"2019","value":"-19054000000"},{"name":"Инвестиционный денежный поток","year":"2018","value":"-14439000000"},{"name":"CFF Денежный поток от финансовой деятельности","year":"2023","value":"10947000000"},{"name":"CFF Денежный поток от финансовой деятельности","year":"2022","value":"-19388000000"},{"name":"CFF Денежный поток от финансовой деятельности","year":"2020","value":"-7392000000"},{"name":"CFF Денежный поток от финансовой деятельности","year":"2019","value":"-7328000000"},{"name":"CFF Денежный поток от финансовой деятельности","year":"2018","value":"-19643000000"},{"name":"CB Текущие кредиты","year":"2023","value":"57616000000"},{"name":"CB Текущие кредиты","year":"2022","value":"9220000000"},{"name":"CB Текущие кредиты","year":"2020","value":"36911000000"},{"name":"CB Текущие кредиты","year":"2019","value":"13288000000"},{"name":"CB Текущие кредиты","year":"2018","value":"17539000000"},{"name":"Общий долг","year":"2023","value":"25098000000"},{"name":"Общий долг","year":"2022","value":"39424000000"},{"name":"Общий долг","year":"2020","value":"102284000000"},{"name":"Общий долг","year":"2019","value":"77779000000"},{"name":"Общий долг","year":"2018","value":"74025000000"},{"name":"Текущие обязательства","year":"2023","value":"94264000000"},{"name":"Текущие обязательства","year":"2022","value":"40315000000"},{"name":"Текущие обязательства","year":"2020","value":"59403000000"},{"name":"Текущие обязательства","year":"2019","value":"33689000000"},{"name":"Текущие обязательства","year":"2018","value":"32206000000"},{"name":"CL Текущая аренда","year":"2023","value":"698000000"},{"name":"CL Текущая аренда","year":"2022","value":"285000000"},{"name":"CL Текущая аренда","year":"2020","value":"456000000"},{"name":"CL Текущая аренда","year":"2019","value":"547000000"},{"name":"CL Текущая аренда","year":"2012","value":"16000000"},{"name":"Долгосрочная аренда","year":"2023","value":"1649000000"},{"name":"Долгосрочная аренда","year":"2022","value":"1392000000"},{"name":"Долгосрочная аренда","year":"2020","value":"2249000000"},{"name":"Долгосрочная аренда","year":"2019","value":"2047000000"},{"name":"Долгосрочная аренда","year":"2012","value":"10000000"},{"name":"Долгосрочные кредиты","year":"2023","value":"45903000000"},{"name":"Долгосрочные кредиты","year":"2022","value":"68677000000"},{"name":"Долгосрочные кредиты","year":"2020","value":"78205000000"},{"name":"Долгосрочные кредиты","year":"2019","value":"73253000000"},{"name":"Долгосрочные кредиты","year":"2018","value":"66946000000"},{"name":"Долгосрочные обязательства","year":"2023","value":"62707000000"},{"name":"Долгосрочные обязательства","year":"2022","value":"85502000000"},{"name":"Долгосрочные обязательства","year":"2020","value":"91883000000"},{"name":"Долгосрочные обязательства","year":"2019","value":"84701000000"},{"name":"Долгосрочные обязательства","year":"2018","value":"76413000000"},{"name":"Чистый долг","year":"2023","value":"103519000000"},{"name":"Чистый долг","year":"2022","value":"77897000000"},{"name":"Чистый долг","year":"2020","value":"115116000000"},{"name":"Чистый долг","year":"2019","value":"86541000000"},{"name":"Чистый долг","year":"2018","value":"84485000000"},{"name":"Общие расходы","year":"2023","value":"15806000000"},{"name":"Общие расходы","year":"2022","value":"45458000000"},{"name":"Общие расходы","year":"2020","value":"28018000000"},{"name":"Общие расходы","year":"2019","value":"31650000000"},{"name":"Общие расходы","year":"2018","value":"26179000000"}]