[{"name":"date","year":"2022Q4","value":"09.06.2023"},{"name":"date","year":"2023Q1","value":"15.08.2023"},{"name":"date","year":"2023Q2","value":"14.08.2023"},{"name":"date","year":"2023Q4","value":"28.02.2024"},{"name":"date","year":"2024Q2","value":""},{"name":"date","year":"LTM\n?","value":"28.02.2024"},{"name":"currency","year":"2022Q4","value":"RUB"},{"name":"currency","year":"2023Q1","value":"RUB"},{"name":"currency","year":"2023Q2","value":"RUB"},{"name":"currency","year":"2023Q4","value":"RUB"},{"name":"currency","year":"2024Q2","value":"RUB"},{"name":"currency","year":"LTM\n?","value":"RUB"},{"name":"report_url","year":"2022Q4","value":""},{"name":"report_url","year":"2023Q1","value":""},{"name":"report_url","year":"2023Q2","value":"https://alrosa.ru/upload/iblock/868/or2hbwg858wa2rzk71eafhzqzctxm0kb/ALROSA%20IFRS%206%D0%9C2023%20RUS_%D1%80%D0%B0%D1%81%D0%BA%D1%80%D1%8B%D0%B2%D0%B0%D0%B5%D0%BC%D0%B0%D1%8F.pdf"},{"name":"report_url","year":"2023Q4","value":"https://www.alrosa.ru/upload/iblock/8a3/cvivxol3rbqipw1iupytmqjzv9iz5mls/ALROSA%20IFRS%2012M2023%20RUS%20%D1%80%D0%B0%D1%81%D0%BA%D1%80%D1%8B%D0%B2%D0%B0%D0%B5%D0%BC%D0%B0%D1%8F.pdf"},{"name":"report_url","year":"2024Q2","value":""},{"name":"report_url","year":"LTM\n?","value":"https://www.alrosa.ru/upload/iblock/8a3/cvivxol3rbqipw1iupytmqjzv9iz5mls/ALROSA%20IFRS%2012M2023%20RUS%20%D1%80%D0%B0%D1%81%D0%BA%D1%80%D1%8B%D0%B2%D0%B0%D0%B5%D0%BC%D0%B0%D1%8F.pdf"},{"name":"revenue","year":"2022Q4","value":"107.5"},{"name":"revenue","year":"2023Q1","value":"95.7"},{"name":"revenue","year":"2023Q2","value":"92.5"},{"name":"revenue","year":"2023Q4","value":"134.5"},{"name":"revenue","year":"2024Q2","value":""},{"name":"revenue","year":"LTM\n?","value":"322.6"},{"name":"operating_income","year":"2022Q4","value":"24.8"},{"name":"operating_income","year":"2023Q1","value":"34.7"},{"name":"operating_income","year":"2023Q2","value":"38.8"},{"name":"operating_income","year":"2023Q4","value":"32.9"},{"name":"operating_income","year":"2024Q2","value":""},{"name":"operating_income","year":"LTM\n?","value":"106.3"},{"name":"net_income","year":"2022Q4","value":"15.1"},{"name":"net_income","year":"2023Q1","value":"28.5"},{"name":"net_income","year":"2023Q2","value":"27.1"},{"name":"net_income","year":"2023Q4","value":"29.6"},{"name":"net_income","year":"2024Q2","value":""},{"name":"net_income","year":"LTM\n?","value":"85.1"},{"name":"ocf","year":"2022Q4","value":"40.7"},{"name":"ocf","year":"2023Q1","value":""},{"name":"ocf","year":"2023Q2","value":"43.9"},{"name":"ocf","year":"2023Q4","value":"22.0"},{"name":"ocf","year":"2024Q2","value":""},{"name":"ocf","year":"LTM\n?","value":"65.9"},{"name":"capex","year":"2022Q4","value":"23.4"},{"name":"capex","year":"2023Q1","value":""},{"name":"capex","year":"2023Q2","value":"24.3"},{"name":"capex","year":"2023Q4","value":"39.4"},{"name":"capex","year":"2024Q2","value":""},{"name":"capex","year":"LTM\n?","value":"63.7"},{"name":"fcf","year":"2022Q4","value":"17.2"},{"name":"fcf","year":"2023Q1","value":""},{"name":"fcf","year":"2023Q2","value":"19.4"},{"name":"fcf","year":"2023Q4","value":"-16.8"},{"name":"fcf","year":"2024Q2","value":""},{"name":"fcf","year":"LTM\n?","value":"2.65"},{"name":"dividend_payout","year":"2022Q4","value":""},{"name":"dividend_payout","year":"2023Q1","value":""},{"name":"dividend_payout","year":"2023Q2","value":"27.8"},{"name":"dividend_payout","year":"2023Q4","value":"14.9"},{"name":"dividend_payout","year":"2024Q2","value":"18.3"},{"name":"dividend_payout","year":"LTM\n?","value":"33.2"},{"name":"dividend","year":"2022Q4","value":""},{"name":"dividend","year":"2023Q1","value":""},{"name":"dividend","year":"2023Q2","value":"3.77"},{"name":"dividend","year":"2023Q4","value":"2.02"},{"name":"dividend","year":"2024Q2","value":"2.49"},{"name":"dividend","year":"LTM\n?","value":"4.51"},{"name":"div_yield","year":"2022Q4","value":"0.0%"},{"name":"div_yield","year":"2023Q1","value":"0.0%"},{"name":"div_yield","year":"2023Q2","value":"5.4%"},{"name":"div_yield","year":"2023Q4","value":"2.9%"},{"name":"div_yield","year":"2024Q2","value":"3.5%"},{"name":"div_yield","year":"LTM\n?","value":"9.1%"},{"name":"div_payout_ratio","year":"2022Q4","value":"0%"},{"name":"div_payout_ratio","year":"2023Q1","value":"0%"},{"name":"div_payout_ratio","year":"2023Q2","value":"103%"},{"name":"div_payout_ratio","year":"2023Q4","value":"50%"},{"name":"div_payout_ratio","year":"2024Q2","value":""},{"name":"div_payout_ratio","year":"LTM\n?","value":"39%"},{"name":"opex","year":"2022Q4","value":"15.4"},{"name":"opex","year":"2023Q1","value":""},{"name":"opex","year":"2023Q2","value":"16.1"},{"name":"opex","year":"2023Q4","value":"27.2"},{"name":"opex","year":"2024Q2","value":""},{"name":"opex","year":"LTM\n?","value":"43.4"},{"name":"cost_of_production","year":"2022Q4","value":"69.5"},{"name":"cost_of_production","year":"2023Q1","value":"53.0"},{"name":"cost_of_production","year":"2023Q2","value":"47.0"},{"name":"cost_of_production","year":"2023Q4","value":"75.7"},{"name":"cost_of_production","year":"2024Q2","value":""},{"name":"cost_of_production","year":"LTM\n?","value":"175.6"},{"name":"employment_expenses","year":"2022Q4","value":"23.2"},{"name":"employment_expenses","year":"2023Q1","value":""},{"name":"employment_expenses","year":"2023Q2","value":"39.2"},{"name":"employment_expenses","year":"2023Q4","value":"26.4"},{"name":"employment_expenses","year":"2024Q2","value":""},{"name":"employment_expenses","year":"LTM\n?","value":"65.6"},{"name":"interest_expenses","year":"2022Q4","value":"2.00"},{"name":"interest_expenses","year":"2023Q1","value":""},{"name":"interest_expenses","year":"2023Q2","value":"1.50"},{"name":"interest_expenses","year":"2023Q4","value":"1.87"},{"name":"interest_expenses","year":"2024Q2","value":""},{"name":"interest_expenses","year":"LTM\n?","value":"3.37"},{"name":"assets","year":"2022Q4","value":"520.6"},{"name":"assets","year":"2023Q1","value":""},{"name":"assets","year":"2023Q2","value":"586.0"},{"name":"assets","year":"2023Q4","value":"596.6"},{"name":"assets","year":"2024Q2","value":""},{"name":"assets","year":"LTM\n?","value":"596.6"},{"name":"net_assets","year":"2022Q4","value":"322.3"},{"name":"net_assets","year":"2023Q1","value":""},{"name":"net_assets","year":"2023Q2","value":"379.0"},{"name":"net_assets","year":"2023Q4","value":"381.9"},{"name":"net_assets","year":"2024Q2","value":""},{"name":"net_assets","year":"LTM\n?","value":"381.9"},{"name":"debt","year":"2022Q4","value":"105.4"},{"name":"debt","year":"2023Q1","value":""},{"name":"debt","year":"2023Q2","value":"127.8"},{"name":"debt","year":"2023Q4","value":"135.4"},{"name":"debt","year":"2024Q2","value":""},{"name":"debt","year":"LTM\n?","value":"135.4"},{"name":"cash","year":"2022Q4","value":"95.8"},{"name":"cash","year":"2023Q1","value":""},{"name":"cash","year":"2023Q2","value":"133.4"},{"name":"cash","year":"2023Q4","value":"99.3"},{"name":"cash","year":"2024Q2","value":""},{"name":"cash","year":"LTM\n?","value":"99.3"},{"name":"net_debt","year":"2022Q4","value":"9.55"},{"name":"net_debt","year":"2023Q1","value":"0.00"},{"name":"net_debt","year":"2023Q2","value":"-5.59"},{"name":"net_debt","year":"2023Q4","value":"36.1"},{"name":"net_debt","year":"2024Q2","value":"0.00"},{"name":"net_debt","year":"LTM\n?","value":"36.1"},{"name":"common_share","year":"2022Q4","value":"58.8"},{"name":"common_share","year":"2023Q1","value":"66.0"},{"name":"common_share","year":"2023Q2","value":"70.4"},{"name":"common_share","year":"2023Q4","value":"69.6"},{"name":"common_share","year":"2024Q2","value":"71.2"},{"name":"common_share","year":"LTM\n?","value":"49.5"},{"name":"number_of_shares","year":"2022Q4","value":"7 365"},{"name":"number_of_shares","year":"2023Q1","value":"7 365"},{"name":"number_of_shares","year":"2023Q2","value":"7 365"},{"name":"number_of_shares","year":"2023Q4","value":"7 365"},{"name":"number_of_shares","year":"2024Q2","value":"7 365"},{"name":"number_of_shares","year":"LTM\n?","value":"7 365"},{"name":"market_cap","year":"2022Q4","value":"433.1"},{"name":"market_cap","year":"2023Q1","value":"485.7"},{"name":"market_cap","year":"2023Q2","value":"518.5"},{"name":"market_cap","year":"2023Q4","value":"512.8"},{"name":"market_cap","year":"2024Q2","value":"524.6"},{"name":"market_cap","year":"LTM\n?","value":"364.4"},{"name":"ev","year":"2022Q4","value":"442.6"},{"name":"ev","year":"2023Q1","value":"485.7"},{"name":"ev","year":"2023Q2","value":"512.9"},{"name":"ev","year":"2023Q4","value":"548.9"},{"name":"ev","year":"2024Q2","value":"524.6"},{"name":"ev","year":"LTM\n?","value":"400.5"},{"name":"book_value","year":"2022Q4","value":"320.9"},{"name":"book_value","year":"2023Q1","value":"0.00"},{"name":"book_value","year":"2023Q2","value":"377.5"},{"name":"book_value","year":"2023Q4","value":"380.5"},{"name":"book_value","year":"2024Q2","value":"0.00"},{"name":"book_value","year":"LTM\n?","value":"380.5"},{"name":"eps","year":"2022Q4","value":"2.05"},{"name":"eps","year":"2023Q1","value":"3.86"},{"name":"eps","year":"2023Q2","value":"3.68"},{"name":"eps","year":"2023Q4","value":"4.02"},{"name":"eps","year":"2024Q2","value":"0.00"},{"name":"eps","year":"LTM\n?","value":"11.6"},{"name":"fcf_share","year":"2022Q4","value":"2.34"},{"name":"fcf_share","year":"2023Q1","value":"0.00"},{"name":"fcf_share","year":"2023Q2","value":"2.64"},{"name":"fcf_share","year":"2023Q4","value":"-2.28"},{"name":"fcf_share","year":"2024Q2","value":"0.00"},{"name":"fcf_share","year":"LTM\n?","value":"0.36"},{"name":"bv_share","year":"2022Q4","value":"43.6"},{"name":"bv_share","year":"2023Q1","value":"0.00"},{"name":"bv_share","year":"2023Q2","value":"51.3"},{"name":"bv_share","year":"2023Q4","value":"51.7"},{"name":"bv_share","year":"2024Q2","value":"0.00"},{"name":"bv_share","year":"LTM\n?","value":"51.7"},{"name":"ebitda_margin","year":"2022Q4","value":"0.0%"},{"name":"ebitda_margin","year":"2023Q1","value":"0.0%"},{"name":"ebitda_margin","year":"2023Q2","value":"0.0%"},{"name":"ebitda_margin","year":"2023Q4","value":"0.0%"},{"name":"ebitda_margin","year":"2024Q2","value":""},{"name":"ebitda_margin","year":"LTM\n?","value":"0"},{"name":"net_margin","year":"2022Q4","value":"14.1%"},{"name":"net_margin","year":"2023Q1","value":"29.8%"},{"name":"net_margin","year":"2023Q2","value":"29.3%"},{"name":"net_margin","year":"2023Q4","value":"22.0%"},{"name":"net_margin","year":"2024Q2","value":""},{"name":"net_margin","year":"LTM\n?","value":"26.4%"},{"name":"fcf_yield","year":"2022Q4","value":"11.6%"},{"name":"fcf_yield","year":"2023Q1","value":"10.4%"},{"name":"fcf_yield","year":"2023Q2","value":"7.1%"},{"name":"fcf_yield","year":"2023Q4","value":"0.5%"},{"name":"fcf_yield","year":"2024Q2","value":"-3.2%"},{"name":"fcf_yield","year":"LTM\n?","value":"0.7%"},{"name":"roe","year":"2022Q4","value":"31.1%"},{"name":"roe","year":"2023Q1","value":""},{"name":"roe","year":"2023Q2","value":"18.6%"},{"name":"roe","year":"2023Q4","value":"22.3%"},{"name":"roe","year":"2024Q2","value":""},{"name":"roe","year":"LTM\n?","value":"22.3%"},{"name":"roa","year":"2022Q4","value":"19.3%"},{"name":"roa","year":"2023Q1","value":""},{"name":"roa","year":"2023Q2","value":"12.1%"},{"name":"roa","year":"2023Q4","value":"14.3%"},{"name":"roa","year":"2024Q2","value":""},{"name":"roa","year":"LTM\n?","value":"14.3%"},{"name":"p_e","year":"2022Q4","value":"4.32"},{"name":"p_e","year":"2023Q1","value":"6.09"},{"name":"p_e","year":"2023Q2","value":"7.34"},{"name":"p_e","year":"2023Q4","value":"6.02"},{"name":"p_e","year":"2024Q2","value":"17.7"},{"name":"p_e","year":"LTM\n?","value":"4.28"},{"name":"p_fcf","year":"2022Q4","value":"8.60"},{"name":"p_fcf","year":"2023Q1","value":"9.65"},{"name":"p_fcf","year":"2023Q2","value":"14.1"},{"name":"p_fcf","year":"2023Q4","value":"193.5"},{"name":"p_fcf","year":"2024Q2","value":"-31.2"},{"name":"p_fcf","year":"LTM\n?","value":"137.5"},{"name":"p_s","year":"2022Q4","value":"1.47"},{"name":"p_s","year":"2023Q1","value":"1.68"},{"name":"p_s","year":"2023Q2","value":"1.75"},{"name":"p_s","year":"2023Q4","value":"1.59"},{"name":"p_s","year":"2024Q2","value":"3.90"},{"name":"p_s","year":"LTM\n?","value":"1.13"},{"name":"p_bv","year":"2022Q4","value":"1.35"},{"name":"p_bv","year":"2023Q1","value":""},{"name":"p_bv","year":"2023Q2","value":"1.37"},{"name":"p_bv","year":"2023Q4","value":"1.35"},{"name":"p_bv","year":"2024Q2","value":""},{"name":"p_bv","year":"LTM\n?","value":"0.96"},{"name":"r_and_d_capex","year":"2022Q4","value":"0.00%"},{"name":"r_and_d_capex","year":"2023Q1","value":""},{"name":"r_and_d_capex","year":"2023Q2","value":"0.00%"},{"name":"r_and_d_capex","year":"2023Q4","value":"0.00%"},{"name":"r_and_d_capex","year":"2024Q2","value":""},{"name":"r_and_d_capex","year":"LTM\n?","value":"0"},{"name":"capex_revenue","year":"2022Q4","value":"22%"},{"name":"capex_revenue","year":"2023Q1","value":"0%"},{"name":"capex_revenue","year":"2023Q2","value":"26%"},{"name":"capex_revenue","year":"2023Q4","value":"29%"},{"name":"capex_revenue","year":"2024Q2","value":""},{"name":"capex_revenue","year":"LTM\n?","value":"20%"},{"name":"irr","year":"2022Q4","value":"1.0"},{"name":"irr","year":"2023Q1","value":"1.0"},{"name":"irr","year":"2023Q2","value":"1.6"},{"name":"irr","year":"2023Q4","value":"1.6"},{"name":"irr","year":"2024Q2","value":"1.6"},{"name":"irr","year":"LTM\n?","value":"1.6"},{"name":"ir_fs_quality","year":"2022Q4","value":"1"},{"name":"ir_fs_quality","year":"2023Q1","value":"1"},{"name":"ir_fs_quality","year":"2023Q2","value":"5"},{"name":"ir_fs_quality","year":"2023Q4","value":"5"},{"name":"ir_fs_quality","year":"2024Q2","value":"5"},{"name":"ir_fs_quality","year":"LTM\n?","value":"5"},{"name":"ir_investor_presentations","year":"2022Q4","value":"1"},{"name":"ir_investor_presentations","year":"2023Q1","value":"1"},{"name":"ir_investor_presentations","year":"2023Q2","value":"1"},{"name":"ir_investor_presentations","year":"2023Q4","value":"1"},{"name":"ir_investor_presentations","year":"2024Q2","value":"1"},{"name":"ir_investor_presentations","year":"LTM\n?","value":"1"},{"name":"ir_annual_report","year":"2022Q4","value":"1"},{"name":"ir_annual_report","year":"2023Q1","value":"1"},{"name":"ir_annual_report","year":"2023Q2","value":"1"},{"name":"ir_annual_report","year":"2023Q4","value":"1"},{"name":"ir_annual_report","year":"2024Q2","value":"1"},{"name":"ir_annual_report","year":"LTM\n?","value":"1"},{"name":"ir_investor_site","year":"2022Q4","value":"1"},{"name":"ir_investor_site","year":"2023Q1","value":"1"},{"name":"ir_investor_site","year":"2023Q2","value":"1"},{"name":"ir_investor_site","year":"2023Q4","value":"1"},{"name":"ir_investor_site","year":"2024Q2","value":"1"},{"name":"ir_investor_site","year":"LTM\n?","value":"1"},{"name":"ir_investor_calendar","year":"2022Q4","value":"1"},{"name":"ir_investor_calendar","year":"2023Q1","value":"1"},{"name":"ir_investor_calendar","year":"2023Q2","value":"1"},{"name":"ir_investor_calendar","year":"2023Q4","value":"1"},{"name":"ir_investor_calendar","year":"2024Q2","value":"1"},{"name":"ir_investor_calendar","year":"LTM\n?","value":"1"},{"name":"ir_feedback","year":"2022Q4","value":"1"},{"name":"ir_feedback","year":"2023Q1","value":"1"},{"name":"ir_feedback","year":"2023Q2","value":"1"},{"name":"ir_feedback","year":"2023Q4","value":"1"},{"name":"ir_feedback","year":"2024Q2","value":"1"},{"name":"ir_feedback","year":"LTM\n?","value":"1"}]