{"date":"Дата отчета","currency":"Валюта отчета","report_url":"Финансовый отчет","assets":"Активы, млрд руб","net_assets":"Чистые активы, млрд руб","debt":"Долг, млрд руб","cash":"Наличность, млрд руб","net_debt":"Чистый долг, млрд руб","market_cap":"Капитализация, млрд руб","ev":"EV, млрд руб","book_value":"Баланс стоимость, млрд руб","roe":"ROE, %","roa":"ROA, %","p_bv":"P/BV"}