[{"name":"date","year":"2023Q1","value":"02.05.2024"},{"name":"date","year":"2023Q2","value":"29.08.2023"},{"name":"date","year":"2023Q3","value":"23.10.2023"},{"name":"date","year":"2023Q4","value":"04.03.2024"},{"name":"date","year":"2024Q1","value":"02.05.2024"},{"name":"currency","year":"2023Q1","value":"RUB"},{"name":"currency","year":"2023Q2","value":"RUB"},{"name":"currency","year":"2023Q3","value":"RUB"},{"name":"currency","year":"2023Q4","value":"RUB"},{"name":"currency","year":"2024Q1","value":"RUB"},{"name":"report_url","year":"2023Q1","value":""},{"name":"report_url","year":"2023Q2","value":"https://www.e-disclosure.ru/portal/FileLoad.ashx?Fileid=1808916"},{"name":"report_url","year":"2023Q3","value":"https://www.e-disclosure.ru/portal/FileLoad.ashx?Fileid=1813445"},{"name":"report_url","year":"2023Q4","value":"https://www.e-disclosure.ru/portal/FileLoad.ashx?Fileid=1824210"},{"name":"report_url","year":"2024Q1","value":"https://www.e-disclosure.ru/portal/FileLoad.ashx?Fileid=1835314"},{"name":"presentation_url","year":"2023Q1","value":""},{"name":"presentation_url","year":"2023Q2","value":"https://severstal.com/upload/iblock/597/n9nwdsbst88krclovttd2rjhjp1phwxt/290823-press-release-6m-2023-RUS.pdf"},{"name":"presentation_url","year":"2023Q3","value":""},{"name":"presentation_url","year":"2023Q4","value":"https://severstal.com/upload/iblock/df9/25z63j2mx8p2hckfjwrpkqogpe62db3z/Press_reliz-po-finansovym-rezultatam-za-12-mes-2023-goda-RUS-final.pdf"},{"name":"presentation_url","year":"2024Q1","value":""},{"name":"steel_production","year":"2023Q1","value":"2.70"},{"name":"steel_production","year":"2023Q2","value":"2.95"},{"name":"steel_production","year":"2023Q3","value":"2.70"},{"name":"steel_production","year":"2023Q4","value":"2.93"},{"name":"steel_production","year":"2024Q1","value":"2.90"},{"name":"steel_products_production","year":"2023Q1","value":"2.72"},{"name":"steel_products_production","year":"2023Q2","value":"2.92"},{"name":"steel_products_production","year":"2023Q3","value":"2.71"},{"name":"steel_products_production","year":"2023Q4","value":"2.95"},{"name":"steel_products_production","year":"2024Q1","value":"2.78"},{"name":"steel_sales","year":"2023Q1","value":"2.77"},{"name":"steel_sales","year":"2023Q2","value":"2.70"},{"name":"steel_sales","year":"2023Q3","value":"2.70"},{"name":"steel_sales","year":"2023Q4","value":"2.57"},{"name":"steel_sales","year":"2024Q1","value":"2.47"},{"name":"revenue","year":"2023Q1","value":"147.6"},{"name":"revenue","year":"2023Q2","value":"167.3"},{"name":"revenue","year":"2023Q3","value":"179.8"},{"name":"revenue","year":"2023Q4","value":"192.5"},{"name":"revenue","year":"2024Q1","value":"181.9"},{"name":"operating_income","year":"2023Q1","value":"34.0"},{"name":"operating_income","year":"2023Q2","value":"46.5"},{"name":"operating_income","year":"2023Q3","value":"47.6"},{"name":"operating_income","year":"2023Q4","value":"43.9"},{"name":"operating_income","year":"2024Q1","value":"39.8"},{"name":"net_income","year":"2023Q1","value":"47.0"},{"name":"net_income","year":"2023Q2","value":"40.6"},{"name":"net_income","year":"2023Q3","value":"58.6"},{"name":"net_income","year":"2023Q4","value":"13.1"},{"name":"net_income","year":"2024Q1","value":"38.9"},{"name":"dividend_payout","year":"2023Q1","value":""},{"name":"dividend_payout","year":"2023Q2","value":""},{"name":"dividend_payout","year":"2023Q3","value":""},{"name":"dividend_payout","year":"2023Q4","value":"160.4"},{"name":"dividend_payout","year":"2024Q1","value":"32.1"},{"name":"dividend","year":"2023Q1","value":""},{"name":"dividend","year":"2023Q2","value":""},{"name":"dividend","year":"2023Q3","value":""},{"name":"dividend","year":"2023Q4","value":"191.51"},{"name":"dividend","year":"2024Q1","value":"38.3"},{"name":"div_yield","year":"2023Q1","value":"0.0%"},{"name":"div_yield","year":"2023Q2","value":"0.0%"},{"name":"div_yield","year":"2023Q3","value":"0.0%"},{"name":"div_yield","year":"2023Q4","value":"13.7%"},{"name":"div_yield","year":"2024Q1","value":"2.0%"},{"name":"div_payout_ratio","year":"2023Q1","value":"0%"},{"name":"div_payout_ratio","year":"2023Q2","value":"0%"},{"name":"div_payout_ratio","year":"2023Q3","value":"0%"},{"name":"div_payout_ratio","year":"2023Q4","value":"1 227%"},{"name":"div_payout_ratio","year":"2024Q1","value":"83%"},{"name":"opex","year":"2023Q1","value":"14.7"},{"name":"opex","year":"2023Q2","value":"14.0"},{"name":"opex","year":"2023Q3","value":"15.2"},{"name":"opex","year":"2023Q4","value":"17.3"},{"name":"opex","year":"2024Q1","value":"17.4"},{"name":"cost_of_production","year":"2023Q1","value":"99.0"},{"name":"cost_of_production","year":"2023Q2","value":"106.7"},{"name":"cost_of_production","year":"2023Q3","value":"117.0"},{"name":"cost_of_production","year":"2023Q4","value":"131.5"},{"name":"cost_of_production","year":"2024Q1","value":"124.7"},{"name":"assets","year":"2023Q1","value":""},{"name":"assets","year":"2023Q2","value":"855.0"},{"name":"assets","year":"2023Q3","value":"976.6"},{"name":"assets","year":"2023Q4","value":"961.3"},{"name":"assets","year":"2024Q1","value":"1 010"},{"name":"net_assets","year":"2023Q1","value":""},{"name":"net_assets","year":"2023Q2","value":"509.5"},{"name":"net_assets","year":"2023Q3","value":"568.0"},{"name":"net_assets","year":"2023Q4","value":"581.6"},{"name":"net_assets","year":"2024Q1","value":"620.5"},{"name":"debt","year":"2023Q1","value":""},{"name":"debt","year":"2023Q2","value":"179.2"},{"name":"debt","year":"2023Q3","value":"257.6"},{"name":"debt","year":"2023Q4","value":"224.8"},{"name":"debt","year":"2024Q1","value":"222.1"},{"name":"cash","year":"2023Q1","value":""},{"name":"cash","year":"2023Q2","value":"300.0"},{"name":"cash","year":"2023Q3","value":"404.1"},{"name":"cash","year":"2023Q4","value":"374.1"},{"name":"cash","year":"2024Q1","value":"401.2"},{"name":"net_debt","year":"2023Q1","value":"0.00"},{"name":"net_debt","year":"2023Q2","value":"-120.8"},{"name":"net_debt","year":"2023Q3","value":"-146.5"},{"name":"net_debt","year":"2023Q4","value":"-149.3"},{"name":"net_debt","year":"2024Q1","value":"-179.1"},{"name":"common_share","year":"2023Q1","value":"1 045"},{"name":"common_share","year":"2023Q2","value":"1 179"},{"name":"common_share","year":"2023Q3","value":"1 366"},{"name":"common_share","year":"2023Q4","value":"1 398"},{"name":"common_share","year":"2024Q1","value":"1 882"},{"name":"number_of_shares","year":"2023Q1","value":"837.7"},{"name":"number_of_shares","year":"2023Q2","value":"837.7"},{"name":"number_of_shares","year":"2023Q3","value":"837.7"},{"name":"number_of_shares","year":"2023Q4","value":"837.7"},{"name":"number_of_shares","year":"2024Q1","value":"837.7"},{"name":"market_cap","year":"2023Q1","value":"875.4"},{"name":"market_cap","year":"2023Q2","value":"987.7"},{"name":"market_cap","year":"2023Q3","value":"1 144"},{"name":"market_cap","year":"2023Q4","value":"1 171"},{"name":"market_cap","year":"2024Q1","value":"1 577"},{"name":"ev","year":"2023Q1","value":"875.4"},{"name":"ev","year":"2023Q2","value":"866.9"},{"name":"ev","year":"2023Q3","value":"998.0"},{"name":"ev","year":"2023Q4","value":"1 022"},{"name":"ev","year":"2024Q1","value":"1 397"},{"name":"book_value","year":"2023Q1","value":"0.00"},{"name":"book_value","year":"2023Q2","value":"509.5"},{"name":"book_value","year":"2023Q3","value":"568.0"},{"name":"book_value","year":"2023Q4","value":"581.6"},{"name":"book_value","year":"2024Q1","value":"620.5"},{"name":"eps","year":"2023Q1","value":"56.1"},{"name":"eps","year":"2023Q2","value":"48.4"},{"name":"eps","year":"2023Q3","value":"69.9"},{"name":"eps","year":"2023Q4","value":"15.6"},{"name":"eps","year":"2024Q1","value":"46.4"},{"name":"fcf_share","year":"2023Q1","value":"0.00"},{"name":"fcf_share","year":"2023Q2","value":"0.00"},{"name":"fcf_share","year":"2023Q3","value":"0.00"},{"name":"fcf_share","year":"2023Q4","value":"0.00"},{"name":"fcf_share","year":"2024Q1","value":"0.00"},{"name":"bv_share","year":"2023Q1","value":"0.00"},{"name":"bv_share","year":"2023Q2","value":"608.2"},{"name":"bv_share","year":"2023Q3","value":"678.1"},{"name":"bv_share","year":"2023Q4","value":"694.3"},{"name":"bv_share","year":"2024Q1","value":"740.7"},{"name":"ebitda_margin","year":"2023Q1","value":"0.0%"},{"name":"ebitda_margin","year":"2023Q2","value":"0.0%"},{"name":"ebitda_margin","year":"2023Q3","value":"0.0%"},{"name":"ebitda_margin","year":"2023Q4","value":"0.0%"},{"name":"ebitda_margin","year":"2024Q1","value":"0.0%"},{"name":"net_margin","year":"2023Q1","value":"31.8%"},{"name":"net_margin","year":"2023Q2","value":"24.2%"},{"name":"net_margin","year":"2023Q3","value":"32.6%"},{"name":"net_margin","year":"2023Q4","value":"6.8%"},{"name":"net_margin","year":"2024Q1","value":"21.4%"},{"name":"fcf_yield","year":"2023Q1","value":"0.0%"},{"name":"fcf_yield","year":"2023Q2","value":"0.0%"},{"name":"fcf_yield","year":"2023Q3","value":"0.0%"},{"name":"fcf_yield","year":"2023Q4","value":"0.0%"},{"name":"fcf_yield","year":"2024Q1","value":"0.0%"},{"name":"roe","year":"2023Q1","value":""},{"name":"roe","year":"2023Q2","value":"16.3%"},{"name":"roe","year":"2023Q3","value":"25.7%"},{"name":"roe","year":"2023Q4","value":"27.4%"},{"name":"roe","year":"2024Q1","value":"24.4%"},{"name":"roa","year":"2023Q1","value":""},{"name":"roa","year":"2023Q2","value":"9.7%"},{"name":"roa","year":"2023Q3","value":"15.0%"},{"name":"roa","year":"2023Q4","value":"16.6%"},{"name":"roa","year":"2024Q1","value":"15.0%"},{"name":"p_e","year":"2023Q1","value":"4.38"},{"name":"p_e","year":"2023Q2","value":"11.9"},{"name":"p_e","year":"2023Q3","value":"7.83"},{"name":"p_e","year":"2023Q4","value":"7.36"},{"name":"p_e","year":"2024Q1","value":"10.4"},{"name":"p_s","year":"2023Q1","value":"1.17"},{"name":"p_s","year":"2023Q2","value":"1.69"},{"name":"p_s","year":"2023Q3","value":"2.31"},{"name":"p_s","year":"2023Q4","value":"1.70"},{"name":"p_s","year":"2024Q1","value":"2.19"},{"name":"p_bv","year":"2023Q1","value":""},{"name":"p_bv","year":"2023Q2","value":"1.94"},{"name":"p_bv","year":"2023Q3","value":"2.01"},{"name":"p_bv","year":"2023Q4","value":"2.01"},{"name":"p_bv","year":"2024Q1","value":"2.54"},{"name":"capex_revenue","year":"2023Q1","value":"0%"},{"name":"capex_revenue","year":"2023Q2","value":"0%"},{"name":"capex_revenue","year":"2023Q3","value":"0%"},{"name":"capex_revenue","year":"2023Q4","value":"0%"},{"name":"capex_revenue","year":"2024Q1","value":"0%"},{"name":"irr","year":"2023Q1","value":"3.0"},{"name":"irr","year":"2023Q2","value":"3.0"},{"name":"irr","year":"2023Q3","value":"3.0"},{"name":"irr","year":"2023Q4","value":"3.0"},{"name":"irr","year":"2024Q1","value":"3.0"},{"name":"ir_fs_quality","year":"2023Q1","value":"3"},{"name":"ir_fs_quality","year":"2023Q2","value":"3"},{"name":"ir_fs_quality","year":"2023Q3","value":"3"},{"name":"ir_fs_quality","year":"2023Q4","value":"3"},{"name":"ir_fs_quality","year":"2024Q1","value":"3"},{"name":"ir_investor_presentations","year":"2023Q1","value":"1"},{"name":"ir_investor_presentations","year":"2023Q2","value":"1"},{"name":"ir_investor_presentations","year":"2023Q3","value":"1"},{"name":"ir_investor_presentations","year":"2023Q4","value":"1"},{"name":"ir_investor_presentations","year":"2024Q1","value":"1"},{"name":"ir_annual_report","year":"2023Q1","value":"1"},{"name":"ir_annual_report","year":"2023Q2","value":"1"},{"name":"ir_annual_report","year":"2023Q3","value":"1"},{"name":"ir_annual_report","year":"2023Q4","value":"1"},{"name":"ir_annual_report","year":"2024Q1","value":"1"},{"name":"ir_investor_site","year":"2023Q1","value":"5"},{"name":"ir_investor_site","year":"2023Q2","value":"5"},{"name":"ir_investor_site","year":"2023Q3","value":"5"},{"name":"ir_investor_site","year":"2023Q4","value":"5"},{"name":"ir_investor_site","year":"2024Q1","value":"5"},{"name":"ir_investor_calendar","year":"2023Q1","value":"3"},{"name":"ir_investor_calendar","year":"2023Q2","value":"3"},{"name":"ir_investor_calendar","year":"2023Q3","value":"3"},{"name":"ir_investor_calendar","year":"2023Q4","value":"3"},{"name":"ir_investor_calendar","year":"2024Q1","value":"3"},{"name":"ir_feedback","year":"2023Q1","value":"5"},{"name":"ir_feedback","year":"2023Q2","value":"5"},{"name":"ir_feedback","year":"2023Q3","value":"5"},{"name":"ir_feedback","year":"2023Q4","value":"5"},{"name":"ir_feedback","year":"2024Q1","value":"5"}]