[{"name":"P/E","year":"2023","value":"12.53"},{"name":"P/E","year":"2022","value":"-7.49"},{"name":"P/E","year":"2021","value":"17.52"},{"name":"P/E","year":"2020","value":"23.5"},{"name":"P/E","year":"2019","value":"6.53"},{"name":"P/B","year":"2023","value":"4.51"},{"name":"P/B","year":"2022","value":"3.2"},{"name":"P/B","year":"2021","value":"3.36"},{"name":"P/B","year":"2020","value":"1.9"},{"name":"P/B","year":"2019","value":"1.62"},{"name":"P/S","year":"2023","value":"21.91"},{"name":"P/S","year":"2022","value":"16.19"},{"name":"P/S","year":"2021","value":"16.47"},{"name":"P/S","year":"2020","value":"11.32"},{"name":"P/S","year":"2019","value":"9.65"},{"name":"P/CF","year":"2023","value":"161.2"},{"name":"P/CF","year":"2022","value":"-48.91"},{"name":"P/CF","year":"2021","value":"-1268.87"},{"name":"P/CF","year":"2020","value":"-33.14"},{"name":"P/CF","year":"2019","value":"-130.31"},{"name":"Коэффициент долга","year":"2023","value":"0.07"},{"name":"Коэффициент долга","year":"2022","value":"0.06"},{"name":"Коэффициент долга","year":"2021","value":"0.06"},{"name":"Коэффициент долга","year":"2020","value":"0.07"},{"name":"Коэффициент долга","year":"2019","value":"0.07"},{"name":"D/E","year":"2023","value":"0.07"},{"name":"D/E","year":"2022","value":"0.06"},{"name":"D/E","year":"2021","value":"0.06"},{"name":"D/E","year":"2020","value":"0.08"},{"name":"D/E","year":"2019","value":"0.08"},{"name":"CAPEX/Выручка","year":"2021","value":"0.2"},{"name":"CAPEX/Выручка","year":"2020","value":"0.47"},{"name":"ROE","year":"2023","value":"35.95"},{"name":"ROE","year":"2022","value":"-42.66"},{"name":"ROE","year":"2021","value":"19.15"},{"name":"ROE","year":"2020","value":"8.1"},{"name":"ROE","year":"2019","value":"24.85"},{"name":"ROA","year":"2023","value":"33.59"},{"name":"ROA","year":"2022","value":"-40.05"},{"name":"ROA","year":"2021","value":"18.02"},{"name":"ROA","year":"2020","value":"7.5"},{"name":"ROA","year":"2019","value":"23.01"},{"name":"Net Margin","year":"2023","value":"174.83"},{"name":"Net Margin","year":"2022","value":"-216.11"},{"name":"Net Margin","year":"2021","value":"94"},{"name":"Net Margin","year":"2020","value":"48.19"},{"name":"Net Margin","year":"2019","value":"147.71"}]