[{"name":"date","year":"2023Q1","value":"25.04.2024"},{"name":"date","year":"2023Q2","value":"28.07.2023"},{"name":"date","year":"2023Q3","value":"25.10.2023"},{"name":"date","year":"2023Q4","value":"26.03.2024"},{"name":"date","year":"2024Q1","value":"25.04.2024"},{"name":"currency","year":"2023Q1","value":"RUB"},{"name":"currency","year":"2023Q2","value":"RUB"},{"name":"currency","year":"2023Q3","value":"RUB"},{"name":"currency","year":"2023Q4","value":"RUB"},{"name":"currency","year":"2024Q1","value":"RUB"},{"name":"report_url","year":"2023Q1","value":""},{"name":"report_url","year":"2023Q2","value":"https://www.e-disclosure.ru/portal/FileLoad.ashx?Fileid=1805899"},{"name":"report_url","year":"2023Q3","value":"https://www.e-disclosure.ru/portal/FileLoad.ashx?Fileid=1813672"},{"name":"report_url","year":"2023Q4","value":"https://www.e-disclosure.ru/portal/FileLoad.ashx?Fileid=1826898"},{"name":"report_url","year":"2024Q1","value":"https://www.e-disclosure.ru/portal/FileLoad.ashx?Fileid=1833527"},{"name":"revenue","year":"2023Q1","value":"12.0"},{"name":"revenue","year":"2023Q2","value":"12.0"},{"name":"revenue","year":"2023Q3","value":"10.5"},{"name":"revenue","year":"2023Q4","value":"11.7"},{"name":"revenue","year":"2024Q1","value":"11.5"},{"name":"operating_income","year":"2023Q1","value":"3.14"},{"name":"operating_income","year":"2023Q2","value":"3.34"},{"name":"operating_income","year":"2023Q3","value":"2.18"},{"name":"operating_income","year":"2023Q4","value":"2.48"},{"name":"operating_income","year":"2024Q1","value":"2.08"},{"name":"net_income","year":"2023Q1","value":"2.72"},{"name":"net_income","year":"2023Q2","value":"2.76"},{"name":"net_income","year":"2023Q3","value":"1.60"},{"name":"net_income","year":"2023Q4","value":"2.53"},{"name":"net_income","year":"2024Q1","value":"2.35"},{"name":"div_yield","year":"2023Q1","value":"0.0%"},{"name":"div_yield","year":"2023Q2","value":"0.0%"},{"name":"div_yield","year":"2023Q3","value":"0.0%"},{"name":"div_yield","year":"2023Q4","value":"0.0%"},{"name":"div_yield","year":"2024Q1","value":"0.0%"},{"name":"div_payout_ratio","year":"2023Q1","value":"0%"},{"name":"div_payout_ratio","year":"2023Q2","value":"0%"},{"name":"div_payout_ratio","year":"2023Q3","value":"0%"},{"name":"div_payout_ratio","year":"2023Q4","value":"0%"},{"name":"div_payout_ratio","year":"2024Q1","value":"0%"},{"name":"opex","year":"2023Q1","value":"0.726"},{"name":"opex","year":"2023Q2","value":"0.760"},{"name":"opex","year":"2023Q3","value":"0.780"},{"name":"opex","year":"2023Q4","value":"0.810"},{"name":"opex","year":"2024Q1","value":"0.840"},{"name":"cost_of_production","year":"2023Q1","value":"8.20"},{"name":"cost_of_production","year":"2023Q2","value":"7.90"},{"name":"cost_of_production","year":"2023Q3","value":"7.60"},{"name":"cost_of_production","year":"2023Q4","value":"8.40"},{"name":"cost_of_production","year":"2024Q1","value":"8.60"},{"name":"assets","year":"2023Q1","value":""},{"name":"assets","year":"2023Q2","value":"48.7"},{"name":"assets","year":"2023Q3","value":"51.8"},{"name":"assets","year":"2023Q4","value":"54.6"},{"name":"assets","year":"2024Q1","value":"55.7"},{"name":"net_assets","year":"2023Q1","value":""},{"name":"net_assets","year":"2023Q2","value":"36.5"},{"name":"net_assets","year":"2023Q3","value":"38.0"},{"name":"net_assets","year":"2023Q4","value":"40.5"},{"name":"net_assets","year":"2024Q1","value":"42.9"},{"name":"debt","year":"2023Q1","value":""},{"name":"debt","year":"2023Q2","value":"2.00"},{"name":"debt","year":"2023Q3","value":"2.00"},{"name":"debt","year":"2023Q4","value":"2.00"},{"name":"debt","year":"2024Q1","value":"2.00"},{"name":"cash","year":"2023Q1","value":""},{"name":"cash","year":"2023Q2","value":"23.2"},{"name":"cash","year":"2023Q3","value":"25.0"},{"name":"cash","year":"2023Q4","value":"26.8"},{"name":"cash","year":"2024Q1","value":"28.3"},{"name":"net_debt","year":"2023Q1","value":"0.00"},{"name":"net_debt","year":"2023Q2","value":"-21.2"},{"name":"net_debt","year":"2023Q3","value":"-23.0"},{"name":"net_debt","year":"2023Q4","value":"-24.8"},{"name":"net_debt","year":"2024Q1","value":"-26.3"},{"name":"common_share","year":"2023Q1","value":"100.2"},{"name":"common_share","year":"2023Q2","value":"67.7"},{"name":"common_share","year":"2023Q3","value":"102.3"},{"name":"common_share","year":"2023Q4","value":"65.9"},{"name":"common_share","year":"2024Q1","value":"68.7"},{"name":"number_of_shares","year":"2023Q1","value":"498.5"},{"name":"number_of_shares","year":"2023Q2","value":"498.5"},{"name":"number_of_shares","year":"2023Q3","value":"498.5"},{"name":"number_of_shares","year":"2023Q4","value":"498.5"},{"name":"number_of_shares","year":"2024Q1","value":"498.5"},{"name":"market_cap","year":"2023Q1","value":"49.9"},{"name":"market_cap","year":"2023Q2","value":"33.8"},{"name":"market_cap","year":"2023Q3","value":"51.0"},{"name":"market_cap","year":"2023Q4","value":"32.9"},{"name":"market_cap","year":"2024Q1","value":"34.3"},{"name":"ev","year":"2023Q1","value":"49.9"},{"name":"ev","year":"2023Q2","value":"12.6"},{"name":"ev","year":"2023Q3","value":"28.0"},{"name":"ev","year":"2023Q4","value":"8.01"},{"name":"ev","year":"2024Q1","value":"7.92"},{"name":"book_value","year":"2023Q1","value":"0.00"},{"name":"book_value","year":"2023Q2","value":"36.5"},{"name":"book_value","year":"2023Q3","value":"38.0"},{"name":"book_value","year":"2023Q4","value":"40.5"},{"name":"book_value","year":"2024Q1","value":"42.9"},{"name":"eps","year":"2023Q1","value":"5.46"},{"name":"eps","year":"2023Q2","value":"5.54"},{"name":"eps","year":"2023Q3","value":"3.21"},{"name":"eps","year":"2023Q4","value":"5.08"},{"name":"eps","year":"2024Q1","value":"4.71"},{"name":"fcf_share","year":"2023Q1","value":"0.00"},{"name":"fcf_share","year":"2023Q2","value":"0.00"},{"name":"fcf_share","year":"2023Q3","value":"0.00"},{"name":"fcf_share","year":"2023Q4","value":"0.00"},{"name":"fcf_share","year":"2024Q1","value":"0.00"},{"name":"bv_share","year":"2023Q1","value":"0.00"},{"name":"bv_share","year":"2023Q2","value":"73.3"},{"name":"bv_share","year":"2023Q3","value":"76.2"},{"name":"bv_share","year":"2023Q4","value":"81.3"},{"name":"bv_share","year":"2024Q1","value":"86.0"},{"name":"ebitda_margin","year":"2023Q1","value":"0.0%"},{"name":"ebitda_margin","year":"2023Q2","value":"0.0%"},{"name":"ebitda_margin","year":"2023Q3","value":"0.0%"},{"name":"ebitda_margin","year":"2023Q4","value":"0.0%"},{"name":"ebitda_margin","year":"2024Q1","value":"0.0%"},{"name":"net_margin","year":"2023Q1","value":"22.7%"},{"name":"net_margin","year":"2023Q2","value":"23.0%"},{"name":"net_margin","year":"2023Q3","value":"15.2%"},{"name":"net_margin","year":"2023Q4","value":"21.6%"},{"name":"net_margin","year":"2024Q1","value":"20.4%"},{"name":"fcf_yield","year":"2023Q1","value":"0.0%"},{"name":"fcf_yield","year":"2023Q2","value":"0.0%"},{"name":"fcf_yield","year":"2023Q3","value":"0.0%"},{"name":"fcf_yield","year":"2023Q4","value":"0.0%"},{"name":"fcf_yield","year":"2024Q1","value":"0.0%"},{"name":"roe","year":"2023Q1","value":""},{"name":"roe","year":"2023Q2","value":"25.6%"},{"name":"roe","year":"2023Q3","value":"28.9%"},{"name":"roe","year":"2023Q4","value":"23.7%"},{"name":"roe","year":"2024Q1","value":"21.6%"},{"name":"roa","year":"2023Q1","value":""},{"name":"roa","year":"2023Q2","value":"19.2%"},{"name":"roa","year":"2023Q3","value":"21.2%"},{"name":"roa","year":"2023Q4","value":"17.6%"},{"name":"roa","year":"2024Q1","value":"16.6%"},{"name":"p_e","year":"2023Q1","value":"5.86"},{"name":"p_e","year":"2023Q2","value":"3.60"},{"name":"p_e","year":"2023Q3","value":"4.65"},{"name":"p_e","year":"2023Q4","value":"3.42"},{"name":"p_e","year":"2024Q1","value":"3.71"},{"name":"p_s","year":"2023Q1","value":"1.17"},{"name":"p_s","year":"2023Q2","value":"0.75"},{"name":"p_s","year":"2023Q3","value":"0.92"},{"name":"p_s","year":"2023Q4","value":"0.71"},{"name":"p_s","year":"2024Q1","value":"0.75"},{"name":"p_bv","year":"2023Q1","value":""},{"name":"p_bv","year":"2023Q2","value":"0.92"},{"name":"p_bv","year":"2023Q3","value":"1.34"},{"name":"p_bv","year":"2023Q4","value":"0.81"},{"name":"p_bv","year":"2024Q1","value":"0.80"},{"name":"capex_revenue","year":"2023Q1","value":"0%"},{"name":"capex_revenue","year":"2023Q2","value":"0%"},{"name":"capex_revenue","year":"2023Q3","value":"0%"},{"name":"capex_revenue","year":"2023Q4","value":"0%"},{"name":"capex_revenue","year":"2024Q1","value":"0%"}]