[
  {
    "name": "revenue",
    "year": "2021Q1",
    "value": 7.84
  },
  {
    "name": "revenue",
    "year": "2021Q2",
    "value": 9.96
  },
  {
    "name": "revenue",
    "year": "2021Q3",
    "value": 10.48
  },
  {
    "name": "revenue",
    "year": "2021Q4",
    "value": 11.49
  },
  {
    "name": "revenue",
    "year": "2022Q1",
    "value": 11.81
  },
  {
    "name": "revenue",
    "year": "2022Q2",
    "value": 9.58
  },
  {
    "name": "revenue",
    "year": "2022Q3",
    "value": 10.16
  },
  {
    "name": "revenue",
    "year": "2022Q4",
    "value": 10.9
  },
  {
    "name": "revenue",
    "year": "2023Q1",
    "value": 12.0
  },
  {
    "name": "revenue",
    "year": "2023Q2",
    "value": 12.0
  },
  {
    "name": "revenue",
    "year": "2023Q3",
    "value": 10.51
  },
  {
    "name": "revenue",
    "year": "2023Q4",
    "value": 11.69
  },
  {
    "name": "revenue",
    "year": "2024Q1",
    "value": 11.53
  },
  {
    "name": "operating_income",
    "year": "2021Q1",
    "value": 1.05
  },
  {
    "name": "operating_income",
    "year": "2021Q2",
    "value": 2.81
  },
  {
    "name": "operating_income",
    "year": "2021Q3",
    "value": 3.71
  },
  {
    "name": "operating_income",
    "year": "2021Q4",
    "value": 2.29
  },
  {
    "name": "operating_income",
    "year": "2022Q1",
    "value": 3.29
  },
  {
    "name": "operating_income",
    "year": "2022Q2",
    "value": 2.3
  },
  {
    "name": "operating_income",
    "year": "2022Q3",
    "value": 1.86
  },
  {
    "name": "operating_income",
    "year": "2022Q4",
    "value": 2.68
  },
  {
    "name": "operating_income",
    "year": "2023Q1",
    "value": 3.14
  },
  {
    "name": "operating_income",
    "year": "2023Q2",
    "value": 3.34
  },
  {
    "name": "operating_income",
    "year": "2023Q3",
    "value": 2.18
  },
  {
    "name": "operating_income",
    "year": "2023Q4",
    "value": 2.48
  },
  {
    "name": "operating_income",
    "year": "2024Q1",
    "value": 2.08
  },
  {
    "name": "net_income",
    "year": "2021Q1",
    "value": 0.795
  },
  {
    "name": "net_income",
    "year": "2021Q2",
    "value": 2.18
  },
  {
    "name": "net_income",
    "year": "2021Q3",
    "value": 2.74
  },
  {
    "name": "net_income",
    "year": "2021Q4",
    "value": 1.72
  },
  {
    "name": "net_income",
    "year": "2022Q1",
    "value": 4.92
  },
  {
    "name": "net_income",
    "year": "2022Q2",
    "value": 1.91
  },
  {
    "name": "net_income",
    "year": "2022Q3",
    "value": 1.62
  },
  {
    "name": "net_income",
    "year": "2022Q4",
    "value": 2.27
  },
  {
    "name": "net_income",
    "year": "2023Q1",
    "value": 2.72
  },
  {
    "name": "net_income",
    "year": "2023Q2",
    "value": 2.76
  },
  {
    "name": "net_income",
    "year": "2023Q3",
    "value": 1.6
  },
  {
    "name": "net_income",
    "year": "2023Q4",
    "value": 2.53
  },
  {
    "name": "net_income",
    "year": "2024Q1",
    "value": 2.35
  },
  {
    "name": "opex",
    "year": "2021Q1",
    "value": 0.524
  },
  {
    "name": "opex",
    "year": "2021Q2",
    "value": 0.61
  },
  {
    "name": "opex",
    "year": "2021Q3",
    "value": null
  },
  {
    "name": "opex",
    "year": "2021Q4",
    "value": null
  },
  {
    "name": "opex",
    "year": "2022Q1",
    "value": 0.676
  },
  {
    "name": "opex",
    "year": "2022Q2",
    "value": 0.676
  },
  {
    "name": "opex",
    "year": "2022Q3",
    "value": 0.63
  },
  {
    "name": "opex",
    "year": "2022Q4",
    "value": 0.698
  },
  {
    "name": "opex",
    "year": "2023Q1",
    "value": 0.726
  },
  {
    "name": "opex",
    "year": "2023Q2",
    "value": 0.76
  },
  {
    "name": "opex",
    "year": "2023Q3",
    "value": 0.78
  },
  {
    "name": "opex",
    "year": "2023Q4",
    "value": 0.81
  },
  {
    "name": "opex",
    "year": "2024Q1",
    "value": 0.84
  },
  {
    "name": "cost_of_production",
    "year": "2021Q1",
    "value": 6.26
  },
  {
    "name": "cost_of_production",
    "year": "2021Q2",
    "value": 6.59
  },
  {
    "name": "cost_of_production",
    "year": "2021Q3",
    "value": null
  },
  {
    "name": "cost_of_production",
    "year": "2021Q4",
    "value": null
  },
  {
    "name": "cost_of_production",
    "year": "2022Q1",
    "value": 7.85
  },
  {
    "name": "cost_of_production",
    "year": "2022Q2",
    "value": 6.61
  },
  {
    "name": "cost_of_production",
    "year": "2022Q3",
    "value": 7.66
  },
  {
    "name": "cost_of_production",
    "year": "2022Q4",
    "value": 7.48
  },
  {
    "name": "cost_of_production",
    "year": "2023Q1",
    "value": 8.2
  },
  {
    "name": "cost_of_production",
    "year": "2023Q2",
    "value": 7.9
  },
  {
    "name": "cost_of_production",
    "year": "2023Q3",
    "value": 7.6
  },
  {
    "name": "cost_of_production",
    "year": "2023Q4",
    "value": 8.4
  },
  {
    "name": "cost_of_production",
    "year": "2024Q1",
    "value": 8.6
  },
  {
    "name": "assets",
    "year": "2017Q4",
    "value": 20.8
  },
  {
    "name": "assets",
    "year": "2018Q4",
    "value": 19.74
  },
  {
    "name": "assets",
    "year": "2019Q4",
    "value": 20.02
  },
  {
    "name": "assets",
    "year": "2020Q4",
    "value": 20.375
  },
  {
    "name": "assets",
    "year": "2021Q1",
    "value": null
  },
  {
    "name": "assets",
    "year": "2021Q2",
    "value": null
  },
  {
    "name": "assets",
    "year": "2021Q3",
    "value": 26.47
  },
  {
    "name": "assets",
    "year": "2021Q4",
    "value": 28.6
  },
  {
    "name": "assets",
    "year": "2022Q1",
    "value": 34.16
  },
  {
    "name": "assets",
    "year": "2022Q2",
    "value": 36.2
  },
  {
    "name": "assets",
    "year": "2022Q3",
    "value": null
  },
  {
    "name": "assets",
    "year": "2022Q4",
    "value": 42.6
  },
  {
    "name": "assets",
    "year": "2023Q1",
    "value": null
  },
  {
    "name": "assets",
    "year": "2023Q2",
    "value": 48.7
  },
  {
    "name": "assets",
    "year": "2023Q3",
    "value": 51.84
  },
  {
    "name": "assets",
    "year": "2023Q4",
    "value": 54.6
  },
  {
    "name": "assets",
    "year": "2024Q1",
    "value": 55.74
  },
  {
    "name": "net_assets",
    "year": "2017Q4",
    "value": 9.0
  },
  {
    "name": "net_assets",
    "year": "2018Q4",
    "value": 8.6
  },
  {
    "name": "net_assets",
    "year": "2019Q4",
    "value": 9.98
  },
  {
    "name": "net_assets",
    "year": "2020Q4",
    "value": 10.06
  },
  {
    "name": "net_assets",
    "year": "2021Q1",
    "value": null
  },
  {
    "name": "net_assets",
    "year": "2021Q2",
    "value": null
  },
  {
    "name": "net_assets",
    "year": "2021Q3",
    "value": 15.78
  },
  {
    "name": "net_assets",
    "year": "2021Q4",
    "value": 17.49
  },
  {
    "name": "net_assets",
    "year": "2022Q1",
    "value": 25.26
  },
  {
    "name": "net_assets",
    "year": "2022Q2",
    "value": 27.17
  },
  {
    "name": "net_assets",
    "year": "2022Q3",
    "value": null
  },
  {
    "name": "net_assets",
    "year": "2022Q4",
    "value": 31.1
  },
  {
    "name": "net_assets",
    "year": "2023Q1",
    "value": null
  },
  {
    "name": "net_assets",
    "year": "2023Q2",
    "value": 36.54
  },
  {
    "name": "net_assets",
    "year": "2023Q3",
    "value": 38.0
  },
  {
    "name": "net_assets",
    "year": "2023Q4",
    "value": 40.5
  },
  {
    "name": "net_assets",
    "year": "2024Q1",
    "value": 42.87
  },
  {
    "name": "debt",
    "year": "2017Q4",
    "value": 7.78
  },
  {
    "name": "debt",
    "year": "2018Q4",
    "value": 7.64
  },
  {
    "name": "debt",
    "year": "2019Q4",
    "value": 5.93
  },
  {
    "name": "debt",
    "year": "2020Q4",
    "value": 6.11
  },
  {
    "name": "debt",
    "year": "2021Q1",
    "value": null
  },
  {
    "name": "debt",
    "year": "2021Q2",
    "value": null
  },
  {
    "name": "debt",
    "year": "2021Q3",
    "value": 5.13
  },
  {
    "name": "debt",
    "year": "2021Q4",
    "value": 4.86
  },
  {
    "name": "debt",
    "year": "2022Q1",
    "value": 2.0
  },
  {
    "name": "debt",
    "year": "2022Q2",
    "value": 2.0
  },
  {
    "name": "debt",
    "year": "2022Q3",
    "value": null
  },
  {
    "name": "debt",
    "year": "2022Q4",
    "value": 2.0
  },
  {
    "name": "debt",
    "year": "2023Q1",
    "value": null
  },
  {
    "name": "debt",
    "year": "2023Q2",
    "value": 2.0
  },
  {
    "name": "debt",
    "year": "2023Q3",
    "value": 2.0
  },
  {
    "name": "debt",
    "year": "2023Q4",
    "value": 2.0
  },
  {
    "name": "debt",
    "year": "2024Q1",
    "value": 2.0
  },
  {
    "name": "cash",
    "year": "2017Q4",
    "value": 0.341
  },
  {
    "name": "cash",
    "year": "2018Q4",
    "value": 0.5
  },
  {
    "name": "cash",
    "year": "2019Q4",
    "value": 2.0
  },
  {
    "name": "cash",
    "year": "2020Q4",
    "value": 3.8
  },
  {
    "name": "cash",
    "year": "2021Q1",
    "value": null
  },
  {
    "name": "cash",
    "year": "2021Q2",
    "value": null
  },
  {
    "name": "cash",
    "year": "2021Q3",
    "value": 6.52
  },
  {
    "name": "cash",
    "year": "2021Q4",
    "value": 9.38
  },
  {
    "name": "cash",
    "year": "2022Q1",
    "value": 8.74
  },
  {
    "name": "cash",
    "year": "2022Q2",
    "value": 1.78
  },
  {
    "name": "cash",
    "year": "2022Q3",
    "value": null
  },
  {
    "name": "cash",
    "year": "2022Q4",
    "value": 17.0
  },
  {
    "name": "cash",
    "year": "2023Q1",
    "value": null
  },
  {
    "name": "cash",
    "year": "2023Q2",
    "value": 23.2
  },
  {
    "name": "cash",
    "year": "2023Q3",
    "value": 25.0
  },
  {
    "name": "cash",
    "year": "2023Q4",
    "value": 26.84
  },
  {
    "name": "cash",
    "year": "2024Q1",
    "value": 28.33
  },
  {
    "name": "net_debt",
    "year": "2016Q4",
    "value": 0.0
  },
  {
    "name": "net_debt",
    "year": "2017Q4",
    "value": 7.439
  },
  {
    "name": "net_debt",
    "year": "2018Q4",
    "value": 7.14
  },
  {
    "name": "net_debt",
    "year": "2019Q4",
    "value": 3.93
  },
  {
    "name": "net_debt",
    "year": "2020Q4",
    "value": 2.31
  },
  {
    "name": "net_debt",
    "year": "2021Q1",
    "value": 0.0
  },
  {
    "name": "net_debt",
    "year": "2021Q2",
    "value": 0.0
  },
  {
    "name": "net_debt",
    "year": "2021Q3",
    "value": -1.39
  },
  {
    "name": "net_debt",
    "year": "2021Q4",
    "value": -4.52
  },
  {
    "name": "net_debt",
    "year": "2022Q1",
    "value": -6.74
  },
  {
    "name": "net_debt",
    "year": "2022Q2",
    "value": 0.22
  },
  {
    "name": "net_debt",
    "year": "2022Q3",
    "value": 0.0
  },
  {
    "name": "net_debt",
    "year": "2022Q4",
    "value": -15.0
  },
  {
    "name": "net_debt",
    "year": "2023Q1",
    "value": 0.0
  },
  {
    "name": "net_debt",
    "year": "2023Q2",
    "value": -21.2
  },
  {
    "name": "net_debt",
    "year": "2023Q3",
    "value": -23.0
  },
  {
    "name": "net_debt",
    "year": "2023Q4",
    "value": -24.84
  },
  {
    "name": "net_debt",
    "year": "2024Q1",
    "value": -26.33
  },
  {
    "name": "common_share",
    "year": "2016Q4",
    "value": 3.97
  },
  {
    "name": "common_share",
    "year": "2017Q4",
    "value": 4.7
  },
  {
    "name": "common_share",
    "year": "2018Q4",
    "value": 3.956
  },
  {
    "name": "common_share",
    "year": "2019Q4",
    "value": 4.9
  },
  {
    "name": "common_share",
    "year": "2020Q4",
    "value": 7.28
  },
  {
    "name": "common_share",
    "year": "2021Q1",
    "value": 7.87
  },
  {
    "name": "common_share",
    "year": "2021Q2",
    "value": 11.085
  },
  {
    "name": "common_share",
    "year": "2021Q3",
    "value": 20.15
  },
  {
    "name": "common_share",
    "year": "2021Q4",
    "value": 17.91
  },
  {
    "name": "common_share",
    "year": "2022Q1",
    "value": 20.595
  },
  {
    "name": "common_share",
    "year": "2022Q2",
    "value": 20.27
  },
  {
    "name": "common_share",
    "year": "2022Q3",
    "value": 24.485
  },
  {
    "name": "common_share",
    "year": "2022Q4",
    "value": 27.3
  },
  {
    "name": "common_share",
    "year": "2023Q1",
    "value": 100.175
  },
  {
    "name": "common_share",
    "year": "2023Q2",
    "value": 67.73
  },
  {
    "name": "common_share",
    "year": "2023Q3",
    "value": 102.3
  },
  {
    "name": "common_share",
    "year": "2023Q4",
    "value": 65.91
  },
  {
    "name": "common_share",
    "year": "2024Q1",
    "value": 68.72
  },
  {
    "name": "number_of_shares",
    "year": "2016Q4",
    "value": 498.455
  },
  {
    "name": "number_of_shares",
    "year": "2017Q4",
    "value": 498.455
  },
  {
    "name": "number_of_shares",
    "year": "2018Q4",
    "value": 498.455
  },
  {
    "name": "number_of_shares",
    "year": "2019Q4",
    "value": 498.455
  },
  {
    "name": "number_of_shares",
    "year": "2020Q4",
    "value": 498.455
  },
  {
    "name": "number_of_shares",
    "year": "2021Q1",
    "value": 498.455
  },
  {
    "name": "number_of_shares",
    "year": "2021Q2",
    "value": 498.455
  },
  {
    "name": "number_of_shares",
    "year": "2021Q3",
    "value": 498.455
  },
  {
    "name": "number_of_shares",
    "year": "2021Q4",
    "value": 498.455
  },
  {
    "name": "number_of_shares",
    "year": "2022Q1",
    "value": 498.455
  },
  {
    "name": "number_of_shares",
    "year": "2022Q2",
    "value": 498.455
  },
  {
    "name": "number_of_shares",
    "year": "2022Q3",
    "value": 498.455
  },
  {
    "name": "number_of_shares",
    "year": "2022Q4",
    "value": 498.455
  },
  {
    "name": "number_of_shares",
    "year": "2023Q1",
    "value": 498.455
  },
  {
    "name": "number_of_shares",
    "year": "2023Q2",
    "value": 498.455
  },
  {
    "name": "number_of_shares",
    "year": "2023Q3",
    "value": 498.455
  },
  {
    "name": "number_of_shares",
    "year": "2023Q4",
    "value": 498.455
  },
  {
    "name": "number_of_shares",
    "year": "2024Q1",
    "value": 498.455
  },
  {
    "name": "market_cap",
    "year": "2016Q4",
    "value": 1.97886635
  },
  {
    "name": "market_cap",
    "year": "2017Q4",
    "value": 2.3427385
  },
  {
    "name": "market_cap",
    "year": "2018Q4",
    "value": 1.97188798
  },
  {
    "name": "market_cap",
    "year": "2019Q4",
    "value": 2.4424295
  },
  {
    "name": "market_cap",
    "year": "2020Q4",
    "value": 3.6287524
  },
  {
    "name": "market_cap",
    "year": "2021Q1",
    "value": 3.92284085
  },
  {
    "name": "market_cap",
    "year": "2021Q2",
    "value": 5.525373675
  },
  {
    "name": "market_cap",
    "year": "2021Q3",
    "value": 10.04386825
  },
  {
    "name": "market_cap",
    "year": "2021Q4",
    "value": 8.92732905
  },
  {
    "name": "market_cap",
    "year": "2022Q1",
    "value": 10.265680725
  },
  {
    "name": "market_cap",
    "year": "2022Q2",
    "value": 10.10368285
  },
  {
    "name": "market_cap",
    "year": "2022Q3",
    "value": 12.204670675
  },
  {
    "name": "market_cap",
    "year": "2022Q4",
    "value": 13.6078215
  },
  {
    "name": "market_cap",
    "year": "2023Q1",
    "value": 49.932729625
  },
  {
    "name": "market_cap",
    "year": "2023Q2",
    "value": 33.76035715
  },
  {
    "name": "market_cap",
    "year": "2023Q3",
    "value": 50.9919465
  },
  {
    "name": "market_cap",
    "year": "2023Q4",
    "value": 32.85316905
  },
  {
    "name": "market_cap",
    "year": "2024Q1",
    "value": 34.2538276
  },
  {
    "name": "ev",
    "year": "2016Q4",
    "value": 1.97886635
  },
  {
    "name": "ev",
    "year": "2017Q4",
    "value": 9.7817385
  },
  {
    "name": "ev",
    "year": "2018Q4",
    "value": 9.11188798
  },
  {
    "name": "ev",
    "year": "2019Q4",
    "value": 6.3724295
  },
  {
    "name": "ev",
    "year": "2020Q4",
    "value": 5.9387524
  },
  {
    "name": "ev",
    "year": "2021Q1",
    "value": 3.92284085
  },
  {
    "name": "ev",
    "year": "2021Q2",
    "value": 5.525373675
  },
  {
    "name": "ev",
    "year": "2021Q3",
    "value": 8.65386825
  },
  {
    "name": "ev",
    "year": "2021Q4",
    "value": 4.40732905
  },
  {
    "name": "ev",
    "year": "2022Q1",
    "value": 3.525680725
  },
  {
    "name": "ev",
    "year": "2022Q2",
    "value": 10.32368285
  },
  {
    "name": "ev",
    "year": "2022Q3",
    "value": 12.204670675
  },
  {
    "name": "ev",
    "year": "2022Q4",
    "value": -1.3921785
  },
  {
    "name": "ev",
    "year": "2023Q1",
    "value": 49.932729625
  },
  {
    "name": "ev",
    "year": "2023Q2",
    "value": 12.56035715
  },
  {
    "name": "ev",
    "year": "2023Q3",
    "value": 27.9919465
  },
  {
    "name": "ev",
    "year": "2023Q4",
    "value": 8.01316905
  },
  {
    "name": "ev",
    "year": "2024Q1",
    "value": 7.9238276
  },
  {
    "name": "book_value",
    "year": "2016Q4",
    "value": 0.0
  },
  {
    "name": "book_value",
    "year": "2017Q4",
    "value": 9.0
  },
  {
    "name": "book_value",
    "year": "2018Q4",
    "value": 8.6
  },
  {
    "name": "book_value",
    "year": "2019Q4",
    "value": 9.98
  },
  {
    "name": "book_value",
    "year": "2020Q4",
    "value": 10.06
  },
  {
    "name": "book_value",
    "year": "2021Q1",
    "value": 0.0
  },
  {
    "name": "book_value",
    "year": "2021Q2",
    "value": 0.0
  },
  {
    "name": "book_value",
    "year": "2021Q3",
    "value": 15.78
  },
  {
    "name": "book_value",
    "year": "2021Q4",
    "value": 17.49
  },
  {
    "name": "book_value",
    "year": "2022Q1",
    "value": 25.26
  },
  {
    "name": "book_value",
    "year": "2022Q2",
    "value": 27.17
  },
  {
    "name": "book_value",
    "year": "2022Q3",
    "value": 0.0
  },
  {
    "name": "book_value",
    "year": "2022Q4",
    "value": 31.1
  },
  {
    "name": "book_value",
    "year": "2023Q1",
    "value": 0.0
  },
  {
    "name": "book_value",
    "year": "2023Q2",
    "value": 36.54
  },
  {
    "name": "book_value",
    "year": "2023Q3",
    "value": 38.0
  },
  {
    "name": "book_value",
    "year": "2023Q4",
    "value": 40.5
  },
  {
    "name": "book_value",
    "year": "2024Q1",
    "value": 42.87
  },
  {
    "name": "eps",
    "year": "2016Q4",
    "value": 0.0
  },
  {
    "name": "eps",
    "year": "2017Q4",
    "value": 0.0
  },
  {
    "name": "eps",
    "year": "2018Q4",
    "value": 0.0
  },
  {
    "name": "eps",
    "year": "2019Q4",
    "value": 0.0
  },
  {
    "name": "eps",
    "year": "2020Q4",
    "value": 0.0
  },
  {
    "name": "eps",
    "year": "2021Q1",
    "value": 1.59492832854
  },
  {
    "name": "eps",
    "year": "2021Q2",
    "value": 4.37351415875
  },
  {
    "name": "eps",
    "year": "2021Q3",
    "value": 5.49698568577
  },
  {
    "name": "eps",
    "year": "2021Q4",
    "value": 3.45066254727
  },
  {
    "name": "eps",
    "year": "2022Q1",
    "value": 9.87049984452
  },
  {
    "name": "eps",
    "year": "2022Q2",
    "value": 3.8318403868
  },
  {
    "name": "eps",
    "year": "2022Q3",
    "value": 3.25004263173
  },
  {
    "name": "eps",
    "year": "2022Q4",
    "value": 4.55407208274
  },
  {
    "name": "eps",
    "year": "2023Q1",
    "value": 5.45686170266
  },
  {
    "name": "eps",
    "year": "2023Q2",
    "value": 5.53710966888
  },
  {
    "name": "eps",
    "year": "2023Q3",
    "value": 3.20991864862
  },
  {
    "name": "eps",
    "year": "2023Q4",
    "value": 5.07568386314
  },
  {
    "name": "eps",
    "year": "2024Q1",
    "value": 4.71456801517
  },
  {
    "name": "fcf_share",
    "year": "2016Q4",
    "value": 0.0
  },
  {
    "name": "fcf_share",
    "year": "2017Q4",
    "value": 0.0
  },
  {
    "name": "fcf_share",
    "year": "2018Q4",
    "value": 0.0
  },
  {
    "name": "fcf_share",
    "year": "2019Q4",
    "value": 0.0
  },
  {
    "name": "fcf_share",
    "year": "2020Q4",
    "value": 0.0
  },
  {
    "name": "fcf_share",
    "year": "2021Q1",
    "value": 0.0
  },
  {
    "name": "fcf_share",
    "year": "2021Q2",
    "value": 0.0
  },
  {
    "name": "fcf_share",
    "year": "2021Q3",
    "value": 0.0
  },
  {
    "name": "fcf_share",
    "year": "2021Q4",
    "value": 0.0
  },
  {
    "name": "fcf_share",
    "year": "2022Q1",
    "value": 0.0
  },
  {
    "name": "fcf_share",
    "year": "2022Q2",
    "value": 0.0
  },
  {
    "name": "fcf_share",
    "year": "2022Q3",
    "value": 0.0
  },
  {
    "name": "fcf_share",
    "year": "2022Q4",
    "value": 0.0
  },
  {
    "name": "fcf_share",
    "year": "2023Q1",
    "value": 0.0
  },
  {
    "name": "fcf_share",
    "year": "2023Q2",
    "value": 0.0
  },
  {
    "name": "fcf_share",
    "year": "2023Q3",
    "value": 0.0
  },
  {
    "name": "fcf_share",
    "year": "2023Q4",
    "value": 0.0
  },
  {
    "name": "fcf_share",
    "year": "2024Q1",
    "value": 0.0
  },
  {
    "name": "bv_share",
    "year": "2016Q4",
    "value": 0.0
  },
  {
    "name": "bv_share",
    "year": "2017Q4",
    "value": 18.0557923985
  },
  {
    "name": "bv_share",
    "year": "2018Q4",
    "value": 17.2533127364
  },
  {
    "name": "bv_share",
    "year": "2019Q4",
    "value": 20.0218675708
  },
  {
    "name": "bv_share",
    "year": "2020Q4",
    "value": 20.1823635032
  },
  {
    "name": "bv_share",
    "year": "2021Q1",
    "value": 0.0
  },
  {
    "name": "bv_share",
    "year": "2021Q2",
    "value": 0.0
  },
  {
    "name": "bv_share",
    "year": "2021Q3",
    "value": 31.6578226721
  },
  {
    "name": "bv_share",
    "year": "2021Q4",
    "value": 35.0884232278
  },
  {
    "name": "bv_share",
    "year": "2022Q1",
    "value": 50.6765906652
  },
  {
    "name": "bv_share",
    "year": "2022Q2",
    "value": 54.508431052
  },
  {
    "name": "bv_share",
    "year": "2022Q3",
    "value": 0.0
  },
  {
    "name": "bv_share",
    "year": "2022Q4",
    "value": 62.3927937326
  },
  {
    "name": "bv_share",
    "year": "2023Q1",
    "value": 0.0
  },
  {
    "name": "bv_share",
    "year": "2023Q2",
    "value": 73.306517138
  },
  {
    "name": "bv_share",
    "year": "2023Q3",
    "value": 76.2355679048
  },
  {
    "name": "bv_share",
    "year": "2023Q4",
    "value": 81.2510657933
  },
  {
    "name": "bv_share",
    "year": "2024Q1",
    "value": 86.0057577916
  },
  {
    "name": "ebitda_margin",
    "year": "2021Q1",
    "value": 0.0
  },
  {
    "name": "ebitda_margin",
    "year": "2021Q2",
    "value": 0.0
  },
  {
    "name": "ebitda_margin",
    "year": "2021Q3",
    "value": 0.0
  },
  {
    "name": "ebitda_margin",
    "year": "2021Q4",
    "value": 0.0
  },
  {
    "name": "ebitda_margin",
    "year": "2022Q1",
    "value": 0.0
  },
  {
    "name": "ebitda_margin",
    "year": "2022Q2",
    "value": 0.0
  },
  {
    "name": "ebitda_margin",
    "year": "2022Q3",
    "value": 0.0
  },
  {
    "name": "ebitda_margin",
    "year": "2022Q4",
    "value": 0.0
  },
  {
    "name": "ebitda_margin",
    "year": "2023Q1",
    "value": 0.0
  },
  {
    "name": "ebitda_margin",
    "year": "2023Q2",
    "value": 0.0
  },
  {
    "name": "ebitda_margin",
    "year": "2023Q3",
    "value": 0.0
  },
  {
    "name": "ebitda_margin",
    "year": "2023Q4",
    "value": 0.0
  },
  {
    "name": "ebitda_margin",
    "year": "2024Q1",
    "value": 0.0
  },
  {
    "name": "net_margin",
    "year": "2021Q1",
    "value": 10.1403061224
  },
  {
    "name": "net_margin",
    "year": "2021Q2",
    "value": 21.8875502008
  },
  {
    "name": "net_margin",
    "year": "2021Q3",
    "value": 26.145038167899997
  },
  {
    "name": "net_margin",
    "year": "2021Q4",
    "value": 14.9695387293
  },
  {
    "name": "net_margin",
    "year": "2022Q1",
    "value": 41.6596104996
  },
  {
    "name": "net_margin",
    "year": "2022Q2",
    "value": 19.9373695198
  },
  {
    "name": "net_margin",
    "year": "2022Q3",
    "value": 15.9448818898
  },
  {
    "name": "net_margin",
    "year": "2022Q4",
    "value": 20.825688073400002
  },
  {
    "name": "net_margin",
    "year": "2023Q1",
    "value": 22.6666666667
  },
  {
    "name": "net_margin",
    "year": "2023Q2",
    "value": 23.0
  },
  {
    "name": "net_margin",
    "year": "2023Q3",
    "value": 15.223596574699998
  },
  {
    "name": "net_margin",
    "year": "2023Q4",
    "value": 21.6424294269
  },
  {
    "name": "net_margin",
    "year": "2024Q1",
    "value": 20.381613183
  },
  {
    "name": "fcf_yield",
    "year": "2016Q4",
    "value": 0.0
  },
  {
    "name": "fcf_yield",
    "year": "2017Q4",
    "value": 0.0
  },
  {
    "name": "fcf_yield",
    "year": "2018Q4",
    "value": 0.0
  },
  {
    "name": "fcf_yield",
    "year": "2019Q4",
    "value": 0.0
  },
  {
    "name": "fcf_yield",
    "year": "2020Q4",
    "value": 0.0
  },
  {
    "name": "fcf_yield",
    "year": "2021Q1",
    "value": 0.0
  },
  {
    "name": "fcf_yield",
    "year": "2021Q2",
    "value": 0.0
  },
  {
    "name": "fcf_yield",
    "year": "2021Q3",
    "value": 0.0
  },
  {
    "name": "fcf_yield",
    "year": "2021Q4",
    "value": 0.0
  },
  {
    "name": "fcf_yield",
    "year": "2022Q1",
    "value": 0.0
  },
  {
    "name": "fcf_yield",
    "year": "2022Q2",
    "value": 0.0
  },
  {
    "name": "fcf_yield",
    "year": "2022Q3",
    "value": 0.0
  },
  {
    "name": "fcf_yield",
    "year": "2022Q4",
    "value": 0.0
  },
  {
    "name": "fcf_yield",
    "year": "2023Q1",
    "value": 0.0
  },
  {
    "name": "fcf_yield",
    "year": "2023Q2",
    "value": 0.0
  },
  {
    "name": "fcf_yield",
    "year": "2023Q3",
    "value": 0.0
  },
  {
    "name": "fcf_yield",
    "year": "2023Q4",
    "value": 0.0
  },
  {
    "name": "fcf_yield",
    "year": "2024Q1",
    "value": 0.0
  },
  {
    "name": "roe",
    "year": "2017Q4",
    "value": 0.0
  },
  {
    "name": "roe",
    "year": "2018Q4",
    "value": 0.0
  },
  {
    "name": "roe",
    "year": "2019Q4",
    "value": 0.0
  },
  {
    "name": "roe",
    "year": "2020Q4",
    "value": 0.0
  },
  {
    "name": "roe",
    "year": "2021Q1",
    "value": null
  },
  {
    "name": "roe",
    "year": "2021Q2",
    "value": null
  },
  {
    "name": "roe",
    "year": "2021Q3",
    "value": 36.216730038
  },
  {
    "name": "roe",
    "year": "2021Q4",
    "value": 42.5100057176
  },
  {
    "name": "roe",
    "year": "2022Q1",
    "value": 45.7640538401
  },
  {
    "name": "roe",
    "year": "2022Q2",
    "value": 41.5531836584
  },
  {
    "name": "roe",
    "year": "2022Q3",
    "value": null
  },
  {
    "name": "roe",
    "year": "2022Q4",
    "value": 34.4694533762
  },
  {
    "name": "roe",
    "year": "2023Q1",
    "value": null
  },
  {
    "name": "roe",
    "year": "2023Q2",
    "value": 25.643130815499998
  },
  {
    "name": "roe",
    "year": "2023Q3",
    "value": 28.868421052600002
  },
  {
    "name": "roe",
    "year": "2023Q4",
    "value": 23.7283950617
  },
  {
    "name": "roe",
    "year": "2024Q1",
    "value": 21.553533939799998
  },
  {
    "name": "roa",
    "year": "2017Q4",
    "value": 0.0
  },
  {
    "name": "roa",
    "year": "2018Q4",
    "value": 0.0
  },
  {
    "name": "roa",
    "year": "2019Q4",
    "value": 0.0
  },
  {
    "name": "roa",
    "year": "2020Q4",
    "value": 0.0
  },
  {
    "name": "roa",
    "year": "2021Q1",
    "value": null
  },
  {
    "name": "roa",
    "year": "2021Q2",
    "value": null
  },
  {
    "name": "roa",
    "year": "2021Q3",
    "value": 21.5904797884
  },
  {
    "name": "roa",
    "year": "2021Q4",
    "value": 25.9965034965
  },
  {
    "name": "roa",
    "year": "2022Q1",
    "value": 33.840749414499996
  },
  {
    "name": "roa",
    "year": "2022Q2",
    "value": 31.1878453039
  },
  {
    "name": "roa",
    "year": "2022Q3",
    "value": null
  },
  {
    "name": "roa",
    "year": "2022Q4",
    "value": 25.1643192488
  },
  {
    "name": "roa",
    "year": "2023Q1",
    "value": null
  },
  {
    "name": "roa",
    "year": "2023Q2",
    "value": 19.2402464066
  },
  {
    "name": "roa",
    "year": "2023Q3",
    "value": 21.1612654321
  },
  {
    "name": "roa",
    "year": "2023Q4",
    "value": 17.6007326007
  },
  {
    "name": "roa",
    "year": "2024Q1",
    "value": 16.5769644779
  },
  {
    "name": "p_e",
    "year": "2021Q1",
    "value": 4.93439100629
  },
  {
    "name": "p_e",
    "year": "2021Q2",
    "value": 1.85726846218
  },
  {
    "name": "p_e",
    "year": "2021Q3",
    "value": 1.75745726159
  },
  {
    "name": "p_e",
    "year": "2021Q4",
    "value": 1.20071675185
  },
  {
    "name": "p_e",
    "year": "2022Q1",
    "value": 0.888034664792
  },
  {
    "name": "p_e",
    "year": "2022Q2",
    "value": 0.894923193091
  },
  {
    "name": "p_e",
    "year": "2022Q3",
    "value": 1.20006594641
  },
  {
    "name": "p_e",
    "year": "2022Q4",
    "value": 1.26938633396
  },
  {
    "name": "p_e",
    "year": "2023Q1",
    "value": 5.86064901702
  },
  {
    "name": "p_e",
    "year": "2023Q2",
    "value": 3.60302637673
  },
  {
    "name": "p_e",
    "year": "2023Q3",
    "value": 4.64830870556
  },
  {
    "name": "p_e",
    "year": "2023Q4",
    "value": 3.41864402185
  },
  {
    "name": "p_e",
    "year": "2024Q1",
    "value": 3.70712419913
  },
  {
    "name": "p_s",
    "year": "2021Q1",
    "value": 0.500362353316
  },
  {
    "name": "p_s",
    "year": "2021Q2",
    "value": 0.310414251404
  },
  {
    "name": "p_s",
    "year": "2021Q3",
    "value": 0.355158000354
  },
  {
    "name": "p_s",
    "year": "2021Q4",
    "value": 0.224473951471
  },
  {
    "name": "p_s",
    "year": "2022Q1",
    "value": 0.234697776063
  },
  {
    "name": "p_s",
    "year": "2022Q2",
    "value": 0.233018515913
  },
  {
    "name": "p_s",
    "year": "2022Q3",
    "value": 0.283565768471
  },
  {
    "name": "p_s",
    "year": "2022Q4",
    "value": 0.320561166078
  },
  {
    "name": "p_s",
    "year": "2023Q1",
    "value": 1.17103024449
  },
  {
    "name": "p_s",
    "year": "2023Q2",
    "value": 0.749231183977
  },
  {
    "name": "p_s",
    "year": "2023Q3",
    "value": 0.915968142626
  },
  {
    "name": "p_s",
    "year": "2023Q4",
    "value": 0.711107555195
  },
  {
    "name": "p_s",
    "year": "2024Q1",
    "value": 0.749044994533
  },
  {
    "name": "p_bv",
    "year": "2017Q4",
    "value": 0.260304277778
  },
  {
    "name": "p_bv",
    "year": "2018Q4",
    "value": 0.2292893
  },
  {
    "name": "p_bv",
    "year": "2019Q4",
    "value": 0.24473241483
  },
  {
    "name": "p_bv",
    "year": "2020Q4",
    "value": 0.360710974155
  },
  {
    "name": "p_bv",
    "year": "2021Q1",
    "value": null
  },
  {
    "name": "p_bv",
    "year": "2021Q2",
    "value": null
  },
  {
    "name": "p_bv",
    "year": "2021Q3",
    "value": 0.636493551965
  },
  {
    "name": "p_bv",
    "year": "2021Q4",
    "value": 0.510424759863
  },
  {
    "name": "p_bv",
    "year": "2022Q1",
    "value": 0.406400662114
  },
  {
    "name": "p_bv",
    "year": "2022Q2",
    "value": 0.371869078027
  },
  {
    "name": "p_bv",
    "year": "2022Q3",
    "value": null
  },
  {
    "name": "p_bv",
    "year": "2022Q4",
    "value": 0.437550530547
  },
  {
    "name": "p_bv",
    "year": "2023Q1",
    "value": null
  },
  {
    "name": "p_bv",
    "year": "2023Q2",
    "value": 0.923928767105
  },
  {
    "name": "p_bv",
    "year": "2023Q3",
    "value": 1.34189332895
  },
  {
    "name": "p_bv",
    "year": "2023Q4",
    "value": 0.811189359259
  },
  {
    "name": "p_bv",
    "year": "2024Q1",
    "value": 0.799016272452
  },
  {
    "name": "employees",
    "year": "2020Q4",
    "value": 4062.0
  },
  {
    "name": "labour_productivity",
    "year": "2020Q4",
    "value": 0.0
  },
  {
    "name": "expenses_per_employee",
    "year": "2020Q4",
    "value": 0.0
  },
  {
    "name": "capex_revenue",
    "year": "2021Q1",
    "value": 0.0
  },
  {
    "name": "capex_revenue",
    "year": "2021Q2",
    "value": 0.0
  },
  {
    "name": "capex_revenue",
    "year": "2021Q3",
    "value": 0.0
  },
  {
    "name": "capex_revenue",
    "year": "2021Q4",
    "value": 0.0
  },
  {
    "name": "capex_revenue",
    "year": "2022Q1",
    "value": 0.0
  },
  {
    "name": "capex_revenue",
    "year": "2022Q2",
    "value": 0.0
  },
  {
    "name": "capex_revenue",
    "year": "2022Q3",
    "value": 0.0
  },
  {
    "name": "capex_revenue",
    "year": "2022Q4",
    "value": 0.0
  },
  {
    "name": "capex_revenue",
    "year": "2023Q1",
    "value": 0.0
  },
  {
    "name": "capex_revenue",
    "year": "2023Q2",
    "value": 0.0
  },
  {
    "name": "capex_revenue",
    "year": "2023Q3",
    "value": 0.0
  },
  {
    "name": "capex_revenue",
    "year": "2023Q4",
    "value": 0.0
  },
  {
    "name": "capex_revenue",
    "year": "2024Q1",
    "value": 0.0
  }
]