[{"name":"date","year":"2023Q2","value":"29.08.2023"},{"name":"date","year":"2023Q3","value":""},{"name":"date","year":"2023Q4","value":"02.02.2024"},{"name":"date","year":"2024Q1","value":"23.04.2024"},{"name":"date","year":"2024Q2","value":"22.07.2024"},{"name":"date","year":"LTM\n?","value":"22.07.2024"},{"name":"currency","year":"2023Q2","value":"RUB"},{"name":"currency","year":"2023Q3","value":"RUB"},{"name":"currency","year":"2023Q4","value":"RUB"},{"name":"currency","year":"2024Q1","value":"RUB"},{"name":"currency","year":"2024Q2","value":"RUB"},{"name":"currency","year":"LTM\n?","value":"RUB"},{"name":"report_url","year":"2023Q2","value":"https://severstal.com/upload/iblock/d81/kpul1larjyeulskhowd2za2e23p9co30/Severstal_FS_300623_RUB_raskryvaemaya_signed.pdf"},{"name":"report_url","year":"2023Q3","value":""},{"name":"report_url","year":"2023Q4","value":"https://severstal.com/upload/iblock/863/2zvp3sjv27920tjkx5jkbd8w7g7izsh6/Severstal-_-Summary-FS_RUS_2023_signed.pdf"},{"name":"report_url","year":"2024Q1","value":"https://severstal.com/upload/iblock/639/nc4p6yhury0gjswoa4o1n97fq0v0gxy2/Severstal_FS_310324_RUB_raskryvaemaya_s-zaklyucheniem.pdf"},{"name":"report_url","year":"2024Q2","value":"https://severstal.com/upload/iblock/838/mt537vtn2vbwscvfuspg2otraijwngey/Severstal_FS_300624_RUB.pdf"},{"name":"report_url","year":"LTM\n?","value":"https://severstal.com/upload/iblock/838/mt537vtn2vbwscvfuspg2otraijwngey/Severstal_FS_300624_RUB.pdf"},{"name":"presentation_url","year":"2023Q2","value":"https://severstal.com/upload/iblock/597/n9nwdsbst88krclovttd2rjhjp1phwxt/290823-press-release-6m-2023-RUS.pdf"},{"name":"presentation_url","year":"2023Q3","value":""},{"name":"presentation_url","year":"2023Q4","value":"https://severstal.com/upload/iblock/df9/25z63j2mx8p2hckfjwrpkqogpe62db3z/Press_reliz-po-finansovym-rezultatam-za-12-mes-2023-goda-RUS-final.pdf"},{"name":"presentation_url","year":"2024Q1","value":""},{"name":"presentation_url","year":"2024Q2","value":""},{"name":"presentation_url","year":"LTM\n?","value":""},{"name":"steel_production","year":"2023Q2","value":"2.95"},{"name":"steel_production","year":"2023Q3","value":"2.70"},{"name":"steel_production","year":"2023Q4","value":"2.93"},{"name":"steel_production","year":"2024Q1","value":"2.90"},{"name":"steel_production","year":"2024Q2","value":"2.32"},{"name":"steel_production","year":"LTM\n?","value":"10.8"},{"name":"steel_products_production","year":"2023Q2","value":"2.92"},{"name":"steel_products_production","year":"2023Q3","value":"2.71"},{"name":"steel_products_production","year":"2023Q4","value":"2.95"},{"name":"steel_products_production","year":"2024Q1","value":"2.78"},{"name":"steel_products_production","year":"2024Q2","value":"2.00"},{"name":"steel_products_production","year":"LTM\n?","value":"10.4"},{"name":"steel_sales","year":"2023Q2","value":"2.70"},{"name":"steel_sales","year":"2023Q3","value":"2.70"},{"name":"steel_sales","year":"2023Q4","value":"2.57"},{"name":"steel_sales","year":"2024Q1","value":"2.47"},{"name":"steel_sales","year":"2024Q2","value":"2.68"},{"name":"steel_sales","year":"LTM\n?","value":"10.4"},{"name":"revenue","year":"2023Q2","value":"181.8"},{"name":"revenue","year":"2023Q3","value":""},{"name":"revenue","year":"2023Q4","value":"388.9"},{"name":"revenue","year":"2024Q1","value":"188.7"},{"name":"revenue","year":"2024Q2","value":"220.4"},{"name":"revenue","year":"LTM\n?","value":"798.0"},{"name":"operating_income","year":"2023Q2","value":"56.5"},{"name":"operating_income","year":"2023Q3","value":""},{"name":"operating_income","year":"2023Q4","value":"124.1"},{"name":"operating_income","year":"2024Q1","value":"55.7"},{"name":"operating_income","year":"2024Q2","value":"51.3"},{"name":"operating_income","year":"LTM\n?","value":"231.1"},{"name":"ebitda","year":"2023Q2","value":"66.2"},{"name":"ebitda","year":"2023Q3","value":""},{"name":"ebitda","year":"2023Q4","value":"143.7"},{"name":"ebitda","year":"2024Q1","value":"65.3"},{"name":"ebitda","year":"2024Q2","value":"61.2"},{"name":"ebitda","year":"LTM\n?","value":"270.3"},{"name":"net_income","year":"2023Q2","value":"63.3"},{"name":"net_income","year":"2023Q3","value":""},{"name":"net_income","year":"2023Q4","value":"88.6"},{"name":"net_income","year":"2024Q1","value":"47.4"},{"name":"net_income","year":"2024Q2","value":"35.9"},{"name":"net_income","year":"LTM\n?","value":"171.9"},{"name":"ocf","year":"2023Q2","value":"45.4"},{"name":"ocf","year":"2023Q3","value":""},{"name":"ocf","year":"2023Q4","value":"98.3"},{"name":"ocf","year":"2024Q1","value":"42.6"},{"name":"ocf","year":"2024Q2","value":"37.9"},{"name":"ocf","year":"LTM\n?","value":"178.8"},{"name":"capex","year":"2023Q2","value":"13.1"},{"name":"capex","year":"2023Q3","value":""},{"name":"capex","year":"2023Q4","value":"47.8"},{"name":"capex","year":"2024Q1","value":"18.2"},{"name":"capex","year":"2024Q2","value":"21.6"},{"name":"capex","year":"LTM\n?","value":"87.6"},{"name":"fcf","year":"2023Q2","value":"35.2"},{"name":"fcf","year":"2023Q3","value":""},{"name":"fcf","year":"2023Q4","value":"60.0"},{"name":"fcf","year":"2024Q1","value":"33.2"},{"name":"fcf","year":"2024Q2","value":"24.3"},{"name":"fcf","year":"LTM\n?","value":"117.5"},{"name":"dividend_payout","year":"2023Q2","value":""},{"name":"dividend_payout","year":"2023Q3","value":""},{"name":"dividend_payout","year":"2023Q4","value":"160.4"},{"name":"dividend_payout","year":"2024Q1","value":"32.1"},{"name":"dividend_payout","year":"2024Q2","value":"26.0"},{"name":"dividend_payout","year":"LTM\n?","value":"218.6"},{"name":"dividend","year":"2023Q2","value":""},{"name":"dividend","year":"2023Q3","value":""},{"name":"dividend","year":"2023Q4","value":"191.51"},{"name":"dividend","year":"2024Q1","value":"38.3"},{"name":"dividend","year":"2024Q2","value":"31.06"},{"name":"dividend","year":"LTM\n?","value":"260.87"},{"name":"div_yield","year":"2023Q2","value":"0.0%"},{"name":"div_yield","year":"2023Q3","value":"0.0%"},{"name":"div_yield","year":"2023Q4","value":"13.7%"},{"name":"div_yield","year":"2024Q1","value":"2.0%"},{"name":"div_yield","year":"2024Q2","value":"2.0%"},{"name":"div_yield","year":"LTM\n?","value":"21.3%"},{"name":"div_payout_ratio","year":"2023Q2","value":"0%"},{"name":"div_payout_ratio","year":"2023Q3","value":""},{"name":"div_payout_ratio","year":"2023Q4","value":"181%"},{"name":"div_payout_ratio","year":"2024Q1","value":"68%"},{"name":"div_payout_ratio","year":"2024Q2","value":"73%"},{"name":"div_payout_ratio","year":"LTM\n?","value":"127%"},{"name":"opex","year":"2023Q2","value":""},{"name":"opex","year":"2023Q3","value":""},{"name":"opex","year":"2023Q4","value":""},{"name":"opex","year":"2024Q1","value":"24.2"},{"name":"opex","year":"2024Q2","value":"30.3"},{"name":"opex","year":"LTM\n?","value":"54.5"},{"name":"cost_of_production","year":"2023Q2","value":"100.5"},{"name":"cost_of_production","year":"2023Q3","value":""},{"name":"cost_of_production","year":"2023Q4","value":"215.9"},{"name":"cost_of_production","year":"2024Q1","value":"108.8"},{"name":"cost_of_production","year":"2024Q2","value":"138.8"},{"name":"cost_of_production","year":"LTM\n?","value":"463.5"},{"name":"amortization","year":"2023Q2","value":"8.5"},{"name":"amortization","year":"2023Q3","value":""},{"name":"amortization","year":"2023Q4","value":"17.5"},{"name":"amortization","year":"2024Q1","value":"8.5"},{"name":"amortization","year":"2024Q2","value":"9.1"},{"name":"amortization","year":"LTM\n?","value":"35.1"},{"name":"interest_expenses","year":"2023Q2","value":"1.56"},{"name":"interest_expenses","year":"2023Q3","value":""},{"name":"interest_expenses","year":"2023Q4","value":"8.00"},{"name":"interest_expenses","year":"2024Q1","value":"6.90"},{"name":"interest_expenses","year":"2024Q2","value":"6.77"},{"name":"interest_expenses","year":"LTM\n?","value":"21.7"},{"name":"assets","year":"2023Q2","value":"867.7"},{"name":"assets","year":"2023Q3","value":""},{"name":"assets","year":"2023Q4","value":"994.0"},{"name":"assets","year":"2024Q1","value":"1 054"},{"name":"assets","year":"2024Q2","value":"882.6"},{"name":"assets","year":"LTM\n?","value":"882.6"},{"name":"net_assets","year":"2023Q2","value":"523.5"},{"name":"net_assets","year":"2023Q3","value":""},{"name":"net_assets","year":"2023Q4","value":"612.7"},{"name":"net_assets","year":"2024Q1","value":"658.1"},{"name":"net_assets","year":"2024Q2","value":"501.7"},{"name":"net_assets","year":"LTM\n?","value":"501.7"},{"name":"debt","year":"2023Q2","value":"147.3"},{"name":"debt","year":"2023Q3","value":""},{"name":"debt","year":"2023Q4","value":"163.1"},{"name":"debt","year":"2024Q1","value":"164.9"},{"name":"debt","year":"2024Q2","value":"148.7"},{"name":"debt","year":"LTM\n?","value":"148.7"},{"name":"cash","year":"2023Q2","value":"300.8"},{"name":"cash","year":"2023Q3","value":""},{"name":"cash","year":"2023Q4","value":"373.6"},{"name":"cash","year":"2024Q1","value":"403.5"},{"name":"cash","year":"2024Q2","value":"200.1"},{"name":"cash","year":"LTM\n?","value":"200.1"},{"name":"net_debt","year":"2023Q2","value":"-153.5"},{"name":"net_debt","year":"2023Q3","value":"0.00"},{"name":"net_debt","year":"2023Q4","value":"-210.5"},{"name":"net_debt","year":"2024Q1","value":"-238.6"},{"name":"net_debt","year":"2024Q2","value":"-51.3"},{"name":"net_debt","year":"LTM\n?","value":"-51.3"},{"name":"common_share","year":"2023Q2","value":"1 179"},{"name":"common_share","year":"2023Q3","value":"1 366"},{"name":"common_share","year":"2023Q4","value":"1 398"},{"name":"common_share","year":"2024Q1","value":"1 882"},{"name":"common_share","year":"2024Q2","value":"1 546"},{"name":"common_share","year":"LTM\n?","value":"1 225"},{"name":"number_of_shares","year":"2023Q2","value":"837.7"},{"name":"number_of_shares","year":"2023Q3","value":"837.7"},{"name":"number_of_shares","year":"2023Q4","value":"837.7"},{"name":"number_of_shares","year":"2024Q1","value":"837.7"},{"name":"number_of_shares","year":"2024Q2","value":"837.7"},{"name":"number_of_shares","year":"LTM\n?","value":"837.7"},{"name":"market_cap","year":"2023Q2","value":"987.7"},{"name":"market_cap","year":"2023Q3","value":"1 144"},{"name":"market_cap","year":"2023Q4","value":"1 171"},{"name":"market_cap","year":"2024Q1","value":"1 577"},{"name":"market_cap","year":"2024Q2","value":"1 295"},{"name":"market_cap","year":"LTM\n?","value":"1 026"},{"name":"ev","year":"2023Q2","value":"834.2"},{"name":"ev","year":"2023Q3","value":"1 144"},{"name":"ev","year":"2023Q4","value":"961.0"},{"name":"ev","year":"2024Q1","value":"1 338"},{"name":"ev","year":"2024Q2","value":"1 244"},{"name":"ev","year":"LTM\n?","value":"975.0"},{"name":"book_value","year":"2023Q2","value":"507.4"},{"name":"book_value","year":"2023Q3","value":"0.00"},{"name":"book_value","year":"2023Q4","value":"595.8"},{"name":"book_value","year":"2024Q1","value":"641.4"},{"name":"book_value","year":"2024Q2","value":"480.9"},{"name":"book_value","year":"LTM\n?","value":"480.9"},{"name":"eps","year":"2023Q2","value":"75.6"},{"name":"eps","year":"2023Q3","value":"0.00"},{"name":"eps","year":"2023Q4","value":"105.7"},{"name":"eps","year":"2024Q1","value":"56.6"},{"name":"eps","year":"2024Q2","value":"42.9"},{"name":"eps","year":"LTM\n?","value":"205.2"},{"name":"fcf_share","year":"2023Q2","value":"42.0"},{"name":"fcf_share","year":"2023Q3","value":"0.00"},{"name":"fcf_share","year":"2023Q4","value":"71.6"},{"name":"fcf_share","year":"2024Q1","value":"39.6"},{"name":"fcf_share","year":"2024Q2","value":"29.0"},{"name":"fcf_share","year":"LTM\n?","value":"140.2"},{"name":"bv_share","year":"2023Q2","value":"605.7"},{"name":"bv_share","year":"2023Q3","value":"0.00"},{"name":"bv_share","year":"2023Q4","value":"711.2"},{"name":"bv_share","year":"2024Q1","value":"765.6"},{"name":"bv_share","year":"2024Q2","value":"574.0"},{"name":"bv_share","year":"LTM\n?","value":"574.0"},{"name":"ebitda_margin","year":"2023Q2","value":"36.4%"},{"name":"ebitda_margin","year":"2023Q3","value":""},{"name":"ebitda_margin","year":"2023Q4","value":"37.0%"},{"name":"ebitda_margin","year":"2024Q1","value":"34.6%"},{"name":"ebitda_margin","year":"2024Q2","value":"27.8%"},{"name":"ebitda_margin","year":"LTM\n?","value":"33.9%"},{"name":"net_margin","year":"2023Q2","value":"34.8%"},{"name":"net_margin","year":"2023Q3","value":""},{"name":"net_margin","year":"2023Q4","value":"22.8%"},{"name":"net_margin","year":"2024Q1","value":"25.1%"},{"name":"net_margin","year":"2024Q2","value":"16.3%"},{"name":"net_margin","year":"LTM\n?","value":"21.5%"},{"name":"fcf_yield","year":"2023Q2","value":"15.9%"},{"name":"fcf_yield","year":"2023Q3","value":"13.7%"},{"name":"fcf_yield","year":"2023Q4","value":"10.2%"},{"name":"fcf_yield","year":"2024Q1","value":"9.7%"},{"name":"fcf_yield","year":"2024Q2","value":"9.1%"},{"name":"fcf_yield","year":"LTM\n?","value":"11.4%"},{"name":"roe","year":"2023Q2","value":"18.3%"},{"name":"roe","year":"2023Q3","value":""},{"name":"roe","year":"2023Q4","value":"31.6%"},{"name":"roe","year":"2024Q1","value":"30.3%"},{"name":"roe","year":"2024Q2","value":"34.3%"},{"name":"roe","year":"LTM\n?","value":"34.3%"},{"name":"roa","year":"2023Q2","value":"11.1%"},{"name":"roa","year":"2023Q3","value":""},{"name":"roa","year":"2023Q4","value":"19.5%"},{"name":"roa","year":"2024Q1","value":"18.9%"},{"name":"roa","year":"2024Q2","value":"19.5%"},{"name":"roa","year":"LTM\n?","value":"19.5%"},{"name":"p_e","year":"2023Q2","value":"10.3"},{"name":"p_e","year":"2023Q3","value":"11.9"},{"name":"p_e","year":"2023Q4","value":"6.04"},{"name":"p_e","year":"2024Q1","value":"7.91"},{"name":"p_e","year":"2024Q2","value":"7.54"},{"name":"p_e","year":"LTM\n?","value":"5.97"},{"name":"p_fcf","year":"2023Q2","value":"6.29"},{"name":"p_fcf","year":"2023Q3","value":""},{"name":"p_fcf","year":"2023Q4","value":"9.76"},{"name":"p_fcf","year":"2024Q1","value":"10.3"},{"name":"p_fcf","year":"2024Q2","value":"11.0"},{"name":"p_fcf","year":"LTM\n?","value":"8.74"},{"name":"p_s","year":"2023Q2","value":"1.53"},{"name":"p_s","year":"2023Q3","value":"1.78"},{"name":"p_s","year":"2023Q4","value":"1.61"},{"name":"p_s","year":"2024Q1","value":"2.08"},{"name":"p_s","year":"2024Q2","value":"1.62"},{"name":"p_s","year":"LTM\n?","value":"1.29"},{"name":"p_bv","year":"2023Q2","value":"1.95"},{"name":"p_bv","year":"2023Q3","value":""},{"name":"p_bv","year":"2023Q4","value":"1.97"},{"name":"p_bv","year":"2024Q1","value":"2.46"},{"name":"p_bv","year":"2024Q2","value":"2.69"},{"name":"p_bv","year":"LTM\n?","value":"2.13"},{"name":"ev_ebitda","year":"2023Q2","value":"4.20"},{"name":"ev_ebitda","year":"2023Q3","value":"5.76"},{"name":"ev_ebitda","year":"2023Q4","value":"3.67"},{"name":"ev_ebitda","year":"2024Q1","value":"4.08"},{"name":"ev_ebitda","year":"2024Q2","value":"4.60"},{"name":"ev_ebitda","year":"LTM\n?","value":"3.61"},{"name":"debt_ebitda","year":"2023Q2","value":"-0.77"},{"name":"debt_ebitda","year":"2023Q3","value":"0.00"},{"name":"debt_ebitda","year":"2023Q4","value":"-0.80"},{"name":"debt_ebitda","year":"2024Q1","value":"-0.73"},{"name":"debt_ebitda","year":"2024Q2","value":"-0.19"},{"name":"debt_ebitda","year":"LTM\n?","value":"-0.19"},{"name":"r_and_d_capex","year":"2023Q2","value":"0.00%"},{"name":"r_and_d_capex","year":"2023Q3","value":""},{"name":"r_and_d_capex","year":"2023Q4","value":"0.00%"},{"name":"r_and_d_capex","year":"2024Q1","value":"0.00%"},{"name":"r_and_d_capex","year":"2024Q2","value":"0.00%"},{"name":"r_and_d_capex","year":"LTM\n?","value":"0"},{"name":"capex_revenue","year":"2023Q2","value":"7%"},{"name":"capex_revenue","year":"2023Q3","value":""},{"name":"capex_revenue","year":"2023Q4","value":"12%"},{"name":"capex_revenue","year":"2024Q1","value":"10%"},{"name":"capex_revenue","year":"2024Q2","value":"10%"},{"name":"capex_revenue","year":"LTM\n?","value":"11%"},{"name":"irr","year":"2023Q2","value":"3.0"},{"name":"irr","year":"2023Q3","value":"3.0"},{"name":"irr","year":"2023Q4","value":"3.0"},{"name":"irr","year":"2024Q1","value":"3.0"},{"name":"irr","year":"2024Q2","value":"3.0"},{"name":"irr","year":"LTM\n?","value":"3.0"},{"name":"ir_fs_quality","year":"2023Q2","value":"3"},{"name":"ir_fs_quality","year":"2023Q3","value":"3"},{"name":"ir_fs_quality","year":"2023Q4","value":"3"},{"name":"ir_fs_quality","year":"2024Q1","value":"3"},{"name":"ir_fs_quality","year":"2024Q2","value":"3"},{"name":"ir_fs_quality","year":"LTM\n?","value":"3"},{"name":"ir_investor_presentations","year":"2023Q2","value":"1"},{"name":"ir_investor_presentations","year":"2023Q3","value":"1"},{"name":"ir_investor_presentations","year":"2023Q4","value":"1"},{"name":"ir_investor_presentations","year":"2024Q1","value":"1"},{"name":"ir_investor_presentations","year":"2024Q2","value":"1"},{"name":"ir_investor_presentations","year":"LTM\n?","value":"1"},{"name":"ir_annual_report","year":"2023Q2","value":"1"},{"name":"ir_annual_report","year":"2023Q3","value":"1"},{"name":"ir_annual_report","year":"2023Q4","value":"1"},{"name":"ir_annual_report","year":"2024Q1","value":"1"},{"name":"ir_annual_report","year":"2024Q2","value":"1"},{"name":"ir_annual_report","year":"LTM\n?","value":"1"},{"name":"ir_investor_site","year":"2023Q2","value":"5"},{"name":"ir_investor_site","year":"2023Q3","value":"5"},{"name":"ir_investor_site","year":"2023Q4","value":"5"},{"name":"ir_investor_site","year":"2024Q1","value":"5"},{"name":"ir_investor_site","year":"2024Q2","value":"5"},{"name":"ir_investor_site","year":"LTM\n?","value":"5"},{"name":"ir_investor_calendar","year":"2023Q2","value":"3"},{"name":"ir_investor_calendar","year":"2023Q3","value":"3"},{"name":"ir_investor_calendar","year":"2023Q4","value":"3"},{"name":"ir_investor_calendar","year":"2024Q1","value":"3"},{"name":"ir_investor_calendar","year":"2024Q2","value":"3"},{"name":"ir_investor_calendar","year":"LTM\n?","value":"3"},{"name":"ir_feedback","year":"2023Q2","value":"5"},{"name":"ir_feedback","year":"2023Q3","value":"5"},{"name":"ir_feedback","year":"2023Q4","value":"5"},{"name":"ir_feedback","year":"2024Q1","value":"5"},{"name":"ir_feedback","year":"2024Q2","value":"5"},{"name":"ir_feedback","year":"LTM\n?","value":"5"}]