[{"name":"P/E","year":"2023","value":"25.05"},{"name":"P/E","year":"2022","value":"51.93"},{"name":"P/E","year":"2021","value":"-25.45"},{"name":"P/B","year":"2023","value":"5.91"},{"name":"P/B","year":"2022","value":"4.98"},{"name":"P/B","year":"2021","value":"18.78"},{"name":"P/S","year":"2023","value":"3.66"},{"name":"P/S","year":"2022","value":"3.02"},{"name":"P/S","year":"2021","value":"12.05"},{"name":"P/CF","year":"2023","value":"17.52"},{"name":"P/CF","year":"2022","value":"12.97"},{"name":"P/CF","year":"2021","value":"-35.23"},{"name":"P/FCF","year":"2023","value":"18.55"},{"name":"P/FCF","year":"2022","value":"13.83"},{"name":"EV/S","year":"2023","value":"3.11"},{"name":"EV/S","year":"2022","value":"2.52"},{"name":"EV/S","year":"2021","value":"11.65"},{"name":"EV/S","year":"2020","value":"19.96"},{"name":"EV/EBITDA","year":"2023","value":"15.78"},{"name":"EV/EBITDA","year":"2022","value":"21.89"},{"name":"EV/EBITDA","year":"2021","value":"221.06"},{"name":"EV/EBITDA","year":"2020","value":"-209.69"},{"name":"EV/EBIT","year":"2023","value":"17.96"},{"name":"EV/EBIT","year":"2022","value":"30.52"},{"name":"EV/EBIT","year":"2021","value":"-25.52"},{"name":"EV/EBIT","year":"2020","value":"-137.13"},{"name":"Коэффициент долга","year":"2023","value":"0.3"},{"name":"Коэффициент долга","year":"2022","value":"0.28"},{"name":"Коэффициент долга","year":"2021","value":"0.31"},{"name":"Коэффициент долга","year":"2020","value":"1.64"},{"name":"D/E","year":"2023","value":"0.43"},{"name":"D/E","year":"2022","value":"0.39"},{"name":"D/E","year":"2021","value":"0.45"},{"name":"D/E","year":"2020","value":"-2.57"},{"name":"CAPEX/Выручка","year":"2023","value":"1.16"},{"name":"CAPEX/Выручка","year":"2022","value":"1.45"},{"name":"CAPEX/Выручка","year":"2021","value":"2.34"},{"name":"CAPEX/Выручка","year":"2020","value":"2.79"},{"name":"NetDebt/EBITDA","year":"2023","value":"-2.82"},{"name":"NetDebt/EBITDA","year":"2022","value":"-4.32"},{"name":"NetDebt/EBITDA","year":"2021","value":"-7.61"},{"name":"NetDebt/EBITDA","year":"2020","value":"-0.74"},{"name":"Долг/EBITDA","year":"2020","value":"-1.93"},{"name":"ROE","year":"2023","value":"23.58"},{"name":"ROE","year":"2022","value":"9.58"},{"name":"ROE","year":"2021","value":"-73.79"},{"name":"ROE","year":"2020","value":"71.9"},{"name":"ROA","year":"2023","value":"16.44"},{"name":"ROA","year":"2022","value":"6.88"},{"name":"ROA","year":"2021","value":"-51.02"},{"name":"ROA","year":"2020","value":"-45.77"},{"name":"Return on Sales","year":"2023","value":"17.3"},{"name":"Return on Sales","year":"2022","value":"8.25"},{"name":"Return on Sales","year":"2021","value":"-45.67"},{"name":"Return on Sales","year":"2020","value":"-14.55"},{"name":"ROIC","year":"2023","value":"17.79"},{"name":"ROIC","year":"2022","value":"8.84"},{"name":"ROIC","year":"2021","value":"-67.32"},{"name":"ROIC","year":"2020","value":"-432.18"},{"name":"ROCE","year":"2023","value":"27.04"},{"name":"ROCE","year":"2022","value":"12.94"},{"name":"ROCE","year":"2021","value":"-65.91"},{"name":"ROCE","year":"2020","value":"441.22"},{"name":"Net Margin","year":"2023","value":"14.62"},{"name":"Net Margin","year":"2022","value":"5.81"},{"name":"Net Margin","year":"2021","value":"-47.36"},{"name":"Net Margin","year":"2020","value":"-15.79"},{"name":"Операционная маржа","year":"2023","value":"15.71"},{"name":"Операционная маржа","year":"2022","value":"9.01"},{"name":"Операционная маржа","year":"2021","value":"-46.64"},{"name":"Операционная маржа","year":"2020","value":"-14.53"},{"name":"EBITDA рентабельность","year":"2023","value":"19.69"},{"name":"EBITDA рентабельность","year":"2022","value":"11.51"},{"name":"EBITDA рентабельность","year":"2021","value":"5.27"},{"name":"EBITDA рентабельность","year":"2020","value":"-9.52"},{"name":"Тек. ливкидность","year":"2023","value":"2.59"},{"name":"Тек. ливкидность","year":"2022","value":"2.83"},{"name":"Тек. ливкидность","year":"2021","value":"2.27"},{"name":"Тек. ливкидность","year":"2020","value":"0.47"}]