[{"name":"Выручка","year":"2023","value":"67123000000"},{"name":"Выручка","year":"2021","value":"40343000000"},{"name":"Выручка","year":"2020","value":"36956047000"},{"name":"Выручка","year":"2019","value":"33782107000"},{"name":"Выручка","year":"2018","value":"30296288000"},{"name":"Процентные доходы","year":"2023","value":"84659000000"},{"name":"Процентные доходы","year":"2021","value":"45796000000"},{"name":"Процентные доходы","year":"2020","value":"43429475000"},{"name":"Процентные доходы","year":"2019","value":"48493554000"},{"name":"Процентные доходы","year":"2018","value":"46038572000"},{"name":"Процентные расходы","year":"2023","value":"33827000000"},{"name":"Процентные расходы","year":"2021","value":"16885000000"},{"name":"Процентные расходы","year":"2020","value":"17906119000"},{"name":"Процентные расходы","year":"2019","value":"25212085000"},{"name":"Процентные расходы","year":"2018","value":"24143307000"},{"name":"Чистые процентные доходы/расходы","year":"2023","value":"50832000000"},{"name":"Чистые процентные доходы/расходы","year":"2021","value":"28911000000"},{"name":"Чистые процентные доходы/расходы","year":"2020","value":"25523356000"},{"name":"Чистые процентные доходы/расходы","year":"2019","value":"23281469000"},{"name":"Чистые процентные доходы/расходы","year":"2018","value":"21895265000"},{"name":"Расходы на персонал","year":"2023","value":"23614000000"},{"name":"Расходы на персонал","year":"2021","value":"8508000000"},{"name":"Расходы на персонал","year":"2020","value":"7576474000"},{"name":"Расходы на персонал","year":"2019","value":"6453931000"},{"name":"Расходы на персонал","year":"2018","value":"5942001000"},{"name":"Прибыль до налогов","year":"2023","value":"61215000000"},{"name":"Прибыль до налогов","year":"2021","value":"22623000000"},{"name":"Прибыль до налогов","year":"2020","value":"13509704000"},{"name":"Прибыль до налогов","year":"2019","value":"9717935000"},{"name":"Прибыль до налогов","year":"2018","value":"11207049000"},{"name":"Чистая прибыль","year":"2023","value":"47315000000"},{"name":"Чистая прибыль","year":"2021","value":"18083000000"},{"name":"Чистая прибыль","year":"2020","value":"10826928000"},{"name":"Чистая прибыль","year":"2019","value":"7905891000"},{"name":"Чистая прибыль","year":"2018","value":"9046928000"},{"name":"Капитал на акционеров","year":"2023","value":"173892000000"},{"name":"Капитал на акционеров","year":"2021","value":"103866000000"},{"name":"Капитал на акционеров","year":"2020","value":"88692988000"},{"name":"Капитал на акционеров","year":"2019","value":"80070268000"},{"name":"Капитал на акционеров","year":"2018","value":"74567110000"},{"name":"Активы","year":"2023","value":"1057302000000"},{"name":"Активы","year":"2021","value":"796557000000"},{"name":"Активы","year":"2020","value":"730227127000"},{"name":"Активы","year":"2019","value":"673651279000"},{"name":"Активы","year":"2018","value":"673403489000"},{"name":"Денежные средства и их эквиваленты","year":"2023","value":"57843000000"},{"name":"Денежные средства и их эквиваленты","year":"2021","value":"38664000000"},{"name":"Денежные средства и их эквиваленты","year":"2020","value":"64859357000"},{"name":"Денежные средства и их эквиваленты","year":"2019","value":"46442221000"},{"name":"Денежные средства и их эквиваленты","year":"2018","value":"40894642000"},{"name":"Обязательства","year":"2023","value":"883410000000"},{"name":"Обязательства","year":"2021","value":"692691000000"},{"name":"Обязательства","year":"2020","value":"641534139000"},{"name":"Обязательства","year":"2019","value":"593581011000"},{"name":"Обязательства","year":"2018","value":"597749834000"},{"name":"Собственный капитал","year":"2023","value":"173892000000"},{"name":"Собственный капитал","year":"2021","value":"103866000000"},{"name":"Собственный капитал","year":"2020","value":"88692988000"},{"name":"Собственный капитал","year":"2019","value":"80070268000"},{"name":"Собственный капитал","year":"2018","value":"75653655000"},{"name":"Капитал на акционеров","year":"2023","value":"47315000000"},{"name":"Капитал на акционеров","year":"2021","value":"18083000000"},{"name":"Капитал на акционеров","year":"2020","value":"10826928000"},{"name":"Капитал на акционеров","year":"2019","value":"7905891000"},{"name":"Капитал на акционеров","year":"2018","value":"8937041000"},{"name":"Собственный капитал","year":"2023","value":"1132.4946"},{"name":"Собственный капитал","year":"2021","value":"534.8027"},{"name":"Собственный капитал","year":"2020","value":"342.0137"},{"name":"Собственный капитал","year":"2019","value":"447.0119"},{"name":"Собственный капитал","year":"2018","value":"319.4451"},{"name":"CFO операционные денежные потоки","year":"2021","value":"-32487000000"},{"name":"CFO операционные денежные потоки","year":"2020","value":"28796719000"},{"name":"CFO операционные денежные потоки","year":"2019","value":"24741580000"},{"name":"CFO операционные денежные потоки","year":"2018","value":"705625000"},{"name":"CFO операционные денежные потоки","year":"2017","value":"-5383594000"},{"name":"FCF на акцию","year":"2021","value":"-33966000000"},{"name":"FCF на акцию","year":"2020","value":"27932714000"},{"name":"FCF на акцию","year":"2019","value":"23950818000"},{"name":"FCF на акцию","year":"2018","value":"-30955000"},{"name":"FCF на акцию","year":"2017","value":"-6311614000"},{"name":"Инвестиционный денежный поток","year":"2021","value":"12440000000"},{"name":"Инвестиционный денежный поток","year":"2020","value":"-11062357000"},{"name":"Инвестиционный денежный поток","year":"2019","value":"-1823940000"},{"name":"Инвестиционный денежный поток","year":"2018","value":"-7310310000"},{"name":"Инвестиционный денежный поток","year":"2017","value":"15110511000"},{"name":"CFF Денежный поток от финансовой деятельности","year":"2021","value":"-5257000000"},{"name":"CFF Денежный поток от финансовой деятельности","year":"2020","value":"-4558052000"},{"name":"CFF Денежный поток от финансовой деятельности","year":"2019","value":"-14854310000"},{"name":"CFF Денежный поток от финансовой деятельности","year":"2018","value":"2795257000"},{"name":"CFF Денежный поток от финансовой деятельности","year":"2017","value":"-7529023000"},{"name":"Чистые комиссионные доходы","year":"2023","value":"12487000000"},{"name":"Чистые комиссионные доходы","year":"2021","value":"9009000000"},{"name":"Чистые комиссионные доходы","year":"2020","value":"7539332000"},{"name":"Чистые комиссионные доходы","year":"2019","value":"6756688000"},{"name":"Чистые комиссионные доходы","year":"2018","value":"5853204000"}]