[{"name":"currency","year":"2023Q2","value":"RUB"},{"name":"currency","year":"2023Q3","value":"RUB"},{"name":"currency","year":"2023Q4","value":"RUB"},{"name":"currency","year":"2024Q1","value":"RUB"},{"name":"currency","year":"2024Q2","value":"RUB"},{"name":"dividend_payout","year":"2023Q2","value":"3.80"},{"name":"dividend_payout","year":"2023Q3","value":"4.60"},{"name":"dividend_payout","year":"2023Q4","value":""},{"name":"dividend_payout","year":"2024Q1","value":"2.70"},{"name":"dividend_payout","year":"2024Q2","value":"2.80"},{"name":"dividend","year":"2023Q2","value":"47.08"},{"name":"dividend","year":"2023Q3","value":"57"},{"name":"dividend","year":"2023Q4","value":""},{"name":"dividend","year":"2024Q1","value":"33.46"},{"name":"dividend","year":"2024Q2","value":"34.7"},{"name":"div_yield","year":"2023Q2","value":"4.2%"},{"name":"div_yield","year":"2023Q3","value":"5.4%"},{"name":"div_yield","year":"2023Q4","value":"0.0%"},{"name":"div_yield","year":"2024Q1","value":"3.6%"},{"name":"div_yield","year":"2024Q2","value":"4.6%"},{"name":"net_debt","year":"2023Q2","value":"0.00"},{"name":"net_debt","year":"2023Q3","value":"0.00"},{"name":"net_debt","year":"2023Q4","value":"0.00"},{"name":"net_debt","year":"2024Q1","value":"0.00"},{"name":"net_debt","year":"2024Q2","value":"0.00"},{"name":"common_share","year":"2023Q2","value":"1 120"},{"name":"common_share","year":"2023Q3","value":"1 054"},{"name":"common_share","year":"2023Q4","value":"998.0"},{"name":"common_share","year":"2024Q1","value":"926.0"},{"name":"common_share","year":"2024Q2","value":"747.0"},{"name":"number_of_shares","year":"2023Q2","value":"80.7"},{"name":"number_of_shares","year":"2023Q3","value":"80.7"},{"name":"number_of_shares","year":"2023Q4","value":"80.7"},{"name":"number_of_shares","year":"2024Q1","value":"80.7"},{"name":"number_of_shares","year":"2024Q2","value":"80.7"},{"name":"market_cap","year":"2023Q2","value":"90.4"},{"name":"market_cap","year":"2023Q3","value":"85.1"},{"name":"market_cap","year":"2023Q4","value":"80.5"},{"name":"market_cap","year":"2024Q1","value":"74.7"},{"name":"market_cap","year":"2024Q2","value":"60.3"},{"name":"ev","year":"2023Q2","value":"90.4"},{"name":"ev","year":"2023Q3","value":"85.1"},{"name":"ev","year":"2023Q4","value":"80.5"},{"name":"ev","year":"2024Q1","value":"74.7"},{"name":"ev","year":"2024Q2","value":"60.3"},{"name":"eps","year":"2023Q2","value":"0.00"},{"name":"eps","year":"2023Q3","value":"0.00"},{"name":"eps","year":"2023Q4","value":"0.00"},{"name":"eps","year":"2024Q1","value":"0.00"},{"name":"eps","year":"2024Q2","value":"0.00"},{"name":"fcf_yield","year":"2023Q2","value":"0.0%"},{"name":"fcf_yield","year":"2023Q3","value":"0.0%"},{"name":"fcf_yield","year":"2023Q4","value":"0.0%"},{"name":"fcf_yield","year":"2024Q1","value":"0.0%"},{"name":"fcf_yield","year":"2024Q2","value":"0.0%"}]