[{"name":"date","year":"2019","value":"29.04.2022"},{"name":"date","year":"2020","value":"29.04.2022"},{"name":"date","year":"2021","value":"29.04.2022"},{"name":"date","year":"2022","value":"02.05.2023"},{"name":"date","year":"2023","value":"27.04.2024"},{"name":"date","year":"LTM\n?","value":"27.04.2024"},{"name":"currency","year":"2019","value":"RUB"},{"name":"currency","year":"2020","value":"RUB"},{"name":"currency","year":"2021","value":"RUB"},{"name":"currency","year":"2022","value":"RUB"},{"name":"currency","year":"2023","value":"RUB"},{"name":"currency","year":"LTM\n?","value":"RUB"},{"name":"report_url","year":"2019","value":""},{"name":"report_url","year":"2020","value":""},{"name":"report_url","year":"2021","value":"https://www.e-disclosure.ru/portal/FileLoad.ashx?Fileid=1748302"},{"name":"report_url","year":"2022","value":"https://www.e-disclosure.ru/portal/FileLoad.ashx?Fileid=1791288"},{"name":"report_url","year":"2023","value":"https://www.e-disclosure.ru/portal/FileLoad.ashx?Fileid=1834650"},{"name":"report_url","year":"LTM\n?","value":"https://www.e-disclosure.ru/portal/FileLoad.ashx?Fileid=1834650"},{"name":"year_report_url","year":"2019","value":""},{"name":"year_report_url","year":"2020","value":"https://www.e-disclosure.ru/portal/FileLoad.ashx?Fileid=1708625"},{"name":"year_report_url","year":"2021","value":"https://www.e-disclosure.ru/portal/FileLoad.ashx?Fileid=1757015"},{"name":"year_report_url","year":"2022","value":"https://www.e-disclosure.ru/portal/FileLoad.ashx?Fileid=1800927"},{"name":"year_report_url","year":"2023","value":"https://www.e-disclosure.ru/portal/FileLoad.ashx?Fileid=1837330"},{"name":"year_report_url","year":"LTM\n?","value":""},{"name":"revenue","year":"2019","value":""},{"name":"revenue","year":"2020","value":"11.2"},{"name":"revenue","year":"2021","value":"15.5"},{"name":"revenue","year":"2022","value":"22.5"},{"name":"revenue","year":"2023","value":"44.5"},{"name":"revenue","year":"LTM\n?","value":"44.5"},{"name":"operating_income","year":"2019","value":""},{"name":"operating_income","year":"2020","value":"0.971"},{"name":"operating_income","year":"2021","value":"1.53"},{"name":"operating_income","year":"2022","value":"2.08"},{"name":"operating_income","year":"2023","value":"5.92"},{"name":"operating_income","year":"LTM\n?","value":"5.92"},{"name":"ebitda","year":"2019","value":""},{"name":"ebitda","year":"2020","value":""},{"name":"ebitda","year":"2021","value":""},{"name":"ebitda","year":"2022","value":"3.16"},{"name":"ebitda","year":"2023","value":"9.45"},{"name":"ebitda","year":"LTM\n?","value":"9.45"},{"name":"net_income","year":"2019","value":""},{"name":"net_income","year":"2020","value":"0.190"},{"name":"net_income","year":"2021","value":"0.490"},{"name":"net_income","year":"2022","value":"0.450"},{"name":"net_income","year":"2023","value":"2.27"},{"name":"net_income","year":"LTM\n?","value":"2.27"},{"name":"ocf","year":"2019","value":""},{"name":"ocf","year":"2020","value":"-0.120"},{"name":"ocf","year":"2021","value":"1.24"},{"name":"ocf","year":"2022","value":"1.49"},{"name":"ocf","year":"2023","value":"1.03"},{"name":"ocf","year":"LTM\n?","value":"1.03"},{"name":"capex","year":"2019","value":""},{"name":"capex","year":"2020","value":"0.180"},{"name":"capex","year":"2021","value":"0.220"},{"name":"capex","year":"2022","value":"5.08"},{"name":"capex","year":"2023","value":"20.8"},{"name":"capex","year":"LTM\n?","value":"20.8"},{"name":"fcf","year":"2019","value":""},{"name":"fcf","year":"2020","value":"-0.300"},{"name":"fcf","year":"2021","value":"0.710"},{"name":"fcf","year":"2022","value":"1.83"},{"name":"fcf","year":"2023","value":"-19.7"},{"name":"fcf","year":"LTM\n?","value":"-19.7"},{"name":"dividend_payout","year":"2019","value":""},{"name":"dividend_payout","year":"2020","value":""},{"name":"dividend_payout","year":"2021","value":""},{"name":"dividend_payout","year":"2022","value":"0.111"},{"name":"dividend_payout","year":"2023","value":"0.262"},{"name":"dividend_payout","year":"LTM\n?","value":"0.262"},{"name":"dividend","year":"2019","value":""},{"name":"dividend","year":"2020","value":""},{"name":"dividend","year":"2021","value":""},{"name":"dividend","year":"2022","value":"185"},{"name":"dividend","year":"2023","value":"437"},{"name":"dividend","year":"LTM\n?","value":"437"},{"name":"div_yield","year":"2019","value":"0.0%"},{"name":"div_yield","year":"2020","value":"0.0%"},{"name":"div_yield","year":"2021","value":"0.0%"},{"name":"div_yield","year":"2022","value":"2.8%"},{"name":"div_yield","year":"2023","value":"2.1%"},{"name":"div_yield","year":"LTM\n?","value":"2.0%"},{"name":"div_payout_ratio","year":"2019","value":""},{"name":"div_payout_ratio","year":"2020","value":"0%"},{"name":"div_payout_ratio","year":"2021","value":"0%"},{"name":"div_payout_ratio","year":"2022","value":"25%"},{"name":"div_payout_ratio","year":"2023","value":"12%"},{"name":"div_payout_ratio","year":"LTM\n?","value":"12%"},{"name":"opex","year":"2019","value":""},{"name":"opex","year":"2020","value":"1.10"},{"name":"opex","year":"2021","value":"1.31"},{"name":"opex","year":"2022","value":"1.61"},{"name":"opex","year":"2023","value":"3.51"},{"name":"opex","year":"LTM\n?","value":"3.51"},{"name":"cost_of_production","year":"2019","value":""},{"name":"cost_of_production","year":"2020","value":"9.10"},{"name":"cost_of_production","year":"2021","value":"12.6"},{"name":"cost_of_production","year":"2022","value":"18.8"},{"name":"cost_of_production","year":"2023","value":"35.1"},{"name":"cost_of_production","year":"LTM\n?","value":"35.1"},{"name":"amortization","year":"2019","value":""},{"name":"amortization","year":"2020","value":""},{"name":"amortization","year":"2021","value":""},{"name":"amortization","year":"2022","value":"1.1"},{"name":"amortization","year":"2023","value":"3.5"},{"name":"amortization","year":"LTM\n?","value":"3.5"},{"name":"employment_expenses","year":"2019","value":""},{"name":"employment_expenses","year":"2020","value":"2.85"},{"name":"employment_expenses","year":"2021","value":"3.86"},{"name":"employment_expenses","year":"2022","value":"4.73"},{"name":"employment_expenses","year":"2023","value":"16.8"},{"name":"employment_expenses","year":"LTM\n?","value":"16.8"},{"name":"interest_expenses","year":"2019","value":""},{"name":"interest_expenses","year":"2020","value":"0.350"},{"name":"interest_expenses","year":"2021","value":"0.370"},{"name":"interest_expenses","year":"2022","value":"0.700"},{"name":"interest_expenses","year":"2023","value":"1.70"},{"name":"interest_expenses","year":"LTM\n?","value":"1.70"},{"name":"assets","year":"2019","value":"11.5"},{"name":"assets","year":"2020","value":"12.0"},{"name":"assets","year":"2021","value":"16.3"},{"name":"assets","year":"2022","value":"33.5"},{"name":"assets","year":"2023","value":"74.8"},{"name":"assets","year":"LTM\n?","value":"74.8"},{"name":"net_assets","year":"2019","value":"1.25"},{"name":"net_assets","year":"2020","value":"1.30"},{"name":"net_assets","year":"2021","value":"1.67"},{"name":"net_assets","year":"2022","value":"2.00"},{"name":"net_assets","year":"2023","value":"4.12"},{"name":"net_assets","year":"LTM\n?","value":"4.12"},{"name":"debt","year":"2019","value":"4.11"},{"name":"debt","year":"2020","value":"4.71"},{"name":"debt","year":"2021","value":"4.75"},{"name":"debt","year":"2022","value":"9.34"},{"name":"debt","year":"2023","value":"30.9"},{"name":"debt","year":"LTM\n?","value":"30.9"},{"name":"cash","year":"2019","value":"0.330"},{"name":"cash","year":"2020","value":"0.180"},{"name":"cash","year":"2021","value":"0.480"},{"name":"cash","year":"2022","value":"6.46"},{"name":"cash","year":"2023","value":"8.55"},{"name":"cash","year":"LTM\n?","value":"8.55"},{"name":"net_debt","year":"2019","value":"3.78"},{"name":"net_debt","year":"2020","value":"4.53"},{"name":"net_debt","year":"2021","value":"4.27"},{"name":"net_debt","year":"2022","value":"2.88"},{"name":"net_debt","year":"2023","value":"22.4"},{"name":"net_debt","year":"LTM\n?","value":"22.4"},{"name":"common_share","year":"2019","value":"5 920"},{"name":"common_share","year":"2020","value":"5 960"},{"name":"common_share","year":"2021","value":"5 800"},{"name":"common_share","year":"2022","value":"6 660"},{"name":"common_share","year":"2023","value":"20 900"},{"name":"common_share","year":"LTM\n?","value":"21 750"},{"name":"number_of_shares","year":"2019","value":"0.600"},{"name":"number_of_shares","year":"2020","value":"0.600"},{"name":"number_of_shares","year":"2021","value":"0.600"},{"name":"number_of_shares","year":"2022","value":"0.600"},{"name":"number_of_shares","year":"2023","value":"0.600"},{"name":"number_of_shares","year":"LTM\n?","value":"0.600"},{"name":"number_of_priv_shares","year":"2019","value":"0.200"},{"name":"number_of_priv_shares","year":"2020","value":"0.200"},{"name":"number_of_priv_shares","year":"2021","value":"0.200"},{"name":"number_of_priv_shares","year":"2022","value":"0.200"},{"name":"number_of_priv_shares","year":"2023","value":"0.200"},{"name":"number_of_priv_shares","year":"LTM\n?","value":"0.200"},{"name":"market_cap","year":"2019","value":"3.55"},{"name":"market_cap","year":"2020","value":"3.58"},{"name":"market_cap","year":"2021","value":"3.48"},{"name":"market_cap","year":"2022","value":"4.00"},{"name":"market_cap","year":"2023","value":"12.5"},{"name":"market_cap","year":"LTM\n?","value":"13.1"},{"name":"ev","year":"2019","value":"7.33"},{"name":"ev","year":"2020","value":"8.11"},{"name":"ev","year":"2021","value":"7.75"},{"name":"ev","year":"2022","value":"6.88"},{"name":"ev","year":"2023","value":"34.9"},{"name":"ev","year":"LTM\n?","value":"35.4"},{"name":"book_value","year":"2019","value":"1.25"},{"name":"book_value","year":"2020","value":"1.30"},{"name":"book_value","year":"2021","value":"1.67"},{"name":"book_value","year":"2022","value":"2.00"},{"name":"book_value","year":"2023","value":"4.12"},{"name":"book_value","year":"LTM\n?","value":"4.12"},{"name":"eps","year":"2019","value":"0.00"},{"name":"eps","year":"2020","value":"316.6"},{"name":"eps","year":"2021","value":"816.4"},{"name":"eps","year":"2022","value":"749.7"},{"name":"eps","year":"2023","value":"3 782"},{"name":"eps","year":"LTM\n?","value":"3 782"},{"name":"fcf_share","year":"2019","value":"0.00"},{"name":"fcf_share","year":"2020","value":"-499.8"},{"name":"fcf_share","year":"2021","value":"1 183"},{"name":"fcf_share","year":"2022","value":"3 049"},{"name":"fcf_share","year":"2023","value":"-32 871"},{"name":"fcf_share","year":"LTM\n?","value":"-32 871"},{"name":"bv_share","year":"2019","value":"2 083"},{"name":"bv_share","year":"2020","value":"2 166"},{"name":"bv_share","year":"2021","value":"2 782"},{"name":"bv_share","year":"2022","value":"3 332"},{"name":"bv_share","year":"2023","value":"6 864"},{"name":"bv_share","year":"LTM\n?","value":"6 864"},{"name":"ebitda_margin","year":"2019","value":""},{"name":"ebitda_margin","year":"2020","value":"0.0%"},{"name":"ebitda_margin","year":"2021","value":"0.0%"},{"name":"ebitda_margin","year":"2022","value":"14.0%"},{"name":"ebitda_margin","year":"2023","value":"21.2%"},{"name":"ebitda_margin","year":"LTM\n?","value":"21.2%"},{"name":"net_margin","year":"2019","value":""},{"name":"net_margin","year":"2020","value":"1.7%"},{"name":"net_margin","year":"2021","value":"3.2%"},{"name":"net_margin","year":"2022","value":"2.0%"},{"name":"net_margin","year":"2023","value":"5.1%"},{"name":"net_margin","year":"LTM\n?","value":"5.1%"},{"name":"fcf_yield","year":"2019","value":"0.0%"},{"name":"fcf_yield","year":"2020","value":"-8.4%"},{"name":"fcf_yield","year":"2021","value":"20.4%"},{"name":"fcf_yield","year":"2022","value":"45.8%"},{"name":"fcf_yield","year":"2023","value":"-157.3%"},{"name":"fcf_yield","year":"LTM\n?","value":"-151.1%"},{"name":"roe","year":"2019","value":"0.0%"},{"name":"roe","year":"2020","value":"14.6%"},{"name":"roe","year":"2021","value":"29.3%"},{"name":"roe","year":"2022","value":"22.5%"},{"name":"roe","year":"2023","value":"55.1%"},{"name":"roe","year":"LTM\n?","value":"55.1%"},{"name":"roa","year":"2019","value":"0.0%"},{"name":"roa","year":"2020","value":"1.6%"},{"name":"roa","year":"2021","value":"3.0%"},{"name":"roa","year":"2022","value":"1.3%"},{"name":"roa","year":"2023","value":"3.0%"},{"name":"roa","year":"LTM\n?","value":"3.0%"},{"name":"p_e","year":"2019","value":""},{"name":"p_e","year":"2020","value":"18.8"},{"name":"p_e","year":"2021","value":"7.10"},{"name":"p_e","year":"2022","value":"8.88"},{"name":"p_e","year":"2023","value":"5.53"},{"name":"p_e","year":"LTM\n?","value":"5.75"},{"name":"p_fcf","year":"2019","value":""},{"name":"p_fcf","year":"2020","value":"-11.9"},{"name":"p_fcf","year":"2021","value":"4.90"},{"name":"p_fcf","year":"2022","value":"2.18"},{"name":"p_fcf","year":"2023","value":"-0.64"},{"name":"p_fcf","year":"LTM\n?","value":"-0.66"},{"name":"p_s","year":"2019","value":""},{"name":"p_s","year":"2020","value":"0.32"},{"name":"p_s","year":"2021","value":"0.22"},{"name":"p_s","year":"2022","value":"0.18"},{"name":"p_s","year":"2023","value":"0.28"},{"name":"p_s","year":"LTM\n?","value":"0.29"},{"name":"p_bv","year":"2019","value":"2.84"},{"name":"p_bv","year":"2020","value":"2.75"},{"name":"p_bv","year":"2021","value":"2.08"},{"name":"p_bv","year":"2022","value":"2.00"},{"name":"p_bv","year":"2023","value":"3.04"},{"name":"p_bv","year":"LTM\n?","value":"3.17"},{"name":"ev_ebitda","year":"2019","value":""},{"name":"ev_ebitda","year":"2020","value":""},{"name":"ev_ebitda","year":"2021","value":""},{"name":"ev_ebitda","year":"2022","value":"2.18"},{"name":"ev_ebitda","year":"2023","value":"3.70"},{"name":"ev_ebitda","year":"LTM\n?","value":"3.75"},{"name":"debt_ebitda","year":"2019","value":""},{"name":"debt_ebitda","year":"2020","value":""},{"name":"debt_ebitda","year":"2021","value":""},{"name":"debt_ebitda","year":"2022","value":"0.91"},{"name":"debt_ebitda","year":"2023","value":"2.37"},{"name":"debt_ebitda","year":"LTM\n?","value":"2.37"},{"name":"r_and_d_capex","year":"2019","value":""},{"name":"r_and_d_capex","year":"2020","value":"0.00%"},{"name":"r_and_d_capex","year":"2021","value":"0.00%"},{"name":"r_and_d_capex","year":"2022","value":"0.00%"},{"name":"r_and_d_capex","year":"2023","value":"0.00%"},{"name":"r_and_d_capex","year":"LTM\n?","value":"0"},{"name":"capex_revenue","year":"2019","value":""},{"name":"capex_revenue","year":"2020","value":"2%"},{"name":"capex_revenue","year":"2021","value":"1%"},{"name":"capex_revenue","year":"2022","value":"23%"},{"name":"capex_revenue","year":"2023","value":"47%"},{"name":"capex_revenue","year":"LTM\n?","value":"47%"}]