[{"name":"Выручка","year":"2023","value":"44506437000"},{"name":"Выручка","year":"2022","value":"22511199000"},{"name":"Валовая прибыль","year":"2023","value":"9438978000"},{"name":"Валовая прибыль","year":"2022","value":"3682572000"},{"name":"EBITDA","year":"2023","value":"9450247000"},{"name":"EBITDA","year":"2022","value":"3154647000"},{"name":"EBIT","year":"2023","value":"5924212000"},{"name":"EBIT","year":"2022","value":"2076496000"},{"name":"Процентные доходы","year":"2023","value":"25589000"},{"name":"Процентные доходы","year":"2022","value":"11604000"},{"name":"Процентные расходы","year":"2023","value":"2786188000"},{"name":"Процентные расходы","year":"2022","value":"1418545000"},{"name":"Чистые процентные доходы/расходы","year":"2023","value":"-2760599000"},{"name":"Чистые процентные доходы/расходы","year":"2022","value":"-1406941000"},{"name":"Операционный доход","year":"2023","value":"5924211000"},{"name":"Операционный доход","year":"2022","value":"2076496000"},{"name":"Расходы на персонал","year":"2023","value":"3667202000"},{"name":"Расходы на персонал","year":"2022","value":"1446678000"},{"name":"Прибыль до налогов","year":"2023","value":"3163613000"},{"name":"Прибыль до налогов","year":"2022","value":"669555000"},{"name":"Чистая прибыль","year":"2023","value":"2266912000"},{"name":"Чистая прибыль","year":"2022","value":"450599000"},{"name":"Капитал на акционеров","year":"2023","value":"4119475000"},{"name":"Капитал на акционеров","year":"2022","value":"2000615000"},{"name":"Активы","year":"2023","value":"74805174000"},{"name":"Активы","year":"2022","value":"33519453000"},{"name":"CA Оборотные активы","year":"2023","value":"44775570000"},{"name":"CA Оборотные активы","year":"2022","value":"21241377000"},{"name":"Денежные средства и их эквиваленты","year":"2023","value":"8548616000"},{"name":"Денежные средства и их эквиваленты","year":"2022","value":"6463342000"},{"name":"Обязательства","year":"2023","value":"70685699000"},{"name":"Обязательства","year":"2022","value":"31518837000"},{"name":"Обязательства","year":"2021","value":"14643029000"},{"name":"Собственный капитал","year":"2023","value":"4119475000"},{"name":"Собственный капитал","year":"2022","value":"2000615000"},{"name":"Капитал на акционеров","year":"2023","value":"2266912000"},{"name":"Капитал на акционеров","year":"2022","value":"450599000"},{"name":"Внеоборотные активы","year":"2023","value":"30029604000"},{"name":"Внеоборотные активы","year":"2022","value":"12278076000"},{"name":"Собственный капитал","year":"2023","value":"140.8981"},{"name":"Собственный капитал","year":"2022","value":"54.4391"},{"name":"CFO операционные денежные потоки","year":"2023","value":"1034325000"},{"name":"CFO операционные денежные потоки","year":"2022","value":"1485173000"},{"name":"FCF на акцию","year":"2023","value":"-19721827000"},{"name":"FCF на акцию","year":"2022","value":"-3594042000"},{"name":"Инвестиционный денежный поток","year":"2023","value":"-19990096000"},{"name":"Инвестиционный денежный поток","year":"2022","value":"22924000"},{"name":"CFF Денежный поток от финансовой деятельности","year":"2023","value":"21039217000"},{"name":"CFF Денежный поток от финансовой деятельности","year":"2022","value":"4474456000"},{"name":"CB Текущие кредиты","year":"2023","value":"12730492000"},{"name":"CB Текущие кредиты","year":"2022","value":"5672423000"},{"name":"Общий долг","year":"2023","value":"22392041000"},{"name":"Общий долг","year":"2022","value":"2881510000"},{"name":"Текущие обязательства","year":"2023","value":"45926892000"},{"name":"Текущие обязательства","year":"2022","value":"21756519000"},{"name":"CL Текущая аренда","year":"2023","value":"65511000"},{"name":"CL Текущая аренда","year":"2022","value":"72084000"},{"name":"Долгосрочная аренда","year":"2023","value":"207759000"},{"name":"Долгосрочная аренда","year":"2022","value":"202719000"},{"name":"Долгосрочные кредиты","year":"2023","value":"18210165000"},{"name":"Долгосрочные кредиты","year":"2022","value":"3672429000"},{"name":"Долгосрочные обязательства","year":"2023","value":"24758807000"},{"name":"Долгосрочные обязательства","year":"2022","value":"9762318000"},{"name":"Чистый долг","year":"2023","value":"30940657000"},{"name":"Чистый долг","year":"2022","value":"9344852000"},{"name":"Общие расходы","year":"2023","value":"3514767000"},{"name":"Общие расходы","year":"2022","value":"1606076000"}]