[{"name":"P/E","year":"2023","value":"7.1"},{"name":"P/E","year":"2022","value":"0.9"},{"name":"P/E","year":"2021","value":"2.27"},{"name":"P/E","year":"2020","value":"-17.81"},{"name":"P/E","year":"2019","value":"2.03"},{"name":"P/B","year":"2023","value":"0.48"},{"name":"P/B","year":"2022","value":"0.21"},{"name":"P/B","year":"2021","value":"0.34"},{"name":"P/B","year":"2020","value":"0.24"},{"name":"P/B","year":"2019","value":"0.22"},{"name":"P/S","year":"2023","value":"0.18"},{"name":"P/S","year":"2022","value":"0.07"},{"name":"P/S","year":"2021","value":"0.08"},{"name":"P/S","year":"2020","value":"0.08"},{"name":"P/S","year":"2019","value":"0.07"},{"name":"P/CF","year":"2023","value":"1.02"},{"name":"P/CF","year":"2022","value":"-4.95"},{"name":"P/CF","year":"2021","value":"325.44"},{"name":"P/CF","year":"2020","value":"-2.34"},{"name":"P/CF","year":"2019","value":"0.93"},{"name":"P/FCF","year":"2023","value":"1.33"},{"name":"P/FCF","year":"2019","value":"0.96"},{"name":"EV/S","year":"2023","value":"1.14"},{"name":"EV/S","year":"2022","value":"1.08"},{"name":"EV/S","year":"2021","value":"1.11"},{"name":"EV/S","year":"2020","value":"1.99"},{"name":"EV/S","year":"2019","value":"1.4"},{"name":"EV/EBITDA","year":"2023","value":"-11.68"},{"name":"EV/EBITDA","year":"2022","value":"8.04"},{"name":"EV/EBITDA","year":"2021","value":"13.75"},{"name":"EV/EBITDA","year":"2020","value":"282.96"},{"name":"EV/EBITDA","year":"2019","value":"19.28"},{"name":"EV/EBIT","year":"2023","value":"-9.59"},{"name":"EV/EBIT","year":"2022","value":"9.42"},{"name":"EV/EBIT","year":"2021","value":"18.32"},{"name":"EV/EBIT","year":"2020","value":"-82.72"},{"name":"EV/EBIT","year":"2019","value":"34.6"},{"name":"Коэффициент долга","year":"2023","value":"0.75"},{"name":"Коэффициент долга","year":"2022","value":"0.78"},{"name":"Коэффициент долга","year":"2021","value":"0.83"},{"name":"Коэффициент долга","year":"2020","value":"0.87"},{"name":"Коэффициент долга","year":"2019","value":"0.83"},{"name":"D/E","year":"2023","value":"2.98"},{"name":"D/E","year":"2022","value":"3.48"},{"name":"D/E","year":"2021","value":"4.87"},{"name":"D/E","year":"2020","value":"6.79"},{"name":"D/E","year":"2019","value":"4.81"},{"name":"CAPEX/Выручка","year":"2023","value":"4.26"},{"name":"CAPEX/Выручка","year":"2022","value":"1.07"},{"name":"CAPEX/Выручка","year":"2021","value":"0.7"},{"name":"CAPEX/Выручка","year":"2020","value":"0.26"},{"name":"CAPEX/Выручка","year":"2019","value":"0.24"},{"name":"NetDebt/EBITDA","year":"2023","value":"-9.8"},{"name":"NetDebt/EBITDA","year":"2022","value":"7.53"},{"name":"NetDebt/EBITDA","year":"2021","value":"12.72"},{"name":"NetDebt/EBITDA","year":"2020","value":"271.91"},{"name":"NetDebt/EBITDA","year":"2019","value":"18.31"},{"name":"Долг/EBITDA","year":"2023","value":"-9.84"},{"name":"Долг/EBITDA","year":"2022","value":"7.54"},{"name":"Долг/EBITDA","year":"2021","value":"13.05"},{"name":"Долг/EBITDA","year":"2020","value":"271.94"},{"name":"Долг/EBITDA","year":"2019","value":"18.36"},{"name":"ROE","year":"2023","value":"6.77"},{"name":"ROE","year":"2022","value":"23.02"},{"name":"ROE","year":"2021","value":"15.07"},{"name":"ROE","year":"2020","value":"-1.35"},{"name":"ROE","year":"2019","value":"10.62"},{"name":"ROA","year":"2023","value":"1.7"},{"name":"ROA","year":"2022","value":"5.14"},{"name":"ROA","year":"2021","value":"2.57"},{"name":"ROA","year":"2020","value":"-0.17"},{"name":"ROA","year":"2019","value":"1.83"},{"name":"Return on Sales","year":"2023","value":"-11.93"},{"name":"Return on Sales","year":"2022","value":"11.47"},{"name":"Return on Sales","year":"2021","value":"6.05"},{"name":"Return on Sales","year":"2020","value":"-2.4"},{"name":"Return on Sales","year":"2019","value":"4.06"},{"name":"ROIC","year":"2023","value":"9.23"},{"name":"ROIC","year":"2022","value":"11.64"},{"name":"ROIC","year":"2021","value":"15.65"},{"name":"ROIC","year":"2020","value":"9.54"},{"name":"ROIC","year":"2019","value":"0.68"},{"name":"ROCE","year":"2023","value":"-11.01"},{"name":"ROCE","year":"2022","value":"29.94"},{"name":"ROCE","year":"2021","value":"20.94"},{"name":"ROCE","year":"2020","value":"-4.16"},{"name":"ROCE","year":"2019","value":"11.49"},{"name":"Net Margin","year":"2023","value":"2.59"},{"name":"Net Margin","year":"2022","value":"7.67"},{"name":"Net Margin","year":"2021","value":"3.68"},{"name":"Net Margin","year":"2020","value":"-0.44"},{"name":"Net Margin","year":"2019","value":"3.49"},{"name":"Операционная маржа","year":"2023","value":"10"},{"name":"Операционная маржа","year":"2022","value":"5.25"},{"name":"Операционная маржа","year":"2021","value":"6.07"},{"name":"Операционная маржа","year":"2020","value":"5.51"},{"name":"Операционная маржа","year":"2019","value":"0.27"},{"name":"EBITDA рентабельность","year":"2023","value":"-9.8"},{"name":"EBITDA рентабельность","year":"2022","value":"13.44"},{"name":"EBITDA рентабельность","year":"2021","value":"8.07"},{"name":"EBITDA рентабельность","year":"2020","value":"0.7"},{"name":"EBITDA рентабельность","year":"2019","value":"7.29"},{"name":"Тек. ливкидность","year":"2023","value":"1.79"},{"name":"Тек. ливкидность","year":"2022","value":"0.67"},{"name":"Тек. ливкидность","year":"2021","value":"0.57"},{"name":"Тек. ливкидность","year":"2020","value":"0.18"},{"name":"Тек. ливкидность","year":"2019","value":"0.33"},{"name":"Валовая маржа","year":"2023","value":"19.89"},{"name":"Валовая маржа","year":"2022","value":"15.68"},{"name":"Валовая маржа","year":"2021","value":"16.14"},{"name":"Валовая маржа","year":"2020","value":"16.19"},{"name":"Валовая маржа","year":"2019","value":"9.84"}]