[
  {
    "name": "net_income",
    "year": "2014",
    "value": -0.112
  },
  {
    "name": "net_income",
    "year": "2015",
    "value": -0.231
  },
  {
    "name": "net_income",
    "year": "2016",
    "value": 0.138
  },
  {
    "name": "net_income",
    "year": "2017",
    "value": 0.577
  },
  {
    "name": "net_income",
    "year": "2018",
    "value": 0.886
  },
  {
    "name": "net_income",
    "year": "2019",
    "value": 0.26
  },
  {
    "name": "net_income",
    "year": "2020",
    "value": 0.095
  },
  {
    "name": "net_income",
    "year": "2021",
    "value": -0.311
  },
  {
    "name": "net_income",
    "year": "2022",
    "value": -0.21
  },
  {
    "name": "assets",
    "year": "2019",
    "value": 7.95
  },
  {
    "name": "assets",
    "year": "2020",
    "value": 9.78
  },
  {
    "name": "assets",
    "year": "2021",
    "value": 7.45
  },
  {
    "name": "assets",
    "year": "2022",
    "value": 2.81
  },
  {
    "name": "net_assets",
    "year": "2014",
    "value": 0.553
  },
  {
    "name": "net_assets",
    "year": "2015",
    "value": 0.423
  },
  {
    "name": "net_assets",
    "year": "2016",
    "value": 0.474
  },
  {
    "name": "net_assets",
    "year": "2017",
    "value": 1.142
  },
  {
    "name": "net_assets",
    "year": "2018",
    "value": 1.928
  },
  {
    "name": "net_assets",
    "year": "2019",
    "value": 1.78
  },
  {
    "name": "net_assets",
    "year": "2020",
    "value": 1.82
  },
  {
    "name": "net_assets",
    "year": "2021",
    "value": 1.12
  },
  {
    "name": "net_assets",
    "year": "2022",
    "value": 0.95
  },
  {
    "name": "debt",
    "year": "2017",
    "value": 0.157
  },
  {
    "name": "debt",
    "year": "2018",
    "value": 0.164
  },
  {
    "name": "debt",
    "year": "2019",
    "value": 0.028
  },
  {
    "name": "debt",
    "year": "2020",
    "value": 0.0
  },
  {
    "name": "debt",
    "year": "2021",
    "value": 0.126
  },
  {
    "name": "debt",
    "year": "2022",
    "value": 0.02
  },
  {
    "name": "cash",
    "year": "2014",
    "value": 0.218
  },
  {
    "name": "cash",
    "year": "2015",
    "value": 0.657
  },
  {
    "name": "cash",
    "year": "2016",
    "value": 0.641
  },
  {
    "name": "cash",
    "year": "2017",
    "value": 3.46
  },
  {
    "name": "cash",
    "year": "2018",
    "value": 4.734
  },
  {
    "name": "cash",
    "year": "2019",
    "value": 4.65
  },
  {
    "name": "cash",
    "year": "2020",
    "value": 4.96
  },
  {
    "name": "cash",
    "year": "2021",
    "value": 5.08
  },
  {
    "name": "cash",
    "year": "2022",
    "value": 1.39
  },
  {
    "name": "net_debt",
    "year": "2013",
    "value": 0.0
  },
  {
    "name": "net_debt",
    "year": "2014",
    "value": -0.218
  },
  {
    "name": "net_debt",
    "year": "2015",
    "value": -0.657
  },
  {
    "name": "net_debt",
    "year": "2016",
    "value": -0.641
  },
  {
    "name": "net_debt",
    "year": "2017",
    "value": -3.303
  },
  {
    "name": "net_debt",
    "year": "2018",
    "value": -4.57
  },
  {
    "name": "net_debt",
    "year": "2019",
    "value": -4.622
  },
  {
    "name": "net_debt",
    "year": "2020",
    "value": -4.96
  },
  {
    "name": "net_debt",
    "year": "2021",
    "value": -4.954
  },
  {
    "name": "net_debt",
    "year": "2022",
    "value": -1.37
  },
  {
    "name": "common_share",
    "year": "2016",
    "value": 3.65
  },
  {
    "name": "common_share",
    "year": "2017",
    "value": 6.46
  },
  {
    "name": "common_share",
    "year": "2018",
    "value": 6.98
  },
  {
    "name": "common_share",
    "year": "2019",
    "value": 4.36
  },
  {
    "name": "common_share",
    "year": "2020",
    "value": 5.84
  },
  {
    "name": "common_share",
    "year": "2021",
    "value": 3.58
  },
  {
    "name": "number_of_shares",
    "year": "2013",
    "value": 526.0
  },
  {
    "name": "number_of_shares",
    "year": "2014",
    "value": 526.0
  },
  {
    "name": "number_of_shares",
    "year": "2015",
    "value": 526.0
  },
  {
    "name": "number_of_shares",
    "year": "2016",
    "value": 526.0
  },
  {
    "name": "number_of_shares",
    "year": "2017",
    "value": 526.0
  },
  {
    "name": "number_of_shares",
    "year": "2018",
    "value": 526.0
  },
  {
    "name": "number_of_shares",
    "year": "2019",
    "value": 526.0
  },
  {
    "name": "number_of_shares",
    "year": "2020",
    "value": 526.0
  },
  {
    "name": "number_of_shares",
    "year": "2021",
    "value": 526.0
  },
  {
    "name": "number_of_shares",
    "year": "2022",
    "value": 526.0
  },
  {
    "name": "market_cap",
    "year": "2013",
    "value": 0.0
  },
  {
    "name": "market_cap",
    "year": "2014",
    "value": 0.0
  },
  {
    "name": "market_cap",
    "year": "2015",
    "value": 0.0
  },
  {
    "name": "market_cap",
    "year": "2016",
    "value": 1.9199
  },
  {
    "name": "market_cap",
    "year": "2017",
    "value": 3.39796
  },
  {
    "name": "market_cap",
    "year": "2018",
    "value": 3.67148
  },
  {
    "name": "market_cap",
    "year": "2019",
    "value": 2.29336
  },
  {
    "name": "market_cap",
    "year": "2020",
    "value": 3.07184
  },
  {
    "name": "market_cap",
    "year": "2021",
    "value": 1.88308
  },
  {
    "name": "market_cap",
    "year": "2022",
    "value": 0.0
  },
  {
    "name": "ev",
    "year": "2013",
    "value": 0.0
  },
  {
    "name": "ev",
    "year": "2014",
    "value": -0.218
  },
  {
    "name": "ev",
    "year": "2015",
    "value": -0.657
  },
  {
    "name": "ev",
    "year": "2016",
    "value": 1.2789
  },
  {
    "name": "ev",
    "year": "2017",
    "value": 0.09496
  },
  {
    "name": "ev",
    "year": "2018",
    "value": -0.89852
  },
  {
    "name": "ev",
    "year": "2019",
    "value": -2.32864
  },
  {
    "name": "ev",
    "year": "2020",
    "value": -1.88816
  },
  {
    "name": "ev",
    "year": "2021",
    "value": -3.07092
  },
  {
    "name": "ev",
    "year": "2022",
    "value": -1.37
  },
  {
    "name": "book_value",
    "year": "2013",
    "value": 0.0
  },
  {
    "name": "book_value",
    "year": "2014",
    "value": 0.553
  },
  {
    "name": "book_value",
    "year": "2015",
    "value": 0.423
  },
  {
    "name": "book_value",
    "year": "2016",
    "value": 0.457
  },
  {
    "name": "book_value",
    "year": "2017",
    "value": 1.134
  },
  {
    "name": "book_value",
    "year": "2018",
    "value": 1.909
  },
  {
    "name": "book_value",
    "year": "2019",
    "value": 1.721
  },
  {
    "name": "book_value",
    "year": "2020",
    "value": 1.724
  },
  {
    "name": "book_value",
    "year": "2021",
    "value": 1.04
  },
  {
    "name": "book_value",
    "year": "2022",
    "value": 0.926
  },
  {
    "name": "eps",
    "year": "2013",
    "value": 0.0
  },
  {
    "name": "eps",
    "year": "2014",
    "value": -0.212927756654
  },
  {
    "name": "eps",
    "year": "2015",
    "value": -0.439163498099
  },
  {
    "name": "eps",
    "year": "2016",
    "value": 0.262357414449
  },
  {
    "name": "eps",
    "year": "2017",
    "value": 1.0969581749
  },
  {
    "name": "eps",
    "year": "2018",
    "value": 1.68441064639
  },
  {
    "name": "eps",
    "year": "2019",
    "value": 0.494296577947
  },
  {
    "name": "eps",
    "year": "2020",
    "value": 0.180608365019
  },
  {
    "name": "eps",
    "year": "2021",
    "value": -0.591254752852
  },
  {
    "name": "eps",
    "year": "2022",
    "value": -0.399239543726
  },
  {
    "name": "fcf_share",
    "year": "2013",
    "value": 0.0
  },
  {
    "name": "fcf_share",
    "year": "2014",
    "value": 0.0
  },
  {
    "name": "fcf_share",
    "year": "2015",
    "value": 0.0
  },
  {
    "name": "fcf_share",
    "year": "2016",
    "value": 0.0
  },
  {
    "name": "fcf_share",
    "year": "2017",
    "value": 0.0
  },
  {
    "name": "fcf_share",
    "year": "2018",
    "value": 0.0
  },
  {
    "name": "fcf_share",
    "year": "2019",
    "value": 0.0
  },
  {
    "name": "fcf_share",
    "year": "2020",
    "value": 0.0
  },
  {
    "name": "fcf_share",
    "year": "2021",
    "value": 0.0
  },
  {
    "name": "fcf_share",
    "year": "2022",
    "value": 0.0
  },
  {
    "name": "bv_share",
    "year": "2013",
    "value": 0.0
  },
  {
    "name": "bv_share",
    "year": "2014",
    "value": 1.05133079848
  },
  {
    "name": "bv_share",
    "year": "2015",
    "value": 0.804182509506
  },
  {
    "name": "bv_share",
    "year": "2016",
    "value": 0.868821292776
  },
  {
    "name": "bv_share",
    "year": "2017",
    "value": 2.15589353612
  },
  {
    "name": "bv_share",
    "year": "2018",
    "value": 3.62927756654
  },
  {
    "name": "bv_share",
    "year": "2019",
    "value": 3.27186311787
  },
  {
    "name": "bv_share",
    "year": "2020",
    "value": 3.27756653992
  },
  {
    "name": "bv_share",
    "year": "2021",
    "value": 1.97718631179
  },
  {
    "name": "bv_share",
    "year": "2022",
    "value": 1.76045627376
  },
  {
    "name": "fcf_yield",
    "year": "2016",
    "value": 0.0
  },
  {
    "name": "fcf_yield",
    "year": "2017",
    "value": 0.0
  },
  {
    "name": "fcf_yield",
    "year": "2018",
    "value": 0.0
  },
  {
    "name": "fcf_yield",
    "year": "2019",
    "value": 0.0
  },
  {
    "name": "fcf_yield",
    "year": "2020",
    "value": 0.0
  },
  {
    "name": "fcf_yield",
    "year": "2021",
    "value": 0.0
  },
  {
    "name": "roe",
    "year": "2014",
    "value": -20.253164557
  },
  {
    "name": "roe",
    "year": "2015",
    "value": -54.60992907799999
  },
  {
    "name": "roe",
    "year": "2016",
    "value": 29.113924050599998
  },
  {
    "name": "roe",
    "year": "2017",
    "value": 50.52539404550001
  },
  {
    "name": "roe",
    "year": "2018",
    "value": 45.9543568465
  },
  {
    "name": "roe",
    "year": "2019",
    "value": 14.606741573
  },
  {
    "name": "roe",
    "year": "2020",
    "value": 5.21978021978
  },
  {
    "name": "roe",
    "year": "2021",
    "value": -27.7678571429
  },
  {
    "name": "roe",
    "year": "2022",
    "value": -22.105263157899998
  },
  {
    "name": "roa",
    "year": "2019",
    "value": 3.2704402515699997
  },
  {
    "name": "roa",
    "year": "2020",
    "value": 0.9713701431489999
  },
  {
    "name": "roa",
    "year": "2021",
    "value": -4.1744966443
  },
  {
    "name": "roa",
    "year": "2022",
    "value": -7.47330960854
  },
  {
    "name": "p_e",
    "year": "2014",
    "value": 0.0
  },
  {
    "name": "p_e",
    "year": "2015",
    "value": 0.0
  },
  {
    "name": "p_e",
    "year": "2016",
    "value": 13.9123188406
  },
  {
    "name": "p_e",
    "year": "2017",
    "value": 5.88901213172
  },
  {
    "name": "p_e",
    "year": "2018",
    "value": 4.14388261851
  },
  {
    "name": "p_e",
    "year": "2019",
    "value": 8.82061538462
  },
  {
    "name": "p_e",
    "year": "2020",
    "value": 32.3351578947
  },
  {
    "name": "p_e",
    "year": "2021",
    "value": -6.05491961415
  },
  {
    "name": "p_e",
    "year": "2022",
    "value": 0.0
  },
  {
    "name": "p_bv",
    "year": "2014",
    "value": 0.0
  },
  {
    "name": "p_bv",
    "year": "2015",
    "value": 0.0
  },
  {
    "name": "p_bv",
    "year": "2016",
    "value": 4.2010940919
  },
  {
    "name": "p_bv",
    "year": "2017",
    "value": 2.99643738977
  },
  {
    "name": "p_bv",
    "year": "2018",
    "value": 1.9232477737
  },
  {
    "name": "p_bv",
    "year": "2019",
    "value": 1.33257408483
  },
  {
    "name": "p_bv",
    "year": "2020",
    "value": 1.78180974478
  },
  {
    "name": "p_bv",
    "year": "2021",
    "value": 1.81065384615
  },
  {
    "name": "p_bv",
    "year": "2022",
    "value": 0.0
  }
]