[{"name":"date","year":"2018","value":"20.05.2019"},{"name":"date","year":"2019","value":"27.05.2021"},{"name":"date","year":"2020","value":"27.05.2021"},{"name":"date","year":"2021","value":"30.05.2023"},{"name":"date","year":"2022","value":"30.05.2023"},{"name":"currency","year":"2018","value":"RUB"},{"name":"currency","year":"2019","value":"RUB"},{"name":"currency","year":"2020","value":"RUB"},{"name":"currency","year":"2021","value":"RUB"},{"name":"currency","year":"2022","value":"RUB"},{"name":"report_url","year":"2018","value":"https://www.acko.ru/upload/docs/pao/%D0%9E%D1%82%D1%87%D0%B5%D1%82%D0%BD%D0%BE%D1%81%D1%82%D1%8C%20%D0%9C%D0%A1%D0%A4%D0%9E%20%D0%B7%D0%B0%202018%20%D0%B3%D0%BE%D0%B4%20%D1%81%20%D0%B0%D1%83%D0%B4%D0%B8%D1%82%D0%BE%D1%80%D1%81%D0%BA%D0%B8%D0%BC%20%D0%B7%D0%B0%D0%BA%D0%BB%D1%8E%D1%87%D0%B5%D0%BD%D0%B8%D0%B5%D0%BC.pdf"},{"name":"report_url","year":"2019","value":"https://e-disclosure.ru/portal/FileLoad.ashx?Fileid=1635386"},{"name":"report_url","year":"2020","value":"https://e-disclosure.ru/portal/FileLoad.ashx?Fileid=1698581"},{"name":"report_url","year":"2021","value":""},{"name":"report_url","year":"2022","value":"https://www.e-disclosure.ru/portal/FileLoad.ashx?Fileid=1795997"},{"name":"year_report_url","year":"2018","value":"https://www.acko.ru/upload/docs/pao/%D0%93%D0%BE%D0%B4%D0%BE%D0%B2%D0%BE%D0%B9%20%D0%BE%D1%82%D1%87%D0%B5%D1%82%202018%D0%B3.zip"},{"name":"year_report_url","year":"2019","value":"https://e-disclosure.ru/portal/FileLoad.ashx?Fileid=1638187"},{"name":"year_report_url","year":"2020","value":"https://disclosure.skrin.ru/disclosure_docs/7453297458/3ebe45bc15df4f8ba76905ffd7c02653/2020.zip"},{"name":"year_report_url","year":"2021","value":"https://www.e-disclosure.ru/portal/FileLoad.ashx?Fileid=1751744"},{"name":"year_report_url","year":"2022","value":"https://www.e-disclosure.ru/portal/FileLoad.ashx?Fileid=1795994"},{"name":"revenue","year":"2018","value":"7.77"},{"name":"revenue","year":"2019","value":"7.93"},{"name":"revenue","year":"2020","value":"11.4"},{"name":"revenue","year":"2021","value":"11.1"},{"name":"revenue","year":"2022","value":"0.000"},{"name":"net_income","year":"2018","value":"0.886"},{"name":"net_income","year":"2019","value":"0.260"},{"name":"net_income","year":"2020","value":"0.095"},{"name":"net_income","year":"2021","value":"-0.311"},{"name":"net_income","year":"2022","value":"-0.210"},{"name":"capex","year":"2018","value":"0.088"},{"name":"capex","year":"2019","value":"0.088"},{"name":"capex","year":"2020","value":"0.068"},{"name":"capex","year":"2021","value":"0.033"},{"name":"capex","year":"2022","value":"0.000"},{"name":"dividend_payout","year":"2018","value":"0.182"},{"name":"dividend_payout","year":"2019","value":""},{"name":"dividend_payout","year":"2020","value":""},{"name":"dividend_payout","year":"2021","value":""},{"name":"dividend_payout","year":"2022","value":""},{"name":"dividend","year":"2018","value":"0.34"},{"name":"dividend","year":"2019","value":""},{"name":"dividend","year":"2020","value":""},{"name":"dividend","year":"2021","value":""},{"name":"dividend","year":"2022","value":""},{"name":"div_yield","year":"2018","value":"4.9%"},{"name":"div_yield","year":"2019","value":"0.0%"},{"name":"div_yield","year":"2020","value":"0.0%"},{"name":"div_yield","year":"2021","value":"0.0%"},{"name":"div_yield","year":"2022","value":""},{"name":"div_payout_ratio","year":"2018","value":"21%"},{"name":"div_payout_ratio","year":"2019","value":"0%"},{"name":"div_payout_ratio","year":"2020","value":"0%"},{"name":"div_payout_ratio","year":"2021","value":"0%"},{"name":"div_payout_ratio","year":"2022","value":"0%"},{"name":"opex","year":"2018","value":"0.709"},{"name":"opex","year":"2019","value":"0.689"},{"name":"opex","year":"2020","value":"0.761"},{"name":"opex","year":"2021","value":"0.823"},{"name":"opex","year":"2022","value":"0.195"},{"name":"cost_of_production","year":"2018","value":"5.15"},{"name":"cost_of_production","year":"2019","value":"5.00"},{"name":"cost_of_production","year":"2020","value":"5.98"},{"name":"cost_of_production","year":"2021","value":"7.60"},{"name":"cost_of_production","year":"2022","value":"3.65"},{"name":"interest_expenses","year":"2018","value":"0.010"},{"name":"interest_expenses","year":"2019","value":"0.001"},{"name":"interest_expenses","year":"2020","value":"0.000"},{"name":"interest_expenses","year":"2021","value":"0.000"},{"name":"interest_expenses","year":"2022","value":"0.003"},{"name":"assets","year":"2018","value":""},{"name":"assets","year":"2019","value":"7.95"},{"name":"assets","year":"2020","value":"9.78"},{"name":"assets","year":"2021","value":"7.45"},{"name":"assets","year":"2022","value":"2.81"},{"name":"net_assets","year":"2018","value":"1.93"},{"name":"net_assets","year":"2019","value":"1.78"},{"name":"net_assets","year":"2020","value":"1.82"},{"name":"net_assets","year":"2021","value":"1.12"},{"name":"net_assets","year":"2022","value":"0.950"},{"name":"debt","year":"2018","value":"0.164"},{"name":"debt","year":"2019","value":"0.028"},{"name":"debt","year":"2020","value":"0.000"},{"name":"debt","year":"2021","value":"0.126"},{"name":"debt","year":"2022","value":"0.020"},{"name":"cash","year":"2018","value":"4.73"},{"name":"cash","year":"2019","value":"4.65"},{"name":"cash","year":"2020","value":"4.96"},{"name":"cash","year":"2021","value":"5.08"},{"name":"cash","year":"2022","value":"1.39"},{"name":"net_debt","year":"2018","value":"-4.57"},{"name":"net_debt","year":"2019","value":"-4.62"},{"name":"net_debt","year":"2020","value":"-4.96"},{"name":"net_debt","year":"2021","value":"-4.95"},{"name":"net_debt","year":"2022","value":"-1.37"},{"name":"common_share","year":"2018","value":"6.98"},{"name":"common_share","year":"2019","value":"4.36"},{"name":"common_share","year":"2020","value":"5.84"},{"name":"common_share","year":"2021","value":"3.58"},{"name":"common_share","year":"2022","value":""},{"name":"number_of_shares","year":"2018","value":"526.0"},{"name":"number_of_shares","year":"2019","value":"526.0"},{"name":"number_of_shares","year":"2020","value":"526.0"},{"name":"number_of_shares","year":"2021","value":"526.0"},{"name":"number_of_shares","year":"2022","value":"526.0"},{"name":"free_float","year":"2018","value":"12.9%"},{"name":"free_float","year":"2019","value":""},{"name":"free_float","year":"2020","value":""},{"name":"free_float","year":"2021","value":""},{"name":"free_float","year":"2022","value":""},{"name":"market_cap","year":"2018","value":"3.67"},{"name":"market_cap","year":"2019","value":"2.29"},{"name":"market_cap","year":"2020","value":"3.07"},{"name":"market_cap","year":"2021","value":"1.88"},{"name":"market_cap","year":"2022","value":"0.00"},{"name":"ev","year":"2018","value":"-0.90"},{"name":"ev","year":"2019","value":"-2.33"},{"name":"ev","year":"2020","value":"-1.89"},{"name":"ev","year":"2021","value":"-3.07"},{"name":"ev","year":"2022","value":"-1.37"},{"name":"book_value","year":"2018","value":"1.91"},{"name":"book_value","year":"2019","value":"1.72"},{"name":"book_value","year":"2020","value":"1.72"},{"name":"book_value","year":"2021","value":"1.04"},{"name":"book_value","year":"2022","value":"0.93"},{"name":"eps","year":"2018","value":"1.68"},{"name":"eps","year":"2019","value":"0.49"},{"name":"eps","year":"2020","value":"0.18"},{"name":"eps","year":"2021","value":"-0.59"},{"name":"eps","year":"2022","value":"-0.40"},{"name":"fcf_share","year":"2018","value":"0.00"},{"name":"fcf_share","year":"2019","value":"0.00"},{"name":"fcf_share","year":"2020","value":"0.00"},{"name":"fcf_share","year":"2021","value":"0.00"},{"name":"fcf_share","year":"2022","value":"0.00"},{"name":"bv_share","year":"2018","value":"3.63"},{"name":"bv_share","year":"2019","value":"3.27"},{"name":"bv_share","year":"2020","value":"3.28"},{"name":"bv_share","year":"2021","value":"1.98"},{"name":"bv_share","year":"2022","value":"1.76"},{"name":"ebitda_margin","year":"2018","value":"0.0%"},{"name":"ebitda_margin","year":"2019","value":"0.0%"},{"name":"ebitda_margin","year":"2020","value":"0.0%"},{"name":"ebitda_margin","year":"2021","value":"0.0%"},{"name":"ebitda_margin","year":"2022","value":""},{"name":"net_margin","year":"2018","value":"11.4%"},{"name":"net_margin","year":"2019","value":"3.3%"},{"name":"net_margin","year":"2020","value":"0.8%"},{"name":"net_margin","year":"2021","value":"-2.8%"},{"name":"net_margin","year":"2022","value":""},{"name":"fcf_yield","year":"2018","value":"0.0%"},{"name":"fcf_yield","year":"2019","value":"0.0%"},{"name":"fcf_yield","year":"2020","value":"0.0%"},{"name":"fcf_yield","year":"2021","value":"0.0%"},{"name":"fcf_yield","year":"2022","value":""},{"name":"roe","year":"2018","value":"46.0%"},{"name":"roe","year":"2019","value":"14.6%"},{"name":"roe","year":"2020","value":"5.2%"},{"name":"roe","year":"2021","value":"-27.8%"},{"name":"roe","year":"2022","value":"-22.1%"},{"name":"roa","year":"2018","value":""},{"name":"roa","year":"2019","value":"3.3%"},{"name":"roa","year":"2020","value":"1.0%"},{"name":"roa","year":"2021","value":"-4.2%"},{"name":"roa","year":"2022","value":"-7.5%"},{"name":"p_e","year":"2018","value":"4.14"},{"name":"p_e","year":"2019","value":"8.82"},{"name":"p_e","year":"2020","value":"32.3"},{"name":"p_e","year":"2021","value":"-6.05"},{"name":"p_e","year":"2022","value":"0.00"},{"name":"p_s","year":"2018","value":"0.47"},{"name":"p_s","year":"2019","value":"0.29"},{"name":"p_s","year":"2020","value":"0.27"},{"name":"p_s","year":"2021","value":"0.17"},{"name":"p_s","year":"2022","value":""},{"name":"p_bv","year":"2018","value":"1.92"},{"name":"p_bv","year":"2019","value":"1.33"},{"name":"p_bv","year":"2020","value":"1.78"},{"name":"p_bv","year":"2021","value":"1.81"},{"name":"p_bv","year":"2022","value":"0.00"},{"name":"r_and_d_capex","year":"2018","value":"0.00%"},{"name":"r_and_d_capex","year":"2019","value":"0.00%"},{"name":"r_and_d_capex","year":"2020","value":"0.00%"},{"name":"r_and_d_capex","year":"2021","value":"0.00%"},{"name":"r_and_d_capex","year":"2022","value":""},{"name":"capex_revenue","year":"2018","value":"1%"},{"name":"capex_revenue","year":"2019","value":"1%"},{"name":"capex_revenue","year":"2020","value":"1%"},{"name":"capex_revenue","year":"2021","value":"0%"},{"name":"capex_revenue","year":"2022","value":""}]