[{"name":"date","year":"2019","value":"30.03.2020"},{"name":"date","year":"2020","value":"31.03.2021"},{"name":"date","year":"2021","value":"31.03.2022"},{"name":"date","year":"2022","value":"03.04.2023"},{"name":"date","year":"2023","value":"01.04.2024"},{"name":"currency","year":"2019","value":"RUB"},{"name":"currency","year":"2020","value":"RUB"},{"name":"currency","year":"2021","value":"RUB"},{"name":"currency","year":"2022","value":"RUB"},{"name":"currency","year":"2023","value":"RUB"},{"name":"report_url","year":"2019","value":"http://www.e-disclosure.ru/portal/FileLoad.ashx?Fileid=1622733"},{"name":"report_url","year":"2020","value":"https://e-disclosure.ru/portal/FileLoad.ashx?Fileid=1688879"},{"name":"report_url","year":"2021","value":"https://www.e-disclosure.ru/portal/FileLoad.ashx?Fileid=1741844"},{"name":"report_url","year":"2022","value":"https://www.e-disclosure.ru/portal/FileLoad.ashx?Fileid=1785491"},{"name":"report_url","year":"2023","value":"https://www.e-disclosure.ru/portal/FileLoad.ashx?Fileid=1829255"},{"name":"revenue","year":"2019","value":"0.276"},{"name":"revenue","year":"2020","value":"0.230"},{"name":"revenue","year":"2021","value":"0.210"},{"name":"revenue","year":"2022","value":"0.270"},{"name":"revenue","year":"2023","value":"0.440"},{"name":"operating_income","year":"2019","value":"-0.054"},{"name":"operating_income","year":"2020","value":"-0.130"},{"name":"operating_income","year":"2021","value":"-0.207"},{"name":"operating_income","year":"2022","value":"-0.230"},{"name":"operating_income","year":"2023","value":"-0.152"},{"name":"net_income","year":"2019","value":"0.867"},{"name":"net_income","year":"2020","value":"0.320"},{"name":"net_income","year":"2021","value":"0.980"},{"name":"net_income","year":"2022","value":"0.019"},{"name":"net_income","year":"2023","value":"1.08"},{"name":"dividend_payout","year":"2019","value":"0.100"},{"name":"dividend_payout","year":"2020","value":"0.280"},{"name":"dividend_payout","year":"2021","value":"0.337"},{"name":"dividend_payout","year":"2022","value":"0.019"},{"name":"dividend_payout","year":"2023","value":"0.922"},{"name":"dividend","year":"2019","value":"1.03"},{"name":"dividend","year":"2020","value":"2.86"},{"name":"dividend","year":"2021","value":"3.44"},{"name":"dividend","year":"2022","value":"0.19"},{"name":"dividend","year":"2023","value":"9.41"},{"name":"div_yield","year":"2019","value":"0.7%"},{"name":"div_yield","year":"2020","value":"1.4%"},{"name":"div_yield","year":"2021","value":"1.8%"},{"name":"div_yield","year":"2022","value":"0.1%"},{"name":"div_yield","year":"2023","value":"3.6%"},{"name":"div_payout_ratio","year":"2019","value":"12%"},{"name":"div_payout_ratio","year":"2020","value":"88%"},{"name":"div_payout_ratio","year":"2021","value":"34%"},{"name":"div_payout_ratio","year":"2022","value":"100%"},{"name":"div_payout_ratio","year":"2023","value":"85%"},{"name":"cost_of_production","year":"2019","value":"0.213"},{"name":"cost_of_production","year":"2020","value":"0.230"},{"name":"cost_of_production","year":"2021","value":"0.255"},{"name":"cost_of_production","year":"2022","value":"0.336"},{"name":"cost_of_production","year":"2023","value":"0.365"},{"name":"assets","year":"2019","value":"3.72"},{"name":"assets","year":"2020","value":"4.73"},{"name":"assets","year":"2021","value":"5.97"},{"name":"assets","year":"2022","value":"5.04"},{"name":"assets","year":"2023","value":"6.00"},{"name":"net_assets","year":"2019","value":"3.14"},{"name":"net_assets","year":"2020","value":"3.36"},{"name":"net_assets","year":"2021","value":"4.06"},{"name":"net_assets","year":"2022","value":"3.74"},{"name":"net_assets","year":"2023","value":"4.20"},{"name":"debt","year":"2019","value":"0.522"},{"name":"debt","year":"2020","value":"1.29"},{"name":"debt","year":"2021","value":"1.84"},{"name":"debt","year":"2022","value":"1.05"},{"name":"debt","year":"2023","value":"0.927"},{"name":"cash","year":"2019","value":"0.004"},{"name":"cash","year":"2020","value":"0.006"},{"name":"cash","year":"2021","value":"0.004"},{"name":"cash","year":"2022","value":"0.004"},{"name":"cash","year":"2023","value":"0.003"},{"name":"net_debt","year":"2019","value":"0.52"},{"name":"net_debt","year":"2020","value":"1.28"},{"name":"net_debt","year":"2021","value":"1.84"},{"name":"net_debt","year":"2022","value":"1.05"},{"name":"net_debt","year":"2023","value":"0.92"},{"name":"common_share","year":"2019","value":"139.0"},{"name":"common_share","year":"2020","value":"199.5"},{"name":"common_share","year":"2021","value":"192.5"},{"name":"common_share","year":"2022","value":"191.0"},{"name":"common_share","year":"2023","value":"263.8"},{"name":"number_of_shares","year":"2019","value":"98.0"},{"name":"number_of_shares","year":"2020","value":"98.0"},{"name":"number_of_shares","year":"2021","value":"98.0"},{"name":"number_of_shares","year":"2022","value":"98.0"},{"name":"number_of_shares","year":"2023","value":"98.0"},{"name":"market_cap","year":"2019","value":"13.6"},{"name":"market_cap","year":"2020","value":"19.6"},{"name":"market_cap","year":"2021","value":"18.9"},{"name":"market_cap","year":"2022","value":"18.7"},{"name":"market_cap","year":"2023","value":"25.9"},{"name":"ev","year":"2019","value":"14.1"},{"name":"ev","year":"2020","value":"20.8"},{"name":"ev","year":"2021","value":"20.7"},{"name":"ev","year":"2022","value":"19.8"},{"name":"ev","year":"2023","value":"26.8"},{"name":"book_value","year":"2019","value":"3.14"},{"name":"book_value","year":"2020","value":"3.36"},{"name":"book_value","year":"2021","value":"4.06"},{"name":"book_value","year":"2022","value":"3.74"},{"name":"book_value","year":"2023","value":"4.20"},{"name":"eps","year":"2019","value":"8.85"},{"name":"eps","year":"2020","value":"3.27"},{"name":"eps","year":"2021","value":"10.00"},{"name":"eps","year":"2022","value":"0.19"},{"name":"eps","year":"2023","value":"11.0"},{"name":"fcf_share","year":"2019","value":"0.00"},{"name":"fcf_share","year":"2020","value":"0.00"},{"name":"fcf_share","year":"2021","value":"0.00"},{"name":"fcf_share","year":"2022","value":"0.00"},{"name":"fcf_share","year":"2023","value":"0.00"},{"name":"bv_share","year":"2019","value":"32.0"},{"name":"bv_share","year":"2020","value":"34.3"},{"name":"bv_share","year":"2021","value":"41.4"},{"name":"bv_share","year":"2022","value":"38.2"},{"name":"bv_share","year":"2023","value":"42.9"},{"name":"ebitda_margin","year":"2019","value":"0.0%"},{"name":"ebitda_margin","year":"2020","value":"0.0%"},{"name":"ebitda_margin","year":"2021","value":"0.0%"},{"name":"ebitda_margin","year":"2022","value":"0.0%"},{"name":"ebitda_margin","year":"2023","value":"0.0%"},{"name":"net_margin","year":"2019","value":"314.1%"},{"name":"net_margin","year":"2020","value":"139.1%"},{"name":"net_margin","year":"2021","value":"466.7%"},{"name":"net_margin","year":"2022","value":"7.0%"},{"name":"net_margin","year":"2023","value":"245.5%"},{"name":"fcf_yield","year":"2019","value":"0.0%"},{"name":"fcf_yield","year":"2020","value":"0.0%"},{"name":"fcf_yield","year":"2021","value":"0.0%"},{"name":"fcf_yield","year":"2022","value":"0.0%"},{"name":"fcf_yield","year":"2023","value":"0.0%"},{"name":"roe","year":"2019","value":"27.6%"},{"name":"roe","year":"2020","value":"9.5%"},{"name":"roe","year":"2021","value":"24.2%"},{"name":"roe","year":"2022","value":"0.5%"},{"name":"roe","year":"2023","value":"25.7%"},{"name":"roa","year":"2019","value":"23.3%"},{"name":"roa","year":"2020","value":"6.8%"},{"name":"roa","year":"2021","value":"16.4%"},{"name":"roa","year":"2022","value":"0.4%"},{"name":"roa","year":"2023","value":"18.0%"},{"name":"p_e","year":"2019","value":"15.7"},{"name":"p_e","year":"2020","value":"61.1"},{"name":"p_e","year":"2021","value":"19.3"},{"name":"p_e","year":"2022","value":"985.2"},{"name":"p_e","year":"2023","value":"23.9"},{"name":"p_s","year":"2019","value":"49.4"},{"name":"p_s","year":"2020","value":"85.0"},{"name":"p_s","year":"2021","value":"89.8"},{"name":"p_s","year":"2022","value":"69.3"},{"name":"p_s","year":"2023","value":"58.8"},{"name":"p_bv","year":"2019","value":"4.34"},{"name":"p_bv","year":"2020","value":"5.82"},{"name":"p_bv","year":"2021","value":"4.65"},{"name":"p_bv","year":"2022","value":"5.00"},{"name":"p_bv","year":"2023","value":"6.16"},{"name":"capex_revenue","year":"2019","value":"0%"},{"name":"capex_revenue","year":"2020","value":"0%"},{"name":"capex_revenue","year":"2021","value":"0%"},{"name":"capex_revenue","year":"2022","value":"0%"},{"name":"capex_revenue","year":"2023","value":"0%"}]