[{"name":"P/E","year":"2023","value":"2.12"},{"name":"P/E","year":"2021","value":"2.76"},{"name":"P/E","year":"2020","value":"-25.21"},{"name":"P/E","year":"2019","value":"4.41"},{"name":"P/E","year":"2018","value":"3.36"},{"name":"P/B","year":"2023","value":"0.45"},{"name":"P/B","year":"2021","value":"0.41"},{"name":"P/B","year":"2020","value":"0.59"},{"name":"P/B","year":"2019","value":"0.67"},{"name":"P/B","year":"2018","value":"0.73"},{"name":"P/S","year":"2023","value":"0.36"},{"name":"P/S","year":"2021","value":"0.27"},{"name":"P/S","year":"2020","value":"0.53"},{"name":"P/S","year":"2019","value":"0.4"},{"name":"P/S","year":"2018","value":"0.38"},{"name":"P/CF","year":"2023","value":"2.5"},{"name":"P/CF","year":"2021","value":"3.35"},{"name":"P/CF","year":"2020","value":"4.38"},{"name":"P/CF","year":"2019","value":"3.9"},{"name":"P/CF","year":"2018","value":"2.5"},{"name":"P/FCF","year":"2023","value":"4.42"},{"name":"P/FCF","year":"2021","value":"40.04"},{"name":"P/FCF","year":"2019","value":"13.92"},{"name":"P/FCF","year":"2018","value":"4.13"},{"name":"P/FCF","year":"2017","value":"9.62"},{"name":"EV/S","year":"2021","value":"0.41"},{"name":"EV/S","year":"2020","value":"0.74"},{"name":"EV/S","year":"2019","value":"0.5"},{"name":"EV/S","year":"2018","value":"0.47"},{"name":"EV/S","year":"2017","value":"0.7"},{"name":"EV/EBITDA","year":"2021","value":"2.31"},{"name":"EV/EBITDA","year":"2020","value":"9.63"},{"name":"EV/EBITDA","year":"2019","value":"2.71"},{"name":"EV/EBITDA","year":"2018","value":"2.17"},{"name":"EV/EBITDA","year":"2017","value":"1.97"},{"name":"EV/EBIT","year":"2021","value":"3.22"},{"name":"EV/EBIT","year":"2020","value":"-125.39"},{"name":"EV/EBIT","year":"2019","value":"3.98"},{"name":"EV/EBIT","year":"2018","value":"3.04"},{"name":"EV/EBIT","year":"2017","value":"2.48"},{"name":"Коэффициент долга","year":"2023","value":"0.26"},{"name":"Коэффициент долга","year":"2021","value":"0.39"},{"name":"Коэффициент долга","year":"2020","value":"0.4"},{"name":"Коэффициент долга","year":"2019","value":"0.38"},{"name":"Коэффициент долга","year":"2018","value":"0.4"},{"name":"D/E","year":"2023","value":"0.36"},{"name":"D/E","year":"2021","value":"0.65"},{"name":"D/E","year":"2020","value":"0.67"},{"name":"D/E","year":"2019","value":"0.62"},{"name":"D/E","year":"2018","value":"0.67"},{"name":"CAPEX/Выручка","year":"2023","value":"6.34"},{"name":"CAPEX/Выручка","year":"2021","value":"7.4"},{"name":"CAPEX/Выручка","year":"2020","value":"12.46"},{"name":"CAPEX/Выручка","year":"2019","value":"7.29"},{"name":"CAPEX/Выручка","year":"2018","value":"6.05"},{"name":"NetDebt/EBITDA","year":"2021","value":"0.8"},{"name":"NetDebt/EBITDA","year":"2020","value":"2.77"},{"name":"NetDebt/EBITDA","year":"2019","value":"0.57"},{"name":"NetDebt/EBITDA","year":"2018","value":"0.38"},{"name":"NetDebt/EBITDA","year":"2017","value":"0.41"},{"name":"Долг/EBITDA","year":"2021","value":"0.85"},{"name":"Долг/EBITDA","year":"2020","value":"3.16"},{"name":"Долг/EBITDA","year":"2019","value":"0.76"},{"name":"Долг/EBITDA","year":"2018","value":"0.67"},{"name":"Долг/EBITDA","year":"2017","value":"0.51"},{"name":"ROE","year":"2023","value":"21.51"},{"name":"ROE","year":"2021","value":"15.28"},{"name":"ROE","year":"2020","value":"-2.66"},{"name":"ROE","year":"2019","value":"15.31"},{"name":"ROE","year":"2018","value":"21.52"},{"name":"ROA","year":"2023","value":"15.87"},{"name":"ROA","year":"2021","value":"9.27"},{"name":"ROA","year":"2020","value":"-1.59"},{"name":"ROA","year":"2019","value":"9.46"},{"name":"ROA","year":"2018","value":"12.91"},{"name":"Return on Sales","year":"2023","value":"20.21"},{"name":"Return on Sales","year":"2021","value":"12.78"},{"name":"Return on Sales","year":"2020","value":"-0.59"},{"name":"Return on Sales","year":"2019","value":"12.57"},{"name":"Return on Sales","year":"2018","value":"15.3"},{"name":"ROIC","year":"2023","value":"17.31"},{"name":"ROIC","year":"2021","value":"12.93"},{"name":"ROIC","year":"2020","value":"-1.53"},{"name":"ROIC","year":"2019","value":"13.48"},{"name":"ROIC","year":"2018","value":"14.53"},{"name":"ROCE","year":"2023","value":"21.68"},{"name":"ROCE","year":"2021","value":"14.26"},{"name":"ROCE","year":"2020","value":"-0.45"},{"name":"ROCE","year":"2019","value":"15.84"},{"name":"ROCE","year":"2018","value":"20.21"},{"name":"Net Margin","year":"2023","value":"17.34"},{"name":"Net Margin","year":"2021","value":"9.97"},{"name":"Net Margin","year":"2020","value":"-2.35"},{"name":"Net Margin","year":"2019","value":"8.98"},{"name":"Net Margin","year":"2018","value":"11.28"},{"name":"Операционная маржа","year":"2023","value":"18.82"},{"name":"Операционная маржа","year":"2021","value":"13.41"},{"name":"Операционная маржа","year":"2020","value":"-2.1"},{"name":"Операционная маржа","year":"2019","value":"13.64"},{"name":"Операционная маржа","year":"2018","value":"13.86"},{"name":"EBITDA рентабельность","year":"2023","value":"25"},{"name":"EBITDA рентабельность","year":"2021","value":"17.83"},{"name":"EBITDA рентабельность","year":"2020","value":"7.67"},{"name":"EBITDA рентабельность","year":"2019","value":"18.46"},{"name":"EBITDA рентабельность","year":"2018","value":"21.42"},{"name":"Тек. ливкидность","year":"2023","value":"3.39"},{"name":"Тек. ливкидность","year":"2021","value":"2.25"},{"name":"Тек. ливкидность","year":"2020","value":"2.28"},{"name":"Тек. ливкидность","year":"2019","value":"2.13"},{"name":"Тек. ливкидность","year":"2018","value":"2.71"}]