[
  {
    "name": "number_of_stores",
    "year": "2020",
    "value": 645.0
  },
  {
    "name": "number_of_stores",
    "year": "2021",
    "value": 1001.0
  },
  {
    "name": "number_of_stores",
    "year": "2022",
    "value": 1351.0
  },
  {
    "name": "number_of_stores",
    "year": "2023",
    "value": 1657.0
  },
  {
    "name": "number_of_stores",
    "year": "LTM",
    "value": 1713.0
  },
  {
    "name": "revenue",
    "year": "2017",
    "value": 0.029
  },
  {
    "name": "revenue",
    "year": "2018",
    "value": 0.044
  },
  {
    "name": "revenue",
    "year": "2019",
    "value": 0.045
  },
  {
    "name": "revenue",
    "year": "2020",
    "value": 0.063
  },
  {
    "name": "revenue",
    "year": "2021",
    "value": 5.22
  },
  {
    "name": "revenue",
    "year": "2022",
    "value": 5.76
  },
  {
    "name": "revenue",
    "year": "2023",
    "value": 12.8
  },
  {
    "name": "revenue",
    "year": "LTM",
    "value": 12.8
  },
  {
    "name": "operating_income",
    "year": "2017",
    "value": -0.6
  },
  {
    "name": "operating_income",
    "year": "2018",
    "value": -0.6
  },
  {
    "name": "operating_income",
    "year": "2019",
    "value": -0.516
  },
  {
    "name": "operating_income",
    "year": "2020",
    "value": -0.346
  },
  {
    "name": "operating_income",
    "year": "2021",
    "value": 4.78
  },
  {
    "name": "operating_income",
    "year": "2022",
    "value": 5.31
  },
  {
    "name": "operating_income",
    "year": "2023",
    "value": 12.3
  },
  {
    "name": "operating_income",
    "year": "LTM",
    "value": 12.27
  },
  {
    "name": "net_income",
    "year": "2017",
    "value": 0.428
  },
  {
    "name": "net_income",
    "year": "2018",
    "value": 0.868
  },
  {
    "name": "net_income",
    "year": "2019",
    "value": 0.458
  },
  {
    "name": "net_income",
    "year": "2020",
    "value": 0.753
  },
  {
    "name": "net_income",
    "year": "2021",
    "value": 4.76
  },
  {
    "name": "net_income",
    "year": "2022",
    "value": 5.12
  },
  {
    "name": "net_income",
    "year": "2023",
    "value": 15.1
  },
  {
    "name": "net_income",
    "year": "LTM",
    "value": 15.12
  },
  {
    "name": "opex",
    "year": "2017",
    "value": 0.633
  },
  {
    "name": "opex",
    "year": "2018",
    "value": 0.635
  },
  {
    "name": "opex",
    "year": "2019",
    "value": 0.56
  },
  {
    "name": "opex",
    "year": "2020",
    "value": 0.405
  },
  {
    "name": "opex",
    "year": "2021",
    "value": 0.433
  },
  {
    "name": "opex",
    "year": "2022",
    "value": 0.444
  },
  {
    "name": "opex",
    "year": "2023",
    "value": 0.494
  },
  {
    "name": "opex",
    "year": "LTM",
    "value": 0.524
  },
  {
    "name": "cost_of_production",
    "year": "2017",
    "value": 0.001
  },
  {
    "name": "cost_of_production",
    "year": "2018",
    "value": 0.006
  },
  {
    "name": "cost_of_production",
    "year": "2019",
    "value": 0.001
  },
  {
    "name": "cost_of_production",
    "year": "2020",
    "value": 0.004
  },
  {
    "name": "cost_of_production",
    "year": "2021",
    "value": 0.009
  },
  {
    "name": "cost_of_production",
    "year": "2022",
    "value": 0.005
  },
  {
    "name": "cost_of_production",
    "year": "2023",
    "value": 0.006
  },
  {
    "name": "cost_of_production",
    "year": "LTM",
    "value": 0.006
  },
  {
    "name": "assets",
    "year": "2017",
    "value": 27.98
  },
  {
    "name": "assets",
    "year": "2018",
    "value": 24.48
  },
  {
    "name": "assets",
    "year": "2019",
    "value": 33.8
  },
  {
    "name": "assets",
    "year": "2020",
    "value": 32.51
  },
  {
    "name": "assets",
    "year": "2021",
    "value": 33.04
  },
  {
    "name": "assets",
    "year": "2022",
    "value": 37.58
  },
  {
    "name": "assets",
    "year": "2023",
    "value": 38.4
  },
  {
    "name": "assets",
    "year": "LTM",
    "value": 36.48
  },
  {
    "name": "net_assets",
    "year": "2017",
    "value": 17.1
  },
  {
    "name": "net_assets",
    "year": "2018",
    "value": 14.64
  },
  {
    "name": "net_assets",
    "year": "2019",
    "value": 15.1
  },
  {
    "name": "net_assets",
    "year": "2020",
    "value": 12.84
  },
  {
    "name": "net_assets",
    "year": "2021",
    "value": 15.03
  },
  {
    "name": "net_assets",
    "year": "2022",
    "value": 17.04
  },
  {
    "name": "net_assets",
    "year": "2023",
    "value": 17.5
  },
  {
    "name": "net_assets",
    "year": "LTM",
    "value": 17.53
  },
  {
    "name": "debt",
    "year": "2017",
    "value": 8.15
  },
  {
    "name": "debt",
    "year": "2018",
    "value": 7.64
  },
  {
    "name": "debt",
    "year": "2019",
    "value": 17.3
  },
  {
    "name": "debt",
    "year": "2020",
    "value": 18.92
  },
  {
    "name": "debt",
    "year": "2021",
    "value": 17.67
  },
  {
    "name": "debt",
    "year": "2022",
    "value": 20.0
  },
  {
    "name": "debt",
    "year": "2023",
    "value": 17.5
  },
  {
    "name": "debt",
    "year": "LTM",
    "value": 17.35
  },
  {
    "name": "net_debt",
    "year": "2017",
    "value": 8.15
  },
  {
    "name": "net_debt",
    "year": "2018",
    "value": 7.64
  },
  {
    "name": "net_debt",
    "year": "2019",
    "value": 17.3
  },
  {
    "name": "net_debt",
    "year": "2020",
    "value": 18.92
  },
  {
    "name": "net_debt",
    "year": "2021",
    "value": 17.67
  },
  {
    "name": "net_debt",
    "year": "2022",
    "value": 20.0
  },
  {
    "name": "net_debt",
    "year": "2023",
    "value": 17.5
  },
  {
    "name": "net_debt",
    "year": "LTM",
    "value": 17.35
  },
  {
    "name": "common_share",
    "year": "2017",
    "value": 645.0
  },
  {
    "name": "common_share",
    "year": "2018",
    "value": 408.0
  },
  {
    "name": "common_share",
    "year": "2019",
    "value": 740.0
  },
  {
    "name": "common_share",
    "year": "2020",
    "value": 1395.0
  },
  {
    "name": "common_share",
    "year": "2021",
    "value": 3352.0
  },
  {
    "name": "common_share",
    "year": "2022",
    "value": 2768.0
  },
  {
    "name": "common_share",
    "year": "2023",
    "value": 5367.0
  },
  {
    "name": "common_share",
    "year": "LTM",
    "value": 631.0
  },
  {
    "name": "number_of_shares",
    "year": "2017",
    "value": 24.954049
  },
  {
    "name": "number_of_shares",
    "year": "2018",
    "value": 24.954049
  },
  {
    "name": "number_of_shares",
    "year": "2019",
    "value": 19.4
  },
  {
    "name": "number_of_shares",
    "year": "2020",
    "value": 15.8
  },
  {
    "name": "number_of_shares",
    "year": "2021",
    "value": 15.8
  },
  {
    "name": "number_of_shares",
    "year": "2022",
    "value": 15.8
  },
  {
    "name": "number_of_shares",
    "year": "2023",
    "value": 15.8
  },
  {
    "name": "number_of_shares",
    "year": "LTM",
    "value": 15.8
  },
  {
    "name": "market_cap",
    "year": "2017",
    "value": 16.095361605
  },
  {
    "name": "market_cap",
    "year": "2018",
    "value": 10.181251992
  },
  {
    "name": "market_cap",
    "year": "2019",
    "value": 14.356
  },
  {
    "name": "market_cap",
    "year": "2020",
    "value": 22.041
  },
  {
    "name": "market_cap",
    "year": "2021",
    "value": 52.9616
  },
  {
    "name": "market_cap",
    "year": "2022",
    "value": 43.7344
  },
  {
    "name": "market_cap",
    "year": "2023",
    "value": 84.7986
  },
  {
    "name": "market_cap",
    "year": "LTM",
    "value": 9.9698
  },
  {
    "name": "ev",
    "year": "2017",
    "value": 24.245361605
  },
  {
    "name": "ev",
    "year": "2018",
    "value": 17.821251992
  },
  {
    "name": "ev",
    "year": "2019",
    "value": 31.656
  },
  {
    "name": "ev",
    "year": "2020",
    "value": 40.961
  },
  {
    "name": "ev",
    "year": "2021",
    "value": 70.6316
  },
  {
    "name": "ev",
    "year": "2022",
    "value": 63.7344
  },
  {
    "name": "ev",
    "year": "2023",
    "value": 102.2986
  },
  {
    "name": "ev",
    "year": "LTM",
    "value": 27.3198
  },
  {
    "name": "book_value",
    "year": "2017",
    "value": 17.1
  },
  {
    "name": "book_value",
    "year": "2018",
    "value": 14.64
  },
  {
    "name": "book_value",
    "year": "2019",
    "value": 15.1
  },
  {
    "name": "book_value",
    "year": "2020",
    "value": 12.84
  },
  {
    "name": "book_value",
    "year": "2021",
    "value": 15.03
  },
  {
    "name": "book_value",
    "year": "2022",
    "value": 17.04
  },
  {
    "name": "book_value",
    "year": "2023",
    "value": 17.5
  },
  {
    "name": "book_value",
    "year": "LTM",
    "value": 17.53
  },
  {
    "name": "eps",
    "year": "2017",
    "value": 17.1515251894
  },
  {
    "name": "eps",
    "year": "2018",
    "value": 34.7839342625
  },
  {
    "name": "eps",
    "year": "2019",
    "value": 23.6082474227
  },
  {
    "name": "eps",
    "year": "2020",
    "value": 47.6582278481
  },
  {
    "name": "eps",
    "year": "2021",
    "value": 301.265822785
  },
  {
    "name": "eps",
    "year": "2022",
    "value": 324.050632911
  },
  {
    "name": "eps",
    "year": "2023",
    "value": 955.696202532
  },
  {
    "name": "eps",
    "year": "LTM",
    "value": 956.9620253164557
  },
  {
    "name": "fcf_share",
    "year": "2017",
    "value": -0.440810226829
  },
  {
    "name": "fcf_share",
    "year": "2018",
    "value": 62.5149048958
  },
  {
    "name": "fcf_share",
    "year": "2019",
    "value": -80.9278350515
  },
  {
    "name": "fcf_share",
    "year": "2020",
    "value": -129.746835443
  },
  {
    "name": "fcf_share",
    "year": "2021",
    "value": 160.759493671
  },
  {
    "name": "fcf_share",
    "year": "2022",
    "value": 228.481012658
  },
  {
    "name": "fcf_share",
    "year": "2023",
    "value": 550.632911392
  },
  {
    "name": "fcf_share",
    "year": "LTM",
    "value": 0.0
  },
  {
    "name": "bv_share",
    "year": "2017",
    "value": 685.259534435
  },
  {
    "name": "bv_share",
    "year": "2018",
    "value": 586.678338253
  },
  {
    "name": "bv_share",
    "year": "2019",
    "value": 778.350515464
  },
  {
    "name": "bv_share",
    "year": "2020",
    "value": 812.658227848
  },
  {
    "name": "bv_share",
    "year": "2021",
    "value": 951.265822785
  },
  {
    "name": "bv_share",
    "year": "2022",
    "value": 1078.48101266
  },
  {
    "name": "bv_share",
    "year": "2023",
    "value": 1107.59493671
  },
  {
    "name": "bv_share",
    "year": "LTM",
    "value": 1109.493670886076
  },
  {
    "name": "ebitda_margin",
    "year": "2017",
    "value": 0.0
  },
  {
    "name": "ebitda_margin",
    "year": "2018",
    "value": 0.0
  },
  {
    "name": "ebitda_margin",
    "year": "2019",
    "value": 0.0
  },
  {
    "name": "ebitda_margin",
    "year": "2020",
    "value": 0.0
  },
  {
    "name": "ebitda_margin",
    "year": "2021",
    "value": 0.0
  },
  {
    "name": "ebitda_margin",
    "year": "2022",
    "value": 0.0
  },
  {
    "name": "ebitda_margin",
    "year": "2023",
    "value": 0.0
  },
  {
    "name": "ebitda_margin",
    "year": "LTM",
    "value": 0.0
  },
  {
    "name": "net_margin",
    "year": "2017",
    "value": 1475.86206897
  },
  {
    "name": "net_margin",
    "year": "2018",
    "value": 1972.72727273
  },
  {
    "name": "net_margin",
    "year": "2019",
    "value": 1017.77777778
  },
  {
    "name": "net_margin",
    "year": "2020",
    "value": 1195.2380952400001
  },
  {
    "name": "net_margin",
    "year": "2021",
    "value": 91.18773946360001
  },
  {
    "name": "net_margin",
    "year": "2022",
    "value": 88.8888888889
  },
  {
    "name": "net_margin",
    "year": "2023",
    "value": 117.96875
  },
  {
    "name": "net_margin",
    "year": "LTM",
    "value": 118.12499999999999
  },
  {
    "name": "fcf_yield",
    "year": "2017",
    "value": -0.0683426708263
  },
  {
    "name": "fcf_yield",
    "year": "2018",
    "value": 15.322280611700002
  },
  {
    "name": "fcf_yield",
    "year": "2019",
    "value": -10.9361939259
  },
  {
    "name": "fcf_yield",
    "year": "2020",
    "value": -9.30084841886
  },
  {
    "name": "fcf_yield",
    "year": "2021",
    "value": 4.79592761548
  },
  {
    "name": "fcf_yield",
    "year": "2022",
    "value": 8.25437184459
  },
  {
    "name": "fcf_yield",
    "year": "2023",
    "value": 10.2596033425
  },
  {
    "name": "fcf_yield",
    "year": "LTM",
    "value": 0.0
  },
  {
    "name": "roe",
    "year": "2017",
    "value": 2.50292397661
  },
  {
    "name": "roe",
    "year": "2018",
    "value": 5.92896174863
  },
  {
    "name": "roe",
    "year": "2019",
    "value": 3.03311258278
  },
  {
    "name": "roe",
    "year": "2020",
    "value": 5.86448598131
  },
  {
    "name": "roe",
    "year": "2021",
    "value": 31.669993346600002
  },
  {
    "name": "roe",
    "year": "2022",
    "value": 30.0469483568
  },
  {
    "name": "roe",
    "year": "2023",
    "value": 86.2857142857
  },
  {
    "name": "roe",
    "year": "LTM",
    "value": 86.25213918996006
  },
  {
    "name": "roa",
    "year": "2017",
    "value": 1.52966404575
  },
  {
    "name": "roa",
    "year": "2018",
    "value": 3.5457516339899997
  },
  {
    "name": "roa",
    "year": "2019",
    "value": 1.3550295857999999
  },
  {
    "name": "roa",
    "year": "2020",
    "value": 2.3162103968
  },
  {
    "name": "roa",
    "year": "2021",
    "value": 14.406779661
  },
  {
    "name": "roa",
    "year": "2022",
    "value": 13.624268227799998
  },
  {
    "name": "roa",
    "year": "2023",
    "value": 39.322916666699996
  },
  {
    "name": "roa",
    "year": "LTM",
    "value": 41.44736842105263
  },
  {
    "name": "p_e",
    "year": "2017",
    "value": 37.6059850584
  },
  {
    "name": "p_e",
    "year": "2018",
    "value": 11.7295529862
  },
  {
    "name": "p_e",
    "year": "2019",
    "value": 31.3449781659
  },
  {
    "name": "p_e",
    "year": "2020",
    "value": 29.2709163347
  },
  {
    "name": "p_e",
    "year": "2021",
    "value": 11.1263865546
  },
  {
    "name": "p_e",
    "year": "2022",
    "value": 8.541875
  },
  {
    "name": "p_e",
    "year": "2023",
    "value": 5.6158013245
  },
  {
    "name": "p_e",
    "year": "LTM",
    "value": 0.6593783068783069
  },
  {
    "name": "p_s",
    "year": "2017",
    "value": 555.012469138
  },
  {
    "name": "p_s",
    "year": "2018",
    "value": 231.392090727
  },
  {
    "name": "p_s",
    "year": "2019",
    "value": 319.022222222
  },
  {
    "name": "p_s",
    "year": "2020",
    "value": 349.857142857
  },
  {
    "name": "p_s",
    "year": "2021",
    "value": 10.1459003831
  },
  {
    "name": "p_s",
    "year": "2022",
    "value": 7.59277777778
  },
  {
    "name": "p_s",
    "year": "2023",
    "value": 6.624890625
  },
  {
    "name": "p_s",
    "year": "LTM",
    "value": 0.778890625
  },
  {
    "name": "p_bv",
    "year": "2017",
    "value": 0.941249216667
  },
  {
    "name": "p_bv",
    "year": "2018",
    "value": 0.695440709836
  },
  {
    "name": "p_bv",
    "year": "2019",
    "value": 0.950728476821
  },
  {
    "name": "p_bv",
    "year": "2020",
    "value": 1.71658878505
  },
  {
    "name": "p_bv",
    "year": "2021",
    "value": 3.52372588157
  },
  {
    "name": "p_bv",
    "year": "2022",
    "value": 2.56657276995
  },
  {
    "name": "p_bv",
    "year": "2023",
    "value": 4.84563428571
  },
  {
    "name": "p_bv",
    "year": "LTM",
    "value": 0.5687278950370793
  },
  {
    "name": "employees",
    "year": "2020",
    "value": 10000.0
  },
  {
    "name": "employees",
    "year": "LTM",
    "value": null
  },
  {
    "name": "labour_productivity",
    "year": "2020",
    "value": 0.0063
  },
  {
    "name": "labour_productivity",
    "year": "LTM",
    "value": null
  },
  {
    "name": "expenses_per_employee",
    "year": "2020",
    "value": 37.3
  },
  {
    "name": "expenses_per_employee",
    "year": "LTM",
    "value": null
  },
  {
    "name": "capex_revenue",
    "year": "2017",
    "value": 51.724137931
  },
  {
    "name": "capex_revenue",
    "year": "2018",
    "value": 0.0
  },
  {
    "name": "capex_revenue",
    "year": "2019",
    "value": 0.0
  },
  {
    "name": "capex_revenue",
    "year": "2020",
    "value": 0.0
  },
  {
    "name": "capex_revenue",
    "year": "2021",
    "value": 0.0
  },
  {
    "name": "capex_revenue",
    "year": "2022",
    "value": 0.0
  },
  {
    "name": "capex_revenue",
    "year": "2023",
    "value": 0.0
  },
  {
    "name": "capex_revenue",
    "year": "LTM",
    "value": 0.0
  }
]