[{"name":"date","year":"2019","value":"31.03.2021"},{"name":"date","year":"2020","value":"31.03.2021"},{"name":"date","year":"2021","value":"04.04.2022"},{"name":"date","year":"2022","value":"24.03.2023"},{"name":"date","year":"2023","value":"29.03.2024"},{"name":"date","year":"LTM\n?","value":"07.05.2024"},{"name":"currency","year":"2019","value":"RUB"},{"name":"currency","year":"2020","value":"RUB"},{"name":"currency","year":"2021","value":"RUB"},{"name":"currency","year":"2022","value":"RUB"},{"name":"currency","year":"2023","value":"RUB"},{"name":"currency","year":"LTM\n?","value":"RUB"},{"name":"report_url","year":"2019","value":"https://www.e-disclosure.ru/portal/FileLoad.ashx?Fileid=1618636"},{"name":"report_url","year":"2020","value":"https://e-disclosure.ru/portal/FileLoad.ashx?Fileid=1688721"},{"name":"report_url","year":"2021","value":"https://www.e-disclosure.ru/portal/FileLoad.ashx?Fileid=1743779"},{"name":"report_url","year":"2022","value":"https://www.e-disclosure.ru/portal/FileLoad.ashx?Fileid=1783125"},{"name":"report_url","year":"2023","value":"https://www.e-disclosure.ru/portal/FileLoad.ashx?Fileid=1828536"},{"name":"report_url","year":"LTM\n?","value":"https://www.e-disclosure.ru/portal/FileLoad.ashx?Fileid=1836194"},{"name":"presentation_url","year":"2019","value":"https://belugagroup.ru/upload/documents-eng/Beluga%20investors%20presentation%202020.pdf"},{"name":"presentation_url","year":"2020","value":"https://belugagroup.ru/upload/documents-eng/Beluga%20earnings%20presentation%202020.pdf"},{"name":"presentation_url","year":"2021","value":"https://belugagroup.ru/files/en/presentations/BelugaGroup_Results_Presentation_Full_2021FY.pdf"},{"name":"presentation_url","year":"2022","value":""},{"name":"presentation_url","year":"2023","value":"https://novabev.com/upload/documents/2023-earnings-release-RUS.pdf"},{"name":"presentation_url","year":"LTM\n?","value":""},{"name":"number_of_stores","year":"2019","value":""},{"name":"number_of_stores","year":"2020","value":"645"},{"name":"number_of_stores","year":"2021","value":"1 001"},{"name":"number_of_stores","year":"2022","value":"1 351"},{"name":"number_of_stores","year":"2023","value":"1 657"},{"name":"number_of_stores","year":"LTM\n?","value":"1 713"},{"name":"revenue","year":"2019","value":"0.045"},{"name":"revenue","year":"2020","value":"0.063"},{"name":"revenue","year":"2021","value":"5.22"},{"name":"revenue","year":"2022","value":"5.76"},{"name":"revenue","year":"2023","value":"12.8"},{"name":"revenue","year":"LTM\n?","value":"12.8"},{"name":"operating_income","year":"2019","value":"-0.516"},{"name":"operating_income","year":"2020","value":"-0.346"},{"name":"operating_income","year":"2021","value":"4.78"},{"name":"operating_income","year":"2022","value":"5.31"},{"name":"operating_income","year":"2023","value":"12.3"},{"name":"operating_income","year":"LTM\n?","value":"12.3"},{"name":"net_income","year":"2019","value":"0.458"},{"name":"net_income","year":"2020","value":"0.753"},{"name":"net_income","year":"2021","value":"4.76"},{"name":"net_income","year":"2022","value":"5.12"},{"name":"net_income","year":"2023","value":"15.1"},{"name":"net_income","year":"LTM\n?","value":"15.1"},{"name":"ocf","year":"2019","value":"-1.57"},{"name":"ocf","year":"2020","value":"-2.05"},{"name":"ocf","year":"2021","value":"2.54"},{"name":"ocf","year":"2022","value":"3.61"},{"name":"ocf","year":"2023","value":"8.70"},{"name":"ocf","year":"LTM\n?","value":""},{"name":"capex","year":"2019","value":"0.000"},{"name":"capex","year":"2020","value":"0.000"},{"name":"capex","year":"2021","value":"0.000"},{"name":"capex","year":"2022","value":"0.000"},{"name":"capex","year":"2023","value":"0.000"},{"name":"capex","year":"LTM\n?","value":""},{"name":"fcf","year":"2019","value":"-1.57"},{"name":"fcf","year":"2020","value":"-2.05"},{"name":"fcf","year":"2021","value":"2.54"},{"name":"fcf","year":"2022","value":"3.61"},{"name":"fcf","year":"2023","value":"8.70"},{"name":"fcf","year":"LTM\n?","value":""},{"name":"dividend_payout","year":"2019","value":"0.401"},{"name":"dividend_payout","year":"2020","value":"1.58"},{"name":"dividend_payout","year":"2021","value":"1.90"},{"name":"dividend_payout","year":"2022","value":"9.88"},{"name":"dividend_payout","year":"2023","value":"10.7"},{"name":"dividend_payout","year":"LTM\n?","value":"10.7"},{"name":"dividend","year":"2019","value":"32"},{"name":"dividend","year":"2020","value":"100"},{"name":"dividend","year":"2021","value":"120"},{"name":"dividend","year":"2022","value":"625"},{"name":"dividend","year":"2023","value":"680"},{"name":"dividend","year":"LTM\n?","value":"680"},{"name":"div_yield","year":"2019","value":"4.3%"},{"name":"div_yield","year":"2020","value":"7.2%"},{"name":"div_yield","year":"2021","value":"3.6%"},{"name":"div_yield","year":"2022","value":"22.6%"},{"name":"div_yield","year":"2023","value":"12.7%"},{"name":"div_yield","year":"LTM\n?","value":"113.0%"},{"name":"div_payout_ratio","year":"2019","value":"88%"},{"name":"div_payout_ratio","year":"2020","value":"210%"},{"name":"div_payout_ratio","year":"2021","value":"40%"},{"name":"div_payout_ratio","year":"2022","value":"193%"},{"name":"div_payout_ratio","year":"2023","value":"71%"},{"name":"div_payout_ratio","year":"LTM\n?","value":"71%"},{"name":"opex","year":"2019","value":"0.560"},{"name":"opex","year":"2020","value":"0.405"},{"name":"opex","year":"2021","value":"0.433"},{"name":"opex","year":"2022","value":"0.444"},{"name":"opex","year":"2023","value":"0.494"},{"name":"opex","year":"LTM\n?","value":"0.524"},{"name":"cost_of_production","year":"2019","value":"0.001"},{"name":"cost_of_production","year":"2020","value":"0.004"},{"name":"cost_of_production","year":"2021","value":"0.009"},{"name":"cost_of_production","year":"2022","value":"0.005"},{"name":"cost_of_production","year":"2023","value":"0.006"},{"name":"cost_of_production","year":"LTM\n?","value":"0.006"},{"name":"employment_expenses","year":"2019","value":"0.478"},{"name":"employment_expenses","year":"2020","value":"0.373"},{"name":"employment_expenses","year":"2021","value":"0.355"},{"name":"employment_expenses","year":"2022","value":"0.360"},{"name":"employment_expenses","year":"2023","value":"0.390"},{"name":"employment_expenses","year":"LTM\n?","value":""},{"name":"interest_expenses","year":"2019","value":"0.730"},{"name":"interest_expenses","year":"2020","value":"1.41"},{"name":"interest_expenses","year":"2021","value":"1.54"},{"name":"interest_expenses","year":"2022","value":"1.36"},{"name":"interest_expenses","year":"2023","value":"1.78"},{"name":"interest_expenses","year":"LTM\n?","value":""},{"name":"assets","year":"2019","value":"33.8"},{"name":"assets","year":"2020","value":"32.5"},{"name":"assets","year":"2021","value":"33.0"},{"name":"assets","year":"2022","value":"37.6"},{"name":"assets","year":"2023","value":"38.4"},{"name":"assets","year":"LTM\n?","value":"36.5"},{"name":"net_assets","year":"2019","value":"15.1"},{"name":"net_assets","year":"2020","value":"12.8"},{"name":"net_assets","year":"2021","value":"15.0"},{"name":"net_assets","year":"2022","value":"17.0"},{"name":"net_assets","year":"2023","value":"17.5"},{"name":"net_assets","year":"LTM\n?","value":"17.5"},{"name":"debt","year":"2019","value":"17.3"},{"name":"debt","year":"2020","value":"18.9"},{"name":"debt","year":"2021","value":"17.7"},{"name":"debt","year":"2022","value":"20.0"},{"name":"debt","year":"2023","value":"17.5"},{"name":"debt","year":"LTM\n?","value":"17.4"},{"name":"net_debt","year":"2019","value":"17.3"},{"name":"net_debt","year":"2020","value":"18.9"},{"name":"net_debt","year":"2021","value":"17.7"},{"name":"net_debt","year":"2022","value":"20.0"},{"name":"net_debt","year":"2023","value":"17.5"},{"name":"net_debt","year":"LTM\n?","value":"17.4"},{"name":"common_share","year":"2019","value":"740.0"},{"name":"common_share","year":"2020","value":"1 395"},{"name":"common_share","year":"2021","value":"3 352"},{"name":"common_share","year":"2022","value":"2 768"},{"name":"common_share","year":"2023","value":"5 367"},{"name":"common_share","year":"LTM\n?","value":"602.0"},{"name":"number_of_shares","year":"2019","value":"19.4"},{"name":"number_of_shares","year":"2020","value":"15.8"},{"name":"number_of_shares","year":"2021","value":"15.8"},{"name":"number_of_shares","year":"2022","value":"15.8"},{"name":"number_of_shares","year":"2023","value":"15.8"},{"name":"number_of_shares","year":"LTM\n?","value":"15.8"},{"name":"free_float","year":"2019","value":""},{"name":"free_float","year":"2020","value":"28.0%"},{"name":"free_float","year":"2021","value":"24.0%"},{"name":"free_float","year":"2022","value":""},{"name":"free_float","year":"2023","value":""},{"name":"free_float","year":"LTM\n?","value":""},{"name":"market_cap","year":"2019","value":"14.4"},{"name":"market_cap","year":"2020","value":"22.0"},{"name":"market_cap","year":"2021","value":"53.0"},{"name":"market_cap","year":"2022","value":"43.7"},{"name":"market_cap","year":"2023","value":"84.8"},{"name":"market_cap","year":"LTM\n?","value":"9.51"},{"name":"ev","year":"2019","value":"31.7"},{"name":"ev","year":"2020","value":"41.0"},{"name":"ev","year":"2021","value":"70.6"},{"name":"ev","year":"2022","value":"63.7"},{"name":"ev","year":"2023","value":"102.3"},{"name":"ev","year":"LTM\n?","value":"26.9"},{"name":"book_value","year":"2019","value":"15.1"},{"name":"book_value","year":"2020","value":"12.8"},{"name":"book_value","year":"2021","value":"15.0"},{"name":"book_value","year":"2022","value":"17.0"},{"name":"book_value","year":"2023","value":"17.5"},{"name":"book_value","year":"LTM\n?","value":"17.5"},{"name":"eps","year":"2019","value":"23.6"},{"name":"eps","year":"2020","value":"47.7"},{"name":"eps","year":"2021","value":"301.3"},{"name":"eps","year":"2022","value":"324.1"},{"name":"eps","year":"2023","value":"955.7"},{"name":"eps","year":"LTM\n?","value":"957.0"},{"name":"fcf_share","year":"2019","value":"-80.9"},{"name":"fcf_share","year":"2020","value":"-129.7"},{"name":"fcf_share","year":"2021","value":"160.8"},{"name":"fcf_share","year":"2022","value":"228.5"},{"name":"fcf_share","year":"2023","value":"550.6"},{"name":"fcf_share","year":"LTM\n?","value":"0"},{"name":"bv_share","year":"2019","value":"778.4"},{"name":"bv_share","year":"2020","value":"812.7"},{"name":"bv_share","year":"2021","value":"951.3"},{"name":"bv_share","year":"2022","value":"1 078"},{"name":"bv_share","year":"2023","value":"1 108"},{"name":"bv_share","year":"LTM\n?","value":"1 109"},{"name":"ebitda_margin","year":"2019","value":"0.0%"},{"name":"ebitda_margin","year":"2020","value":"0.0%"},{"name":"ebitda_margin","year":"2021","value":"0.0%"},{"name":"ebitda_margin","year":"2022","value":"0.0%"},{"name":"ebitda_margin","year":"2023","value":"0.0%"},{"name":"ebitda_margin","year":"LTM\n?","value":"0"},{"name":"net_margin","year":"2019","value":"1 017.8%"},{"name":"net_margin","year":"2020","value":"1 195.2%"},{"name":"net_margin","year":"2021","value":"91.2%"},{"name":"net_margin","year":"2022","value":"88.9%"},{"name":"net_margin","year":"2023","value":"118.0%"},{"name":"net_margin","year":"LTM\n?","value":"118.1%"},{"name":"fcf_yield","year":"2019","value":"-10.9%"},{"name":"fcf_yield","year":"2020","value":"-9.3%"},{"name":"fcf_yield","year":"2021","value":"4.8%"},{"name":"fcf_yield","year":"2022","value":"8.3%"},{"name":"fcf_yield","year":"2023","value":"10.3%"},{"name":"fcf_yield","year":"LTM\n?","value":"0"},{"name":"roe","year":"2019","value":"3.0%"},{"name":"roe","year":"2020","value":"5.9%"},{"name":"roe","year":"2021","value":"31.7%"},{"name":"roe","year":"2022","value":"30.0%"},{"name":"roe","year":"2023","value":"86.3%"},{"name":"roe","year":"LTM\n?","value":"86.3%"},{"name":"roa","year":"2019","value":"1.4%"},{"name":"roa","year":"2020","value":"2.3%"},{"name":"roa","year":"2021","value":"14.4%"},{"name":"roa","year":"2022","value":"13.6%"},{"name":"roa","year":"2023","value":"39.3%"},{"name":"roa","year":"LTM\n?","value":"41.4%"},{"name":"p_e","year":"2019","value":"31.3"},{"name":"p_e","year":"2020","value":"29.3"},{"name":"p_e","year":"2021","value":"11.1"},{"name":"p_e","year":"2022","value":"8.54"},{"name":"p_e","year":"2023","value":"5.62"},{"name":"p_e","year":"LTM\n?","value":"0.63"},{"name":"p_fcf","year":"2019","value":"-9.14"},{"name":"p_fcf","year":"2020","value":"-10.8"},{"name":"p_fcf","year":"2021","value":"20.9"},{"name":"p_fcf","year":"2022","value":"12.1"},{"name":"p_fcf","year":"2023","value":"9.75"},{"name":"p_fcf","year":"LTM\n?","value":""},{"name":"p_s","year":"2019","value":"319.0"},{"name":"p_s","year":"2020","value":"349.9"},{"name":"p_s","year":"2021","value":"10.1"},{"name":"p_s","year":"2022","value":"7.59"},{"name":"p_s","year":"2023","value":"6.62"},{"name":"p_s","year":"LTM\n?","value":"0.74"},{"name":"p_bv","year":"2019","value":"0.95"},{"name":"p_bv","year":"2020","value":"1.72"},{"name":"p_bv","year":"2021","value":"3.52"},{"name":"p_bv","year":"2022","value":"2.57"},{"name":"p_bv","year":"2023","value":"4.85"},{"name":"p_bv","year":"LTM\n?","value":"0.54"},{"name":"employees","year":"2019","value":""},{"name":"employees","year":"2020","value":"10 000"},{"name":"employees","year":"2021","value":""},{"name":"employees","year":"2022","value":""},{"name":"employees","year":"2023","value":""},{"name":"employees","year":"LTM\n?","value":""},{"name":"labour_productivity","year":"2019","value":""},{"name":"labour_productivity","year":"2020","value":"0.01"},{"name":"labour_productivity","year":"2021","value":""},{"name":"labour_productivity","year":"2022","value":""},{"name":"labour_productivity","year":"2023","value":""},{"name":"labour_productivity","year":"LTM\n?","value":""},{"name":"expenses_per_employee","year":"2019","value":""},{"name":"expenses_per_employee","year":"2020","value":"37.3"},{"name":"expenses_per_employee","year":"2021","value":""},{"name":"expenses_per_employee","year":"2022","value":""},{"name":"expenses_per_employee","year":"2023","value":""},{"name":"expenses_per_employee","year":"LTM\n?","value":""},{"name":"capex_revenue","year":"2019","value":"0%"},{"name":"capex_revenue","year":"2020","value":"0%"},{"name":"capex_revenue","year":"2021","value":"0%"},{"name":"capex_revenue","year":"2022","value":"0%"},{"name":"capex_revenue","year":"2023","value":"0%"},{"name":"capex_revenue","year":"LTM\n?","value":"0"}]