[{"name":"date","year":"2022Q2","value":"29.08.2022"},{"name":"date","year":"2022Q4","value":"21.04.2023"},{"name":"date","year":"2023Q1","value":""},{"name":"date","year":"2023Q2","value":"29.08.2023"},{"name":"date","year":"2023Q4","value":"02.05.2024"},{"name":"date","year":"LTM\n?","value":"02.05.2024"},{"name":"currency","year":"2022Q2","value":"RUB"},{"name":"currency","year":"2022Q4","value":"RUB"},{"name":"currency","year":"2023Q1","value":"RUB"},{"name":"currency","year":"2023Q2","value":"RUB"},{"name":"currency","year":"2023Q4","value":"RUB"},{"name":"currency","year":"LTM\n?","value":"RUB"},{"name":"report_url","year":"2022Q2","value":"https://www.e-disclosure.ru/portal/FileLoad.ashx?Fileid=1766420"},{"name":"report_url","year":"2022Q4","value":"https://www.abraudurso.ru/news/gruppa-kompaniy-abrau-dyurso-podvela-itogi-2022-goda"},{"name":"report_url","year":"2023Q1","value":""},{"name":"report_url","year":"2023Q2","value":"https://www.e-disclosure.ru/portal/FileLoad.ashx?Fileid=1809033"},{"name":"report_url","year":"2023Q4","value":"https://e-disclosure.ru/portal/FileLoad.ashx?Fileid=1835171"},{"name":"report_url","year":"LTM\n?","value":"https://e-disclosure.ru/portal/FileLoad.ashx?Fileid=1835171"},{"name":"revenue","year":"2022Q2","value":"4.06"},{"name":"revenue","year":"2022Q4","value":"9.75"},{"name":"revenue","year":"2023Q1","value":""},{"name":"revenue","year":"2023Q2","value":"4.25"},{"name":"revenue","year":"2023Q4","value":"9.81"},{"name":"revenue","year":"LTM\n?","value":"14.1"},{"name":"operating_income","year":"2022Q2","value":"0.287"},{"name":"operating_income","year":"2022Q4","value":"2.45"},{"name":"operating_income","year":"2023Q1","value":""},{"name":"operating_income","year":"2023Q2","value":"-0.001"},{"name":"operating_income","year":"2023Q4","value":"1.67"},{"name":"operating_income","year":"LTM\n?","value":"1.67"},{"name":"ebitda","year":"2022Q2","value":"0.700"},{"name":"ebitda","year":"2022Q4","value":"2.68"},{"name":"ebitda","year":"2023Q1","value":""},{"name":"ebitda","year":"2023Q2","value":"0.427"},{"name":"ebitda","year":"2023Q4","value":"2.47"},{"name":"ebitda","year":"LTM\n?","value":"2.90"},{"name":"net_income","year":"2022Q2","value":"-0.130"},{"name":"net_income","year":"2022Q4","value":"1.88"},{"name":"net_income","year":"2023Q1","value":""},{"name":"net_income","year":"2023Q2","value":"0.122"},{"name":"net_income","year":"2023Q4","value":"1.16"},{"name":"net_income","year":"LTM\n?","value":"1.28"},{"name":"ocf","year":"2022Q2","value":"-0.765"},{"name":"ocf","year":"2022Q4","value":"1.57"},{"name":"ocf","year":"2023Q1","value":""},{"name":"ocf","year":"2023Q2","value":"-2.14"},{"name":"ocf","year":"2023Q4","value":"1.58"},{"name":"ocf","year":"LTM\n?","value":"-0.560"},{"name":"capex","year":"2022Q2","value":"0.630"},{"name":"capex","year":"2022Q4","value":"0.730"},{"name":"capex","year":"2023Q1","value":""},{"name":"capex","year":"2023Q2","value":"0.930"},{"name":"capex","year":"2023Q4","value":"0.490"},{"name":"capex","year":"LTM\n?","value":"1.42"},{"name":"fcf","year":"2022Q2","value":"-1.35"},{"name":"fcf","year":"2022Q4","value":"0.678"},{"name":"fcf","year":"2023Q1","value":""},{"name":"fcf","year":"2023Q2","value":"-3.07"},{"name":"fcf","year":"2023Q4","value":"1.09"},{"name":"fcf","year":"LTM\n?","value":"-1.98"},{"name":"dividend_payout","year":"2022Q2","value":""},{"name":"dividend_payout","year":"2022Q4","value":"0.019"},{"name":"dividend_payout","year":"2023Q1","value":"0.602"},{"name":"dividend_payout","year":"2023Q2","value":""},{"name":"dividend_payout","year":"2023Q4","value":"0.320"},{"name":"dividend_payout","year":"LTM\n?","value":"0.922"},{"name":"dividend","year":"2022Q2","value":""},{"name":"dividend","year":"2022Q4","value":"0.19"},{"name":"dividend","year":"2023Q1","value":"6.14"},{"name":"dividend","year":"2023Q2","value":""},{"name":"dividend","year":"2023Q4","value":"3.27"},{"name":"dividend","year":"LTM\n?","value":"9.41"},{"name":"div_yield","year":"2022Q2","value":"0.0%"},{"name":"div_yield","year":"2022Q4","value":"0.1%"},{"name":"div_yield","year":"2023Q1","value":"2.9%"},{"name":"div_yield","year":"2023Q2","value":"0.0%"},{"name":"div_yield","year":"2023Q4","value":"1.2%"},{"name":"div_yield","year":"LTM\n?","value":"4.7%"},{"name":"div_payout_ratio","year":"2022Q2","value":"0%"},{"name":"div_payout_ratio","year":"2022Q4","value":"1%"},{"name":"div_payout_ratio","year":"2023Q1","value":""},{"name":"div_payout_ratio","year":"2023Q2","value":"0%"},{"name":"div_payout_ratio","year":"2023Q4","value":"28%"},{"name":"div_payout_ratio","year":"LTM\n?","value":"72%"},{"name":"cost_of_production","year":"2022Q2","value":"2.11"},{"name":"cost_of_production","year":"2022Q4","value":"4.22"},{"name":"cost_of_production","year":"2023Q1","value":""},{"name":"cost_of_production","year":"2023Q2","value":"2.75"},{"name":"cost_of_production","year":"2023Q4","value":"4.36"},{"name":"cost_of_production","year":"LTM\n?","value":"7.11"},{"name":"amortization","year":"2022Q2","value":"0.4"},{"name":"amortization","year":"2022Q4","value":""},{"name":"amortization","year":"2023Q1","value":""},{"name":"amortization","year":"2023Q2","value":"0.4"},{"name":"amortization","year":"2023Q4","value":""},{"name":"amortization","year":"LTM\n?","value":"0.4"},{"name":"employment_expenses","year":"2022Q2","value":"0.980"},{"name":"employment_expenses","year":"2022Q4","value":"0.580"},{"name":"employment_expenses","year":"2023Q1","value":""},{"name":"employment_expenses","year":"2023Q2","value":"1.10"},{"name":"employment_expenses","year":"2023Q4","value":""},{"name":"employment_expenses","year":"LTM\n?","value":"1.10"},{"name":"interest_expenses","year":"2022Q2","value":"0.360"},{"name":"interest_expenses","year":"2022Q4","value":"0.267"},{"name":"interest_expenses","year":"2023Q1","value":""},{"name":"interest_expenses","year":"2023Q2","value":"0.290"},{"name":"interest_expenses","year":"2023Q4","value":""},{"name":"interest_expenses","year":"LTM\n?","value":"0.290"},{"name":"assets","year":"2022Q2","value":"22.5"},{"name":"assets","year":"2022Q4","value":"24.6"},{"name":"assets","year":"2023Q1","value":""},{"name":"assets","year":"2023Q2","value":"27.2"},{"name":"assets","year":"2023Q4","value":"27.7"},{"name":"assets","year":"LTM\n?","value":"27.7"},{"name":"net_assets","year":"2022Q2","value":"10.8"},{"name":"net_assets","year":"2022Q4","value":"12.6"},{"name":"net_assets","year":"2023Q1","value":""},{"name":"net_assets","year":"2023Q2","value":"12.2"},{"name":"net_assets","year":"2023Q4","value":"13.4"},{"name":"net_assets","year":"LTM\n?","value":"13.4"},{"name":"debt","year":"2022Q2","value":"8.21"},{"name":"debt","year":"2022Q4","value":"7.47"},{"name":"debt","year":"2023Q1","value":""},{"name":"debt","year":"2023Q2","value":"10.1"},{"name":"debt","year":"2023Q4","value":"8.87"},{"name":"debt","year":"LTM\n?","value":"8.87"},{"name":"cash","year":"2022Q2","value":"0.520"},{"name":"cash","year":"2022Q4","value":"0.340"},{"name":"cash","year":"2023Q1","value":""},{"name":"cash","year":"2023Q2","value":"0.650"},{"name":"cash","year":"2023Q4","value":"0.135"},{"name":"cash","year":"LTM\n?","value":"0.135"},{"name":"net_debt","year":"2022Q2","value":"7.69"},{"name":"net_debt","year":"2022Q4","value":"7.13"},{"name":"net_debt","year":"2023Q1","value":"0.00"},{"name":"net_debt","year":"2023Q2","value":"9.40"},{"name":"net_debt","year":"2023Q4","value":"8.74"},{"name":"net_debt","year":"LTM\n?","value":"8.74"},{"name":"common_share","year":"2022Q2","value":"172.0"},{"name":"common_share","year":"2022Q4","value":"191.0"},{"name":"common_share","year":"2023Q1","value":"214.5"},{"name":"common_share","year":"2023Q2","value":"333.8"},{"name":"common_share","year":"2023Q4","value":"263.8"},{"name":"common_share","year":"LTM\n?","value":"200.8"},{"name":"number_of_shares","year":"2022Q2","value":"98.0"},{"name":"number_of_shares","year":"2022Q4","value":"98.0"},{"name":"number_of_shares","year":"2023Q1","value":"98.0"},{"name":"number_of_shares","year":"2023Q2","value":"98.0"},{"name":"number_of_shares","year":"2023Q4","value":"98.0"},{"name":"number_of_shares","year":"LTM\n?","value":"98.0"},{"name":"market_cap","year":"2022Q2","value":"16.9"},{"name":"market_cap","year":"2022Q4","value":"18.7"},{"name":"market_cap","year":"2023Q1","value":"21.0"},{"name":"market_cap","year":"2023Q2","value":"32.7"},{"name":"market_cap","year":"2023Q4","value":"25.9"},{"name":"market_cap","year":"LTM\n?","value":"19.7"},{"name":"ev","year":"2022Q2","value":"24.5"},{"name":"ev","year":"2022Q4","value":"25.8"},{"name":"ev","year":"2023Q1","value":"21.0"},{"name":"ev","year":"2023Q2","value":"42.1"},{"name":"ev","year":"2023Q4","value":"34.6"},{"name":"ev","year":"LTM\n?","value":"28.4"},{"name":"book_value","year":"2022Q2","value":"10.7"},{"name":"book_value","year":"2022Q4","value":"12.6"},{"name":"book_value","year":"2023Q1","value":"0.00"},{"name":"book_value","year":"2023Q2","value":"12.1"},{"name":"book_value","year":"2023Q4","value":"13.4"},{"name":"book_value","year":"LTM\n?","value":"13.4"},{"name":"eps","year":"2022Q2","value":"-1.33"},{"name":"eps","year":"2022Q4","value":"19.2"},{"name":"eps","year":"2023Q1","value":"0.00"},{"name":"eps","year":"2023Q2","value":"1.24"},{"name":"eps","year":"2023Q4","value":"11.8"},{"name":"eps","year":"LTM\n?","value":"13.1"},{"name":"fcf_share","year":"2022Q2","value":"-13.8"},{"name":"fcf_share","year":"2022Q4","value":"6.92"},{"name":"fcf_share","year":"2023Q1","value":"0.00"},{"name":"fcf_share","year":"2023Q2","value":"-31.3"},{"name":"fcf_share","year":"2023Q4","value":"11.1"},{"name":"fcf_share","year":"LTM\n?","value":"-20.2"},{"name":"bv_share","year":"2022Q2","value":"109.3"},{"name":"bv_share","year":"2022Q4","value":"128.2"},{"name":"bv_share","year":"2023Q1","value":"0.00"},{"name":"bv_share","year":"2023Q2","value":"123.7"},{"name":"bv_share","year":"2023Q4","value":"136.5"},{"name":"bv_share","year":"LTM\n?","value":"136.5"},{"name":"ebitda_margin","year":"2022Q2","value":"17.2%"},{"name":"ebitda_margin","year":"2022Q4","value":"27.5%"},{"name":"ebitda_margin","year":"2023Q1","value":""},{"name":"ebitda_margin","year":"2023Q2","value":"10.0%"},{"name":"ebitda_margin","year":"2023Q4","value":"25.2%"},{"name":"ebitda_margin","year":"LTM\n?","value":"20.6%"},{"name":"net_margin","year":"2022Q2","value":"-3.2%"},{"name":"net_margin","year":"2022Q4","value":"19.3%"},{"name":"net_margin","year":"2023Q1","value":""},{"name":"net_margin","year":"2023Q2","value":"2.9%"},{"name":"net_margin","year":"2023Q4","value":"11.8%"},{"name":"net_margin","year":"LTM\n?","value":"9.1%"},{"name":"fcf_yield","year":"2022Q2","value":"-4.5%"},{"name":"fcf_yield","year":"2022Q4","value":"-3.6%"},{"name":"fcf_yield","year":"2023Q1","value":"-2.7%"},{"name":"fcf_yield","year":"2023Q2","value":"-7.0%"},{"name":"fcf_yield","year":"2023Q4","value":"-7.7%"},{"name":"fcf_yield","year":"LTM\n?","value":"-10.1%"},{"name":"roe","year":"2022Q2","value":"13.0%"},{"name":"roe","year":"2022Q4","value":"13.9%"},{"name":"roe","year":"2023Q1","value":""},{"name":"roe","year":"2023Q2","value":"16.5%"},{"name":"roe","year":"2023Q4","value":"9.6%"},{"name":"roe","year":"LTM\n?","value":"9.6%"},{"name":"roa","year":"2022Q2","value":"6.2%"},{"name":"roa","year":"2022Q4","value":"7.1%"},{"name":"roa","year":"2023Q1","value":""},{"name":"roa","year":"2023Q2","value":"7.4%"},{"name":"roa","year":"2023Q4","value":"4.6%"},{"name":"roa","year":"LTM\n?","value":"4.6%"},{"name":"p_e","year":"2022Q2","value":"12.0"},{"name":"p_e","year":"2022Q4","value":"10.7"},{"name":"p_e","year":"2023Q1","value":"12.0"},{"name":"p_e","year":"2023Q2","value":"16.3"},{"name":"p_e","year":"2023Q4","value":"20.2"},{"name":"p_e","year":"LTM\n?","value":"15.4"},{"name":"p_fcf","year":"2022Q2","value":"-12.5"},{"name":"p_fcf","year":"2022Q4","value":"-27.9"},{"name":"p_fcf","year":"2023Q1","value":""},{"name":"p_fcf","year":"2023Q2","value":"-10.7"},{"name":"p_fcf","year":"2023Q4","value":"-13.1"},{"name":"p_fcf","year":"LTM\n?","value":"-9.94"},{"name":"p_s","year":"2022Q2","value":"1.41"},{"name":"p_s","year":"2022Q4","value":"1.36"},{"name":"p_s","year":"2023Q1","value":"1.52"},{"name":"p_s","year":"2023Q2","value":"2.34"},{"name":"p_s","year":"2023Q4","value":"1.84"},{"name":"p_s","year":"LTM\n?","value":"1.40"},{"name":"p_bv","year":"2022Q2","value":"1.57"},{"name":"p_bv","year":"2022Q4","value":"1.49"},{"name":"p_bv","year":"2023Q1","value":""},{"name":"p_bv","year":"2023Q2","value":"2.70"},{"name":"p_bv","year":"2023Q4","value":"1.93"},{"name":"p_bv","year":"LTM\n?","value":"1.47"},{"name":"ev_ebitda","year":"2022Q2","value":"7.67"},{"name":"ev_ebitda","year":"2022Q4","value":"7.65"},{"name":"ev_ebitda","year":"2023Q1","value":"6.22"},{"name":"ev_ebitda","year":"2023Q2","value":"13.6"},{"name":"ev_ebitda","year":"2023Q4","value":"11.9"},{"name":"ev_ebitda","year":"LTM\n?","value":"9.80"},{"name":"debt_ebitda","year":"2022Q2","value":"2.40"},{"name":"debt_ebitda","year":"2022Q4","value":"2.11"},{"name":"debt_ebitda","year":"2023Q1","value":"0.00"},{"name":"debt_ebitda","year":"2023Q2","value":"3.03"},{"name":"debt_ebitda","year":"2023Q4","value":"3.01"},{"name":"debt_ebitda","year":"LTM\n?","value":"3.01"},{"name":"r_and_d_capex","year":"2022Q2","value":"0.00%"},{"name":"r_and_d_capex","year":"2022Q4","value":"0.00%"},{"name":"r_and_d_capex","year":"2023Q1","value":""},{"name":"r_and_d_capex","year":"2023Q2","value":"0.00%"},{"name":"r_and_d_capex","year":"2023Q4","value":"0.00%"},{"name":"r_and_d_capex","year":"LTM\n?","value":"0"},{"name":"capex_revenue","year":"2022Q2","value":"16%"},{"name":"capex_revenue","year":"2022Q4","value":"7%"},{"name":"capex_revenue","year":"2023Q1","value":""},{"name":"capex_revenue","year":"2023Q2","value":"22%"},{"name":"capex_revenue","year":"2023Q4","value":"5%"},{"name":"capex_revenue","year":"LTM\n?","value":"10%"}]