[{"name":"P/E","year":"2023","value":"29.9"},{"name":"P/B","year":"2023","value":"25.04"},{"name":"P/S","year":"2023","value":"11.09"},{"name":"P/CF","year":"2023","value":"30.68"},{"name":"P/FCF","year":"2023","value":"34.81"},{"name":"EV/S","year":"2023","value":"11.1"},{"name":"EV/S","year":"2022","value":"18.13"},{"name":"EV/EBITDA","year":"2023","value":"25.49"},{"name":"EV/EBITDA","year":"2022","value":"33.11"},{"name":"EV/EBIT","year":"2023","value":"32.57"},{"name":"EV/EBIT","year":"2022","value":"35.66"},{"name":"Коэффициент долга","year":"2023","value":"0.61"},{"name":"Коэффициент долга","year":"2022","value":"0.76"},{"name":"D/E","year":"2023","value":"1.6"},{"name":"D/E","year":"2022","value":"3.17"},{"name":"CAPEX/Выручка","year":"2023","value":"4.28"},{"name":"CAPEX/Выручка","year":"2022","value":"4.14"},{"name":"NetDebt/EBITDA","year":"2023","value":"0.02"},{"name":"NetDebt/EBITDA","year":"2022","value":"-0.03"},{"name":"Долг/EBITDA","year":"2023","value":"0.66"},{"name":"Долг/EBITDA","year":"2022","value":"0.21"},{"name":"ROE","year":"2023","value":"76.46"},{"name":"ROE","year":"2022","value":"210.15"},{"name":"ROA","year":"2023","value":"29.46"},{"name":"ROA","year":"2022","value":"50.39"},{"name":"Return on Sales","year":"2023","value":"34.08"},{"name":"Return on Sales","year":"2022","value":"50.85"},{"name":"ROIC","year":"2023","value":"51.04"},{"name":"ROIC","year":"2022","value":"100.64"},{"name":"ROCE","year":"2023","value":"40.59"},{"name":"ROCE","year":"2022","value":"99.64"},{"name":"Net Margin","year":"2023","value":"38.14"},{"name":"Net Margin","year":"2022","value":"56.98"},{"name":"Операционная маржа","year":"2023","value":"42.85"},{"name":"Операционная маржа","year":"2022","value":"51.84"},{"name":"EBITDA рентабельность","year":"2023","value":"43.55"},{"name":"EBITDA рентабельность","year":"2022","value":"54.76"},{"name":"Тек. ливкидность","year":"2023","value":"1.72"},{"name":"Тек. ливкидность","year":"2022","value":"1.25"},{"name":"Валовая маржа","year":"2023","value":"74.73"},{"name":"Валовая маржа","year":"2022","value":"82.91"}]