[{"name":"date","year":"2021Q4","value":"29.04.2022"},{"name":"date","year":"2022Q2","value":"29.08.2022"},{"name":"date","year":"2022Q4","value":"02.05.2023"},{"name":"date","year":"2023Q2","value":"29.08.2023"},{"name":"date","year":"2023Q4","value":"27.04.2024"},{"name":"date","year":"LTM\n?","value":"27.04.2024"},{"name":"currency","year":"2021Q4","value":"RUB"},{"name":"currency","year":"2022Q2","value":"RUB"},{"name":"currency","year":"2022Q4","value":"RUB"},{"name":"currency","year":"2023Q2","value":"RUB"},{"name":"currency","year":"2023Q4","value":"RUB"},{"name":"currency","year":"LTM\n?","value":"RUB"},{"name":"report_url","year":"2021Q4","value":"https://www.e-disclosure.ru/portal/FileLoad.ashx?Fileid=1748302"},{"name":"report_url","year":"2022Q2","value":"https://www.e-disclosure.ru/portal/FileLoad.ashx?Fileid=1766331"},{"name":"report_url","year":"2022Q4","value":"https://www.e-disclosure.ru/portal/FileLoad.ashx?Fileid=1791288"},{"name":"report_url","year":"2023Q2","value":"https://www.e-disclosure.ru/portal/FileLoad.ashx?Fileid=1808973"},{"name":"report_url","year":"2023Q4","value":"https://www.e-disclosure.ru/portal/FileLoad.ashx?Fileid=1834650"},{"name":"report_url","year":"LTM\n?","value":"https://www.e-disclosure.ru/portal/FileLoad.ashx?Fileid=1834650"},{"name":"revenue","year":"2021Q4","value":"8.87"},{"name":"revenue","year":"2022Q2","value":"11.9"},{"name":"revenue","year":"2022Q4","value":"10.6"},{"name":"revenue","year":"2023Q2","value":"17.1"},{"name":"revenue","year":"2023Q4","value":"27.4"},{"name":"revenue","year":"LTM\n?","value":"44.5"},{"name":"operating_income","year":"2021Q4","value":"0.810"},{"name":"operating_income","year":"2022Q2","value":"1.19"},{"name":"operating_income","year":"2022Q4","value":"0.890"},{"name":"operating_income","year":"2023Q2","value":"2.28"},{"name":"operating_income","year":"2023Q4","value":"3.64"},{"name":"operating_income","year":"LTM\n?","value":"5.92"},{"name":"ebitda","year":"2021Q4","value":""},{"name":"ebitda","year":"2022Q2","value":"2.04"},{"name":"ebitda","year":"2022Q4","value":"1.12"},{"name":"ebitda","year":"2023Q2","value":"3.52"},{"name":"ebitda","year":"2023Q4","value":"5.93"},{"name":"ebitda","year":"LTM\n?","value":"9.45"},{"name":"net_income","year":"2021Q4","value":"0.240"},{"name":"net_income","year":"2022Q2","value":"0.370"},{"name":"net_income","year":"2022Q4","value":"0.080"},{"name":"net_income","year":"2023Q2","value":"1.02"},{"name":"net_income","year":"2023Q4","value":"1.25"},{"name":"net_income","year":"LTM\n?","value":"2.27"},{"name":"ocf","year":"2021Q4","value":"0.570"},{"name":"ocf","year":"2022Q2","value":"0.034"},{"name":"ocf","year":"2022Q4","value":"1.46"},{"name":"ocf","year":"2023Q2","value":"1.05"},{"name":"ocf","year":"2023Q4","value":"-0.020"},{"name":"ocf","year":"LTM\n?","value":"1.03"},{"name":"capex","year":"2021Q4","value":"0.000"},{"name":"capex","year":"2022Q2","value":"1.36"},{"name":"capex","year":"2022Q4","value":"3.72"},{"name":"capex","year":"2023Q2","value":"9.36"},{"name":"capex","year":"2023Q4","value":"11.4"},{"name":"capex","year":"LTM\n?","value":"20.8"},{"name":"fcf","year":"2021Q4","value":"1.61"},{"name":"fcf","year":"2022Q2","value":"-1.44"},{"name":"fcf","year":"2022Q4","value":"3.27"},{"name":"fcf","year":"2023Q2","value":"-8.30"},{"name":"fcf","year":"2023Q4","value":"-11.4"},{"name":"fcf","year":"LTM\n?","value":"-19.7"},{"name":"dividend_payout","year":"2021Q4","value":""},{"name":"dividend_payout","year":"2022Q2","value":""},{"name":"dividend_payout","year":"2022Q4","value":"0.000"},{"name":"dividend_payout","year":"2023Q2","value":""},{"name":"dividend_payout","year":"2023Q4","value":"0.262"},{"name":"dividend_payout","year":"LTM\n?","value":"0.262"},{"name":"dividend","year":"2021Q4","value":""},{"name":"dividend","year":"2022Q2","value":""},{"name":"dividend","year":"2022Q4","value":"35"},{"name":"dividend","year":"2023Q2","value":""},{"name":"dividend","year":"2023Q4","value":"437"},{"name":"dividend","year":"LTM\n?","value":"437"},{"name":"div_yield","year":"2021Q4","value":"0.0%"},{"name":"div_yield","year":"2022Q2","value":"0.0%"},{"name":"div_yield","year":"2022Q4","value":"0.5%"},{"name":"div_yield","year":"2023Q2","value":"0.0%"},{"name":"div_yield","year":"2023Q4","value":"2.1%"},{"name":"div_yield","year":"LTM\n?","value":"2.0%"},{"name":"div_payout_ratio","year":"2021Q4","value":"0%"},{"name":"div_payout_ratio","year":"2022Q2","value":"0%"},{"name":"div_payout_ratio","year":"2022Q4","value":"0%"},{"name":"div_payout_ratio","year":"2023Q2","value":"0%"},{"name":"div_payout_ratio","year":"2023Q4","value":"21%"},{"name":"div_payout_ratio","year":"LTM\n?","value":"12%"},{"name":"opex","year":"2021Q4","value":"0.770"},{"name":"opex","year":"2022Q2","value":"1.000"},{"name":"opex","year":"2022Q4","value":"0.610"},{"name":"opex","year":"2023Q2","value":"1.33"},{"name":"opex","year":"2023Q4","value":"2.18"},{"name":"opex","year":"LTM\n?","value":"3.51"},{"name":"cost_of_production","year":"2021Q4","value":"7.28"},{"name":"cost_of_production","year":"2022Q2","value":"9.88"},{"name":"cost_of_production","year":"2022Q4","value":"8.95"},{"name":"cost_of_production","year":"2023Q2","value":"13.5"},{"name":"cost_of_production","year":"2023Q4","value":"21.6"},{"name":"cost_of_production","year":"LTM\n?","value":"35.1"},{"name":"amortization","year":"2021Q4","value":""},{"name":"amortization","year":"2022Q2","value":"0.9"},{"name":"amortization","year":"2022Q4","value":"0.2"},{"name":"amortization","year":"2023Q2","value":"1.2"},{"name":"amortization","year":"2023Q4","value":"2.3"},{"name":"amortization","year":"LTM\n?","value":"3.5"},{"name":"employment_expenses","year":"2021Q4","value":"2.00"},{"name":"employment_expenses","year":"2022Q2","value":"2.06"},{"name":"employment_expenses","year":"2022Q4","value":"2.67"},{"name":"employment_expenses","year":"2023Q2","value":"5.63"},{"name":"employment_expenses","year":"2023Q4","value":"11.2"},{"name":"employment_expenses","year":"LTM\n?","value":"16.8"},{"name":"interest_expenses","year":"2021Q4","value":"0.190"},{"name":"interest_expenses","year":"2022Q2","value":"0.350"},{"name":"interest_expenses","year":"2022Q4","value":"0.350"},{"name":"interest_expenses","year":"2023Q2","value":"0.460"},{"name":"interest_expenses","year":"2023Q4","value":"1.24"},{"name":"interest_expenses","year":"LTM\n?","value":"1.70"},{"name":"assets","year":"2021Q4","value":"16.3"},{"name":"assets","year":"2022Q2","value":"19.3"},{"name":"assets","year":"2022Q4","value":"33.5"},{"name":"assets","year":"2023Q2","value":"50.7"},{"name":"assets","year":"2023Q4","value":"74.8"},{"name":"assets","year":"LTM\n?","value":"74.8"},{"name":"net_assets","year":"2021Q4","value":"1.67"},{"name":"net_assets","year":"2022Q2","value":"1.92"},{"name":"net_assets","year":"2022Q4","value":"2.00"},{"name":"net_assets","year":"2023Q2","value":"2.87"},{"name":"net_assets","year":"2023Q4","value":"4.12"},{"name":"net_assets","year":"LTM\n?","value":"4.12"},{"name":"debt","year":"2021Q4","value":"4.75"},{"name":"debt","year":"2022Q2","value":"6.45"},{"name":"debt","year":"2022Q4","value":"9.34"},{"name":"debt","year":"2023Q2","value":"18.6"},{"name":"debt","year":"2023Q4","value":"30.9"},{"name":"debt","year":"LTM\n?","value":"30.9"},{"name":"cash","year":"2021Q4","value":"0.480"},{"name":"cash","year":"2022Q2","value":"0.486"},{"name":"cash","year":"2022Q4","value":"6.46"},{"name":"cash","year":"2023Q2","value":"7.20"},{"name":"cash","year":"2023Q4","value":"8.55"},{"name":"cash","year":"LTM\n?","value":"8.55"},{"name":"net_debt","year":"2021Q4","value":"4.27"},{"name":"net_debt","year":"2022Q2","value":"5.96"},{"name":"net_debt","year":"2022Q4","value":"2.88"},{"name":"net_debt","year":"2023Q2","value":"11.4"},{"name":"net_debt","year":"2023Q4","value":"22.4"},{"name":"net_debt","year":"LTM\n?","value":"22.4"},{"name":"common_share","year":"2021Q4","value":"5 800"},{"name":"common_share","year":"2022Q2","value":"5 340"},{"name":"common_share","year":"2022Q4","value":"6 660"},{"name":"common_share","year":"2023Q2","value":"12 850"},{"name":"common_share","year":"2023Q4","value":"20 900"},{"name":"common_share","year":"LTM\n?","value":"21 750"},{"name":"number_of_shares","year":"2021Q4","value":"0.600"},{"name":"number_of_shares","year":"2022Q2","value":"0.600"},{"name":"number_of_shares","year":"2022Q4","value":"0.600"},{"name":"number_of_shares","year":"2023Q2","value":"0.600"},{"name":"number_of_shares","year":"2023Q4","value":"0.600"},{"name":"number_of_shares","year":"LTM\n?","value":"0.600"},{"name":"number_of_priv_shares","year":"2021Q4","value":"0.200"},{"name":"number_of_priv_shares","year":"2022Q2","value":"0.200"},{"name":"number_of_priv_shares","year":"2022Q4","value":"0.200"},{"name":"number_of_priv_shares","year":"2023Q2","value":"0.200"},{"name":"number_of_priv_shares","year":"2023Q4","value":"0.200"},{"name":"number_of_priv_shares","year":"LTM\n?","value":"0.200"},{"name":"market_cap","year":"2021Q4","value":"3.48"},{"name":"market_cap","year":"2022Q2","value":"3.21"},{"name":"market_cap","year":"2022Q4","value":"4.00"},{"name":"market_cap","year":"2023Q2","value":"7.71"},{"name":"market_cap","year":"2023Q4","value":"12.5"},{"name":"market_cap","year":"LTM\n?","value":"13.1"},{"name":"ev","year":"2021Q4","value":"7.75"},{"name":"ev","year":"2022Q2","value":"9.17"},{"name":"ev","year":"2022Q4","value":"6.88"},{"name":"ev","year":"2023Q2","value":"19.2"},{"name":"ev","year":"2023Q4","value":"34.9"},{"name":"ev","year":"LTM\n?","value":"35.4"},{"name":"book_value","year":"2021Q4","value":"1.67"},{"name":"book_value","year":"2022Q2","value":"1.92"},{"name":"book_value","year":"2022Q4","value":"2.00"},{"name":"book_value","year":"2023Q2","value":"2.87"},{"name":"book_value","year":"2023Q4","value":"4.12"},{"name":"book_value","year":"LTM\n?","value":"4.12"},{"name":"eps","year":"2021Q4","value":"399.9"},{"name":"eps","year":"2022Q2","value":"616.4"},{"name":"eps","year":"2022Q4","value":"133.3"},{"name":"eps","year":"2023Q2","value":"1 699"},{"name":"eps","year":"2023Q4","value":"2 083"},{"name":"eps","year":"LTM\n?","value":"3 782"},{"name":"fcf_share","year":"2021Q4","value":"2 682"},{"name":"fcf_share","year":"2022Q2","value":"-2 399"},{"name":"fcf_share","year":"2022Q4","value":"5 448"},{"name":"fcf_share","year":"2023Q2","value":"-13 828"},{"name":"fcf_share","year":"2023Q4","value":"-19 043"},{"name":"fcf_share","year":"LTM\n?","value":"-32 871"},{"name":"bv_share","year":"2021Q4","value":"2 782"},{"name":"bv_share","year":"2022Q2","value":"3 199"},{"name":"bv_share","year":"2022Q4","value":"3 332"},{"name":"bv_share","year":"2023Q2","value":"4 782"},{"name":"bv_share","year":"2023Q4","value":"6 864"},{"name":"bv_share","year":"LTM\n?","value":"6 864"},{"name":"ebitda_margin","year":"2021Q4","value":"0.0%"},{"name":"ebitda_margin","year":"2022Q2","value":"17.1%"},{"name":"ebitda_margin","year":"2022Q4","value":"10.6%"},{"name":"ebitda_margin","year":"2023Q2","value":"20.6%"},{"name":"ebitda_margin","year":"2023Q4","value":"21.6%"},{"name":"ebitda_margin","year":"LTM\n?","value":"21.2%"},{"name":"net_margin","year":"2021Q4","value":"2.7%"},{"name":"net_margin","year":"2022Q2","value":"3.1%"},{"name":"net_margin","year":"2022Q4","value":"0.8%"},{"name":"net_margin","year":"2023Q2","value":"6.0%"},{"name":"net_margin","year":"2023Q4","value":"4.6%"},{"name":"net_margin","year":"LTM\n?","value":"5.1%"},{"name":"fcf_yield","year":"2021Q4","value":"35.6%"},{"name":"fcf_yield","year":"2022Q2","value":"5.3%"},{"name":"fcf_yield","year":"2022Q4","value":"45.8%"},{"name":"fcf_yield","year":"2023Q2","value":"-65.2%"},{"name":"fcf_yield","year":"2023Q4","value":"-157.3%"},{"name":"fcf_yield","year":"LTM\n?","value":"-151.1%"},{"name":"roe","year":"2021Q4","value":"29.3%"},{"name":"roe","year":"2022Q2","value":"31.8%"},{"name":"roe","year":"2022Q4","value":"22.5%"},{"name":"roe","year":"2023Q2","value":"38.3%"},{"name":"roe","year":"2023Q4","value":"55.1%"},{"name":"roe","year":"LTM\n?","value":"55.1%"},{"name":"roa","year":"2021Q4","value":"3.0%"},{"name":"roa","year":"2022Q2","value":"3.2%"},{"name":"roa","year":"2022Q4","value":"1.3%"},{"name":"roa","year":"2023Q2","value":"2.2%"},{"name":"roa","year":"2023Q4","value":"3.0%"},{"name":"roa","year":"LTM\n?","value":"3.0%"},{"name":"p_e","year":"2021Q4","value":"7.10"},{"name":"p_e","year":"2022Q2","value":"5.25"},{"name":"p_e","year":"2022Q4","value":"8.88"},{"name":"p_e","year":"2023Q2","value":"7.01"},{"name":"p_e","year":"2023Q4","value":"5.53"},{"name":"p_e","year":"LTM\n?","value":"5.75"},{"name":"p_fcf","year":"2021Q4","value":"2.16"},{"name":"p_fcf","year":"2022Q2","value":"18.9"},{"name":"p_fcf","year":"2022Q4","value":"2.18"},{"name":"p_fcf","year":"2023Q2","value":"-1.53"},{"name":"p_fcf","year":"2023Q4","value":"-0.64"},{"name":"p_fcf","year":"LTM\n?","value":"-0.66"},{"name":"p_s","year":"2021Q4","value":"0.22"},{"name":"p_s","year":"2022Q2","value":"0.15"},{"name":"p_s","year":"2022Q4","value":"0.18"},{"name":"p_s","year":"2023Q2","value":"0.28"},{"name":"p_s","year":"2023Q4","value":"0.28"},{"name":"p_s","year":"LTM\n?","value":"0.29"},{"name":"p_bv","year":"2021Q4","value":"2.08"},{"name":"p_bv","year":"2022Q2","value":"1.67"},{"name":"p_bv","year":"2022Q4","value":"2.00"},{"name":"p_bv","year":"2023Q2","value":"2.69"},{"name":"p_bv","year":"2023Q4","value":"3.04"},{"name":"p_bv","year":"LTM\n?","value":"3.17"},{"name":"ev_ebitda","year":"2021Q4","value":""},{"name":"ev_ebitda","year":"2022Q2","value":"4.49"},{"name":"ev_ebitda","year":"2022Q4","value":"2.18"},{"name":"ev_ebitda","year":"2023Q2","value":"5.44"},{"name":"ev_ebitda","year":"2023Q4","value":"3.70"},{"name":"ev_ebitda","year":"LTM\n?","value":"3.75"},{"name":"debt_ebitda","year":"2021Q4","value":""},{"name":"debt_ebitda","year":"2022Q2","value":"2.92"},{"name":"debt_ebitda","year":"2022Q4","value":"0.91"},{"name":"debt_ebitda","year":"2023Q2","value":"3.25"},{"name":"debt_ebitda","year":"2023Q4","value":"2.37"},{"name":"debt_ebitda","year":"LTM\n?","value":"2.37"},{"name":"r_and_d_capex","year":"2021Q4","value":""},{"name":"r_and_d_capex","year":"2022Q2","value":"0.00%"},{"name":"r_and_d_capex","year":"2022Q4","value":"0.00%"},{"name":"r_and_d_capex","year":"2023Q2","value":"0.00%"},{"name":"r_and_d_capex","year":"2023Q4","value":"0.00%"},{"name":"r_and_d_capex","year":"LTM\n?","value":"0"},{"name":"capex_revenue","year":"2021Q4","value":"0%"},{"name":"capex_revenue","year":"2022Q2","value":"11%"},{"name":"capex_revenue","year":"2022Q4","value":"35%"},{"name":"capex_revenue","year":"2023Q2","value":"55%"},{"name":"capex_revenue","year":"2023Q4","value":"42%"},{"name":"capex_revenue","year":"LTM\n?","value":"47%"}]