[{"name":"date","year":"2022Q4","value":"27.04.2024"},{"name":"date","year":"2023Q1","value":""},{"name":"date","year":"2023Q2","value":"29.08.2023"},{"name":"date","year":"2023Q4","value":"27.04.2024"},{"name":"date","year":"2024Q2","value":""},{"name":"date","year":"LTM\n?","value":"27.04.2024"},{"name":"currency","year":"2022Q4","value":"RUB"},{"name":"currency","year":"2023Q1","value":"RUB"},{"name":"currency","year":"2023Q2","value":"RUB"},{"name":"currency","year":"2023Q4","value":"RUB"},{"name":"currency","year":"2024Q2","value":"RUB"},{"name":"currency","year":"LTM\n?","value":"RUB"},{"name":"report_url","year":"2022Q4","value":""},{"name":"report_url","year":"2023Q1","value":""},{"name":"report_url","year":"2023Q2","value":"https://www.e-disclosure.ru/portal/FileLoad.ashx?Fileid=1808833"},{"name":"report_url","year":"2023Q4","value":"https://www.e-disclosure.ru/portal/FileLoad.ashx?Fileid=1834445"},{"name":"report_url","year":"2024Q2","value":""},{"name":"report_url","year":"LTM\n?","value":"https://www.e-disclosure.ru/portal/FileLoad.ashx?Fileid=1834445"},{"name":"revenue","year":"2022Q4","value":"21.3"},{"name":"revenue","year":"2023Q1","value":""},{"name":"revenue","year":"2023Q2","value":"24.1"},{"name":"revenue","year":"2023Q4","value":"22.4"},{"name":"revenue","year":"2024Q2","value":""},{"name":"revenue","year":"LTM\n?","value":"46.5"},{"name":"operating_income","year":"2022Q4","value":"4.50"},{"name":"operating_income","year":"2023Q1","value":""},{"name":"operating_income","year":"2023Q2","value":"6.10"},{"name":"operating_income","year":"2023Q4","value":"4.70"},{"name":"operating_income","year":"2024Q2","value":""},{"name":"operating_income","year":"LTM\n?","value":"10.8"},{"name":"net_income","year":"2022Q4","value":"3.99"},{"name":"net_income","year":"2023Q1","value":""},{"name":"net_income","year":"2023Q2","value":"5.30"},{"name":"net_income","year":"2023Q4","value":"4.43"},{"name":"net_income","year":"2024Q2","value":""},{"name":"net_income","year":"LTM\n?","value":"9.73"},{"name":"ocf","year":"2022Q4","value":"6.46"},{"name":"ocf","year":"2023Q1","value":""},{"name":"ocf","year":"2023Q2","value":"4.79"},{"name":"ocf","year":"2023Q4","value":"2.90"},{"name":"ocf","year":"2024Q2","value":""},{"name":"ocf","year":"LTM\n?","value":"7.69"},{"name":"dividend_payout","year":"2022Q4","value":""},{"name":"dividend_payout","year":"2023Q1","value":""},{"name":"dividend_payout","year":"2023Q2","value":""},{"name":"dividend_payout","year":"2023Q4","value":""},{"name":"dividend_payout","year":"2024Q2","value":"38.4"},{"name":"dividend_payout","year":"LTM\n?","value":"38.4"},{"name":"dividend","year":"2022Q4","value":""},{"name":"dividend","year":"2023Q1","value":""},{"name":"dividend","year":"2023Q2","value":""},{"name":"dividend","year":"2023Q4","value":""},{"name":"dividend","year":"2024Q2","value":"77"},{"name":"dividend","year":"LTM\n?","value":"77"},{"name":"div_yield","year":"2022Q4","value":"0.0%"},{"name":"div_yield","year":"2023Q1","value":"0.0%"},{"name":"div_yield","year":"2023Q2","value":"0.0%"},{"name":"div_yield","year":"2023Q4","value":"0.0%"},{"name":"div_yield","year":"2024Q2","value":"109.3%"},{"name":"div_yield","year":"LTM\n?","value":"56.2%"},{"name":"div_payout_ratio","year":"2022Q4","value":"0%"},{"name":"div_payout_ratio","year":"2023Q1","value":""},{"name":"div_payout_ratio","year":"2023Q2","value":"0%"},{"name":"div_payout_ratio","year":"2023Q4","value":"0%"},{"name":"div_payout_ratio","year":"2024Q2","value":""},{"name":"div_payout_ratio","year":"LTM\n?","value":"394%"},{"name":"opex","year":"2022Q4","value":"1.57"},{"name":"opex","year":"2023Q1","value":""},{"name":"opex","year":"2023Q2","value":"1.80"},{"name":"opex","year":"2023Q4","value":"2.06"},{"name":"opex","year":"2024Q2","value":""},{"name":"opex","year":"LTM\n?","value":"3.86"},{"name":"cost_of_production","year":"2022Q4","value":"15.2"},{"name":"cost_of_production","year":"2023Q1","value":""},{"name":"cost_of_production","year":"2023Q2","value":"16.2"},{"name":"cost_of_production","year":"2023Q4","value":"15.7"},{"name":"cost_of_production","year":"2024Q2","value":""},{"name":"cost_of_production","year":"LTM\n?","value":"31.9"},{"name":"assets","year":"2022Q4","value":"39.0"},{"name":"assets","year":"2023Q1","value":""},{"name":"assets","year":"2023Q2","value":"45.0"},{"name":"assets","year":"2023Q4","value":"50.8"},{"name":"assets","year":"2024Q2","value":""},{"name":"assets","year":"LTM\n?","value":"50.8"},{"name":"net_assets","year":"2022Q4","value":"29.0"},{"name":"net_assets","year":"2023Q1","value":""},{"name":"net_assets","year":"2023Q2","value":"34.3"},{"name":"net_assets","year":"2023Q4","value":"38.6"},{"name":"net_assets","year":"2024Q2","value":""},{"name":"net_assets","year":"LTM\n?","value":"38.6"},{"name":"debt","year":"2022Q4","value":"1.39"},{"name":"debt","year":"2023Q1","value":""},{"name":"debt","year":"2023Q2","value":"1.39"},{"name":"debt","year":"2023Q4","value":"1.41"},{"name":"debt","year":"2024Q2","value":""},{"name":"debt","year":"LTM\n?","value":"1.41"},{"name":"cash","year":"2022Q4","value":"10.5"},{"name":"cash","year":"2023Q1","value":""},{"name":"cash","year":"2023Q2","value":"3.00"},{"name":"cash","year":"2023Q4","value":"6.10"},{"name":"cash","year":"2024Q2","value":""},{"name":"cash","year":"LTM\n?","value":"6.10"},{"name":"net_debt","year":"2022Q4","value":"-9.11"},{"name":"net_debt","year":"2023Q1","value":"0.00"},{"name":"net_debt","year":"2023Q2","value":"-1.61"},{"name":"net_debt","year":"2023Q4","value":"-4.69"},{"name":"net_debt","year":"2024Q2","value":"0.00"},{"name":"net_debt","year":"LTM\n?","value":"-4.69"},{"name":"common_share","year":"2022Q4","value":"27.3"},{"name":"common_share","year":"2023Q1","value":"100.2"},{"name":"common_share","year":"2023Q2","value":"67.7"},{"name":"common_share","year":"2023Q4","value":"65.9"},{"name":"common_share","year":"2024Q2","value":"70.4"},{"name":"common_share","year":"LTM\n?","value":"137.1"},{"name":"number_of_shares","year":"2022Q4","value":"498.5"},{"name":"number_of_shares","year":"2023Q1","value":"498.5"},{"name":"number_of_shares","year":"2023Q2","value":"498.5"},{"name":"number_of_shares","year":"2023Q4","value":"498.5"},{"name":"number_of_shares","year":"2024Q2","value":"498.5"},{"name":"number_of_shares","year":"LTM\n?","value":"498.5"},{"name":"market_cap","year":"2022Q4","value":"13.6"},{"name":"market_cap","year":"2023Q1","value":"49.9"},{"name":"market_cap","year":"2023Q2","value":"33.8"},{"name":"market_cap","year":"2023Q4","value":"32.9"},{"name":"market_cap","year":"2024Q2","value":"35.1"},{"name":"market_cap","year":"LTM\n?","value":"68.3"},{"name":"ev","year":"2022Q4","value":"4.50"},{"name":"ev","year":"2023Q1","value":"49.9"},{"name":"ev","year":"2023Q2","value":"32.2"},{"name":"ev","year":"2023Q4","value":"28.2"},{"name":"ev","year":"2024Q2","value":"35.1"},{"name":"ev","year":"LTM\n?","value":"63.6"},{"name":"book_value","year":"2022Q4","value":"29.0"},{"name":"book_value","year":"2023Q1","value":"0.00"},{"name":"book_value","year":"2023Q2","value":"34.3"},{"name":"book_value","year":"2023Q4","value":"38.6"},{"name":"book_value","year":"2024Q2","value":"0.00"},{"name":"book_value","year":"LTM\n?","value":"38.6"},{"name":"eps","year":"2022Q4","value":"8.00"},{"name":"eps","year":"2023Q1","value":"0.00"},{"name":"eps","year":"2023Q2","value":"10.6"},{"name":"eps","year":"2023Q4","value":"8.89"},{"name":"eps","year":"2024Q2","value":"0.00"},{"name":"eps","year":"LTM\n?","value":"19.5"},{"name":"fcf_share","year":"2022Q4","value":"0.00"},{"name":"fcf_share","year":"2023Q1","value":"0.00"},{"name":"fcf_share","year":"2023Q2","value":"0.00"},{"name":"fcf_share","year":"2023Q4","value":"0.00"},{"name":"fcf_share","year":"2024Q2","value":"0.00"},{"name":"fcf_share","year":"LTM\n?","value":"0"},{"name":"bv_share","year":"2022Q4","value":"58.2"},{"name":"bv_share","year":"2023Q1","value":"0.00"},{"name":"bv_share","year":"2023Q2","value":"68.8"},{"name":"bv_share","year":"2023Q4","value":"77.4"},{"name":"bv_share","year":"2024Q2","value":"0.00"},{"name":"bv_share","year":"LTM\n?","value":"77.4"},{"name":"ebitda_margin","year":"2022Q4","value":"0.0%"},{"name":"ebitda_margin","year":"2023Q1","value":""},{"name":"ebitda_margin","year":"2023Q2","value":"0.0%"},{"name":"ebitda_margin","year":"2023Q4","value":"0.0%"},{"name":"ebitda_margin","year":"2024Q2","value":""},{"name":"ebitda_margin","year":"LTM\n?","value":"0"},{"name":"net_margin","year":"2022Q4","value":"18.7%"},{"name":"net_margin","year":"2023Q1","value":""},{"name":"net_margin","year":"2023Q2","value":"22.0%"},{"name":"net_margin","year":"2023Q4","value":"19.7%"},{"name":"net_margin","year":"2024Q2","value":""},{"name":"net_margin","year":"LTM\n?","value":"20.9%"},{"name":"fcf_yield","year":"2022Q4","value":"0.0%"},{"name":"fcf_yield","year":"2023Q1","value":"0.0%"},{"name":"fcf_yield","year":"2023Q2","value":"0.0%"},{"name":"fcf_yield","year":"2023Q4","value":"0.0%"},{"name":"fcf_yield","year":"2024Q2","value":"0.0%"},{"name":"fcf_yield","year":"LTM\n?","value":"0.0%"},{"name":"roe","year":"2022Q4","value":"30.1%"},{"name":"roe","year":"2023Q1","value":""},{"name":"roe","year":"2023Q2","value":"27.1%"},{"name":"roe","year":"2023Q4","value":"25.2%"},{"name":"roe","year":"2024Q2","value":""},{"name":"roe","year":"LTM\n?","value":"25.2%"},{"name":"roa","year":"2022Q4","value":"22.4%"},{"name":"roa","year":"2023Q1","value":""},{"name":"roa","year":"2023Q2","value":"20.6%"},{"name":"roa","year":"2023Q4","value":"19.1%"},{"name":"roa","year":"2024Q2","value":""},{"name":"roa","year":"LTM\n?","value":"19.1%"},{"name":"p_e","year":"2022Q4","value":"1.56"},{"name":"p_e","year":"2023Q1","value":"5.73"},{"name":"p_e","year":"2023Q2","value":"3.63"},{"name":"p_e","year":"2023Q4","value":"3.38"},{"name":"p_e","year":"2024Q2","value":"7.92"},{"name":"p_e","year":"LTM\n?","value":"7.02"},{"name":"p_s","year":"2022Q4","value":"0.32"},{"name":"p_s","year":"2023Q1","value":"1.16"},{"name":"p_s","year":"2023Q2","value":"0.74"},{"name":"p_s","year":"2023Q4","value":"0.71"},{"name":"p_s","year":"2024Q2","value":"1.56"},{"name":"p_s","year":"LTM\n?","value":"1.47"},{"name":"p_bv","year":"2022Q4","value":"0.47"},{"name":"p_bv","year":"2023Q1","value":""},{"name":"p_bv","year":"2023Q2","value":"0.98"},{"name":"p_bv","year":"2023Q4","value":"0.85"},{"name":"p_bv","year":"2024Q2","value":""},{"name":"p_bv","year":"LTM\n?","value":"1.77"},{"name":"capex_revenue","year":"2022Q4","value":"0%"},{"name":"capex_revenue","year":"2023Q1","value":""},{"name":"capex_revenue","year":"2023Q2","value":"0%"},{"name":"capex_revenue","year":"2023Q4","value":"0%"},{"name":"capex_revenue","year":"2024Q2","value":""},{"name":"capex_revenue","year":"LTM\n?","value":"0"}]