[{"name":"date","year":"2023Q1","value":"02.05.2023"},{"name":"date","year":"2023Q2","value":"31.07.2023"},{"name":"date","year":"2023Q3","value":"01.11.2023"},{"name":"date","year":"2023Q4","value":"01.04.2024"},{"name":"date","year":"2024Q1","value":"02.05.2024"},{"name":"date","year":"LTM\n?","value":"02.05.2024"},{"name":"currency","year":"2023Q1","value":"RUB"},{"name":"currency","year":"2023Q2","value":"RUB"},{"name":"currency","year":"2023Q3","value":"RUB"},{"name":"currency","year":"2023Q4","value":"RUB"},{"name":"currency","year":"2024Q1","value":"RUB"},{"name":"currency","year":"LTM\n?","value":"RUB"},{"name":"report_url","year":"2023Q1","value":"https://www.e-disclosure.ru/portal/FileLoad.ashx?Fileid=1791239"},{"name":"report_url","year":"2023Q2","value":"https://www.e-disclosure.ru/portal/FileLoad.ashx?Fileid=1806104"},{"name":"report_url","year":"2023Q3","value":"https://www.e-disclosure.ru/portal/FileLoad.ashx?Fileid=1814400"},{"name":"report_url","year":"2023Q4","value":"https://www.e-disclosure.ru/portal/FileLoad.ashx?Fileid=1829188"},{"name":"report_url","year":"2024Q1","value":"https://www.e-disclosure.ru/portal/FileLoad.ashx?Fileid=1835177"},{"name":"report_url","year":"LTM\n?","value":"https://www.e-disclosure.ru/portal/FileLoad.ashx?Fileid=1835177"},{"name":"revenue","year":"2023Q1","value":"6.82"},{"name":"revenue","year":"2023Q2","value":"10.3"},{"name":"revenue","year":"2023Q3","value":"13.4"},{"name":"revenue","year":"2023Q4","value":"14.0"},{"name":"revenue","year":"2024Q1","value":"24.6"},{"name":"revenue","year":"LTM\n?","value":"62.3"},{"name":"operating_income","year":"2023Q1","value":"0.964"},{"name":"operating_income","year":"2023Q2","value":"1.49"},{"name":"operating_income","year":"2023Q3","value":"3.16"},{"name":"operating_income","year":"2023Q4","value":"0.876"},{"name":"operating_income","year":"2024Q1","value":"6.20"},{"name":"operating_income","year":"LTM\n?","value":"11.7"},{"name":"net_income","year":"2023Q1","value":"0.410"},{"name":"net_income","year":"2023Q2","value":"0.670"},{"name":"net_income","year":"2023Q3","value":"1.68"},{"name":"net_income","year":"2023Q4","value":"-0.420"},{"name":"net_income","year":"2024Q1","value":"3.35"},{"name":"net_income","year":"LTM\n?","value":"5.28"},{"name":"dividend_payout","year":"2023Q1","value":""},{"name":"dividend_payout","year":"2023Q2","value":""},{"name":"dividend_payout","year":"2023Q3","value":""},{"name":"dividend_payout","year":"2023Q4","value":"0.262"},{"name":"dividend_payout","year":"2024Q1","value":""},{"name":"dividend_payout","year":"LTM\n?","value":"0.262"},{"name":"dividend","year":"2023Q1","value":""},{"name":"dividend","year":"2023Q2","value":""},{"name":"dividend","year":"2023Q3","value":""},{"name":"dividend","year":"2023Q4","value":"437"},{"name":"dividend","year":"2024Q1","value":""},{"name":"dividend","year":"LTM\n?","value":"437"},{"name":"div_yield","year":"2023Q1","value":"0.0%"},{"name":"div_yield","year":"2023Q2","value":"0.0%"},{"name":"div_yield","year":"2023Q3","value":"0.0%"},{"name":"div_yield","year":"2023Q4","value":"2.1%"},{"name":"div_yield","year":"2024Q1","value":"0.0%"},{"name":"div_yield","year":"LTM\n?","value":"2.0%"},{"name":"div_payout_ratio","year":"2023Q1","value":"0%"},{"name":"div_payout_ratio","year":"2023Q2","value":"0%"},{"name":"div_payout_ratio","year":"2023Q3","value":"0%"},{"name":"div_payout_ratio","year":"2023Q4","value":"0%"},{"name":"div_payout_ratio","year":"2024Q1","value":"0%"},{"name":"div_payout_ratio","year":"LTM\n?","value":"5%"},{"name":"opex","year":"2023Q1","value":"0.490"},{"name":"opex","year":"2023Q2","value":"0.930"},{"name":"opex","year":"2023Q3","value":"0.970"},{"name":"opex","year":"2023Q4","value":"1.27"},{"name":"opex","year":"2024Q1","value":"1.56"},{"name":"opex","year":"LTM\n?","value":"4.73"},{"name":"cost_of_production","year":"2023Q1","value":"5.36"},{"name":"cost_of_production","year":"2023Q2","value":"7.89"},{"name":"cost_of_production","year":"2023Q3","value":"11.0"},{"name":"cost_of_production","year":"2023Q4","value":"10.1"},{"name":"cost_of_production","year":"2024Q1","value":"16.8"},{"name":"cost_of_production","year":"LTM\n?","value":"45.8"},{"name":"assets","year":"2023Q1","value":"42.1"},{"name":"assets","year":"2023Q2","value":"51.1"},{"name":"assets","year":"2023Q3","value":"63.8"},{"name":"assets","year":"2023Q4","value":"75.1"},{"name":"assets","year":"2024Q1","value":"94.6"},{"name":"assets","year":"LTM\n?","value":"94.6"},{"name":"net_assets","year":"2023Q1","value":"2.66"},{"name":"net_assets","year":"2023Q2","value":"3.19"},{"name":"net_assets","year":"2023Q3","value":"4.87"},{"name":"net_assets","year":"2023Q4","value":"4.44"},{"name":"net_assets","year":"2024Q1","value":"7.80"},{"name":"net_assets","year":"LTM\n?","value":"7.80"},{"name":"debt","year":"2023Q1","value":"12.7"},{"name":"debt","year":"2023Q2","value":"18.6"},{"name":"debt","year":"2023Q3","value":"23.4"},{"name":"debt","year":"2023Q4","value":"30.9"},{"name":"debt","year":"2024Q1","value":"33.4"},{"name":"debt","year":"LTM\n?","value":"33.4"},{"name":"cash","year":"2023Q1","value":"8.87"},{"name":"cash","year":"2023Q2","value":"7.20"},{"name":"cash","year":"2023Q3","value":"10.2"},{"name":"cash","year":"2023Q4","value":"8.55"},{"name":"cash","year":"2024Q1","value":"10.00"},{"name":"cash","year":"LTM\n?","value":"10.00"},{"name":"net_debt","year":"2023Q1","value":"3.87"},{"name":"net_debt","year":"2023Q2","value":"11.4"},{"name":"net_debt","year":"2023Q3","value":"13.2"},{"name":"net_debt","year":"2023Q4","value":"22.4"},{"name":"net_debt","year":"2024Q1","value":"23.4"},{"name":"net_debt","year":"LTM\n?","value":"23.4"},{"name":"common_share","year":"2023Q1","value":"12 360"},{"name":"common_share","year":"2023Q2","value":"12 850"},{"name":"common_share","year":"2023Q3","value":"20 350"},{"name":"common_share","year":"2023Q4","value":"20 900"},{"name":"common_share","year":"2024Q1","value":"25 800"},{"name":"common_share","year":"LTM\n?","value":"21 750"},{"name":"number_of_shares","year":"2023Q1","value":"0.600"},{"name":"number_of_shares","year":"2023Q2","value":"0.600"},{"name":"number_of_shares","year":"2023Q3","value":"0.600"},{"name":"number_of_shares","year":"2023Q4","value":"0.600"},{"name":"number_of_shares","year":"2024Q1","value":"0.600"},{"name":"number_of_shares","year":"LTM\n?","value":"0.600"},{"name":"number_of_priv_shares","year":"2023Q1","value":"0.200"},{"name":"number_of_priv_shares","year":"2023Q2","value":"0.200"},{"name":"number_of_priv_shares","year":"2023Q3","value":"0.200"},{"name":"number_of_priv_shares","year":"2023Q4","value":"0.200"},{"name":"number_of_priv_shares","year":"2024Q1","value":"0.200"},{"name":"number_of_priv_shares","year":"LTM\n?","value":"0.200"},{"name":"market_cap","year":"2023Q1","value":"7.42"},{"name":"market_cap","year":"2023Q2","value":"7.71"},{"name":"market_cap","year":"2023Q3","value":"12.2"},{"name":"market_cap","year":"2023Q4","value":"12.5"},{"name":"market_cap","year":"2024Q1","value":"15.5"},{"name":"market_cap","year":"LTM\n?","value":"13.1"},{"name":"ev","year":"2023Q1","value":"11.3"},{"name":"ev","year":"2023Q2","value":"19.2"},{"name":"ev","year":"2023Q3","value":"25.4"},{"name":"ev","year":"2023Q4","value":"34.9"},{"name":"ev","year":"2024Q1","value":"38.9"},{"name":"ev","year":"LTM\n?","value":"36.5"},{"name":"book_value","year":"2023Q1","value":"2.66"},{"name":"book_value","year":"2023Q2","value":"3.19"},{"name":"book_value","year":"2023Q3","value":"4.87"},{"name":"book_value","year":"2023Q4","value":"4.44"},{"name":"book_value","year":"2024Q1","value":"7.80"},{"name":"book_value","year":"LTM\n?","value":"7.80"},{"name":"eps","year":"2023Q1","value":"683.1"},{"name":"eps","year":"2023Q2","value":"1 116"},{"name":"eps","year":"2023Q3","value":"2 799"},{"name":"eps","year":"2023Q4","value":"-699.7"},{"name":"eps","year":"2024Q1","value":"5 581"},{"name":"eps","year":"LTM\n?","value":"8 797"},{"name":"fcf_share","year":"2023Q1","value":"0.00"},{"name":"fcf_share","year":"2023Q2","value":"0.00"},{"name":"fcf_share","year":"2023Q3","value":"0.00"},{"name":"fcf_share","year":"2023Q4","value":"0.00"},{"name":"fcf_share","year":"2024Q1","value":"0.00"},{"name":"fcf_share","year":"LTM\n?","value":"0"},{"name":"bv_share","year":"2023Q1","value":"4 432"},{"name":"bv_share","year":"2023Q2","value":"5 315"},{"name":"bv_share","year":"2023Q3","value":"8 114"},{"name":"bv_share","year":"2023Q4","value":"7 397"},{"name":"bv_share","year":"2024Q1","value":"12 995"},{"name":"bv_share","year":"LTM\n?","value":"12 995"},{"name":"ebitda_margin","year":"2023Q1","value":"0.0%"},{"name":"ebitda_margin","year":"2023Q2","value":"0.0%"},{"name":"ebitda_margin","year":"2023Q3","value":"0.0%"},{"name":"ebitda_margin","year":"2023Q4","value":"0.0%"},{"name":"ebitda_margin","year":"2024Q1","value":"0.0%"},{"name":"ebitda_margin","year":"LTM\n?","value":"0"},{"name":"net_margin","year":"2023Q1","value":"6.0%"},{"name":"net_margin","year":"2023Q2","value":"6.5%"},{"name":"net_margin","year":"2023Q3","value":"12.5%"},{"name":"net_margin","year":"2023Q4","value":"-3.0%"},{"name":"net_margin","year":"2024Q1","value":"13.6%"},{"name":"net_margin","year":"LTM\n?","value":"8.5%"},{"name":"fcf_yield","year":"2023Q1","value":"0.0%"},{"name":"fcf_yield","year":"2023Q2","value":"0.0%"},{"name":"fcf_yield","year":"2023Q3","value":"0.0%"},{"name":"fcf_yield","year":"2023Q4","value":"0.0%"},{"name":"fcf_yield","year":"2024Q1","value":"0.0%"},{"name":"fcf_yield","year":"LTM\n?","value":"0"},{"name":"roe","year":"2023Q1","value":"17.0%"},{"name":"roe","year":"2023Q2","value":"28.8%"},{"name":"roe","year":"2023Q3","value":"52.3%"},{"name":"roe","year":"2023Q4","value":"52.7%"},{"name":"roe","year":"2024Q1","value":"67.7%"},{"name":"roe","year":"LTM\n?","value":"67.7%"},{"name":"roa","year":"2023Q1","value":"1.1%"},{"name":"roa","year":"2023Q2","value":"1.8%"},{"name":"roa","year":"2023Q3","value":"4.0%"},{"name":"roa","year":"2023Q4","value":"3.1%"},{"name":"roa","year":"2024Q1","value":"5.6%"},{"name":"roa","year":"LTM\n?","value":"5.6%"},{"name":"p_e","year":"2023Q1","value":"16.4"},{"name":"p_e","year":"2023Q2","value":"8.40"},{"name":"p_e","year":"2023Q3","value":"4.80"},{"name":"p_e","year":"2023Q4","value":"5.36"},{"name":"p_e","year":"2024Q1","value":"2.93"},{"name":"p_e","year":"LTM\n?","value":"2.47"},{"name":"p_s","year":"2023Q1","value":"0.30"},{"name":"p_s","year":"2023Q2","value":"0.28"},{"name":"p_s","year":"2023Q3","value":"0.34"},{"name":"p_s","year":"2023Q4","value":"0.28"},{"name":"p_s","year":"2024Q1","value":"0.25"},{"name":"p_s","year":"LTM\n?","value":"0.21"},{"name":"p_bv","year":"2023Q1","value":"2.79"},{"name":"p_bv","year":"2023Q2","value":"2.42"},{"name":"p_bv","year":"2023Q3","value":"2.51"},{"name":"p_bv","year":"2023Q4","value":"2.83"},{"name":"p_bv","year":"2024Q1","value":"1.99"},{"name":"p_bv","year":"LTM\n?","value":"1.67"},{"name":"capex_revenue","year":"2023Q1","value":"0%"},{"name":"capex_revenue","year":"2023Q2","value":"0%"},{"name":"capex_revenue","year":"2023Q3","value":"0%"},{"name":"capex_revenue","year":"2023Q4","value":"0%"},{"name":"capex_revenue","year":"2024Q1","value":"0%"},{"name":"capex_revenue","year":"LTM\n?","value":"0"}]