[{"name":"P/E","year":"2023","value":"5.11"},{"name":"P/E","year":"2022","value":"-1.86"},{"name":"P/E","year":"2021","value":"2.85"},{"name":"P/E","year":"2020","value":"6.45"},{"name":"P/E","year":"2019","value":"-11.57"},{"name":"P/B","year":"2023","value":"0.61"},{"name":"P/B","year":"2022","value":"0.42"},{"name":"P/B","year":"2021","value":"0.4"},{"name":"P/B","year":"2020","value":"0.42"},{"name":"P/B","year":"2019","value":"0.34"},{"name":"P/S","year":"2023","value":"3.31"},{"name":"P/S","year":"2022","value":"1.5"},{"name":"P/S","year":"2021","value":"1.21"},{"name":"P/S","year":"2020","value":"1.1"},{"name":"P/S","year":"2019","value":"1.23"},{"name":"P/CF","year":"2023","value":"-5.01"},{"name":"P/CF","year":"2022","value":"1675.05"},{"name":"P/CF","year":"2021","value":"2.55"},{"name":"P/CF","year":"2020","value":"6.42"},{"name":"P/CF","year":"2019","value":"2.98"},{"name":"P/FCF","year":"2021","value":"5.91"},{"name":"EV/S","year":"2023","value":"1.8"},{"name":"EV/S","year":"2022","value":"1.08"},{"name":"EV/S","year":"2021","value":"0.8"},{"name":"EV/S","year":"2020","value":"-0.89"},{"name":"EV/S","year":"2019","value":"0.79"},{"name":"EV/EBITDA","year":"2023","value":"3.6"},{"name":"EV/EBITDA","year":"2022","value":"-1.19"},{"name":"EV/EBITDA","year":"2021","value":"1.56"},{"name":"EV/EBITDA","year":"2020","value":"-5.65"},{"name":"EV/EBITDA","year":"2019","value":"-3.58"},{"name":"EV/EBIT","year":"2023","value":"3.63"},{"name":"EV/EBIT","year":"2022","value":"-1.05"},{"name":"EV/EBIT","year":"2021","value":"1.83"},{"name":"EV/EBIT","year":"2020","value":"-10.13"},{"name":"EV/EBIT","year":"2019","value":"-2.79"},{"name":"Коэффициент долга","year":"2023","value":"0.01"},{"name":"Коэффициент долга","year":"2022","value":"0.04"},{"name":"Коэффициент долга","year":"2021","value":"0.07"},{"name":"Коэффициент долга","year":"2020","value":"0.06"},{"name":"Коэффициент долга","year":"2019","value":"0.09"},{"name":"D/E","year":"2023","value":"0.01"},{"name":"D/E","year":"2022","value":"0.04"},{"name":"D/E","year":"2021","value":"0.08"},{"name":"D/E","year":"2020","value":"0.07"},{"name":"D/E","year":"2019","value":"0.1"},{"name":"CAPEX/Выручка","year":"2023","value":"18.22"},{"name":"CAPEX/Выручка","year":"2022","value":"26.01"},{"name":"CAPEX/Выручка","year":"2021","value":"26.79"},{"name":"CAPEX/Выручка","year":"2020","value":"14.96"},{"name":"CAPEX/Выручка","year":"2019","value":"46.03"},{"name":"NetDebt/EBITDA","year":"2023","value":"-3.04"},{"name":"NetDebt/EBITDA","year":"2022","value":"0.46"},{"name":"NetDebt/EBITDA","year":"2021","value":"-0.79"},{"name":"NetDebt/EBITDA","year":"2020","value":"-12.66"},{"name":"NetDebt/EBITDA","year":"2019","value":"1.95"},{"name":"Долг/EBITDA","year":"2023","value":"0.1"},{"name":"Долг/EBITDA","year":"2022","value":"-0.02"},{"name":"Долг/EBITDA","year":"2021","value":"0.01"},{"name":"ROE","year":"2023","value":"11.85"},{"name":"ROE","year":"2022","value":"-22.5"},{"name":"ROE","year":"2021","value":"14.17"},{"name":"ROE","year":"2020","value":"6.47"},{"name":"ROE","year":"2019","value":"-2.93"},{"name":"ROA","year":"2023","value":"11.71"},{"name":"ROA","year":"2022","value":"-21.58"},{"name":"ROA","year":"2021","value":"13.17"},{"name":"ROA","year":"2020","value":"6.07"},{"name":"ROA","year":"2019","value":"-2.66"},{"name":"Return on Sales","year":"2023","value":"49.49"},{"name":"Return on Sales","year":"2022","value":"-102.32"},{"name":"Return on Sales","year":"2021","value":"43.71"},{"name":"Return on Sales","year":"2020","value":"8.75"},{"name":"Return on Sales","year":"2019","value":"-28.46"},{"name":"ROCE","year":"2023","value":"9.05"},{"name":"ROCE","year":"2022","value":"-28.51"},{"name":"ROCE","year":"2021","value":"14.35"},{"name":"ROCE","year":"2020","value":"3.23"},{"name":"ROCE","year":"2019","value":"-7.52"},{"name":"Net Margin","year":"2023","value":"64.81"},{"name":"Net Margin","year":"2022","value":"-80.37"},{"name":"Net Margin","year":"2021","value":"42.36"},{"name":"Net Margin","year":"2020","value":"17.06"},{"name":"Net Margin","year":"2019","value":"-10.59"},{"name":"EBITDA рентабельность","year":"2023","value":"49.87"},{"name":"EBITDA рентабельность","year":"2022","value":"-90.42"},{"name":"EBITDA рентабельность","year":"2021","value":"51.29"},{"name":"EBITDA рентабельность","year":"2020","value":"15.7"},{"name":"EBITDA рентабельность","year":"2019","value":"-22.16"},{"name":"Тек. ливкидность","year":"2023","value":"83.04"},{"name":"Тек. ливкидность","year":"2022","value":"27.35"},{"name":"Тек. ливкидность","year":"2021","value":"15.11"},{"name":"Тек. ливкидность","year":"2020","value":"24.16"},{"name":"Тек. ливкидность","year":"2019","value":"15.27"},{"name":"Валовая маржа","year":"2023","value":"48.3"},{"name":"Валовая маржа","year":"2022","value":"26.52"},{"name":"Валовая маржа","year":"2021","value":"49.1"},{"name":"Валовая маржа","year":"2020","value":"44"},{"name":"Валовая маржа","year":"2019","value":"42.54"}]