[{"name":"P/E","year":"2023","value":"-15.73"},{"name":"P/E","year":"2022","value":"-1.94"},{"name":"P/E","year":"2021","value":"-4.22"},{"name":"P/E","year":"2020","value":"-1.48"},{"name":"P/E","year":"2019","value":"10.83"},{"name":"P/B","year":"2023","value":"-1.63"},{"name":"P/B","year":"2022","value":"-1.07"},{"name":"P/B","year":"2021","value":"-1.04"},{"name":"P/B","year":"2020","value":"-1.62"},{"name":"P/B","year":"2019","value":"-68.19"},{"name":"P/S","year":"2023","value":"0.23"},{"name":"P/S","year":"2022","value":"0.24"},{"name":"P/S","year":"2021","value":"0.29"},{"name":"P/S","year":"2020","value":"0.58"},{"name":"P/S","year":"2019","value":"0.17"},{"name":"P/CF","year":"2023","value":"0.79"},{"name":"P/CF","year":"2022","value":"1.23"},{"name":"P/CF","year":"2021","value":"1.52"},{"name":"P/CF","year":"2020","value":"7.59"},{"name":"P/CF","year":"2019","value":"0.76"},{"name":"P/FCF","year":"2023","value":"1.79"},{"name":"P/FCF","year":"2022","value":"1.36"},{"name":"P/FCF","year":"2021","value":"1.86"},{"name":"P/FCF","year":"2020","value":"22.76"},{"name":"P/FCF","year":"2019","value":"1.09"},{"name":"EV/S","year":"2023","value":"1.26"},{"name":"EV/S","year":"2022","value":"1.45"},{"name":"EV/S","year":"2021","value":"0.41"},{"name":"EV/S","year":"2020","value":"0.58"},{"name":"EV/S","year":"2019","value":"0.17"},{"name":"EV/EBITDA","year":"2023","value":"2.42"},{"name":"EV/EBITDA","year":"2022","value":"5.33"},{"name":"EV/EBITDA","year":"2021","value":"1.73"},{"name":"EV/EBITDA","year":"2020","value":"6.46"},{"name":"EV/EBITDA","year":"2019","value":"0.7"},{"name":"EV/EBIT","year":"2023","value":"4.21"},{"name":"EV/EBIT","year":"2022","value":"-4.39"},{"name":"EV/EBIT","year":"2021","value":"-15.06"},{"name":"EV/EBIT","year":"2020","value":"-1.57"},{"name":"EV/EBIT","year":"2019","value":"1.96"},{"name":"Коэффициент долга","year":"2023","value":"1.09"},{"name":"Коэффициент долга","year":"2022","value":"1.1"},{"name":"Коэффициент долга","year":"2021","value":"1.13"},{"name":"Коэффициент долга","year":"2020","value":"1.11"},{"name":"Коэффициент долга","year":"2019","value":"1"},{"name":"D/E","year":"2023","value":"-12.28"},{"name":"D/E","year":"2022","value":"-10.63"},{"name":"D/E","year":"2021","value":"-8.58"},{"name":"D/E","year":"2020","value":"-9.81"},{"name":"D/E","year":"2019","value":"477.62"},{"name":"CAPEX/Выручка","year":"2023","value":"16.25"},{"name":"CAPEX/Выручка","year":"2022","value":"1.82"},{"name":"CAPEX/Выручка","year":"2021","value":"3.52"},{"name":"CAPEX/Выручка","year":"2020","value":"5.08"},{"name":"CAPEX/Выручка","year":"2019","value":"8.17"},{"name":"NetDebt/EBITDA","year":"2023","value":"1.98"},{"name":"NetDebt/EBITDA","year":"2022","value":"4.46"},{"name":"NetDebt/EBITDA","year":"2021","value":"0.5"},{"name":"NetDebt/EBITDA","year":"2020","value":"-0.01"},{"name":"NetDebt/EBITDA","year":"2019","value":"0.02"},{"name":"Долг/EBITDA","year":"2023","value":"0.33"},{"name":"Долг/EBITDA","year":"2022","value":"1.01"},{"name":"Долг/EBITDA","year":"2021","value":"1.14"},{"name":"Долг/EBITDA","year":"2020","value":"3.28"},{"name":"Долг/EBITDA","year":"2019","value":"0.09"},{"name":"ROE","year":"2023","value":"14.2"},{"name":"ROE","year":"2022","value":"50.71"},{"name":"ROE","year":"2021","value":"23.53"},{"name":"ROE","year":"2020","value":"106.82"},{"name":"ROE","year":"2019","value":"692.92"},{"name":"ROA","year":"2023","value":"-1.26"},{"name":"ROA","year":"2022","value":"-5.26"},{"name":"ROA","year":"2021","value":"-3.11"},{"name":"ROA","year":"2020","value":"-12.12"},{"name":"ROA","year":"2019","value":"1.45"},{"name":"Return on Sales","year":"2023","value":"29.85"},{"name":"Return on Sales","year":"2022","value":"-33.16"},{"name":"Return on Sales","year":"2021","value":"-2.73"},{"name":"Return on Sales","year":"2020","value":"-36.79"},{"name":"Return on Sales","year":"2019","value":"8.91"},{"name":"ROIC","year":"2023","value":"23.98"},{"name":"ROIC","year":"2022","value":"-1.67"},{"name":"ROIC","year":"2021","value":"-0.49"},{"name":"ROIC","year":"2020","value":"-10.07"},{"name":"ROIC","year":"2019","value":"8.53"},{"name":"ROCE","year":"2023","value":"24.04"},{"name":"ROCE","year":"2022","value":"-20.37"},{"name":"ROCE","year":"2021","value":"-1.6"},{"name":"ROCE","year":"2020","value":"-15.13"},{"name":"ROCE","year":"2019","value":"8.67"},{"name":"Net Margin","year":"2023","value":"-2.29"},{"name":"Net Margin","year":"2022","value":"-12.19"},{"name":"Net Margin","year":"2021","value":"-7.01"},{"name":"Net Margin","year":"2020","value":"-40.77"},{"name":"Net Margin","year":"2019","value":"1.99"},{"name":"Операционная маржа","year":"2023","value":"29.77"},{"name":"Операционная маржа","year":"2022","value":"-3.23"},{"name":"Операционная маржа","year":"2021","value":"-1.02"},{"name":"Операционная маржа","year":"2020","value":"-30.5"},{"name":"Операционная маржа","year":"2019","value":"8.95"},{"name":"EBITDA рентабельность","year":"2023","value":"52"},{"name":"EBITDA рентабельность","year":"2022","value":"27.32"},{"name":"EBITDA рентабельность","year":"2021","value":"23.7"},{"name":"EBITDA рентабельность","year":"2020","value":"8.93"},{"name":"EBITDA рентабельность","year":"2019","value":"24.92"},{"name":"Тек. ливкидность","year":"2023","value":"0.71"},{"name":"Тек. ливкидность","year":"2022","value":"0.82"},{"name":"Тек. ливкидность","year":"2021","value":"0.7"},{"name":"Тек. ливкидность","year":"2020","value":"0.66"},{"name":"Тек. ливкидность","year":"2019","value":"0.62"}]