[
  {
    "name": "revenue",
    "year": "2016",
    "value": 36.666
  },
  {
    "name": "revenue",
    "year": "2017",
    "value": 19.096
  },
  {
    "name": "revenue",
    "year": "2018",
    "value": 31.193
  },
  {
    "name": "revenue",
    "year": "2019",
    "value": 44.958
  },
  {
    "name": "revenue",
    "year": "2020",
    "value": 29.438
  },
  {
    "name": "revenue",
    "year": "2021",
    "value": 24.27
  },
  {
    "name": "revenue",
    "year": "2022",
    "value": 34.91
  },
  {
    "name": "revenue",
    "year": "2023",
    "value": 28.24
  },
  {
    "name": "operating_income",
    "year": "2016",
    "value": 25.205
  },
  {
    "name": "operating_income",
    "year": "2017",
    "value": 12.033
  },
  {
    "name": "operating_income",
    "year": "2018",
    "value": 24.203
  },
  {
    "name": "operating_income",
    "year": "2019",
    "value": 34.597
  },
  {
    "name": "operating_income",
    "year": "2020",
    "value": 13.192
  },
  {
    "name": "operating_income",
    "year": "2021",
    "value": 9.494
  },
  {
    "name": "operating_income",
    "year": "2022",
    "value": 22.83
  },
  {
    "name": "operating_income",
    "year": "2023",
    "value": 7.4
  },
  {
    "name": "net_income",
    "year": "2016",
    "value": -37.372
  },
  {
    "name": "net_income",
    "year": "2017",
    "value": -31.509
  },
  {
    "name": "net_income",
    "year": "2018",
    "value": -46.495
  },
  {
    "name": "net_income",
    "year": "2019",
    "value": 79.09
  },
  {
    "name": "net_income",
    "year": "2020",
    "value": 140.837
  },
  {
    "name": "net_income",
    "year": "2021",
    "value": -82.568
  },
  {
    "name": "net_income",
    "year": "2022",
    "value": -71.45
  },
  {
    "name": "net_income",
    "year": "2023",
    "value": 50.0
  },
  {
    "name": "ocf",
    "year": "2017",
    "value": -7.65
  },
  {
    "name": "ocf",
    "year": "2018",
    "value": -75.39
  },
  {
    "name": "ocf",
    "year": "2019",
    "value": 4.84
  },
  {
    "name": "ocf",
    "year": "2020",
    "value": -1.01
  },
  {
    "name": "ocf",
    "year": "2021",
    "value": -10.42
  },
  {
    "name": "ocf",
    "year": "2022",
    "value": -0.63
  },
  {
    "name": "ocf",
    "year": "2023",
    "value": -16.58
  },
  {
    "name": "opex",
    "year": "2016",
    "value": 11.46
  },
  {
    "name": "opex",
    "year": "2017",
    "value": 7.063
  },
  {
    "name": "opex",
    "year": "2018",
    "value": 6.99
  },
  {
    "name": "opex",
    "year": "2019",
    "value": 10.35
  },
  {
    "name": "opex",
    "year": "2020",
    "value": 16.246
  },
  {
    "name": "opex",
    "year": "2021",
    "value": 14.775
  },
  {
    "name": "opex",
    "year": "2022",
    "value": 12.07
  },
  {
    "name": "opex",
    "year": "2023",
    "value": 20.84
  },
  {
    "name": "assets",
    "year": "2015",
    "value": 426.686
  },
  {
    "name": "assets",
    "year": "2016",
    "value": 397.045
  },
  {
    "name": "assets",
    "year": "2017",
    "value": 448.824
  },
  {
    "name": "assets",
    "year": "2018",
    "value": 403.018
  },
  {
    "name": "assets",
    "year": "2019",
    "value": 449.107
  },
  {
    "name": "assets",
    "year": "2020",
    "value": 611.25
  },
  {
    "name": "assets",
    "year": "2021",
    "value": 552.704
  },
  {
    "name": "assets",
    "year": "2022",
    "value": 495.9
  },
  {
    "name": "assets",
    "year": "2023",
    "value": 582.0
  },
  {
    "name": "net_assets",
    "year": "2015",
    "value": 294.071
  },
  {
    "name": "net_assets",
    "year": "2016",
    "value": 246.566
  },
  {
    "name": "net_assets",
    "year": "2017",
    "value": 200.731
  },
  {
    "name": "net_assets",
    "year": "2018",
    "value": 153.211
  },
  {
    "name": "net_assets",
    "year": "2019",
    "value": 232.98
  },
  {
    "name": "net_assets",
    "year": "2020",
    "value": 372.59
  },
  {
    "name": "net_assets",
    "year": "2021",
    "value": 287.111
  },
  {
    "name": "net_assets",
    "year": "2022",
    "value": 217.84
  },
  {
    "name": "net_assets",
    "year": "2023",
    "value": 264.2
  },
  {
    "name": "debt",
    "year": "2015",
    "value": 123.071
  },
  {
    "name": "debt",
    "year": "2016",
    "value": 102.723
  },
  {
    "name": "debt",
    "year": "2017",
    "value": 131.328
  },
  {
    "name": "debt",
    "year": "2018",
    "value": 221.163
  },
  {
    "name": "debt",
    "year": "2019",
    "value": 188.866
  },
  {
    "name": "debt",
    "year": "2020",
    "value": 197.656
  },
  {
    "name": "debt",
    "year": "2021",
    "value": 239.28
  },
  {
    "name": "debt",
    "year": "2022",
    "value": 261.81
  },
  {
    "name": "debt",
    "year": "2023",
    "value": 280.7
  },
  {
    "name": "cash",
    "year": "2015",
    "value": 20.415
  },
  {
    "name": "cash",
    "year": "2016",
    "value": 1.885
  },
  {
    "name": "cash",
    "year": "2017",
    "value": 3.748
  },
  {
    "name": "cash",
    "year": "2018",
    "value": 4.519
  },
  {
    "name": "cash",
    "year": "2019",
    "value": 2.77
  },
  {
    "name": "cash",
    "year": "2020",
    "value": 3.238
  },
  {
    "name": "cash",
    "year": "2021",
    "value": 14.07
  },
  {
    "name": "cash",
    "year": "2022",
    "value": 4.0
  },
  {
    "name": "cash",
    "year": "2023",
    "value": 1.75
  },
  {
    "name": "net_debt",
    "year": "2015",
    "value": 102.656
  },
  {
    "name": "net_debt",
    "year": "2016",
    "value": 100.838
  },
  {
    "name": "net_debt",
    "year": "2017",
    "value": 127.58
  },
  {
    "name": "net_debt",
    "year": "2018",
    "value": 216.644
  },
  {
    "name": "net_debt",
    "year": "2019",
    "value": 186.096
  },
  {
    "name": "net_debt",
    "year": "2020",
    "value": 194.418
  },
  {
    "name": "net_debt",
    "year": "2021",
    "value": 225.21
  },
  {
    "name": "net_debt",
    "year": "2022",
    "value": 257.81
  },
  {
    "name": "net_debt",
    "year": "2023",
    "value": 278.95
  },
  {
    "name": "common_share",
    "year": "2015",
    "value": 17.65
  },
  {
    "name": "common_share",
    "year": "2016",
    "value": 23.17
  },
  {
    "name": "common_share",
    "year": "2017",
    "value": 12.09
  },
  {
    "name": "common_share",
    "year": "2018",
    "value": 7.999
  },
  {
    "name": "common_share",
    "year": "2019",
    "value": 15.236
  },
  {
    "name": "common_share",
    "year": "2020",
    "value": 28.794
  },
  {
    "name": "common_share",
    "year": "2021",
    "value": 23.426
  },
  {
    "name": "common_share",
    "year": "2022",
    "value": 11.864
  },
  {
    "name": "common_share",
    "year": "2023",
    "value": 16.019
  },
  {
    "name": "number_of_shares",
    "year": "2015",
    "value": 9650.0
  },
  {
    "name": "number_of_shares",
    "year": "2016",
    "value": 9650.0
  },
  {
    "name": "number_of_shares",
    "year": "2017",
    "value": 9650.0
  },
  {
    "name": "number_of_shares",
    "year": "2018",
    "value": 9650.0
  },
  {
    "name": "number_of_shares",
    "year": "2019",
    "value": 9650.0
  },
  {
    "name": "number_of_shares",
    "year": "2020",
    "value": 9650.0
  },
  {
    "name": "number_of_shares",
    "year": "2021",
    "value": 9650.0
  },
  {
    "name": "number_of_shares",
    "year": "2022",
    "value": 9650.0
  },
  {
    "name": "number_of_shares",
    "year": "2023",
    "value": 9650.0
  },
  {
    "name": "market_cap",
    "year": "2015",
    "value": 170.3225
  },
  {
    "name": "market_cap",
    "year": "2016",
    "value": 223.5905
  },
  {
    "name": "market_cap",
    "year": "2017",
    "value": 116.6685
  },
  {
    "name": "market_cap",
    "year": "2018",
    "value": 77.19035
  },
  {
    "name": "market_cap",
    "year": "2019",
    "value": 147.0274
  },
  {
    "name": "market_cap",
    "year": "2020",
    "value": 277.8621
  },
  {
    "name": "market_cap",
    "year": "2021",
    "value": 226.0609
  },
  {
    "name": "market_cap",
    "year": "2022",
    "value": 114.4876
  },
  {
    "name": "market_cap",
    "year": "2023",
    "value": 154.58335
  },
  {
    "name": "ev",
    "year": "2015",
    "value": 272.9785
  },
  {
    "name": "ev",
    "year": "2016",
    "value": 324.4285
  },
  {
    "name": "ev",
    "year": "2017",
    "value": 244.2485
  },
  {
    "name": "ev",
    "year": "2018",
    "value": 293.83435
  },
  {
    "name": "ev",
    "year": "2019",
    "value": 333.1234
  },
  {
    "name": "ev",
    "year": "2020",
    "value": 472.2801
  },
  {
    "name": "ev",
    "year": "2021",
    "value": 451.2709
  },
  {
    "name": "ev",
    "year": "2022",
    "value": 372.2976
  },
  {
    "name": "ev",
    "year": "2023",
    "value": 433.53335
  },
  {
    "name": "book_value",
    "year": "2015",
    "value": 294.071
  },
  {
    "name": "book_value",
    "year": "2016",
    "value": 246.566
  },
  {
    "name": "book_value",
    "year": "2017",
    "value": 200.731
  },
  {
    "name": "book_value",
    "year": "2018",
    "value": 153.211
  },
  {
    "name": "book_value",
    "year": "2019",
    "value": 232.98
  },
  {
    "name": "book_value",
    "year": "2020",
    "value": 372.59
  },
  {
    "name": "book_value",
    "year": "2021",
    "value": 287.111
  },
  {
    "name": "book_value",
    "year": "2022",
    "value": 217.84
  },
  {
    "name": "book_value",
    "year": "2023",
    "value": 264.2
  },
  {
    "name": "eps",
    "year": "2015",
    "value": 0.0
  },
  {
    "name": "eps",
    "year": "2016",
    "value": -3.87274611399
  },
  {
    "name": "eps",
    "year": "2017",
    "value": -3.26518134715
  },
  {
    "name": "eps",
    "year": "2018",
    "value": -4.81813471503
  },
  {
    "name": "eps",
    "year": "2019",
    "value": 8.19585492228
  },
  {
    "name": "eps",
    "year": "2020",
    "value": 14.594507772
  },
  {
    "name": "eps",
    "year": "2021",
    "value": -8.55626943005
  },
  {
    "name": "eps",
    "year": "2022",
    "value": -7.40414507772
  },
  {
    "name": "eps",
    "year": "2023",
    "value": 5.18134715026
  },
  {
    "name": "fcf_share",
    "year": "2015",
    "value": 0.0
  },
  {
    "name": "fcf_share",
    "year": "2016",
    "value": 0.0
  },
  {
    "name": "fcf_share",
    "year": "2017",
    "value": -0.79689119171
  },
  {
    "name": "fcf_share",
    "year": "2018",
    "value": -7.82176165803
  },
  {
    "name": "fcf_share",
    "year": "2019",
    "value": 0.49378238342
  },
  {
    "name": "fcf_share",
    "year": "2020",
    "value": -0.116062176166
  },
  {
    "name": "fcf_share",
    "year": "2021",
    "value": -1.09637305699
  },
  {
    "name": "fcf_share",
    "year": "2022",
    "value": -0.0766839378238
  },
  {
    "name": "fcf_share",
    "year": "2023",
    "value": -1.70984455959
  },
  {
    "name": "bv_share",
    "year": "2015",
    "value": 30.4736787565
  },
  {
    "name": "bv_share",
    "year": "2016",
    "value": 25.550880829
  },
  {
    "name": "bv_share",
    "year": "2017",
    "value": 20.8011398964
  },
  {
    "name": "bv_share",
    "year": "2018",
    "value": 15.8767875648
  },
  {
    "name": "bv_share",
    "year": "2019",
    "value": 24.1430051813
  },
  {
    "name": "bv_share",
    "year": "2020",
    "value": 38.6103626943
  },
  {
    "name": "bv_share",
    "year": "2021",
    "value": 29.7524352332
  },
  {
    "name": "bv_share",
    "year": "2022",
    "value": 22.5740932642
  },
  {
    "name": "bv_share",
    "year": "2023",
    "value": 27.378238342
  },
  {
    "name": "ebitda_margin",
    "year": "2016",
    "value": 0.0
  },
  {
    "name": "ebitda_margin",
    "year": "2017",
    "value": 0.0
  },
  {
    "name": "ebitda_margin",
    "year": "2018",
    "value": 0.0
  },
  {
    "name": "ebitda_margin",
    "year": "2019",
    "value": 0.0
  },
  {
    "name": "ebitda_margin",
    "year": "2020",
    "value": 0.0
  },
  {
    "name": "ebitda_margin",
    "year": "2021",
    "value": 0.0
  },
  {
    "name": "ebitda_margin",
    "year": "2022",
    "value": 0.0
  },
  {
    "name": "ebitda_margin",
    "year": "2023",
    "value": 0.0
  },
  {
    "name": "net_margin",
    "year": "2016",
    "value": -101.92548955400001
  },
  {
    "name": "net_margin",
    "year": "2017",
    "value": -165.003142019
  },
  {
    "name": "net_margin",
    "year": "2018",
    "value": -149.055877921
  },
  {
    "name": "net_margin",
    "year": "2019",
    "value": 175.91974732
  },
  {
    "name": "net_margin",
    "year": "2020",
    "value": 478.41905020700005
  },
  {
    "name": "net_margin",
    "year": "2021",
    "value": -340.206015657
  },
  {
    "name": "net_margin",
    "year": "2022",
    "value": -204.66914924099999
  },
  {
    "name": "net_margin",
    "year": "2023",
    "value": 177.053824363
  },
  {
    "name": "fcf_yield",
    "year": "2015",
    "value": 0.0
  },
  {
    "name": "fcf_yield",
    "year": "2016",
    "value": 0.0
  },
  {
    "name": "fcf_yield",
    "year": "2017",
    "value": -6.59132499346
  },
  {
    "name": "fcf_yield",
    "year": "2018",
    "value": -97.78424375590001
  },
  {
    "name": "fcf_yield",
    "year": "2019",
    "value": 3.24089251391
  },
  {
    "name": "fcf_yield",
    "year": "2020",
    "value": -0.403077641751
  },
  {
    "name": "fcf_yield",
    "year": "2021",
    "value": -4.68015477245
  },
  {
    "name": "fcf_yield",
    "year": "2022",
    "value": -0.646358208225
  },
  {
    "name": "fcf_yield",
    "year": "2023",
    "value": -10.6738532966
  },
  {
    "name": "roe",
    "year": "2015",
    "value": 0.0
  },
  {
    "name": "roe",
    "year": "2016",
    "value": -15.156996504
  },
  {
    "name": "roe",
    "year": "2017",
    "value": -15.697127000800002
  },
  {
    "name": "roe",
    "year": "2018",
    "value": -30.3470377453
  },
  {
    "name": "roe",
    "year": "2019",
    "value": 33.9471199245
  },
  {
    "name": "roe",
    "year": "2020",
    "value": 37.7994578491
  },
  {
    "name": "roe",
    "year": "2021",
    "value": -28.758215463699997
  },
  {
    "name": "roe",
    "year": "2022",
    "value": -32.7993022402
  },
  {
    "name": "roe",
    "year": "2023",
    "value": 18.925056775199998
  },
  {
    "name": "roa",
    "year": "2015",
    "value": 0.0
  },
  {
    "name": "roa",
    "year": "2016",
    "value": -9.412535103069999
  },
  {
    "name": "roa",
    "year": "2017",
    "value": -7.020346505529999
  },
  {
    "name": "roa",
    "year": "2018",
    "value": -11.536705556600001
  },
  {
    "name": "roa",
    "year": "2019",
    "value": 17.6105026196
  },
  {
    "name": "roa",
    "year": "2020",
    "value": 23.0408179959
  },
  {
    "name": "roa",
    "year": "2021",
    "value": -14.938918480800002
  },
  {
    "name": "roa",
    "year": "2022",
    "value": -14.408146803800001
  },
  {
    "name": "roa",
    "year": "2023",
    "value": 8.5910652921
  },
  {
    "name": "p_e",
    "year": "2016",
    "value": -5.98283474259
  },
  {
    "name": "p_e",
    "year": "2017",
    "value": -3.70270398934
  },
  {
    "name": "p_e",
    "year": "2018",
    "value": -1.66018604151
  },
  {
    "name": "p_e",
    "year": "2019",
    "value": 1.85898849412
  },
  {
    "name": "p_e",
    "year": "2020",
    "value": 1.97293395912
  },
  {
    "name": "p_e",
    "year": "2021",
    "value": -2.73787544812
  },
  {
    "name": "p_e",
    "year": "2022",
    "value": -1.60234569629
  },
  {
    "name": "p_e",
    "year": "2023",
    "value": 3.091667
  },
  {
    "name": "p_s",
    "year": "2016",
    "value": 6.09803360061
  },
  {
    "name": "p_s",
    "year": "2017",
    "value": 6.10957792208
  },
  {
    "name": "p_s",
    "year": "2018",
    "value": 2.4746048793
  },
  {
    "name": "p_s",
    "year": "2019",
    "value": 3.27032786156
  },
  {
    "name": "p_s",
    "year": "2020",
    "value": 9.43889190842
  },
  {
    "name": "p_s",
    "year": "2021",
    "value": 9.31441697569
  },
  {
    "name": "p_s",
    "year": "2022",
    "value": 3.2795073045
  },
  {
    "name": "p_s",
    "year": "2023",
    "value": 5.47391466006
  },
  {
    "name": "p_bv",
    "year": "2015",
    "value": 0.579188359274
  },
  {
    "name": "p_bv",
    "year": "2016",
    "value": 0.906818052773
  },
  {
    "name": "p_bv",
    "year": "2017",
    "value": 0.58121814767
  },
  {
    "name": "p_bv",
    "year": "2018",
    "value": 0.50381728466
  },
  {
    "name": "p_bv",
    "year": "2019",
    "value": 0.631073053481
  },
  {
    "name": "p_bv",
    "year": "2020",
    "value": 0.745758340267
  },
  {
    "name": "p_bv",
    "year": "2021",
    "value": 0.787364120497
  },
  {
    "name": "p_bv",
    "year": "2022",
    "value": 0.525558207859
  },
  {
    "name": "p_bv",
    "year": "2023",
    "value": 0.585099735049
  },
  {
    "name": "employees",
    "year": "2022",
    "value": 242.0
  },
  {
    "name": "employees",
    "year": "2023",
    "value": 251.0
  },
  {
    "name": "labour_productivity",
    "year": "2022",
    "value": 144.256198347
  },
  {
    "name": "labour_productivity",
    "year": "2023",
    "value": 112.50996015899999
  },
  {
    "name": "expenses_per_employee",
    "year": "2022",
    "value": 45454.545454499996
  },
  {
    "name": "expenses_per_employee",
    "year": "2023",
    "value": 72111.5537849
  },
  {
    "name": "capex_revenue",
    "year": "2016",
    "value": 0.0
  },
  {
    "name": "capex_revenue",
    "year": "2017",
    "value": 0.198994553833
  },
  {
    "name": "capex_revenue",
    "year": "2018",
    "value": 0.28852627191999997
  },
  {
    "name": "capex_revenue",
    "year": "2019",
    "value": 0.166822367543
  },
  {
    "name": "capex_revenue",
    "year": "2020",
    "value": 0.373666689313
  },
  {
    "name": "capex_revenue",
    "year": "2021",
    "value": 0.659250103008
  },
  {
    "name": "capex_revenue",
    "year": "2022",
    "value": 0.315095961043
  },
  {
    "name": "capex_revenue",
    "year": "2023",
    "value": 0.269121813031
  }
]