[{"name":"date","year":"2019","value":"01.04.2022"},{"name":"date","year":"2020","value":"01.04.2022"},{"name":"date","year":"2021","value":"01.04.2022"},{"name":"date","year":"2022","value":"03.04.2023"},{"name":"date","year":"2023","value":"04.04.2024"},{"name":"currency","year":"2019","value":"RUB"},{"name":"currency","year":"2020","value":"RUB"},{"name":"currency","year":"2021","value":"RUB"},{"name":"currency","year":"2022","value":"RUB"},{"name":"currency","year":"2023","value":"RUB"},{"name":"report_url","year":"2019","value":"https://sistema.ru/upload/iblock/25f/25f675f058f538506b2eb3a91142f0f5.pdf"},{"name":"report_url","year":"2020","value":"https://sistema.ru/upload/iblock/cb7/Bukh.otchetnost-po-RSBU-2020-_-Poyasneniya-i-Auditorskoe-zaklyuchenie.pdf"},{"name":"report_url","year":"2021","value":"file:///C:/Users/User/AppData/Local/Temp/Rar$DIa9940.38557/%D0%B1%D1%83%D1%85%20%D0%BE%D1%82%D1%87%D0%B5%D1%82%D0%BD%D0%BE%D1%81%D1%82%D1%8C%20%D0%90%D0%A4%D0%9A%202021%20%D0%BF%D0%BE%20%D0%A0%D0%A1%D0%91%D0%A3%20+%20%D0%90%D0%97%20+%20%D0%9F%D0%97.pdf"},{"name":"report_url","year":"2022","value":"https://www.e-disclosure.ru/portal/FileLoad.ashx?Fileid=1785947"},{"name":"report_url","year":"2023","value":"https://www.e-disclosure.ru/portal/FileLoad.ashx?Fileid=1830488"},{"name":"presentation_url","year":"2019","value":"http://www.sistema.ru/fileadmin/user_upload/results_disclosure/2019/presentation_4q19_rus.pdf"},{"name":"presentation_url","year":"2020","value":"https://sistema.ru/upload/iblock/302/Presentation_4Q20_RUS.pdf"},{"name":"presentation_url","year":"2021","value":"https://sistema.ru/upload/iblock/276/urltjjszpqidcr3ab3skqr9ojjjjasg7/Presentation-4Q21_RUS.pdf"},{"name":"presentation_url","year":"2022","value":"https://sistema.ru/upload/iblock/8b6/ly3a7ehc9ets0ck1zkefrcdn1350wl7u/Presentation-4Q_FY-2022-RUS.pdf"},{"name":"presentation_url","year":"2023","value":"https://sistema.ru/upload/iblock/1f7/l87pt1dubi3xo7bom3cc85zuuhyvix0l/Presentation-4Q-2023-RUS.pdf"},{"name":"revenue","year":"2019","value":"45.0"},{"name":"revenue","year":"2020","value":"29.4"},{"name":"revenue","year":"2021","value":"24.3"},{"name":"revenue","year":"2022","value":"34.9"},{"name":"revenue","year":"2023","value":"28.2"},{"name":"operating_income","year":"2019","value":"34.6"},{"name":"operating_income","year":"2020","value":"13.2"},{"name":"operating_income","year":"2021","value":"9.49"},{"name":"operating_income","year":"2022","value":"22.8"},{"name":"operating_income","year":"2023","value":"7.40"},{"name":"net_income","year":"2019","value":"79.1"},{"name":"net_income","year":"2020","value":"140.8"},{"name":"net_income","year":"2021","value":"-82.6"},{"name":"net_income","year":"2022","value":"-71.5"},{"name":"net_income","year":"2023","value":"50.0"},{"name":"ocf","year":"2019","value":"4.84"},{"name":"ocf","year":"2020","value":"-1.01"},{"name":"ocf","year":"2021","value":"-10.4"},{"name":"ocf","year":"2022","value":"-0.630"},{"name":"ocf","year":"2023","value":"-16.6"},{"name":"capex","year":"2019","value":"0.075"},{"name":"capex","year":"2020","value":"0.110"},{"name":"capex","year":"2021","value":"0.160"},{"name":"capex","year":"2022","value":"0.110"},{"name":"capex","year":"2023","value":"0.076"},{"name":"fcf","year":"2019","value":"4.77"},{"name":"fcf","year":"2020","value":"-1.12"},{"name":"fcf","year":"2021","value":"-10.6"},{"name":"fcf","year":"2022","value":"-0.740"},{"name":"fcf","year":"2023","value":"-16.5"},{"name":"dividend_payout","year":"2019","value":"1.25"},{"name":"dividend_payout","year":"2020","value":"2.99"},{"name":"dividend_payout","year":"2021","value":"0.000"},{"name":"dividend_payout","year":"2022","value":"3.86"},{"name":"dividend_payout","year":"2023","value":"5.02"},{"name":"dividend","year":"2019","value":"0.13"},{"name":"dividend","year":"2020","value":"0.31"},{"name":"dividend","year":"2021","value":"0"},{"name":"dividend","year":"2022","value":"0.41"},{"name":"dividend","year":"2023","value":"0.52"},{"name":"div_yield","year":"2019","value":"0.9%"},{"name":"div_yield","year":"2020","value":"1.1%"},{"name":"div_yield","year":"2021","value":"0.0%"},{"name":"div_yield","year":"2022","value":"3.5%"},{"name":"div_yield","year":"2023","value":"3.2%"},{"name":"div_payout_ratio","year":"2019","value":"2%"},{"name":"div_payout_ratio","year":"2020","value":"2%"},{"name":"div_payout_ratio","year":"2021","value":"0%"},{"name":"div_payout_ratio","year":"2022","value":"0%"},{"name":"div_payout_ratio","year":"2023","value":"10%"},{"name":"opex","year":"2019","value":"10.4"},{"name":"opex","year":"2020","value":"16.2"},{"name":"opex","year":"2021","value":"14.8"},{"name":"opex","year":"2022","value":"12.1"},{"name":"opex","year":"2023","value":"20.8"},{"name":"employment_expenses","year":"2019","value":"9.22"},{"name":"employment_expenses","year":"2020","value":"14.7"},{"name":"employment_expenses","year":"2021","value":"13.0"},{"name":"employment_expenses","year":"2022","value":"11.0"},{"name":"employment_expenses","year":"2023","value":"18.1"},{"name":"interest_expenses","year":"2019","value":"18.8"},{"name":"interest_expenses","year":"2020","value":"16.3"},{"name":"interest_expenses","year":"2021","value":"16.2"},{"name":"interest_expenses","year":"2022","value":"20.6"},{"name":"interest_expenses","year":"2023","value":"21.4"},{"name":"assets","year":"2019","value":"449.1"},{"name":"assets","year":"2020","value":"611.3"},{"name":"assets","year":"2021","value":"552.7"},{"name":"assets","year":"2022","value":"495.9"},{"name":"assets","year":"2023","value":"582.0"},{"name":"net_assets","year":"2019","value":"233.0"},{"name":"net_assets","year":"2020","value":"372.6"},{"name":"net_assets","year":"2021","value":"287.1"},{"name":"net_assets","year":"2022","value":"217.8"},{"name":"net_assets","year":"2023","value":"264.2"},{"name":"debt","year":"2019","value":"188.9"},{"name":"debt","year":"2020","value":"197.7"},{"name":"debt","year":"2021","value":"239.3"},{"name":"debt","year":"2022","value":"261.8"},{"name":"debt","year":"2023","value":"280.7"},{"name":"cash","year":"2019","value":"2.77"},{"name":"cash","year":"2020","value":"3.24"},{"name":"cash","year":"2021","value":"14.1"},{"name":"cash","year":"2022","value":"4.00"},{"name":"cash","year":"2023","value":"1.75"},{"name":"net_debt","year":"2019","value":"186.1"},{"name":"net_debt","year":"2020","value":"194.4"},{"name":"net_debt","year":"2021","value":"225.2"},{"name":"net_debt","year":"2022","value":"257.8"},{"name":"net_debt","year":"2023","value":"279.0"},{"name":"common_share","year":"2019","value":"15.2"},{"name":"common_share","year":"2020","value":"28.8"},{"name":"common_share","year":"2021","value":"23.4"},{"name":"common_share","year":"2022","value":"11.9"},{"name":"common_share","year":"2023","value":"16.0"},{"name":"number_of_shares","year":"2019","value":"9 650"},{"name":"number_of_shares","year":"2020","value":"9 650"},{"name":"number_of_shares","year":"2021","value":"9 650"},{"name":"number_of_shares","year":"2022","value":"9 650"},{"name":"number_of_shares","year":"2023","value":"9 650"},{"name":"free_float","year":"2019","value":"31.5%"},{"name":"free_float","year":"2020","value":"31.9%"},{"name":"free_float","year":"2021","value":""},{"name":"free_float","year":"2022","value":""},{"name":"free_float","year":"2023","value":"32.6%"},{"name":"market_cap","year":"2019","value":"147.0"},{"name":"market_cap","year":"2020","value":"277.9"},{"name":"market_cap","year":"2021","value":"226.1"},{"name":"market_cap","year":"2022","value":"114.5"},{"name":"market_cap","year":"2023","value":"154.6"},{"name":"ev","year":"2019","value":"333.1"},{"name":"ev","year":"2020","value":"472.3"},{"name":"ev","year":"2021","value":"451.3"},{"name":"ev","year":"2022","value":"372.3"},{"name":"ev","year":"2023","value":"433.5"},{"name":"book_value","year":"2019","value":"233.0"},{"name":"book_value","year":"2020","value":"372.6"},{"name":"book_value","year":"2021","value":"287.1"},{"name":"book_value","year":"2022","value":"217.8"},{"name":"book_value","year":"2023","value":"264.2"},{"name":"eps","year":"2019","value":"8.20"},{"name":"eps","year":"2020","value":"14.6"},{"name":"eps","year":"2021","value":"-8.56"},{"name":"eps","year":"2022","value":"-7.40"},{"name":"eps","year":"2023","value":"5.18"},{"name":"fcf_share","year":"2019","value":"0.49"},{"name":"fcf_share","year":"2020","value":"-0.12"},{"name":"fcf_share","year":"2021","value":"-1.10"},{"name":"fcf_share","year":"2022","value":"-0.08"},{"name":"fcf_share","year":"2023","value":"-1.71"},{"name":"bv_share","year":"2019","value":"24.1"},{"name":"bv_share","year":"2020","value":"38.6"},{"name":"bv_share","year":"2021","value":"29.8"},{"name":"bv_share","year":"2022","value":"22.6"},{"name":"bv_share","year":"2023","value":"27.4"},{"name":"ebitda_margin","year":"2019","value":"0.0%"},{"name":"ebitda_margin","year":"2020","value":"0.0%"},{"name":"ebitda_margin","year":"2021","value":"0.0%"},{"name":"ebitda_margin","year":"2022","value":"0.0%"},{"name":"ebitda_margin","year":"2023","value":"0.0%"},{"name":"net_margin","year":"2019","value":"175.9%"},{"name":"net_margin","year":"2020","value":"478.4%"},{"name":"net_margin","year":"2021","value":"-340.2%"},{"name":"net_margin","year":"2022","value":"-204.7%"},{"name":"net_margin","year":"2023","value":"177.1%"},{"name":"fcf_yield","year":"2019","value":"3.2%"},{"name":"fcf_yield","year":"2020","value":"-0.4%"},{"name":"fcf_yield","year":"2021","value":"-4.7%"},{"name":"fcf_yield","year":"2022","value":"-0.6%"},{"name":"fcf_yield","year":"2023","value":"-10.7%"},{"name":"roe","year":"2019","value":"33.9%"},{"name":"roe","year":"2020","value":"37.8%"},{"name":"roe","year":"2021","value":"-28.8%"},{"name":"roe","year":"2022","value":"-32.8%"},{"name":"roe","year":"2023","value":"18.9%"},{"name":"roa","year":"2019","value":"17.6%"},{"name":"roa","year":"2020","value":"23.0%"},{"name":"roa","year":"2021","value":"-14.9%"},{"name":"roa","year":"2022","value":"-14.4%"},{"name":"roa","year":"2023","value":"8.6%"},{"name":"p_e","year":"2019","value":"1.86"},{"name":"p_e","year":"2020","value":"1.97"},{"name":"p_e","year":"2021","value":"-2.74"},{"name":"p_e","year":"2022","value":"-1.60"},{"name":"p_e","year":"2023","value":"3.09"},{"name":"p_fcf","year":"2019","value":"30.9"},{"name":"p_fcf","year":"2020","value":"-248.1"},{"name":"p_fcf","year":"2021","value":"-21.4"},{"name":"p_fcf","year":"2022","value":"-154.7"},{"name":"p_fcf","year":"2023","value":"-9.37"},{"name":"p_s","year":"2019","value":"3.27"},{"name":"p_s","year":"2020","value":"9.44"},{"name":"p_s","year":"2021","value":"9.31"},{"name":"p_s","year":"2022","value":"3.28"},{"name":"p_s","year":"2023","value":"5.47"},{"name":"p_bv","year":"2019","value":"0.63"},{"name":"p_bv","year":"2020","value":"0.75"},{"name":"p_bv","year":"2021","value":"0.79"},{"name":"p_bv","year":"2022","value":"0.53"},{"name":"p_bv","year":"2023","value":"0.59"},{"name":"employees","year":"2019","value":""},{"name":"employees","year":"2020","value":""},{"name":"employees","year":"2021","value":""},{"name":"employees","year":"2022","value":"242"},{"name":"employees","year":"2023","value":"251"},{"name":"labour_productivity","year":"2019","value":""},{"name":"labour_productivity","year":"2020","value":""},{"name":"labour_productivity","year":"2021","value":""},{"name":"labour_productivity","year":"2022","value":"144.3"},{"name":"labour_productivity","year":"2023","value":"112.5"},{"name":"expenses_per_employee","year":"2019","value":""},{"name":"expenses_per_employee","year":"2020","value":""},{"name":"expenses_per_employee","year":"2021","value":""},{"name":"expenses_per_employee","year":"2022","value":"45 455"},{"name":"expenses_per_employee","year":"2023","value":"72 112"},{"name":"r_and_d_capex","year":"2019","value":"0.00%"},{"name":"r_and_d_capex","year":"2020","value":"0.00%"},{"name":"r_and_d_capex","year":"2021","value":"0.00%"},{"name":"r_and_d_capex","year":"2022","value":"0.00%"},{"name":"r_and_d_capex","year":"2023","value":"0.00%"},{"name":"capex_revenue","year":"2019","value":"0%"},{"name":"capex_revenue","year":"2020","value":"0%"},{"name":"capex_revenue","year":"2021","value":"1%"},{"name":"capex_revenue","year":"2022","value":"0%"},{"name":"capex_revenue","year":"2023","value":"0%"}]