[{"name":"Выручка","year":"2023","value":"281027001000"},{"name":"Выручка","year":"2022","value":"240230251000"},{"name":"Выручка","year":"2021","value":"222932439000"},{"name":"Выручка","year":"2020","value":"158971035000"},{"name":"Выручка","year":"2019","value":"138172424000"},{"name":"Валовая прибыль","year":"2023","value":"76056536000"},{"name":"Валовая прибыль","year":"2022","value":"47251770000"},{"name":"Валовая прибыль","year":"2021","value":"57093462000"},{"name":"Валовая прибыль","year":"2020","value":"43739376000"},{"name":"Валовая прибыль","year":"2019","value":"23582166000"},{"name":"EBITDA","year":"2023","value":"56560000000"},{"name":"EBITDA","year":"2022","value":"45015000000"},{"name":"EBITDA","year":"2021","value":"48060000000"},{"name":"EBITDA","year":"2020","value":"31984000000"},{"name":"EBITDA","year":"2019","value":"20045000000"},{"name":"EBIT","year":"2023","value":"53718493000"},{"name":"EBIT","year":"2022","value":"6872872000"},{"name":"EBIT","year":"2021","value":"41844099000"},{"name":"EBIT","year":"2020","value":"21963677000"},{"name":"EBIT","year":"2019","value":"8620658000"},{"name":"Процентные доходы","year":"2023","value":"10322249000"},{"name":"Процентные доходы","year":"2022","value":"9397651000"},{"name":"Процентные доходы","year":"2021","value":"8610888000"},{"name":"Процентные доходы","year":"2020","value":"7164816000"},{"name":"Процентные доходы","year":"2019","value":"7304845000"},{"name":"Процентные расходы","year":"2023","value":"7172633000"},{"name":"Процентные расходы","year":"2022","value":"7865190000"},{"name":"Процентные расходы","year":"2021","value":"5498991000"},{"name":"Процентные расходы","year":"2020","value":"4804995000"},{"name":"Процентные расходы","year":"2019","value":"5481240000"},{"name":"Чистые процентные доходы/расходы","year":"2023","value":"3149616000"},{"name":"Чистые процентные доходы/расходы","year":"2022","value":"1532461000"},{"name":"Чистые процентные доходы/расходы","year":"2021","value":"3111897000"},{"name":"Чистые процентные доходы/расходы","year":"2020","value":"2359821000"},{"name":"Чистые процентные доходы/расходы","year":"2019","value":"1823605000"},{"name":"Операционный доход","year":"2023","value":"47928303000"},{"name":"Операционный доход","year":"2022","value":"19059782000"},{"name":"Операционный доход","year":"2021","value":"42551085000"},{"name":"Операционный доход","year":"2020","value":"23823505000"},{"name":"Операционный доход","year":"2019","value":"8979068000"},{"name":"Расходы на персонал","year":"2023","value":"31523050000"},{"name":"Расходы на персонал","year":"2022","value":"25923073000"},{"name":"Расходы на персонал","year":"2021","value":"21451035000"},{"name":"Расходы на персонал","year":"2020","value":"17138290000"},{"name":"Расходы на персонал","year":"2019","value":"16529784000"},{"name":"Прибыль до налогов","year":"2023","value":"56868109000"},{"name":"Прибыль до налогов","year":"2022","value":"8405333000"},{"name":"Прибыль до налогов","year":"2021","value":"44955996000"},{"name":"Прибыль до налогов","year":"2020","value":"24323498000"},{"name":"Прибыль до налогов","year":"2019","value":"10444263000"},{"name":"Чистая прибыль","year":"2023","value":"48706449000"},{"name":"Чистая прибыль","year":"2022","value":"6786540000"},{"name":"Чистая прибыль","year":"2021","value":"41433852000"},{"name":"Чистая прибыль","year":"2020","value":"24296727000"},{"name":"Чистая прибыль","year":"2019","value":"9708509000"},{"name":"Капитал на акционеров","year":"2023","value":"201194010000"},{"name":"Капитал на акционеров","year":"2022","value":"154692843000"},{"name":"Капитал на акционеров","year":"2021","value":"147929625000"},{"name":"Капитал на акционеров","year":"2020","value":"126034356000"},{"name":"Капитал на акционеров","year":"2019","value":"106760675000"},{"name":"Активы","year":"2023","value":"410966485000"},{"name":"Активы","year":"2022","value":"432826689000"},{"name":"Активы","year":"2021","value":"362321052000"},{"name":"Активы","year":"2020","value":"276148587000"},{"name":"Активы","year":"2019","value":"239494893000"},{"name":"CA Оборотные активы","year":"2023","value":"199377341000"},{"name":"CA Оборотные активы","year":"2022","value":"242367785000"},{"name":"CA Оборотные активы","year":"2021","value":"172799371000"},{"name":"CA Оборотные активы","year":"2020","value":"119201673000"},{"name":"CA Оборотные активы","year":"2019","value":"90675889000"},{"name":"Денежные средства и их эквиваленты","year":"2023","value":"25936781000"},{"name":"Денежные средства и их эквиваленты","year":"2022","value":"21473030000"},{"name":"Денежные средства и их эквиваленты","year":"2021","value":"46462179000"},{"name":"Денежные средства и их эквиваленты","year":"2020","value":"11866798000"},{"name":"Денежные средства и их эквиваленты","year":"2019","value":"2170779000"},{"name":"Обязательства","year":"2023","value":"193909119000"},{"name":"Обязательства","year":"2022","value":"278165074000"},{"name":"Обязательства","year":"2021","value":"214445857000"},{"name":"Обязательства","year":"2020","value":"150114189000"},{"name":"Обязательства","year":"2019","value":"132668325000"},{"name":"Собственный капитал","year":"2023","value":"217057366000"},{"name":"Собственный капитал","year":"2022","value":"154661615000"},{"name":"Собственный капитал","year":"2021","value":"147875195000"},{"name":"Собственный капитал","year":"2020","value":"126034398000"},{"name":"Собственный капитал","year":"2019","value":"106826568000"},{"name":"Капитал на акционеров","year":"2023","value":"46501167000"},{"name":"Капитал на акционеров","year":"2022","value":"6763338000"},{"name":"Капитал на акционеров","year":"2021","value":"41477865000"},{"name":"Капитал на акционеров","year":"2020","value":"24359786000"},{"name":"Капитал на акционеров","year":"2019","value":"9808204000"},{"name":"Внеоборотные активы","year":"2023","value":"211589144000"},{"name":"Внеоборотные активы","year":"2022","value":"190458904000"},{"name":"Внеоборотные активы","year":"2021","value":"189521681000"},{"name":"Внеоборотные активы","year":"2020","value":"156946914000"},{"name":"Внеоборотные активы","year":"2019","value":"148819004000"},{"name":"Собственный капитал","year":"2023","value":"2039.4604"},{"name":"Собственный капитал","year":"2022","value":"1226.196"},{"name":"Собственный капитал","year":"2021","value":"2147.2754"},{"name":"Собственный капитал","year":"2020","value":"1545.32"},{"name":"Собственный капитал","year":"2019","value":"1422.8492"},{"name":"CFO операционные денежные потоки","year":"2023","value":"53329983000"},{"name":"CFO операционные денежные потоки","year":"2022","value":"4423064000"},{"name":"CFO операционные денежные потоки","year":"2021","value":"30732951000"},{"name":"CFO операционные денежные потоки","year":"2020","value":"12117016000"},{"name":"CFO операционные денежные потоки","year":"2019","value":"21165065000"},{"name":"FCF на акцию","year":"2023","value":"34482205000"},{"name":"FCF на акцию","year":"2022","value":"-8221495000"},{"name":"FCF на акцию","year":"2021","value":"-12338715000"},{"name":"FCF на акцию","year":"2020","value":"-707087000"},{"name":"FCF на акцию","year":"2019","value":"5847254000"},{"name":"Инвестиционный денежный поток","year":"2023","value":"89109532000"},{"name":"Инвестиционный денежный поток","year":"2022","value":"-71336394000"},{"name":"Инвестиционный денежный поток","year":"2021","value":"-41275840000"},{"name":"Инвестиционный денежный поток","year":"2020","value":"-13493658000"},{"name":"Инвестиционный денежный поток","year":"2019","value":"-24323505000"},{"name":"CFF Денежный поток от финансовой деятельности","year":"2023","value":"-143666814000"},{"name":"CFF Денежный поток от финансовой деятельности","year":"2022","value":"52797432000"},{"name":"CFF Денежный поток от финансовой деятельности","year":"2021","value":"45386754000"},{"name":"CFF Денежный поток от финансовой деятельности","year":"2020","value":"10892275000"},{"name":"CFF Денежный поток от финансовой деятельности","year":"2019","value":"3673256000"},{"name":"CB Текущие кредиты","year":"2023","value":"68034977000"},{"name":"CB Текущие кредиты","year":"2022","value":"172351514000"},{"name":"CB Текущие кредиты","year":"2021","value":"108748840000"},{"name":"CB Текущие кредиты","year":"2020","value":"51753475000"},{"name":"CB Текущие кредиты","year":"2019","value":"31834699000"},{"name":"Общий долг","year":"2023","value":"66476000000"},{"name":"Общий долг","year":"2022","value":"99723000000"},{"name":"Общий долг","year":"2021","value":"73409000000"},{"name":"Общий долг","year":"2020","value":"68900000000"},{"name":"Общий долг","year":"2019","value":"61740000000"},{"name":"Текущие обязательства","year":"2023","value":"114723579000"},{"name":"Текущие обязательства","year":"2022","value":"198602821000"},{"name":"Текущие обязательства","year":"2021","value":"133734044000"},{"name":"Текущие обязательства","year":"2020","value":"73059013000"},{"name":"Текущие обязательства","year":"2019","value":"53835984000"},{"name":"CL Текущая аренда","year":"2023","value":"1098135000"},{"name":"CL Текущая аренда","year":"2022","value":"863452000"},{"name":"CL Текущая аренда","year":"2021","value":"1130831000"},{"name":"CL Текущая аренда","year":"2020","value":"943859000"},{"name":"CL Текущая аренда","year":"2019","value":"916791000"},{"name":"Долгосрочная аренда","year":"2023","value":"4325136000"},{"name":"Долгосрочная аренда","year":"2022","value":"5086897000"},{"name":"Долгосрочная аренда","year":"2021","value":"5535014000"},{"name":"Долгосрочная аренда","year":"2020","value":"4855508000"},{"name":"Долгосрочные кредиты","year":"2023","value":"59498119000"},{"name":"Долгосрочные кредиты","year":"2022","value":"61038393000"},{"name":"Долгосрочные кредиты","year":"2021","value":"63975025000"},{"name":"Долгосрочные кредиты","year":"2020","value":"63175720000"},{"name":"Долгосрочные кредиты","year":"2019","value":"66040784000"},{"name":"Долгосрочные обязательства","year":"2023","value":"79185540000"},{"name":"Долгосрочные обязательства","year":"2022","value":"79562253000"},{"name":"Долгосрочные обязательства","year":"2021","value":"80711813000"},{"name":"Долгосрочные обязательства","year":"2020","value":"77055176000"},{"name":"Долгосрочные обязательства","year":"2019","value":"78832341000"},{"name":"Чистый долг","year":"2023","value":"127533096000"},{"name":"Чистый долг","year":"2022","value":"233389907000"},{"name":"Чистый долг","year":"2021","value":"172723865000"},{"name":"Чистый долг","year":"2020","value":"114929195000"},{"name":"Чистый долг","year":"2019","value":"97875483000"},{"name":"Общие расходы","year":"2023","value":"28128233000"},{"name":"Общие расходы","year":"2022","value":"28191988000"},{"name":"Общие расходы","year":"2021","value":"14542377000"},{"name":"Общие расходы","year":"2020","value":"19915871000"},{"name":"Общие расходы","year":"2019","value":"14603098000"}]