[{"name":"date","year":"2023Q1","value":"04.05.2023"},{"name":"date","year":"2023Q2","value":"07.08.2023"},{"name":"date","year":"2023Q3","value":"20.11.2023"},{"name":"date","year":"2023Q4","value":"03.04.2024"},{"name":"date","year":"2024Q1","value":"06.05.2024"},{"name":"currency","year":"2023Q1","value":"RUB"},{"name":"currency","year":"2023Q2","value":"RUB"},{"name":"currency","year":"2023Q3","value":"RUB"},{"name":"currency","year":"2023Q4","value":"RUB"},{"name":"currency","year":"2024Q1","value":"RUB"},{"name":"report_url","year":"2023Q1","value":"https://www.e-disclosure.ru/portal/FileLoad.ashx?Fileid=1791929"},{"name":"report_url","year":"2023Q2","value":"https://www.e-disclosure.ru/portal/FileLoad.ashx?Fileid=1806714"},{"name":"report_url","year":"2023Q3","value":"https://www.e-disclosure.ru/portal/FileLoad.ashx?Fileid=1815851"},{"name":"report_url","year":"2023Q4","value":"https://www.e-disclosure.ru/portal/FileLoad.ashx?Fileid=1829982"},{"name":"report_url","year":"2024Q1","value":"https://www.e-disclosure.ru/portal/FileLoad.ashx?Fileid=1836030"},{"name":"presentation_url","year":"2023Q1","value":""},{"name":"presentation_url","year":"2023Q2","value":"https://smarttechgroup.pro/documents/investoram/finansovyye-i-operatsionnyye-pokazateli-ooo-mfk-karmani-po-rsbu1p2023g-07.08.2023-072925.pdf"},{"name":"presentation_url","year":"2023Q3","value":""},{"name":"presentation_url","year":"2023Q4","value":"https://smarttechgroup.pro/documents/investoram/finansovyye-pokazateli-pao-stg-po-msfo-za-2023g-03.04.2024-055928.pdf"},{"name":"presentation_url","year":"2024Q1","value":""},{"name":"net_income","year":"2023Q1","value":"0.186"},{"name":"net_income","year":"2023Q2","value":"0.126"},{"name":"net_income","year":"2023Q3","value":"0.146"},{"name":"net_income","year":"2023Q4","value":"0.190"},{"name":"net_income","year":"2024Q1","value":"0.108"},{"name":"div_yield","year":"2023Q1","value":"0.0%"},{"name":"div_yield","year":"2023Q2","value":"0.0%"},{"name":"div_yield","year":"2023Q3","value":"0.0%"},{"name":"div_yield","year":"2023Q4","value":"0.0%"},{"name":"div_yield","year":"2024Q1","value":"0.0%"},{"name":"div_payout_ratio","year":"2023Q1","value":"0%"},{"name":"div_payout_ratio","year":"2023Q2","value":"0%"},{"name":"div_payout_ratio","year":"2023Q3","value":"0%"},{"name":"div_payout_ratio","year":"2023Q4","value":"0%"},{"name":"div_payout_ratio","year":"2024Q1","value":"0%"},{"name":"net_debt","year":"2023Q1","value":"0.00"},{"name":"net_debt","year":"2023Q2","value":"0.00"},{"name":"net_debt","year":"2023Q3","value":"0.00"},{"name":"net_debt","year":"2023Q4","value":"0.00"},{"name":"net_debt","year":"2024Q1","value":"0.00"},{"name":"bank_assets","year":"2023Q1","value":""},{"name":"bank_assets","year":"2023Q2","value":"5.87"},{"name":"bank_assets","year":"2023Q3","value":"6.16"},{"name":"bank_assets","year":"2023Q4","value":"6.51"},{"name":"bank_assets","year":"2024Q1","value":"6.52"},{"name":"capital","year":"2023Q1","value":""},{"name":"capital","year":"2023Q2","value":"2.61"},{"name":"capital","year":"2023Q3","value":"3.50"},{"name":"capital","year":"2023Q4","value":"3.69"},{"name":"capital","year":"2024Q1","value":"3.80"},{"name":"loan_portfolio","year":"2023Q1","value":""},{"name":"loan_portfolio","year":"2023Q2","value":"4.92"},{"name":"loan_portfolio","year":"2023Q3","value":"5.11"},{"name":"loan_portfolio","year":"2023Q4","value":"5.32"},{"name":"loan_portfolio","year":"2024Q1","value":"5.37"},{"name":"common_share","year":"2023Q1","value":"3.00"},{"name":"common_share","year":"2023Q2","value":"3.00"},{"name":"common_share","year":"2023Q3","value":"2.64"},{"name":"common_share","year":"2023Q4","value":"2.26"},{"name":"common_share","year":"2024Q1","value":"2.59"},{"name":"number_of_shares","year":"2023Q1","value":"1 898"},{"name":"number_of_shares","year":"2023Q2","value":"1 898"},{"name":"number_of_shares","year":"2023Q3","value":"1 898"},{"name":"number_of_shares","year":"2023Q4","value":"1 898"},{"name":"number_of_shares","year":"2024Q1","value":"1 898"},{"name":"market_cap","year":"2023Q1","value":"5.69"},{"name":"market_cap","year":"2023Q2","value":"5.69"},{"name":"market_cap","year":"2023Q3","value":"5.01"},{"name":"market_cap","year":"2023Q4","value":"4.29"},{"name":"market_cap","year":"2024Q1","value":"4.92"},{"name":"ev","year":"2023Q1","value":"5.69"},{"name":"ev","year":"2023Q2","value":"5.69"},{"name":"ev","year":"2023Q3","value":"5.01"},{"name":"ev","year":"2023Q4","value":"4.29"},{"name":"ev","year":"2024Q1","value":"4.92"},{"name":"eps","year":"2023Q1","value":"0.10"},{"name":"eps","year":"2023Q2","value":"0.07"},{"name":"eps","year":"2023Q3","value":"0.08"},{"name":"eps","year":"2023Q4","value":"0.10"},{"name":"eps","year":"2024Q1","value":"0.06"},{"name":"fcf_yield","year":"2023Q1","value":"0.0%"},{"name":"fcf_yield","year":"2023Q2","value":"0.0%"},{"name":"fcf_yield","year":"2023Q3","value":"0.0%"},{"name":"fcf_yield","year":"2023Q4","value":"0.0%"},{"name":"fcf_yield","year":"2024Q1","value":"0.0%"},{"name":"roe","year":"2023Q1","value":""},{"name":"roe","year":"2023Q2","value":"26.4%"},{"name":"roe","year":"2023Q3","value":""},{"name":"roe","year":"2023Q4","value":""},{"name":"roe","year":"2024Q1","value":""},{"name":"roa","year":"2023Q1","value":""},{"name":"roa","year":"2023Q2","value":"11.2%"},{"name":"roa","year":"2023Q3","value":""},{"name":"roa","year":"2023Q4","value":""},{"name":"roa","year":"2024Q1","value":""},{"name":"p_e","year":"2023Q1","value":"14.4"},{"name":"p_e","year":"2023Q2","value":"14.1"},{"name":"p_e","year":"2023Q3","value":"10.9"},{"name":"p_e","year":"2023Q4","value":"6.63"},{"name":"p_e","year":"2024Q1","value":"8.63"},{"name":"p_b","year":"2023Q1","value":""},{"name":"p_b","year":"2023Q2","value":"2.18"},{"name":"p_b","year":"2023Q3","value":"1.43"},{"name":"p_b","year":"2023Q4","value":"1.16"},{"name":"p_b","year":"2024Q1","value":"1.29"},{"name":"employees","year":"2023Q1","value":""},{"name":"employees","year":"2023Q2","value":""},{"name":"employees","year":"2023Q3","value":""},{"name":"employees","year":"2023Q4","value":"303"},{"name":"employees","year":"2024Q1","value":""},{"name":"expenses_per_employee","year":"2023Q1","value":""},{"name":"expenses_per_employee","year":"2023Q2","value":""},{"name":"expenses_per_employee","year":"2023Q3","value":""},{"name":"expenses_per_employee","year":"2023Q4","value":"0.00"},{"name":"expenses_per_employee","year":"2024Q1","value":""},{"name":"irr","year":"2023Q1","value":""},{"name":"irr","year":"2023Q2","value":""},{"name":"irr","year":"2023Q3","value":""},{"name":"irr","year":"2023Q4","value":"5.0"},{"name":"irr","year":"2024Q1","value":"5.0"},{"name":"ir_fs_quality","year":"2023Q1","value":""},{"name":"ir_fs_quality","year":"2023Q2","value":""},{"name":"ir_fs_quality","year":"2023Q3","value":""},{"name":"ir_fs_quality","year":"2023Q4","value":"5"},{"name":"ir_fs_quality","year":"2024Q1","value":"5"},{"name":"ir_investor_presentations","year":"2023Q1","value":""},{"name":"ir_investor_presentations","year":"2023Q2","value":""},{"name":"ir_investor_presentations","year":"2023Q3","value":""},{"name":"ir_investor_presentations","year":"2023Q4","value":"5"},{"name":"ir_investor_presentations","year":"2024Q1","value":"5"},{"name":"ir_annual_report","year":"2023Q1","value":""},{"name":"ir_annual_report","year":"2023Q2","value":""},{"name":"ir_annual_report","year":"2023Q3","value":""},{"name":"ir_annual_report","year":"2023Q4","value":"5"},{"name":"ir_annual_report","year":"2024Q1","value":"5"},{"name":"ir_investor_site","year":"2023Q1","value":""},{"name":"ir_investor_site","year":"2023Q2","value":""},{"name":"ir_investor_site","year":"2023Q3","value":""},{"name":"ir_investor_site","year":"2023Q4","value":"5"},{"name":"ir_investor_site","year":"2024Q1","value":"5"},{"name":"ir_investor_calendar","year":"2023Q1","value":""},{"name":"ir_investor_calendar","year":"2023Q2","value":""},{"name":"ir_investor_calendar","year":"2023Q3","value":""},{"name":"ir_investor_calendar","year":"2023Q4","value":"5"},{"name":"ir_investor_calendar","year":"2024Q1","value":"5"},{"name":"ir_feedback","year":"2023Q1","value":""},{"name":"ir_feedback","year":"2023Q2","value":""},{"name":"ir_feedback","year":"2023Q3","value":""},{"name":"ir_feedback","year":"2023Q4","value":"5"},{"name":"ir_feedback","year":"2024Q1","value":"5"}]