{"date":"Дата отчета","currency":"Валюта отчета","report_url":"Финансовый отчет","presentation_url":"Презентация","net_income":"Чистая прибыль, млрд руб","div_yield":"Див доход, ао, %","div_payout_ratio":"Дивиденды/прибыль, %","net_debt":"Чистый долг, млрд руб","bank_assets":"Активы банка, млрд руб","capital":"Капитал, млрд руб","loan_portfolio":"Кредитный портфель, млрд руб","common_share":"Цена акции ао, руб","number_of_shares":"Число акций ао, млн","market_cap":"Капитализация, млрд руб","ev":"EV, млрд руб","eps":"EPS, руб","fcf_yield":"Доходность FCF, %","roe":"ROE, %","roa":"ROA, %","p_e":"P/E","p_b":"P/B","employees":"Персонал, чел","expenses_per_employee":"Расходы/чел/год, тыс.р","irr":"IR рейтинг","ir_fs_quality":"Качество фин.отчетности","ir_investor_presentations":"Презентации для инвесторов","ir_annual_report":"Годовой отчет","ir_investor_site":"Сайт для инвесторов","ir_investor_calendar":"Календарь инвесторов","ir_feedback":"Обратная связь"}