[{"name":"EV/S","year":"2023","value":"2.75"},{"name":"EV/S","year":"2022","value":"1.32"},{"name":"EV/S","year":"2021","value":"0.34"},{"name":"EV/S","year":"2020","value":"1.16"},{"name":"EV/EBITDA","year":"2023","value":"6.13"},{"name":"EV/EBITDA","year":"2022","value":"1.53"},{"name":"EV/EBITDA","year":"2021","value":"2.56"},{"name":"EV/EBITDA","year":"2020","value":"8.73"},{"name":"EV/EBIT","year":"2023","value":"6.25"},{"name":"EV/EBIT","year":"2022","value":"1.57"},{"name":"EV/EBIT","year":"2021","value":"2.65"},{"name":"EV/EBIT","year":"2020","value":"9.4"},{"name":"Коэффициент долга","year":"2023","value":"0.85"},{"name":"Коэффициент долга","year":"2022","value":"0.8"},{"name":"Коэффициент долга","year":"2021","value":"0.75"},{"name":"Коэффициент долга","year":"2020","value":"0.81"},{"name":"D/E","year":"2023","value":"5.69"},{"name":"D/E","year":"2022","value":"3.98"},{"name":"D/E","year":"2021","value":"3"},{"name":"D/E","year":"2020","value":"4.2"},{"name":"CAPEX/Выручка","year":"2023","value":"0.8"},{"name":"CAPEX/Выручка","year":"2022","value":"3.26"},{"name":"CAPEX/Выручка","year":"2021","value":"0.9"},{"name":"CAPEX/Выручка","year":"2020","value":"0.47"},{"name":"NetDebt/EBITDA","year":"2023","value":"5.75"},{"name":"NetDebt/EBITDA","year":"2022","value":"1.53"},{"name":"NetDebt/EBITDA","year":"2021","value":"2.56"},{"name":"NetDebt/EBITDA","year":"2020","value":"8.73"},{"name":"Долг/EBITDA","year":"2023","value":"7.15"},{"name":"Долг/EBITDA","year":"2022","value":"2.96"},{"name":"Долг/EBITDA","year":"2021","value":"2.64"},{"name":"Долг/EBITDA","year":"2020","value":"9.79"},{"name":"ROE","year":"2023","value":"35.63"},{"name":"ROE","year":"2022","value":"31.93"},{"name":"ROE","year":"2021","value":"14.51"},{"name":"ROE","year":"2020","value":"7.47"},{"name":"ROA","year":"2023","value":"5.33"},{"name":"ROA","year":"2022","value":"6.42"},{"name":"ROA","year":"2021","value":"3.63"},{"name":"ROA","year":"2020","value":"1.44"},{"name":"Return on Sales","year":"2023","value":"44.01"},{"name":"Return on Sales","year":"2022","value":"83.88"},{"name":"Return on Sales","year":"2021","value":"12.76"},{"name":"Return on Sales","year":"2020","value":"12.37"},{"name":"ROIC","year":"2023","value":"20.78"},{"name":"ROIC","year":"2022","value":"15.27"},{"name":"ROIC","year":"2021","value":"10.78"},{"name":"ROIC","year":"2020","value":"7.93"},{"name":"ROCE","year":"2023","value":"23.82"},{"name":"ROCE","year":"2022","value":"19.78"},{"name":"ROCE","year":"2021","value":"21.41"},{"name":"ROCE","year":"2020","value":"10.64"},{"name":"Net Margin","year":"2023","value":"26.98"},{"name":"Net Margin","year":"2022","value":"47.6"},{"name":"Net Margin","year":"2021","value":"3.96"},{"name":"Net Margin","year":"2020","value":"3.39"},{"name":"Операционная маржа","year":"2023","value":"44.01"},{"name":"Операционная маржа","year":"2022","value":"83.88"},{"name":"Операционная маржа","year":"2021","value":"12.76"},{"name":"Операционная маржа","year":"2020","value":"12.37"},{"name":"EBITDA рентабельность","year":"2023","value":"44.88"},{"name":"EBITDA рентабельность","year":"2022","value":"86.4"},{"name":"EBITDA рентабельность","year":"2021","value":"13.21"},{"name":"EBITDA рентабельность","year":"2020","value":"13.32"},{"name":"Тек. ливкидность","year":"2023","value":"1.48"},{"name":"Тек. ливкидность","year":"2022","value":"1.88"},{"name":"Тек. ливкидность","year":"2021","value":"1.86"},{"name":"Тек. ливкидность","year":"2020","value":"1.94"},{"name":"Валовая маржа","year":"2023","value":"43.96"},{"name":"Валовая маржа","year":"2022","value":"61.91"},{"name":"Валовая маржа","year":"2021","value":"31.84"},{"name":"Валовая маржа","year":"2020","value":"25.9"}]