[{"name":"date","year":"2019","value":"10.03.2020"},{"name":"date","year":"2020","value":"15.03.2021"},{"name":"date","year":"2021","value":"28.02.2022"},{"name":"date","year":"2022","value":"06.03.2023"},{"name":"date","year":"2023","value":"04.03.2024"},{"name":"date","year":"LTM\n?","value":"06.08.2024"},{"name":"currency","year":"2019","value":"RUB"},{"name":"currency","year":"2020","value":"RUB"},{"name":"currency","year":"2021","value":"RUB"},{"name":"currency","year":"2022","value":"RUB"},{"name":"currency","year":"2023","value":"RUB"},{"name":"currency","year":"LTM\n?","value":"RUB"},{"name":"report_url","year":"2019","value":"https://www.rusagrogroup.ru/fileadmin/files/reports/en/pdf/Press_release_4Q_2019_v4.pdf"},{"name":"report_url","year":"2020","value":"https://www.rusagrogroup.ru/fileadmin/files/financial_statements/v1_4Q20_RUS_Press_release.pdf"},{"name":"report_url","year":"2021","value":"https://www.rusagrogroup.ru/fileadmin/files/financial_statements/2021RUS_Ros_Agro_PLC_consolidated_with_Audit_report.pdf"},{"name":"report_url","year":"2022","value":"https://www.rusagrogroup.ru/fileadmin/files/financial_statements/2022_RU_Ros_Agro_PLC_Consolidation_FS.pdf"},{"name":"report_url","year":"2023","value":"https://www.rusagrogroup.ru/fileadmin/files/financial_statements/Ros_Agro_PLC_Consolidation_FS_2023_RUS_FRC.pdf"},{"name":"report_url","year":"LTM\n?","value":"https://www.rusagrogroup.ru/fileadmin/files/reports/ru/pdf/2Q24_RUS_PressRelease_RA_v1.pdf"},{"name":"year_report_url","year":"2019","value":"https://www.rusagrogroup.ru/fileadmin/files/reports/en/pdf/AR19_EN_Rusagro_1803.pdf"},{"name":"year_report_url","year":"2020","value":"https://www.rusagrogroup.ru/fileadmin/files/financial_statements/1503_AR2020_RusAgro.pdf"},{"name":"year_report_url","year":"2021","value":"https://ar2021.rusagrogroup.ru/download/full-reports/ar_ru_annual-report_pages_rusagro_2021.pdf"},{"name":"year_report_url","year":"2022","value":"https://www.rusagrogroup.ru/fileadmin/files/reports/ru/pdf/Rusagro-Annual-Report-2022-RUS.pdf"},{"name":"year_report_url","year":"2023","value":"https://www.rusagrogroup.ru/fileadmin/files/reports/ru/pdf/Rusagro-AR23-RUS.pdf"},{"name":"year_report_url","year":"LTM\n?","value":""},{"name":"presentation_url","year":"2019","value":"https://www.rusagrogroup.ru/fileadmin/files/presentations/Presentation_for_Investors_12m_2019_v3_.pdf"},{"name":"presentation_url","year":"2020","value":"https://www.rusagrogroup.ru/fileadmin/files/presentations/v1_12m20RU_Investors_Presentation.pdf"},{"name":"presentation_url","year":"2021","value":"https://www.rusagrogroup.ru/fileadmin/files/presentations/4Q21_RUS_Presentation_for_Investors_v1.pdf"},{"name":"presentation_url","year":"2022","value":"https://www.rusagrogroup.ru/fileadmin/files/presentations/4Q22_RUS_InvestorsPresentation_RA_F.pdf"},{"name":"presentation_url","year":"2023","value":"https://www.rusagrogroup.ru/fileadmin/files/presentations/4Q23_RUS_InvestorsPresentation_RA_v1.pdf"},{"name":"presentation_url","year":"LTM\n?","value":""},{"name":"export_share","year":"2019","value":""},{"name":"export_share","year":"2020","value":""},{"name":"export_share","year":"2021","value":""},{"name":"export_share","year":"2022","value":"30.0%"},{"name":"export_share","year":"2023","value":""},{"name":"export_share","year":"LTM\n?","value":""},{"name":"revenue","year":"2019","value":"138.2"},{"name":"revenue","year":"2020","value":"159.0"},{"name":"revenue","year":"2021","value":"222.9"},{"name":"revenue","year":"2022","value":"240.2"},{"name":"revenue","year":"2023","value":"277.3"},{"name":"revenue","year":"LTM\n?","value":"309.8"},{"name":"operating_income","year":"2019","value":"8.98"},{"name":"operating_income","year":"2020","value":"23.8"},{"name":"operating_income","year":"2021","value":"42.6"},{"name":"operating_income","year":"2022","value":"19.1"},{"name":"operating_income","year":"2023","value":"47.9"},{"name":"operating_income","year":"LTM\n?","value":"44.6"},{"name":"ebitda","year":"2019","value":"20.0"},{"name":"ebitda","year":"2020","value":"32.0"},{"name":"ebitda","year":"2021","value":"48.1"},{"name":"ebitda","year":"2022","value":"45.0"},{"name":"ebitda","year":"2023","value":"56.6"},{"name":"ebitda","year":"LTM\n?","value":"56.7"},{"name":"net_income","year":"2019","value":"9.71"},{"name":"net_income","year":"2020","value":"24.4"},{"name":"net_income","year":"2021","value":"41.5"},{"name":"net_income","year":"2022","value":"6.80"},{"name":"net_income","year":"2023","value":"46.5"},{"name":"net_income","year":"LTM\n?","value":"35.6"},{"name":"ocf","year":"2019","value":"21.2"},{"name":"ocf","year":"2020","value":"12.1"},{"name":"ocf","year":"2021","value":"30.7"},{"name":"ocf","year":"2022","value":"4.42"},{"name":"ocf","year":"2023","value":"53.3"},{"name":"ocf","year":"LTM\n?","value":"37.6"},{"name":"capex","year":"2019","value":"16.8"},{"name":"capex","year":"2020","value":"14.6"},{"name":"capex","year":"2021","value":"14.8"},{"name":"capex","year":"2022","value":"12.9"},{"name":"capex","year":"2023","value":"19.2"},{"name":"capex","year":"LTM\n?","value":"18.7"},{"name":"fcf","year":"2019","value":"4.76"},{"name":"fcf","year":"2020","value":"1.54"},{"name":"fcf","year":"2021","value":"24.0"},{"name":"fcf","year":"2022","value":"-4.60"},{"name":"fcf","year":"2023","value":"37.6"},{"name":"fcf","year":"LTM\n?","value":"20.0"},{"name":"dividend_payout","year":"2019","value":"4.53"},{"name":"dividend_payout","year":"2020","value":"12.4"},{"name":"dividend_payout","year":"2021","value":"26.0"},{"name":"dividend_payout","year":"2022","value":"0.000"},{"name":"dividend_payout","year":"2023","value":"0.000"},{"name":"dividend_payout","year":"LTM\n?","value":""},{"name":"dividend","year":"2019","value":"33.68"},{"name":"dividend","year":"2020","value":"90.34"},{"name":"dividend","year":"2021","value":"65.5"},{"name":"dividend","year":"2022","value":"0"},{"name":"dividend","year":"2023","value":"0"},{"name":"dividend","year":"LTM\n?","value":""},{"name":"div_yield","year":"2019","value":"5.2%"},{"name":"div_yield","year":"2020","value":"10.9%"},{"name":"div_yield","year":"2021","value":"5.6%"},{"name":"div_yield","year":"2022","value":"0.0%"},{"name":"div_yield","year":"2023","value":"0.0%"},{"name":"div_yield","year":"LTM\n?","value":"0.0%"},{"name":"div_payout_ratio","year":"2019","value":"47%"},{"name":"div_payout_ratio","year":"2020","value":"51%"},{"name":"div_payout_ratio","year":"2021","value":"63%"},{"name":"div_payout_ratio","year":"2022","value":"0%"},{"name":"div_payout_ratio","year":"2023","value":"0%"},{"name":"div_payout_ratio","year":"LTM\n?","value":"0"},{"name":"opex","year":"2019","value":"14.6"},{"name":"opex","year":"2020","value":"20.0"},{"name":"opex","year":"2021","value":"14.5"},{"name":"opex","year":"2022","value":"28.2"},{"name":"opex","year":"2023","value":"34.9"},{"name":"opex","year":"LTM\n?","value":"39.3"},{"name":"cost_of_production","year":"2019","value":"110.5"},{"name":"cost_of_production","year":"2020","value":"121.1"},{"name":"cost_of_production","year":"2021","value":"169.2"},{"name":"cost_of_production","year":"2022","value":"184.4"},{"name":"cost_of_production","year":"2023","value":"205.0"},{"name":"cost_of_production","year":"LTM\n?","value":"230.3"},{"name":"amortization","year":"2019","value":""},{"name":"amortization","year":"2020","value":""},{"name":"amortization","year":"2021","value":""},{"name":"amortization","year":"2022","value":"14.2"},{"name":"amortization","year":"2023","value":"16.5"},{"name":"amortization","year":"LTM\n?","value":"3.4"},{"name":"employment_expenses","year":"2019","value":"13.4"},{"name":"employment_expenses","year":"2020","value":"14.8"},{"name":"employment_expenses","year":"2021","value":"17.5"},{"name":"employment_expenses","year":"2022","value":"19.7"},{"name":"employment_expenses","year":"2023","value":"25.4"},{"name":"employment_expenses","year":"LTM\n?","value":""},{"name":"interest_expenses","year":"2019","value":"5.02"},{"name":"interest_expenses","year":"2020","value":"4.20"},{"name":"interest_expenses","year":"2021","value":"4.59"},{"name":"interest_expenses","year":"2022","value":"20.8"},{"name":"interest_expenses","year":"2023","value":"18.9"},{"name":"interest_expenses","year":"LTM\n?","value":"18.2"},{"name":"assets","year":"2019","value":"239.5"},{"name":"assets","year":"2020","value":"276.1"},{"name":"assets","year":"2021","value":"362.3"},{"name":"assets","year":"2022","value":"411.0"},{"name":"assets","year":"2023","value":"432.8"},{"name":"assets","year":"LTM\n?","value":"399.0"},{"name":"net_assets","year":"2019","value":"106.8"},{"name":"net_assets","year":"2020","value":"126.0"},{"name":"net_assets","year":"2021","value":"147.9"},{"name":"net_assets","year":"2022","value":"154.7"},{"name":"net_assets","year":"2023","value":"201.2"},{"name":"net_assets","year":"LTM\n?","value":"202.5"},{"name":"debt","year":"2019","value":"97.9"},{"name":"debt","year":"2020","value":"114.9"},{"name":"debt","year":"2021","value":"172.7"},{"name":"debt","year":"2022","value":"233.4"},{"name":"debt","year":"2023","value":"127.5"},{"name":"debt","year":"LTM\n?","value":"111.0"},{"name":"cash","year":"2019","value":"36.1"},{"name":"cash","year":"2020","value":"46.0"},{"name":"cash","year":"2021","value":"99.3"},{"name":"cash","year":"2022","value":"142.2"},{"name":"cash","year":"2023","value":"61.1"},{"name":"cash","year":"LTM\n?","value":"49.4"},{"name":"net_debt","year":"2019","value":"61.7"},{"name":"net_debt","year":"2020","value":"68.9"},{"name":"net_debt","year":"2021","value":"73.4"},{"name":"net_debt","year":"2022","value":"91.2"},{"name":"net_debt","year":"2023","value":"66.4"},{"name":"net_debt","year":"LTM\n?","value":"61.6"},{"name":"common_share","year":"2019","value":"644.8"},{"name":"common_share","year":"2020","value":"831.8"},{"name":"common_share","year":"2021","value":"1 172"},{"name":"common_share","year":"2022","value":"661.0"},{"name":"common_share","year":"2023","value":"1 350"},{"name":"common_share","year":"LTM\n?","value":"1 217"},{"name":"number_of_shares","year":"2019","value":"136.7"},{"name":"number_of_shares","year":"2020","value":"136.7"},{"name":"number_of_shares","year":"2021","value":"136.7"},{"name":"number_of_shares","year":"2022","value":"136.7"},{"name":"number_of_shares","year":"2023","value":"136.7"},{"name":"number_of_shares","year":"LTM\n?","value":"136.7"},{"name":"free_float","year":"2019","value":"20.4%"},{"name":"free_float","year":"2020","value":"20.3%"},{"name":"free_float","year":"2021","value":"24.6%"},{"name":"free_float","year":"2022","value":"34.6%"},{"name":"free_float","year":"2023","value":"25.0%"},{"name":"free_float","year":"LTM\n?","value":""},{"name":"insider_own","year":"2019","value":"78.0%"},{"name":"insider_own","year":"2020","value":"78.1%"},{"name":"insider_own","year":"2021","value":"73.8%"},{"name":"insider_own","year":"2022","value":""},{"name":"insider_own","year":"2023","value":""},{"name":"insider_own","year":"LTM\n?","value":""},{"name":"market_cap","year":"2019","value":"88.1"},{"name":"market_cap","year":"2020","value":"113.7"},{"name":"market_cap","year":"2021","value":"160.2"},{"name":"market_cap","year":"2022","value":"90.3"},{"name":"market_cap","year":"2023","value":"184.4"},{"name":"market_cap","year":"LTM\n?","value":"166.4"},{"name":"ev","year":"2019","value":"149.9"},{"name":"ev","year":"2020","value":"182.6"},{"name":"ev","year":"2021","value":"233.6"},{"name":"ev","year":"2022","value":"181.5"},{"name":"ev","year":"2023","value":"250.9"},{"name":"ev","year":"LTM\n?","value":"228.0"},{"name":"book_value","year":"2019","value":"104.4"},{"name":"book_value","year":"2020","value":"123.0"},{"name":"book_value","year":"2021","value":"144.4"},{"name":"book_value","year":"2022","value":"151.1"},{"name":"book_value","year":"2023","value":"189.6"},{"name":"book_value","year":"LTM\n?","value":"191.1"},{"name":"eps","year":"2019","value":"71.0"},{"name":"eps","year":"2020","value":"178.2"},{"name":"eps","year":"2021","value":"303.5"},{"name":"eps","year":"2022","value":"49.8"},{"name":"eps","year":"2023","value":"340.2"},{"name":"eps","year":"LTM\n?","value":"260.4"},{"name":"fcf_share","year":"2019","value":"34.8"},{"name":"fcf_share","year":"2020","value":"11.3"},{"name":"fcf_share","year":"2021","value":"175.6"},{"name":"fcf_share","year":"2022","value":"-33.7"},{"name":"fcf_share","year":"2023","value":"275.0"},{"name":"fcf_share","year":"LTM\n?","value":"146.5"},{"name":"bv_share","year":"2019","value":"763.9"},{"name":"bv_share","year":"2020","value":"900.1"},{"name":"bv_share","year":"2021","value":"1 056"},{"name":"bv_share","year":"2022","value":"1 105"},{"name":"bv_share","year":"2023","value":"1 387"},{"name":"bv_share","year":"LTM\n?","value":"1 398"},{"name":"ebitda_margin","year":"2019","value":"14.5%"},{"name":"ebitda_margin","year":"2020","value":"20.1%"},{"name":"ebitda_margin","year":"2021","value":"21.6%"},{"name":"ebitda_margin","year":"2022","value":"18.7%"},{"name":"ebitda_margin","year":"2023","value":"20.4%"},{"name":"ebitda_margin","year":"LTM\n?","value":"18.3%"},{"name":"net_margin","year":"2019","value":"7.0%"},{"name":"net_margin","year":"2020","value":"15.3%"},{"name":"net_margin","year":"2021","value":"18.6%"},{"name":"net_margin","year":"2022","value":"2.8%"},{"name":"net_margin","year":"2023","value":"16.8%"},{"name":"net_margin","year":"LTM\n?","value":"11.5%"},{"name":"fcf_yield","year":"2019","value":"5.4%"},{"name":"fcf_yield","year":"2020","value":"1.4%"},{"name":"fcf_yield","year":"2021","value":"15.0%"},{"name":"fcf_yield","year":"2022","value":"-5.1%"},{"name":"fcf_yield","year":"2023","value":"20.4%"},{"name":"fcf_yield","year":"LTM\n?","value":"12.0%"},{"name":"roe","year":"2019","value":"9.1%"},{"name":"roe","year":"2020","value":"19.3%"},{"name":"roe","year":"2021","value":"28.0%"},{"name":"roe","year":"2022","value":"4.4%"},{"name":"roe","year":"2023","value":"23.1%"},{"name":"roe","year":"LTM\n?","value":"17.6%"},{"name":"roa","year":"2019","value":"4.1%"},{"name":"roa","year":"2020","value":"8.8%"},{"name":"roa","year":"2021","value":"11.4%"},{"name":"roa","year":"2022","value":"1.7%"},{"name":"roa","year":"2023","value":"10.7%"},{"name":"roa","year":"LTM\n?","value":"8.9%"},{"name":"p_e","year":"2019","value":"9.08"},{"name":"p_e","year":"2020","value":"4.67"},{"name":"p_e","year":"2021","value":"3.86"},{"name":"p_e","year":"2022","value":"13.3"},{"name":"p_e","year":"2023","value":"3.97"},{"name":"p_e","year":"LTM\n?","value":"4.67"},{"name":"p_fcf","year":"2019","value":"18.5"},{"name":"p_fcf","year":"2020","value":"73.8"},{"name":"p_fcf","year":"2021","value":"6.68"},{"name":"p_fcf","year":"2022","value":"-19.6"},{"name":"p_fcf","year":"2023","value":"4.91"},{"name":"p_fcf","year":"LTM\n?","value":"8.31"},{"name":"p_s","year":"2019","value":"0.64"},{"name":"p_s","year":"2020","value":"0.72"},{"name":"p_s","year":"2021","value":"0.72"},{"name":"p_s","year":"2022","value":"0.38"},{"name":"p_s","year":"2023","value":"0.67"},{"name":"p_s","year":"LTM\n?","value":"0.54"},{"name":"p_bv","year":"2019","value":"0.84"},{"name":"p_bv","year":"2020","value":"0.92"},{"name":"p_bv","year":"2021","value":"1.11"},{"name":"p_bv","year":"2022","value":"0.60"},{"name":"p_bv","year":"2023","value":"0.97"},{"name":"p_bv","year":"LTM\n?","value":"0.87"},{"name":"ev_ebitda","year":"2019","value":"7.48"},{"name":"ev_ebitda","year":"2020","value":"5.71"},{"name":"ev_ebitda","year":"2021","value":"4.86"},{"name":"ev_ebitda","year":"2022","value":"4.03"},{"name":"ev_ebitda","year":"2023","value":"4.44"},{"name":"ev_ebitda","year":"LTM\n?","value":"4.02"},{"name":"debt_ebitda","year":"2019","value":"3.08"},{"name":"debt_ebitda","year":"2020","value":"2.16"},{"name":"debt_ebitda","year":"2021","value":"1.53"},{"name":"debt_ebitda","year":"2022","value":"2.03"},{"name":"debt_ebitda","year":"2023","value":"1.17"},{"name":"debt_ebitda","year":"LTM\n?","value":"1.09"},{"name":"employees","year":"2019","value":"19 700"},{"name":"employees","year":"2020","value":"19 344"},{"name":"employees","year":"2021","value":"20 300"},{"name":"employees","year":"2022","value":"19 800"},{"name":"employees","year":"2023","value":"23 100"},{"name":"employees","year":"LTM\n?","value":""},{"name":"labour_productivity","year":"2019","value":"7.01"},{"name":"labour_productivity","year":"2020","value":"8.22"},{"name":"labour_productivity","year":"2021","value":"11.0"},{"name":"labour_productivity","year":"2022","value":"12.1"},{"name":"labour_productivity","year":"2023","value":"12.0"},{"name":"labour_productivity","year":"LTM\n?","value":""},{"name":"expenses_per_employee","year":"2019","value":"679.5"},{"name":"expenses_per_employee","year":"2020","value":"766.1"},{"name":"expenses_per_employee","year":"2021","value":"860.8"},{"name":"expenses_per_employee","year":"2022","value":"994.9"},{"name":"expenses_per_employee","year":"2023","value":"1 098"},{"name":"expenses_per_employee","year":"LTM\n?","value":""},{"name":"r_and_d_capex","year":"2019","value":"0.00%"},{"name":"r_and_d_capex","year":"2020","value":"0.00%"},{"name":"r_and_d_capex","year":"2021","value":"0.00%"},{"name":"r_and_d_capex","year":"2022","value":"0.00%"},{"name":"r_and_d_capex","year":"2023","value":"0.00%"},{"name":"r_and_d_capex","year":"LTM\n?","value":"0"},{"name":"capex_revenue","year":"2019","value":"12%"},{"name":"capex_revenue","year":"2020","value":"9%"},{"name":"capex_revenue","year":"2021","value":"7%"},{"name":"capex_revenue","year":"2022","value":"5%"},{"name":"capex_revenue","year":"2023","value":"7%"},{"name":"capex_revenue","year":"LTM\n?","value":"6%"},{"name":"irr","year":"2019","value":""},{"name":"irr","year":"2020","value":""},{"name":"irr","year":"2021","value":""},{"name":"irr","year":"2022","value":"4.3"},{"name":"irr","year":"2023","value":"5.0"},{"name":"irr","year":"LTM\n?","value":"5.0"},{"name":"ir_fs_quality","year":"2019","value":""},{"name":"ir_fs_quality","year":"2020","value":""},{"name":"ir_fs_quality","year":"2021","value":""},{"name":"ir_fs_quality","year":"2022","value":"5"},{"name":"ir_fs_quality","year":"2023","value":"5"},{"name":"ir_fs_quality","year":"LTM\n?","value":"5"},{"name":"ir_investor_presentations","year":"2019","value":""},{"name":"ir_investor_presentations","year":"2020","value":""},{"name":"ir_investor_presentations","year":"2021","value":""},{"name":"ir_investor_presentations","year":"2022","value":"5"},{"name":"ir_investor_presentations","year":"2023","value":"5"},{"name":"ir_investor_presentations","year":"LTM\n?","value":"5"},{"name":"ir_annual_report","year":"2019","value":""},{"name":"ir_annual_report","year":"2020","value":""},{"name":"ir_annual_report","year":"2021","value":""},{"name":"ir_annual_report","year":"2022","value":"5"},{"name":"ir_annual_report","year":"2023","value":"5"},{"name":"ir_annual_report","year":"LTM\n?","value":"5"},{"name":"ir_investor_site","year":"2019","value":""},{"name":"ir_investor_site","year":"2020","value":""},{"name":"ir_investor_site","year":"2021","value":""},{"name":"ir_investor_site","year":"2022","value":"4"},{"name":"ir_investor_site","year":"2023","value":"5"},{"name":"ir_investor_site","year":"LTM\n?","value":"5"},{"name":"ir_investor_calendar","year":"2019","value":""},{"name":"ir_investor_calendar","year":"2020","value":""},{"name":"ir_investor_calendar","year":"2021","value":""},{"name":"ir_investor_calendar","year":"2022","value":"5"},{"name":"ir_investor_calendar","year":"2023","value":"5"},{"name":"ir_investor_calendar","year":"LTM\n?","value":"5"},{"name":"ir_feedback","year":"2019","value":""},{"name":"ir_feedback","year":"2020","value":""},{"name":"ir_feedback","year":"2021","value":""},{"name":"ir_feedback","year":"2022","value":"5"},{"name":"ir_feedback","year":"2023","value":"5"},{"name":"ir_feedback","year":"LTM\n?","value":"5"}]