[
  {
    "name": "revenue",
    "year": "2011",
    "value": 39.7
  },
  {
    "name": "revenue",
    "year": "2012",
    "value": 34.1
  },
  {
    "name": "revenue",
    "year": "2013",
    "value": 36.5
  },
  {
    "name": "revenue",
    "year": "2014",
    "value": 59.1
  },
  {
    "name": "revenue",
    "year": "2015",
    "value": 72.4
  },
  {
    "name": "revenue",
    "year": "2016",
    "value": 84.257
  },
  {
    "name": "revenue",
    "year": "2017",
    "value": 79.058
  },
  {
    "name": "revenue",
    "year": "2018",
    "value": 82.978
  },
  {
    "name": "revenue",
    "year": "2019",
    "value": 138.172
  },
  {
    "name": "revenue",
    "year": "2020",
    "value": 158.971
  },
  {
    "name": "revenue",
    "year": "2021",
    "value": 222.932
  },
  {
    "name": "revenue",
    "year": "2022",
    "value": 240.23
  },
  {
    "name": "revenue",
    "year": "2023",
    "value": 277.33
  },
  {
    "name": "revenue",
    "year": "LTM",
    "value": 309.791
  },
  {
    "name": "operating_income",
    "year": "2013",
    "value": 2.946
  },
  {
    "name": "operating_income",
    "year": "2014",
    "value": 16.837
  },
  {
    "name": "operating_income",
    "year": "2015",
    "value": 22.238
  },
  {
    "name": "operating_income",
    "year": "2016",
    "value": 14.475
  },
  {
    "name": "operating_income",
    "year": "2017",
    "value": 4.049
  },
  {
    "name": "operating_income",
    "year": "2018",
    "value": 12.622
  },
  {
    "name": "operating_income",
    "year": "2019",
    "value": 8.979
  },
  {
    "name": "operating_income",
    "year": "2020",
    "value": 23.824
  },
  {
    "name": "operating_income",
    "year": "2021",
    "value": 42.551
  },
  {
    "name": "operating_income",
    "year": "2022",
    "value": 19.06
  },
  {
    "name": "operating_income",
    "year": "2023",
    "value": 47.93
  },
  {
    "name": "operating_income",
    "year": "LTM",
    "value": 44.552
  },
  {
    "name": "ebitda",
    "year": "2011",
    "value": 5.154
  },
  {
    "name": "ebitda",
    "year": "2012",
    "value": 8.781
  },
  {
    "name": "ebitda",
    "year": "2013",
    "value": 6.784
  },
  {
    "name": "ebitda",
    "year": "2014",
    "value": 18.069
  },
  {
    "name": "ebitda",
    "year": "2015",
    "value": 24.423
  },
  {
    "name": "ebitda",
    "year": "2016",
    "value": 18.205
  },
  {
    "name": "ebitda",
    "year": "2017",
    "value": 13.955
  },
  {
    "name": "ebitda",
    "year": "2018",
    "value": 16.179
  },
  {
    "name": "ebitda",
    "year": "2019",
    "value": 20.045
  },
  {
    "name": "ebitda",
    "year": "2020",
    "value": 31.984
  },
  {
    "name": "ebitda",
    "year": "2021",
    "value": 48.06
  },
  {
    "name": "ebitda",
    "year": "2022",
    "value": 45.02
  },
  {
    "name": "ebitda",
    "year": "2023",
    "value": 56.56
  },
  {
    "name": "ebitda",
    "year": "LTM",
    "value": 56.71
  },
  {
    "name": "net_income",
    "year": "2011",
    "value": 2.42
  },
  {
    "name": "net_income",
    "year": "2012",
    "value": 4.305
  },
  {
    "name": "net_income",
    "year": "2013",
    "value": 3.202
  },
  {
    "name": "net_income",
    "year": "2014",
    "value": 20.177
  },
  {
    "name": "net_income",
    "year": "2015",
    "value": 23.482
  },
  {
    "name": "net_income",
    "year": "2016",
    "value": 13.945
  },
  {
    "name": "net_income",
    "year": "2017",
    "value": 5.563
  },
  {
    "name": "net_income",
    "year": "2018",
    "value": 12.827
  },
  {
    "name": "net_income",
    "year": "2019",
    "value": 9.709
  },
  {
    "name": "net_income",
    "year": "2020",
    "value": 24.36
  },
  {
    "name": "net_income",
    "year": "2021",
    "value": 41.478
  },
  {
    "name": "net_income",
    "year": "2022",
    "value": 6.8
  },
  {
    "name": "net_income",
    "year": "2023",
    "value": 46.5
  },
  {
    "name": "net_income",
    "year": "LTM",
    "value": 35.585
  },
  {
    "name": "ocf",
    "year": "2013",
    "value": 4.78
  },
  {
    "name": "ocf",
    "year": "2014",
    "value": 15.677
  },
  {
    "name": "ocf",
    "year": "2015",
    "value": 15.922
  },
  {
    "name": "ocf",
    "year": "2016",
    "value": 11.809
  },
  {
    "name": "ocf",
    "year": "2017",
    "value": 17.673
  },
  {
    "name": "ocf",
    "year": "2018",
    "value": -7.672
  },
  {
    "name": "ocf",
    "year": "2019",
    "value": 21.165
  },
  {
    "name": "ocf",
    "year": "2020",
    "value": 12.117
  },
  {
    "name": "ocf",
    "year": "2021",
    "value": 30.733
  },
  {
    "name": "ocf",
    "year": "2022",
    "value": 4.42
  },
  {
    "name": "ocf",
    "year": "2023",
    "value": 53.33
  },
  {
    "name": "ocf",
    "year": "LTM",
    "value": 37.642
  },
  {
    "name": "capex",
    "year": "2011",
    "value": 10.845
  },
  {
    "name": "capex",
    "year": "2012",
    "value": 8.649
  },
  {
    "name": "capex",
    "year": "2013",
    "value": 4.249
  },
  {
    "name": "capex",
    "year": "2014",
    "value": 5.208
  },
  {
    "name": "capex",
    "year": "2015",
    "value": 11.438
  },
  {
    "name": "capex",
    "year": "2016",
    "value": 16.713
  },
  {
    "name": "capex",
    "year": "2017",
    "value": 17.534
  },
  {
    "name": "capex",
    "year": "2018",
    "value": 16.2
  },
  {
    "name": "capex",
    "year": "2019",
    "value": 16.799
  },
  {
    "name": "capex",
    "year": "2020",
    "value": 14.58
  },
  {
    "name": "capex",
    "year": "2021",
    "value": 14.81
  },
  {
    "name": "capex",
    "year": "2022",
    "value": 12.9
  },
  {
    "name": "capex",
    "year": "2023",
    "value": 19.2
  },
  {
    "name": "capex",
    "year": "LTM",
    "value": 18.69
  },
  {
    "name": "fcf",
    "year": "2013",
    "value": -1.468
  },
  {
    "name": "fcf",
    "year": "2014",
    "value": 9.307
  },
  {
    "name": "fcf",
    "year": "2015",
    "value": 1.839
  },
  {
    "name": "fcf",
    "year": "2016",
    "value": -4.333
  },
  {
    "name": "fcf",
    "year": "2017",
    "value": 1.147
  },
  {
    "name": "fcf",
    "year": "2018",
    "value": -21.12
  },
  {
    "name": "fcf",
    "year": "2019",
    "value": 4.76
  },
  {
    "name": "fcf",
    "year": "2020",
    "value": 1.54
  },
  {
    "name": "fcf",
    "year": "2021",
    "value": 24.0
  },
  {
    "name": "fcf",
    "year": "2022",
    "value": -4.6
  },
  {
    "name": "fcf",
    "year": "2023",
    "value": 37.58
  },
  {
    "name": "fcf",
    "year": "LTM",
    "value": 20.02
  },
  {
    "name": "opex",
    "year": "2013",
    "value": 5.912
  },
  {
    "name": "opex",
    "year": "2014",
    "value": 7.245
  },
  {
    "name": "opex",
    "year": "2015",
    "value": 9.194
  },
  {
    "name": "opex",
    "year": "2016",
    "value": 11.25
  },
  {
    "name": "opex",
    "year": "2017",
    "value": 13.906
  },
  {
    "name": "opex",
    "year": "2018",
    "value": 11.535
  },
  {
    "name": "opex",
    "year": "2019",
    "value": 14.603
  },
  {
    "name": "opex",
    "year": "2020",
    "value": 20.0
  },
  {
    "name": "opex",
    "year": "2021",
    "value": 14.542
  },
  {
    "name": "opex",
    "year": "2022",
    "value": 28.15
  },
  {
    "name": "opex",
    "year": "2023",
    "value": 34.91
  },
  {
    "name": "opex",
    "year": "LTM",
    "value": 39.26
  },
  {
    "name": "cost_of_production",
    "year": "2013",
    "value": 28.073
  },
  {
    "name": "cost_of_production",
    "year": "2014",
    "value": 38.0
  },
  {
    "name": "cost_of_production",
    "year": "2015",
    "value": 43.271
  },
  {
    "name": "cost_of_production",
    "year": "2016",
    "value": 58.916
  },
  {
    "name": "cost_of_production",
    "year": "2017",
    "value": 58.116
  },
  {
    "name": "cost_of_production",
    "year": "2018",
    "value": 61.679
  },
  {
    "name": "cost_of_production",
    "year": "2019",
    "value": 110.471
  },
  {
    "name": "cost_of_production",
    "year": "2020",
    "value": 121.132
  },
  {
    "name": "cost_of_production",
    "year": "2021",
    "value": 169.248
  },
  {
    "name": "cost_of_production",
    "year": "2022",
    "value": 184.44
  },
  {
    "name": "cost_of_production",
    "year": "2023",
    "value": 205.0
  },
  {
    "name": "cost_of_production",
    "year": "LTM",
    "value": 230.313
  },
  {
    "name": "amortization",
    "year": "2022",
    "value": 14.16
  },
  {
    "name": "amortization",
    "year": "2023",
    "value": 16.45
  },
  {
    "name": "amortization",
    "year": "LTM",
    "value": 3.38
  },
  {
    "name": "interest_expenses",
    "year": "2013",
    "value": 4.127
  },
  {
    "name": "interest_expenses",
    "year": "2014",
    "value": 2.296
  },
  {
    "name": "interest_expenses",
    "year": "2015",
    "value": 3.416
  },
  {
    "name": "interest_expenses",
    "year": "2016",
    "value": 3.614
  },
  {
    "name": "interest_expenses",
    "year": "2017",
    "value": 2.865
  },
  {
    "name": "interest_expenses",
    "year": "2018",
    "value": 3.57
  },
  {
    "name": "interest_expenses",
    "year": "2019",
    "value": 5.024
  },
  {
    "name": "interest_expenses",
    "year": "2020",
    "value": 4.196
  },
  {
    "name": "interest_expenses",
    "year": "2021",
    "value": 4.592
  },
  {
    "name": "interest_expenses",
    "year": "2022",
    "value": 20.78
  },
  {
    "name": "interest_expenses",
    "year": "2023",
    "value": 18.9
  },
  {
    "name": "interest_expenses",
    "year": "LTM",
    "value": 18.24
  },
  {
    "name": "assets",
    "year": "2013",
    "value": 73.13
  },
  {
    "name": "assets",
    "year": "2014",
    "value": 81.506
  },
  {
    "name": "assets",
    "year": "2015",
    "value": 129.489
  },
  {
    "name": "assets",
    "year": "2016",
    "value": 153.242
  },
  {
    "name": "assets",
    "year": "2017",
    "value": 157.41
  },
  {
    "name": "assets",
    "year": "2018",
    "value": 223.78
  },
  {
    "name": "assets",
    "year": "2019",
    "value": 239.495
  },
  {
    "name": "assets",
    "year": "2020",
    "value": 276.149
  },
  {
    "name": "assets",
    "year": "2021",
    "value": 362.321
  },
  {
    "name": "assets",
    "year": "2022",
    "value": 411.0
  },
  {
    "name": "assets",
    "year": "2023",
    "value": 432.83
  },
  {
    "name": "assets",
    "year": "LTM",
    "value": 399.0
  },
  {
    "name": "net_assets",
    "year": "2013",
    "value": 34.557
  },
  {
    "name": "net_assets",
    "year": "2014",
    "value": 51.512
  },
  {
    "name": "net_assets",
    "year": "2015",
    "value": 70.545
  },
  {
    "name": "net_assets",
    "year": "2016",
    "value": 93.08
  },
  {
    "name": "net_assets",
    "year": "2017",
    "value": 92.552
  },
  {
    "name": "net_assets",
    "year": "2018",
    "value": 102.099
  },
  {
    "name": "net_assets",
    "year": "2019",
    "value": 106.761
  },
  {
    "name": "net_assets",
    "year": "2020",
    "value": 126.03
  },
  {
    "name": "net_assets",
    "year": "2021",
    "value": 147.93
  },
  {
    "name": "net_assets",
    "year": "2022",
    "value": 154.7
  },
  {
    "name": "net_assets",
    "year": "2023",
    "value": 201.2
  },
  {
    "name": "net_assets",
    "year": "LTM",
    "value": 202.5
  },
  {
    "name": "debt",
    "year": "2013",
    "value": 32.513
  },
  {
    "name": "debt",
    "year": "2014",
    "value": 22.306
  },
  {
    "name": "debt",
    "year": "2015",
    "value": 50.323
  },
  {
    "name": "debt",
    "year": "2016",
    "value": 44.506
  },
  {
    "name": "debt",
    "year": "2017",
    "value": 46.651
  },
  {
    "name": "debt",
    "year": "2018",
    "value": 95.101
  },
  {
    "name": "debt",
    "year": "2019",
    "value": 97.876
  },
  {
    "name": "debt",
    "year": "2020",
    "value": 114.93
  },
  {
    "name": "debt",
    "year": "2021",
    "value": 172.724
  },
  {
    "name": "debt",
    "year": "2022",
    "value": 233.4
  },
  {
    "name": "debt",
    "year": "2023",
    "value": 127.5
  },
  {
    "name": "debt",
    "year": "LTM",
    "value": 111.04
  },
  {
    "name": "cash",
    "year": "2013",
    "value": 17.937
  },
  {
    "name": "cash",
    "year": "2014",
    "value": 18.689
  },
  {
    "name": "cash",
    "year": "2015",
    "value": 34.751
  },
  {
    "name": "cash",
    "year": "2016",
    "value": 40.16
  },
  {
    "name": "cash",
    "year": "2017",
    "value": 40.048
  },
  {
    "name": "cash",
    "year": "2018",
    "value": 40.759
  },
  {
    "name": "cash",
    "year": "2019",
    "value": 36.136
  },
  {
    "name": "cash",
    "year": "2020",
    "value": 46.0
  },
  {
    "name": "cash",
    "year": "2021",
    "value": 99.315
  },
  {
    "name": "cash",
    "year": "2022",
    "value": 142.2
  },
  {
    "name": "cash",
    "year": "2023",
    "value": 61.057
  },
  {
    "name": "cash",
    "year": "LTM",
    "value": 49.42
  },
  {
    "name": "net_debt",
    "year": "2011",
    "value": 0.0
  },
  {
    "name": "net_debt",
    "year": "2012",
    "value": 0.0
  },
  {
    "name": "net_debt",
    "year": "2013",
    "value": 14.576
  },
  {
    "name": "net_debt",
    "year": "2014",
    "value": 3.617
  },
  {
    "name": "net_debt",
    "year": "2015",
    "value": 15.572
  },
  {
    "name": "net_debt",
    "year": "2016",
    "value": 4.346
  },
  {
    "name": "net_debt",
    "year": "2017",
    "value": 6.603
  },
  {
    "name": "net_debt",
    "year": "2018",
    "value": 54.342
  },
  {
    "name": "net_debt",
    "year": "2019",
    "value": 61.74
  },
  {
    "name": "net_debt",
    "year": "2020",
    "value": 68.93
  },
  {
    "name": "net_debt",
    "year": "2021",
    "value": 73.409
  },
  {
    "name": "net_debt",
    "year": "2022",
    "value": 91.2
  },
  {
    "name": "net_debt",
    "year": "2023",
    "value": 66.443
  },
  {
    "name": "net_debt",
    "year": "LTM",
    "value": 61.62
  },
  {
    "name": "common_share",
    "year": "2014",
    "value": 283.0
  },
  {
    "name": "common_share",
    "year": "2015",
    "value": 995.0
  },
  {
    "name": "common_share",
    "year": "2016",
    "value": 804.0
  },
  {
    "name": "common_share",
    "year": "2017",
    "value": 568.5
  },
  {
    "name": "common_share",
    "year": "2018",
    "value": 791.5
  },
  {
    "name": "common_share",
    "year": "2019",
    "value": 644.8
  },
  {
    "name": "common_share",
    "year": "2020",
    "value": 831.8
  },
  {
    "name": "common_share",
    "year": "2021",
    "value": 1172.2
  },
  {
    "name": "common_share",
    "year": "2022",
    "value": 661.0
  },
  {
    "name": "common_share",
    "year": "2023",
    "value": 1349.6
  },
  {
    "name": "common_share",
    "year": "LTM",
    "value": 1105.0
  },
  {
    "name": "number_of_shares",
    "year": "2011",
    "value": 120.0
  },
  {
    "name": "number_of_shares",
    "year": "2012",
    "value": 120.0
  },
  {
    "name": "number_of_shares",
    "year": "2013",
    "value": 120.0
  },
  {
    "name": "number_of_shares",
    "year": "2014",
    "value": 120.0
  },
  {
    "name": "number_of_shares",
    "year": "2015",
    "value": 117.7874
  },
  {
    "name": "number_of_shares",
    "year": "2016",
    "value": 128.717
  },
  {
    "name": "number_of_shares",
    "year": "2017",
    "value": 136.666665
  },
  {
    "name": "number_of_shares",
    "year": "2018",
    "value": 136.666665
  },
  {
    "name": "number_of_shares",
    "year": "2019",
    "value": 136.666665
  },
  {
    "name": "number_of_shares",
    "year": "2020",
    "value": 136.666665
  },
  {
    "name": "number_of_shares",
    "year": "2021",
    "value": 136.666665
  },
  {
    "name": "number_of_shares",
    "year": "2022",
    "value": 136.666665
  },
  {
    "name": "number_of_shares",
    "year": "2023",
    "value": 136.666665
  },
  {
    "name": "number_of_shares",
    "year": "LTM",
    "value": 136.666665
  },
  {
    "name": "market_cap",
    "year": "2011",
    "value": 0.0
  },
  {
    "name": "market_cap",
    "year": "2012",
    "value": 0.0
  },
  {
    "name": "market_cap",
    "year": "2013",
    "value": 0.0
  },
  {
    "name": "market_cap",
    "year": "2014",
    "value": 33.96
  },
  {
    "name": "market_cap",
    "year": "2015",
    "value": 117.198463
  },
  {
    "name": "market_cap",
    "year": "2016",
    "value": 103.488468
  },
  {
    "name": "market_cap",
    "year": "2017",
    "value": 77.6949990525
  },
  {
    "name": "market_cap",
    "year": "2018",
    "value": 108.171665348
  },
  {
    "name": "market_cap",
    "year": "2019",
    "value": 88.122665592
  },
  {
    "name": "market_cap",
    "year": "2020",
    "value": 113.679331947
  },
  {
    "name": "market_cap",
    "year": "2021",
    "value": 160.200664713
  },
  {
    "name": "market_cap",
    "year": "2022",
    "value": 90.336665565
  },
  {
    "name": "market_cap",
    "year": "2023",
    "value": 184.445331084
  },
  {
    "name": "market_cap",
    "year": "LTM",
    "value": 151.016664825
  },
  {
    "name": "ev",
    "year": "2011",
    "value": 0.0
  },
  {
    "name": "ev",
    "year": "2012",
    "value": 0.0
  },
  {
    "name": "ev",
    "year": "2013",
    "value": 14.576
  },
  {
    "name": "ev",
    "year": "2014",
    "value": 37.577
  },
  {
    "name": "ev",
    "year": "2015",
    "value": 132.770463
  },
  {
    "name": "ev",
    "year": "2016",
    "value": 107.834468
  },
  {
    "name": "ev",
    "year": "2017",
    "value": 84.2979990525
  },
  {
    "name": "ev",
    "year": "2018",
    "value": 162.513665348
  },
  {
    "name": "ev",
    "year": "2019",
    "value": 149.862665592
  },
  {
    "name": "ev",
    "year": "2020",
    "value": 182.609331947
  },
  {
    "name": "ev",
    "year": "2021",
    "value": 233.609664713
  },
  {
    "name": "ev",
    "year": "2022",
    "value": 181.536665565
  },
  {
    "name": "ev",
    "year": "2023",
    "value": 250.888331084
  },
  {
    "name": "ev",
    "year": "LTM",
    "value": 212.636664825
  },
  {
    "name": "book_value",
    "year": "2011",
    "value": 0.0
  },
  {
    "name": "book_value",
    "year": "2012",
    "value": 0.0
  },
  {
    "name": "book_value",
    "year": "2013",
    "value": 33.093
  },
  {
    "name": "book_value",
    "year": "2014",
    "value": 49.982
  },
  {
    "name": "book_value",
    "year": "2015",
    "value": 67.445
  },
  {
    "name": "book_value",
    "year": "2016",
    "value": 90.855
  },
  {
    "name": "book_value",
    "year": "2017",
    "value": 90.726
  },
  {
    "name": "book_value",
    "year": "2018",
    "value": 99.734
  },
  {
    "name": "book_value",
    "year": "2019",
    "value": 104.396
  },
  {
    "name": "book_value",
    "year": "2020",
    "value": 123.01
  },
  {
    "name": "book_value",
    "year": "2021",
    "value": 144.386
  },
  {
    "name": "book_value",
    "year": "2022",
    "value": 151.06
  },
  {
    "name": "book_value",
    "year": "2023",
    "value": 189.59
  },
  {
    "name": "book_value",
    "year": "LTM",
    "value": 191.11
  },
  {
    "name": "eps",
    "year": "2011",
    "value": 20.1666666667
  },
  {
    "name": "eps",
    "year": "2012",
    "value": 35.875
  },
  {
    "name": "eps",
    "year": "2013",
    "value": 26.6833333333
  },
  {
    "name": "eps",
    "year": "2014",
    "value": 168.141666667
  },
  {
    "name": "eps",
    "year": "2015",
    "value": 199.359184429
  },
  {
    "name": "eps",
    "year": "2016",
    "value": 108.338447913
  },
  {
    "name": "eps",
    "year": "2017",
    "value": 40.7048785452
  },
  {
    "name": "eps",
    "year": "2018",
    "value": 93.8560987056
  },
  {
    "name": "eps",
    "year": "2019",
    "value": 71.041464281
  },
  {
    "name": "eps",
    "year": "2020",
    "value": 178.243904613
  },
  {
    "name": "eps",
    "year": "2021",
    "value": 303.497564677
  },
  {
    "name": "eps",
    "year": "2022",
    "value": 49.7560981678
  },
  {
    "name": "eps",
    "year": "2023",
    "value": 340.243906588
  },
  {
    "name": "eps",
    "year": "LTM",
    "value": 260.3780519558299
  },
  {
    "name": "fcf_share",
    "year": "2011",
    "value": 0.0
  },
  {
    "name": "fcf_share",
    "year": "2012",
    "value": 0.0
  },
  {
    "name": "fcf_share",
    "year": "2013",
    "value": -12.2333333333
  },
  {
    "name": "fcf_share",
    "year": "2014",
    "value": 77.5583333333
  },
  {
    "name": "fcf_share",
    "year": "2015",
    "value": 15.6128754009
  },
  {
    "name": "fcf_share",
    "year": "2016",
    "value": -33.6629971177
  },
  {
    "name": "fcf_share",
    "year": "2017",
    "value": 8.39268302918
  },
  {
    "name": "fcf_share",
    "year": "2018",
    "value": -154.53658725
  },
  {
    "name": "fcf_share",
    "year": "2019",
    "value": 34.8292687174
  },
  {
    "name": "fcf_share",
    "year": "2020",
    "value": 11.2682928203
  },
  {
    "name": "fcf_share",
    "year": "2021",
    "value": 175.609758239
  },
  {
    "name": "fcf_share",
    "year": "2022",
    "value": -33.6585369958
  },
  {
    "name": "fcf_share",
    "year": "2023",
    "value": 274.975613109
  },
  {
    "name": "fcf_share",
    "year": "LTM",
    "value": 146.48780666448545
  },
  {
    "name": "bv_share",
    "year": "2011",
    "value": 0.0
  },
  {
    "name": "bv_share",
    "year": "2012",
    "value": 0.0
  },
  {
    "name": "bv_share",
    "year": "2013",
    "value": 275.775
  },
  {
    "name": "bv_share",
    "year": "2014",
    "value": 416.516666667
  },
  {
    "name": "bv_share",
    "year": "2015",
    "value": 572.599446121
  },
  {
    "name": "bv_share",
    "year": "2016",
    "value": 705.850820016
  },
  {
    "name": "bv_share",
    "year": "2017",
    "value": 663.848788584
  },
  {
    "name": "bv_share",
    "year": "2018",
    "value": 729.760984509
  },
  {
    "name": "bv_share",
    "year": "2019",
    "value": 763.873180047
  },
  {
    "name": "bv_share",
    "year": "2020",
    "value": 900.073181708
  },
  {
    "name": "bv_share",
    "year": "2021",
    "value": 1056.48293971
  },
  {
    "name": "bv_share",
    "year": "2022",
    "value": 1105.31708665
  },
  {
    "name": "bv_share",
    "year": "2023",
    "value": 1387.24391936
  },
  {
    "name": "bv_share",
    "year": "LTM",
    "value": 1398.3658707117788
  },
  {
    "name": "ebitda_margin",
    "year": "2011",
    "value": 12.9823677582
  },
  {
    "name": "ebitda_margin",
    "year": "2012",
    "value": 25.7507331378
  },
  {
    "name": "ebitda_margin",
    "year": "2013",
    "value": 18.5863013699
  },
  {
    "name": "ebitda_margin",
    "year": "2014",
    "value": 30.5736040609
  },
  {
    "name": "ebitda_margin",
    "year": "2015",
    "value": 33.733425414399996
  },
  {
    "name": "ebitda_margin",
    "year": "2016",
    "value": 21.606513405399998
  },
  {
    "name": "ebitda_margin",
    "year": "2017",
    "value": 17.6515975613
  },
  {
    "name": "ebitda_margin",
    "year": "2018",
    "value": 19.4979392128
  },
  {
    "name": "ebitda_margin",
    "year": "2019",
    "value": 14.5072807805
  },
  {
    "name": "ebitda_margin",
    "year": "2020",
    "value": 20.1193928452
  },
  {
    "name": "ebitda_margin",
    "year": "2021",
    "value": 21.5581432903
  },
  {
    "name": "ebitda_margin",
    "year": "2022",
    "value": 18.740373808399998
  },
  {
    "name": "ebitda_margin",
    "year": "2023",
    "value": 20.3944758951
  },
  {
    "name": "ebitda_margin",
    "year": "LTM",
    "value": 18.305890100099745
  },
  {
    "name": "net_margin",
    "year": "2011",
    "value": 6.09571788413
  },
  {
    "name": "net_margin",
    "year": "2012",
    "value": 12.6246334311
  },
  {
    "name": "net_margin",
    "year": "2013",
    "value": 8.772602739729999
  },
  {
    "name": "net_margin",
    "year": "2014",
    "value": 34.1404399323
  },
  {
    "name": "net_margin",
    "year": "2015",
    "value": 32.4337016575
  },
  {
    "name": "net_margin",
    "year": "2016",
    "value": 16.5505536632
  },
  {
    "name": "net_margin",
    "year": "2017",
    "value": 7.03660603607
  },
  {
    "name": "net_margin",
    "year": "2018",
    "value": 15.458314252
  },
  {
    "name": "net_margin",
    "year": "2019",
    "value": 7.02674926903
  },
  {
    "name": "net_margin",
    "year": "2020",
    "value": 15.3235495782
  },
  {
    "name": "net_margin",
    "year": "2021",
    "value": 18.605673478900002
  },
  {
    "name": "net_margin",
    "year": "2022",
    "value": 2.83062065521
  },
  {
    "name": "net_margin",
    "year": "2023",
    "value": 16.7670284499
  },
  {
    "name": "net_margin",
    "year": "LTM",
    "value": 11.486776568718911
  },
  {
    "name": "fcf_yield",
    "year": "2014",
    "value": 27.405771495899998
  },
  {
    "name": "fcf_yield",
    "year": "2015",
    "value": 1.5691332061199998
  },
  {
    "name": "fcf_yield",
    "year": "2016",
    "value": -4.18693994001
  },
  {
    "name": "fcf_yield",
    "year": "2017",
    "value": 1.47628549326
  },
  {
    "name": "fcf_yield",
    "year": "2018",
    "value": -19.5245214467
  },
  {
    "name": "fcf_yield",
    "year": "2019",
    "value": 5.40156152566
  },
  {
    "name": "fcf_yield",
    "year": "2020",
    "value": 1.3546877639300001
  },
  {
    "name": "fcf_yield",
    "year": "2021",
    "value": 14.9812112472
  },
  {
    "name": "fcf_yield",
    "year": "2022",
    "value": -5.0920630856
  },
  {
    "name": "fcf_yield",
    "year": "2023",
    "value": 20.3746008528
  },
  {
    "name": "fcf_yield",
    "year": "LTM",
    "value": 13.256815082758862
  },
  {
    "name": "roe",
    "year": "2013",
    "value": 9.26585062361
  },
  {
    "name": "roe",
    "year": "2014",
    "value": 39.1695138997
  },
  {
    "name": "roe",
    "year": "2015",
    "value": 33.2865546814
  },
  {
    "name": "roe",
    "year": "2016",
    "value": 14.981736140999999
  },
  {
    "name": "roe",
    "year": "2017",
    "value": 6.0106750799599995
  },
  {
    "name": "roe",
    "year": "2018",
    "value": 12.5632964084
  },
  {
    "name": "roe",
    "year": "2019",
    "value": 9.09414486563
  },
  {
    "name": "roe",
    "year": "2020",
    "value": 19.3287312545
  },
  {
    "name": "roe",
    "year": "2021",
    "value": 28.038937335199996
  },
  {
    "name": "roe",
    "year": "2022",
    "value": 4.3956043956
  },
  {
    "name": "roe",
    "year": "2023",
    "value": 23.111332007999998
  },
  {
    "name": "roe",
    "year": "LTM",
    "value": 17.572839506172837
  },
  {
    "name": "roa",
    "year": "2013",
    "value": 4.3785040339100005
  },
  {
    "name": "roa",
    "year": "2014",
    "value": 24.7552327436
  },
  {
    "name": "roa",
    "year": "2015",
    "value": 18.1343589031
  },
  {
    "name": "roa",
    "year": "2016",
    "value": 9.09998564362
  },
  {
    "name": "roa",
    "year": "2017",
    "value": 3.53408296805
  },
  {
    "name": "roa",
    "year": "2018",
    "value": 5.73196889802
  },
  {
    "name": "roa",
    "year": "2019",
    "value": 4.053946846490001
  },
  {
    "name": "roa",
    "year": "2020",
    "value": 8.82132471963
  },
  {
    "name": "roa",
    "year": "2021",
    "value": 11.4478597708
  },
  {
    "name": "roa",
    "year": "2022",
    "value": 1.65450121655
  },
  {
    "name": "roa",
    "year": "2023",
    "value": 10.7432479264
  },
  {
    "name": "roa",
    "year": "LTM",
    "value": 8.918546365914787
  },
  {
    "name": "p_e",
    "year": "2011",
    "value": 0.0
  },
  {
    "name": "p_e",
    "year": "2012",
    "value": 0.0
  },
  {
    "name": "p_e",
    "year": "2013",
    "value": 0.0
  },
  {
    "name": "p_e",
    "year": "2014",
    "value": 1.68310452495
  },
  {
    "name": "p_e",
    "year": "2015",
    "value": 4.99099152542
  },
  {
    "name": "p_e",
    "year": "2016",
    "value": 7.42118809609
  },
  {
    "name": "p_e",
    "year": "2017",
    "value": 13.9663848737
  },
  {
    "name": "p_e",
    "year": "2018",
    "value": 8.433122737
  },
  {
    "name": "p_e",
    "year": "2019",
    "value": 9.07638949346
  },
  {
    "name": "p_e",
    "year": "2020",
    "value": 4.66663924249
  },
  {
    "name": "p_e",
    "year": "2021",
    "value": 3.86230446774
  },
  {
    "name": "p_e",
    "year": "2022",
    "value": 13.2848037596
  },
  {
    "name": "p_e",
    "year": "2023",
    "value": 3.96656625987
  },
  {
    "name": "p_e",
    "year": "LTM",
    "value": 4.243829277083041
  },
  {
    "name": "p_s",
    "year": "2011",
    "value": 0.0
  },
  {
    "name": "p_s",
    "year": "2012",
    "value": 0.0
  },
  {
    "name": "p_s",
    "year": "2013",
    "value": 0.0
  },
  {
    "name": "p_s",
    "year": "2014",
    "value": 0.57461928934
  },
  {
    "name": "p_s",
    "year": "2015",
    "value": 1.6187633011
  },
  {
    "name": "p_s",
    "year": "2016",
    "value": 1.22824771829
  },
  {
    "name": "p_s",
    "year": "2017",
    "value": 0.982759481046
  },
  {
    "name": "p_s",
    "year": "2018",
    "value": 1.30361861394
  },
  {
    "name": "p_s",
    "year": "2019",
    "value": 0.637775132386
  },
  {
    "name": "p_s",
    "year": "2020",
    "value": 0.71509477796
  },
  {
    "name": "p_s",
    "year": "2021",
    "value": 0.718607758029
  },
  {
    "name": "p_s",
    "year": "2022",
    "value": 0.376042399222
  },
  {
    "name": "p_s",
    "year": "2023",
    "value": 0.665075293275
  },
  {
    "name": "p_s",
    "year": "LTM",
    "value": 0.48747918701640786
  },
  {
    "name": "p_bv",
    "year": "2013",
    "value": 0.0
  },
  {
    "name": "p_bv",
    "year": "2014",
    "value": 0.679444600056
  },
  {
    "name": "p_bv",
    "year": "2015",
    "value": 1.73768942101
  },
  {
    "name": "p_bv",
    "year": "2016",
    "value": 1.13905088328
  },
  {
    "name": "p_bv",
    "year": "2017",
    "value": 0.85636971819
  },
  {
    "name": "p_bv",
    "year": "2018",
    "value": 1.08460169398
  },
  {
    "name": "p_bv",
    "year": "2019",
    "value": 0.844119176903
  },
  {
    "name": "p_bv",
    "year": "2020",
    "value": 0.924147077043
  },
  {
    "name": "p_bv",
    "year": "2021",
    "value": 1.10953045803
  },
  {
    "name": "p_bv",
    "year": "2022",
    "value": 0.598018440123
  },
  {
    "name": "p_bv",
    "year": "2023",
    "value": 0.972864239063
  },
  {
    "name": "p_bv",
    "year": "LTM",
    "value": 0.7902080729684475
  },
  {
    "name": "ev_ebitda",
    "year": "2011",
    "value": 0.0
  },
  {
    "name": "ev_ebitda",
    "year": "2012",
    "value": 0.0
  },
  {
    "name": "ev_ebitda",
    "year": "2013",
    "value": 2.14858490566
  },
  {
    "name": "ev_ebitda",
    "year": "2014",
    "value": 2.07963916099
  },
  {
    "name": "ev_ebitda",
    "year": "2015",
    "value": 5.43628804815
  },
  {
    "name": "ev_ebitda",
    "year": "2016",
    "value": 5.92334347707
  },
  {
    "name": "ev_ebitda",
    "year": "2017",
    "value": 6.04070218936
  },
  {
    "name": "ev_ebitda",
    "year": "2018",
    "value": 10.0447286821
  },
  {
    "name": "ev_ebitda",
    "year": "2019",
    "value": 7.47631157855
  },
  {
    "name": "ev_ebitda",
    "year": "2020",
    "value": 5.7093963215
  },
  {
    "name": "ev_ebitda",
    "year": "2021",
    "value": 4.86079202482
  },
  {
    "name": "ev_ebitda",
    "year": "2022",
    "value": 4.03235596546
  },
  {
    "name": "ev_ebitda",
    "year": "2023",
    "value": 4.43579086075
  },
  {
    "name": "ev_ebitda",
    "year": "LTM",
    "value": 3.7495444335214247
  },
  {
    "name": "debt_ebitda",
    "year": "2011",
    "value": 0.0
  },
  {
    "name": "debt_ebitda",
    "year": "2012",
    "value": 0.0
  },
  {
    "name": "debt_ebitda",
    "year": "2013",
    "value": 2.14858490566
  },
  {
    "name": "debt_ebitda",
    "year": "2014",
    "value": 0.200177098899
  },
  {
    "name": "debt_ebitda",
    "year": "2015",
    "value": 0.637595708963
  },
  {
    "name": "debt_ebitda",
    "year": "2016",
    "value": 0.238725624828
  },
  {
    "name": "debt_ebitda",
    "year": "2017",
    "value": 0.473163740595
  },
  {
    "name": "debt_ebitda",
    "year": "2018",
    "value": 3.35879844243
  },
  {
    "name": "debt_ebitda",
    "year": "2019",
    "value": 3.08006984285
  },
  {
    "name": "debt_ebitda",
    "year": "2020",
    "value": 2.15514007004
  },
  {
    "name": "debt_ebitda",
    "year": "2021",
    "value": 1.52744486059
  },
  {
    "name": "debt_ebitda",
    "year": "2022",
    "value": 2.02576632608
  },
  {
    "name": "debt_ebitda",
    "year": "2023",
    "value": 1.17473479491
  },
  {
    "name": "debt_ebitda",
    "year": "LTM",
    "value": 1.0865808499382825
  },
  {
    "name": "employees",
    "year": "2014",
    "value": 9338.0
  },
  {
    "name": "employees",
    "year": "2015",
    "value": 10449.0
  },
  {
    "name": "employees",
    "year": "2016",
    "value": 13400.0
  },
  {
    "name": "employees",
    "year": "2017",
    "value": 14000.0
  },
  {
    "name": "employees",
    "year": "2018",
    "value": 15200.0
  },
  {
    "name": "employees",
    "year": "2019",
    "value": 19700.0
  },
  {
    "name": "employees",
    "year": "2020",
    "value": 19344.0
  },
  {
    "name": "employees",
    "year": "2021",
    "value": 20300.0
  },
  {
    "name": "employees",
    "year": "2022",
    "value": 19800.0
  },
  {
    "name": "employees",
    "year": "2023",
    "value": 23100.0
  },
  {
    "name": "employees",
    "year": "LTM",
    "value": null
  },
  {
    "name": "labour_productivity",
    "year": "2014",
    "value": 6.3289783679600005
  },
  {
    "name": "labour_productivity",
    "year": "2015",
    "value": 6.92889271701
  },
  {
    "name": "labour_productivity",
    "year": "2016",
    "value": 6.2878358209
  },
  {
    "name": "labour_productivity",
    "year": "2017",
    "value": 5.647
  },
  {
    "name": "labour_productivity",
    "year": "2018",
    "value": 5.45907894737
  },
  {
    "name": "labour_productivity",
    "year": "2019",
    "value": 7.0138071066
  },
  {
    "name": "labour_productivity",
    "year": "2020",
    "value": 8.2181038048
  },
  {
    "name": "labour_productivity",
    "year": "2021",
    "value": 10.9818719212
  },
  {
    "name": "labour_productivity",
    "year": "2022",
    "value": 12.1328282828
  },
  {
    "name": "labour_productivity",
    "year": "2023",
    "value": 12.0056277056
  },
  {
    "name": "labour_productivity",
    "year": "LTM",
    "value": null
  },
  {
    "name": "expenses_per_employee",
    "year": "2014",
    "value": 538.445063183
  },
  {
    "name": "expenses_per_employee",
    "year": "2015",
    "value": 589.8172073879999
  },
  {
    "name": "expenses_per_employee",
    "year": "2016",
    "value": 650.6716417910001
  },
  {
    "name": "expenses_per_employee",
    "year": "2017",
    "value": 704.285714286
  },
  {
    "name": "expenses_per_employee",
    "year": "2018",
    "value": 659.342105263
  },
  {
    "name": "expenses_per_employee",
    "year": "2019",
    "value": 679.492385787
  },
  {
    "name": "expenses_per_employee",
    "year": "2020",
    "value": 766.1290322579999
  },
  {
    "name": "expenses_per_employee",
    "year": "2021",
    "value": 860.7881773400001
  },
  {
    "name": "expenses_per_employee",
    "year": "2022",
    "value": 994.9494949489999
  },
  {
    "name": "expenses_per_employee",
    "year": "2023",
    "value": 1097.83549784
  },
  {
    "name": "expenses_per_employee",
    "year": "LTM",
    "value": null
  },
  {
    "name": "r_and_d_capex",
    "year": "2011",
    "value": 0.0
  },
  {
    "name": "r_and_d_capex",
    "year": "2012",
    "value": 0.0
  },
  {
    "name": "r_and_d_capex",
    "year": "2013",
    "value": 0.0
  },
  {
    "name": "r_and_d_capex",
    "year": "2014",
    "value": 0.0
  },
  {
    "name": "r_and_d_capex",
    "year": "2015",
    "value": 0.0
  },
  {
    "name": "r_and_d_capex",
    "year": "2016",
    "value": 0.0
  },
  {
    "name": "r_and_d_capex",
    "year": "2017",
    "value": 0.0
  },
  {
    "name": "r_and_d_capex",
    "year": "2018",
    "value": 0.0
  },
  {
    "name": "r_and_d_capex",
    "year": "2019",
    "value": 0.0
  },
  {
    "name": "r_and_d_capex",
    "year": "2020",
    "value": 0.0
  },
  {
    "name": "r_and_d_capex",
    "year": "2021",
    "value": 0.0
  },
  {
    "name": "r_and_d_capex",
    "year": "2022",
    "value": 0.0
  },
  {
    "name": "r_and_d_capex",
    "year": "2023",
    "value": 0.0
  },
  {
    "name": "r_and_d_capex",
    "year": "LTM",
    "value": 0.0
  },
  {
    "name": "capex_revenue",
    "year": "2011",
    "value": 27.3173803526
  },
  {
    "name": "capex_revenue",
    "year": "2012",
    "value": 25.3636363636
  },
  {
    "name": "capex_revenue",
    "year": "2013",
    "value": 11.641095890399999
  },
  {
    "name": "capex_revenue",
    "year": "2014",
    "value": 8.81218274112
  },
  {
    "name": "capex_revenue",
    "year": "2015",
    "value": 15.7983425414
  },
  {
    "name": "capex_revenue",
    "year": "2016",
    "value": 19.835740650600002
  },
  {
    "name": "capex_revenue",
    "year": "2017",
    "value": 22.1786536467
  },
  {
    "name": "capex_revenue",
    "year": "2018",
    "value": 19.5232471257
  },
  {
    "name": "capex_revenue",
    "year": "2019",
    "value": 12.158034913
  },
  {
    "name": "capex_revenue",
    "year": "2020",
    "value": 9.17148410716
  },
  {
    "name": "capex_revenue",
    "year": "2021",
    "value": 6.64328135934
  },
  {
    "name": "capex_revenue",
    "year": "2022",
    "value": 5.36985389002
  },
  {
    "name": "capex_revenue",
    "year": "2023",
    "value": 6.92316013414
  },
  {
    "name": "capex_revenue",
    "year": "LTM",
    "value": 6.033099734982617
  },
  {
    "name": "irr",
    "year": "2022",
    "value": 4.28571
  },
  {
    "name": "irr",
    "year": "2023",
    "value": 5.0
  },
  {
    "name": "irr",
    "year": "LTM",
    "value": 5.0
  },
  {
    "name": "ir_fs_quality",
    "year": "2022",
    "value": 5.0
  },
  {
    "name": "ir_fs_quality",
    "year": "2023",
    "value": 5.0
  },
  {
    "name": "ir_fs_quality",
    "year": "LTM",
    "value": 5.0
  },
  {
    "name": "ir_investor_presentations",
    "year": "2022",
    "value": 5.0
  },
  {
    "name": "ir_investor_presentations",
    "year": "2023",
    "value": 5.0
  },
  {
    "name": "ir_investor_presentations",
    "year": "LTM",
    "value": 5.0
  },
  {
    "name": "ir_annual_report",
    "year": "2022",
    "value": 5.0
  },
  {
    "name": "ir_annual_report",
    "year": "2023",
    "value": 5.0
  },
  {
    "name": "ir_annual_report",
    "year": "LTM",
    "value": 5.0
  },
  {
    "name": "ir_investor_site",
    "year": "2022",
    "value": 4.0
  },
  {
    "name": "ir_investor_site",
    "year": "2023",
    "value": 5.0
  },
  {
    "name": "ir_investor_site",
    "year": "LTM",
    "value": 5.0
  },
  {
    "name": "ir_investor_calendar",
    "year": "2022",
    "value": 5.0
  },
  {
    "name": "ir_investor_calendar",
    "year": "2023",
    "value": 5.0
  },
  {
    "name": "ir_investor_calendar",
    "year": "LTM",
    "value": 5.0
  },
  {
    "name": "ir_feedback",
    "year": "2022",
    "value": 5.0
  },
  {
    "name": "ir_feedback",
    "year": "2023",
    "value": 5.0
  },
  {
    "name": "ir_feedback",
    "year": "LTM",
    "value": 5.0
  }
]