[
  {
    "name": "ore_processed",
    "year": "2015Q4",
    "value": 7.4
  },
  {
    "name": "ore_processed",
    "year": "2016Q1",
    "value": 6.1
  },
  {
    "name": "ore_processed",
    "year": "2016Q2",
    "value": 10.8
  },
  {
    "name": "ore_processed",
    "year": "2016Q3",
    "value": 14.1
  },
  {
    "name": "ore_processed",
    "year": "2016Q4",
    "value": 7.1
  },
  {
    "name": "ore_processed",
    "year": "2017Q1",
    "value": 6.1
  },
  {
    "name": "ore_processed",
    "year": "2017Q2",
    "value": 10.1
  },
  {
    "name": "ore_processed",
    "year": "2017Q3",
    "value": 15.7
  },
  {
    "name": "ore_processed",
    "year": "2017Q4",
    "value": 7.261
  },
  {
    "name": "ore_processed",
    "year": "2018Q1",
    "value": 5.712
  },
  {
    "name": "ore_processed",
    "year": "2018Q2",
    "value": 10.112
  },
  {
    "name": "ore_processed",
    "year": "2018Q3",
    "value": 17.2
  },
  {
    "name": "ore_processed",
    "year": "2018Q4",
    "value": 7.451
  },
  {
    "name": "ore_processed",
    "year": "2019Q1",
    "value": 6.355
  },
  {
    "name": "ore_processed",
    "year": "2019Q2",
    "value": 10.484
  },
  {
    "name": "ore_processed",
    "year": "2019Q3",
    "value": 17.173
  },
  {
    "name": "ore_processed",
    "year": "2019Q4",
    "value": 7.242
  },
  {
    "name": "ore_processed",
    "year": "2020Q1",
    "value": 5.911
  },
  {
    "name": "ore_processed",
    "year": "2020Q2",
    "value": 7.354
  },
  {
    "name": "ore_processed",
    "year": "2020Q3",
    "value": 11.525
  },
  {
    "name": "ore_processed",
    "year": "2020Q4",
    "value": 4.9
  },
  {
    "name": "ore_processed",
    "year": "2021Q1",
    "value": 5.8
  },
  {
    "name": "ore_processed",
    "year": "2021Q2",
    "value": 7.25
  },
  {
    "name": "ore_processed",
    "year": "2021Q3",
    "value": 11.45
  },
  {
    "name": "ore_processed",
    "year": "2021Q4",
    "value": 6.4
  },
  {
    "name": "diamonds_production",
    "year": "2015Q4",
    "value": 8.6
  },
  {
    "name": "diamonds_production",
    "year": "2016Q1",
    "value": 8.2
  },
  {
    "name": "diamonds_production",
    "year": "2016Q2",
    "value": 8.7
  },
  {
    "name": "diamonds_production",
    "year": "2016Q3",
    "value": 11.0
  },
  {
    "name": "diamonds_production",
    "year": "2016Q4",
    "value": 9.5
  },
  {
    "name": "diamonds_production",
    "year": "2017Q1",
    "value": 8.9
  },
  {
    "name": "diamonds_production",
    "year": "2017Q2",
    "value": 10.4
  },
  {
    "name": "diamonds_production",
    "year": "2017Q3",
    "value": 10.26
  },
  {
    "name": "diamonds_production",
    "year": "2017Q4",
    "value": 10.072
  },
  {
    "name": "diamonds_production",
    "year": "2018Q1",
    "value": 7.42
  },
  {
    "name": "diamonds_production",
    "year": "2018Q2",
    "value": 8.511
  },
  {
    "name": "diamonds_production",
    "year": "2018Q3",
    "value": 10.5
  },
  {
    "name": "diamonds_production",
    "year": "2018Q4",
    "value": 10.317
  },
  {
    "name": "diamonds_production",
    "year": "2019Q1",
    "value": 7.823
  },
  {
    "name": "diamonds_production",
    "year": "2019Q2",
    "value": 9.735
  },
  {
    "name": "diamonds_production",
    "year": "2019Q3",
    "value": 12.116
  },
  {
    "name": "diamonds_production",
    "year": "2019Q4",
    "value": 8.812
  },
  {
    "name": "diamonds_production",
    "year": "2020Q1",
    "value": 8.016
  },
  {
    "name": "diamonds_production",
    "year": "2020Q2",
    "value": 5.691
  },
  {
    "name": "diamonds_production",
    "year": "2020Q3",
    "value": 9.235
  },
  {
    "name": "diamonds_production",
    "year": "2020Q4",
    "value": 7.1
  },
  {
    "name": "diamonds_production",
    "year": "2021Q1",
    "value": 7.5
  },
  {
    "name": "diamonds_production",
    "year": "2021Q2",
    "value": 7.0
  },
  {
    "name": "diamonds_production",
    "year": "2021Q3",
    "value": 8.8
  },
  {
    "name": "diamonds_production",
    "year": "2021Q4",
    "value": 9.1
  },
  {
    "name": "diamonds_sales",
    "year": "2016Q4",
    "value": 10.0
  },
  {
    "name": "diamonds_sales",
    "year": "2017Q1",
    "value": 14.1
  },
  {
    "name": "diamonds_sales",
    "year": "2017Q2",
    "value": 10.2
  },
  {
    "name": "diamonds_sales",
    "year": "2017Q3",
    "value": 7.5
  },
  {
    "name": "diamonds_sales",
    "year": "2017Q4",
    "value": 9.4
  },
  {
    "name": "diamonds_sales",
    "year": "2018Q1",
    "value": 13.3
  },
  {
    "name": "diamonds_sales",
    "year": "2018Q2",
    "value": 9.039
  },
  {
    "name": "diamonds_sales",
    "year": "2018Q3",
    "value": 6.686
  },
  {
    "name": "diamonds_sales",
    "year": "2018Q4",
    "value": 8.991
  },
  {
    "name": "diamonds_sales",
    "year": "2019Q1",
    "value": 10.592
  },
  {
    "name": "diamonds_sales",
    "year": "2019Q2",
    "value": 8.3
  },
  {
    "name": "diamonds_sales",
    "year": "2019Q3",
    "value": 6.4
  },
  {
    "name": "diamonds_sales",
    "year": "2019Q4",
    "value": 8.186
  },
  {
    "name": "diamonds_sales",
    "year": "2020Q1",
    "value": 9.421
  },
  {
    "name": "diamonds_sales",
    "year": "2020Q2",
    "value": 0.634
  },
  {
    "name": "diamonds_sales",
    "year": "2020Q3",
    "value": 5.015
  },
  {
    "name": "diamonds_sales",
    "year": "2020Q4",
    "value": 17.0
  },
  {
    "name": "diamonds_sales",
    "year": "2021Q1",
    "value": 15.5
  },
  {
    "name": "diamonds_sales",
    "year": "2021Q2",
    "value": 11.4
  },
  {
    "name": "diamonds_sales",
    "year": "2021Q3",
    "value": 9.2
  },
  {
    "name": "diamonds_sales",
    "year": "2021Q4",
    "value": 9.4
  },
  {
    "name": "diamond_concentration",
    "year": "2015Q4",
    "value": 1.17
  },
  {
    "name": "diamond_concentration",
    "year": "2016Q1",
    "value": 1.33
  },
  {
    "name": "diamond_concentration",
    "year": "2016Q2",
    "value": 0.81
  },
  {
    "name": "diamond_concentration",
    "year": "2016Q3",
    "value": 0.79
  },
  {
    "name": "diamond_concentration",
    "year": "2016Q4",
    "value": 1.33
  },
  {
    "name": "diamond_concentration",
    "year": "2017Q1",
    "value": 1.46
  },
  {
    "name": "diamond_concentration",
    "year": "2017Q2",
    "value": 1.03
  },
  {
    "name": "diamond_concentration",
    "year": "2017Q3",
    "value": 0.65
  },
  {
    "name": "diamond_concentration",
    "year": "2017Q4",
    "value": 1.39
  },
  {
    "name": "diamond_concentration",
    "year": "2018Q1",
    "value": 1.3
  },
  {
    "name": "diamond_concentration",
    "year": "2018Q2",
    "value": 0.84
  },
  {
    "name": "diamond_concentration",
    "year": "2018Q3",
    "value": 0.61
  },
  {
    "name": "diamond_concentration",
    "year": "2018Q4",
    "value": 1.38
  },
  {
    "name": "diamond_concentration",
    "year": "2019Q1",
    "value": 1.23
  },
  {
    "name": "diamond_concentration",
    "year": "2019Q2",
    "value": 0.93
  },
  {
    "name": "diamond_concentration",
    "year": "2019Q3",
    "value": 0.71
  },
  {
    "name": "diamond_concentration",
    "year": "2019Q4",
    "value": 1.22
  },
  {
    "name": "diamond_concentration",
    "year": "2020Q1",
    "value": 1.36
  },
  {
    "name": "diamond_concentration",
    "year": "2020Q2",
    "value": 0.77
  },
  {
    "name": "diamond_concentration",
    "year": "2020Q3",
    "value": 0.8
  },
  {
    "name": "diamond_concentration",
    "year": "2020Q4",
    "value": 1.45
  },
  {
    "name": "diamond_concentration",
    "year": "2021Q1",
    "value": 1.31
  },
  {
    "name": "diamond_concentration",
    "year": "2021Q2",
    "value": 0.96
  },
  {
    "name": "diamond_concentration",
    "year": "2021Q3",
    "value": 0.76
  },
  {
    "name": "diamond_concentration",
    "year": "2021Q4",
    "value": 1.43
  },
  {
    "name": "revenue",
    "year": "2016Q1",
    "value": 80.698
  },
  {
    "name": "revenue",
    "year": "2016Q2",
    "value": 66.237
  },
  {
    "name": "revenue",
    "year": "2016Q3",
    "value": 57.518
  },
  {
    "name": "revenue",
    "year": "2016Q4",
    "value": null
  },
  {
    "name": "revenue",
    "year": "2017Q1",
    "value": 61.832
  },
  {
    "name": "revenue",
    "year": "2017Q2",
    "value": 53.997
  },
  {
    "name": "revenue",
    "year": "2017Q3",
    "value": 47.053
  },
  {
    "name": "revenue",
    "year": "2017Q4",
    "value": 37.157
  },
  {
    "name": "revenue",
    "year": "2018Q1",
    "value": 73.035
  },
  {
    "name": "revenue",
    "year": "2018Q2",
    "value": 52.766
  },
  {
    "name": "revenue",
    "year": "2018Q3",
    "value": 57.524
  },
  {
    "name": "revenue",
    "year": "2018Q4",
    "value": 36.477
  },
  {
    "name": "revenue",
    "year": "2019Q1",
    "value": 49.43
  },
  {
    "name": "revenue",
    "year": "2019Q2",
    "value": 39.72
  },
  {
    "name": "revenue",
    "year": "2019Q3",
    "value": 30.61
  },
  {
    "name": "revenue",
    "year": "2019Q4",
    "value": 40.498
  },
  {
    "name": "revenue",
    "year": "2020Q1",
    "value": 40.147
  },
  {
    "name": "revenue",
    "year": "2020Q2",
    "value": 7.59
  },
  {
    "name": "revenue",
    "year": "2020Q3",
    "value": 27.35
  },
  {
    "name": "revenue",
    "year": "2020Q4",
    "value": 69.413
  },
  {
    "name": "revenue",
    "year": "2021Q1",
    "value": 69.05
  },
  {
    "name": "revenue",
    "year": "2021Q2",
    "value": 78.0
  },
  {
    "name": "revenue",
    "year": "2021Q3",
    "value": 62.41
  },
  {
    "name": "revenue",
    "year": "2021Q4",
    "value": null
  },
  {
    "name": "revenue",
    "year": "2022Q2",
    "value": 169.52
  },
  {
    "name": "revenue",
    "year": "2022Q3",
    "value": 50.8
  },
  {
    "name": "revenue",
    "year": "2022Q4",
    "value": 31.18
  },
  {
    "name": "revenue",
    "year": "2023Q1",
    "value": 75.33
  },
  {
    "name": "revenue",
    "year": "2023Q2",
    "value": 83.33
  },
  {
    "name": "revenue",
    "year": "2023Q3",
    "value": 78.5
  },
  {
    "name": "revenue",
    "year": "2023Q4",
    "value": 31.84
  },
  {
    "name": "revenue",
    "year": "2024Q1",
    "value": 99.6
  },
  {
    "name": "operating_income",
    "year": "2022Q2",
    "value": 80.65
  },
  {
    "name": "operating_income",
    "year": "2022Q3",
    "value": 15.55
  },
  {
    "name": "operating_income",
    "year": "2022Q4",
    "value": -2.26
  },
  {
    "name": "operating_income",
    "year": "2023Q1",
    "value": 26.34
  },
  {
    "name": "operating_income",
    "year": "2023Q2",
    "value": 31.56
  },
  {
    "name": "operating_income",
    "year": "2023Q3",
    "value": 36.47
  },
  {
    "name": "operating_income",
    "year": "2023Q4",
    "value": 2.04
  },
  {
    "name": "operating_income",
    "year": "2024Q1",
    "value": 29.39
  },
  {
    "name": "net_income",
    "year": "2016Q1",
    "value": 43.229
  },
  {
    "name": "net_income",
    "year": "2016Q2",
    "value": 39.522
  },
  {
    "name": "net_income",
    "year": "2016Q3",
    "value": 20.108
  },
  {
    "name": "net_income",
    "year": "2016Q4",
    "value": null
  },
  {
    "name": "net_income",
    "year": "2017Q1",
    "value": 21.101
  },
  {
    "name": "net_income",
    "year": "2017Q2",
    "value": 22.62
  },
  {
    "name": "net_income",
    "year": "2017Q3",
    "value": 7.389
  },
  {
    "name": "net_income",
    "year": "2017Q4",
    "value": -34.256
  },
  {
    "name": "net_income",
    "year": "2018Q1",
    "value": 30.553
  },
  {
    "name": "net_income",
    "year": "2018Q2",
    "value": 21.668
  },
  {
    "name": "net_income",
    "year": "2018Q3",
    "value": 20.555
  },
  {
    "name": "net_income",
    "year": "2018Q4",
    "value": -43.468
  },
  {
    "name": "net_income",
    "year": "2019Q1",
    "value": -16.06
  },
  {
    "name": "net_income",
    "year": "2019Q2",
    "value": 52.39
  },
  {
    "name": "net_income",
    "year": "2019Q3",
    "value": 5.91
  },
  {
    "name": "net_income",
    "year": "2019Q4",
    "value": -15.576
  },
  {
    "name": "net_income",
    "year": "2020Q1",
    "value": -7.482
  },
  {
    "name": "net_income",
    "year": "2020Q2",
    "value": -1.3
  },
  {
    "name": "net_income",
    "year": "2020Q3",
    "value": 3.35
  },
  {
    "name": "net_income",
    "year": "2020Q4",
    "value": 17.692
  },
  {
    "name": "net_income",
    "year": "2021Q1",
    "value": 15.7
  },
  {
    "name": "net_income",
    "year": "2021Q2",
    "value": 31.3
  },
  {
    "name": "net_income",
    "year": "2021Q3",
    "value": 16.7
  },
  {
    "name": "net_income",
    "year": "2021Q4",
    "value": null
  },
  {
    "name": "net_income",
    "year": "2022Q2",
    "value": 84.1
  },
  {
    "name": "net_income",
    "year": "2022Q3",
    "value": 10.8
  },
  {
    "name": "net_income",
    "year": "2022Q4",
    "value": -12.07
  },
  {
    "name": "net_income",
    "year": "2023Q1",
    "value": 22.3
  },
  {
    "name": "net_income",
    "year": "2023Q2",
    "value": 21.8
  },
  {
    "name": "net_income",
    "year": "2023Q3",
    "value": 43.76
  },
  {
    "name": "net_income",
    "year": "2023Q4",
    "value": -4.46
  },
  {
    "name": "net_income",
    "year": "2024Q1",
    "value": 20.46
  },
  {
    "name": "opex",
    "year": "2022Q2",
    "value": 8.5
  },
  {
    "name": "opex",
    "year": "2022Q3",
    "value": 3.7
  },
  {
    "name": "opex",
    "year": "2022Q4",
    "value": 4.28
  },
  {
    "name": "opex",
    "year": "2023Q1",
    "value": 4.11
  },
  {
    "name": "opex",
    "year": "2023Q2",
    "value": 4.19
  },
  {
    "name": "opex",
    "year": "2023Q3",
    "value": 4.14
  },
  {
    "name": "opex",
    "year": "2023Q4",
    "value": 6.56
  },
  {
    "name": "opex",
    "year": "2024Q1",
    "value": 8.65
  },
  {
    "name": "cost_of_production",
    "year": "2016Q1",
    "value": 24.115
  },
  {
    "name": "cost_of_production",
    "year": "2016Q2",
    "value": 21.87
  },
  {
    "name": "cost_of_production",
    "year": "2016Q3",
    "value": 21.6
  },
  {
    "name": "cost_of_production",
    "year": "2016Q4",
    "value": null
  },
  {
    "name": "cost_of_production",
    "year": "2017Q1",
    "value": 33.44
  },
  {
    "name": "cost_of_production",
    "year": "2017Q2",
    "value": 25.685
  },
  {
    "name": "cost_of_production",
    "year": "2017Q3",
    "value": 19.922
  },
  {
    "name": "cost_of_production",
    "year": "2017Q4",
    "value": 20.387
  },
  {
    "name": "cost_of_production",
    "year": "2018Q1",
    "value": 34.508
  },
  {
    "name": "cost_of_production",
    "year": "2018Q2",
    "value": 23.193
  },
  {
    "name": "cost_of_production",
    "year": "2018Q3",
    "value": 22.34
  },
  {
    "name": "cost_of_production",
    "year": "2018Q4",
    "value": 20.616
  },
  {
    "name": "cost_of_production",
    "year": "2019Q1",
    "value": 26.86
  },
  {
    "name": "cost_of_production",
    "year": "2019Q2",
    "value": 23.81
  },
  {
    "name": "cost_of_production",
    "year": "2019Q3",
    "value": 17.67
  },
  {
    "name": "cost_of_production",
    "year": "2019Q4",
    "value": 22.036
  },
  {
    "name": "cost_of_production",
    "year": "2020Q1",
    "value": 23.492
  },
  {
    "name": "cost_of_production",
    "year": "2020Q2",
    "value": 5.23
  },
  {
    "name": "cost_of_production",
    "year": "2020Q3",
    "value": 11.34
  },
  {
    "name": "cost_of_production",
    "year": "2020Q4",
    "value": 51.338
  },
  {
    "name": "cost_of_production",
    "year": "2021Q1",
    "value": 42.4
  },
  {
    "name": "cost_of_production",
    "year": "2021Q2",
    "value": 39.0
  },
  {
    "name": "cost_of_production",
    "year": "2021Q3",
    "value": 34.12
  },
  {
    "name": "cost_of_production",
    "year": "2021Q4",
    "value": null
  },
  {
    "name": "cost_of_production",
    "year": "2022Q2",
    "value": 80.36
  },
  {
    "name": "cost_of_production",
    "year": "2022Q3",
    "value": 31.6
  },
  {
    "name": "cost_of_production",
    "year": "2022Q4",
    "value": 29.04
  },
  {
    "name": "cost_of_production",
    "year": "2023Q1",
    "value": 44.9
  },
  {
    "name": "cost_of_production",
    "year": "2023Q2",
    "value": 47.57
  },
  {
    "name": "cost_of_production",
    "year": "2023Q3",
    "value": 37.9
  },
  {
    "name": "cost_of_production",
    "year": "2023Q4",
    "value": 23.23
  },
  {
    "name": "cost_of_production",
    "year": "2024Q1",
    "value": 61.56
  },
  {
    "name": "assets",
    "year": "2018Q4",
    "value": 530.2
  },
  {
    "name": "assets",
    "year": "2019Q1",
    "value": null
  },
  {
    "name": "assets",
    "year": "2019Q2",
    "value": null
  },
  {
    "name": "assets",
    "year": "2019Q3",
    "value": null
  },
  {
    "name": "assets",
    "year": "2019Q4",
    "value": 509.4
  },
  {
    "name": "assets",
    "year": "2020Q1",
    "value": null
  },
  {
    "name": "assets",
    "year": "2020Q2",
    "value": null
  },
  {
    "name": "assets",
    "year": "2020Q3",
    "value": null
  },
  {
    "name": "assets",
    "year": "2020Q4",
    "value": 636.64
  },
  {
    "name": "assets",
    "year": "2021Q1",
    "value": null
  },
  {
    "name": "assets",
    "year": "2021Q2",
    "value": 652.6
  },
  {
    "name": "assets",
    "year": "2021Q3",
    "value": 607.0
  },
  {
    "name": "assets",
    "year": "2021Q4",
    "value": 530.46
  },
  {
    "name": "assets",
    "year": "2022Q2",
    "value": null
  },
  {
    "name": "assets",
    "year": "2022Q3",
    "value": null
  },
  {
    "name": "assets",
    "year": "2022Q4",
    "value": 604.7
  },
  {
    "name": "assets",
    "year": "2023Q1",
    "value": null
  },
  {
    "name": "assets",
    "year": "2023Q2",
    "value": 662.0
  },
  {
    "name": "assets",
    "year": "2023Q3",
    "value": 711.3
  },
  {
    "name": "assets",
    "year": "2023Q4",
    "value": 673.0
  },
  {
    "name": "assets",
    "year": "2024Q1",
    "value": 706.1
  },
  {
    "name": "net_assets",
    "year": "2018Q4",
    "value": 333.1
  },
  {
    "name": "net_assets",
    "year": "2019Q1",
    "value": null
  },
  {
    "name": "net_assets",
    "year": "2019Q2",
    "value": null
  },
  {
    "name": "net_assets",
    "year": "2019Q3",
    "value": null
  },
  {
    "name": "net_assets",
    "year": "2019Q4",
    "value": 301.2
  },
  {
    "name": "net_assets",
    "year": "2020Q1",
    "value": null
  },
  {
    "name": "net_assets",
    "year": "2020Q2",
    "value": null
  },
  {
    "name": "net_assets",
    "year": "2020Q3",
    "value": null
  },
  {
    "name": "net_assets",
    "year": "2020Q4",
    "value": 311.2
  },
  {
    "name": "net_assets",
    "year": "2021Q1",
    "value": null
  },
  {
    "name": "net_assets",
    "year": "2021Q2",
    "value": 288.0
  },
  {
    "name": "net_assets",
    "year": "2021Q3",
    "value": 240.0
  },
  {
    "name": "net_assets",
    "year": "2021Q4",
    "value": 280.0
  },
  {
    "name": "net_assets",
    "year": "2022Q2",
    "value": null
  },
  {
    "name": "net_assets",
    "year": "2022Q3",
    "value": null
  },
  {
    "name": "net_assets",
    "year": "2022Q4",
    "value": 363.0
  },
  {
    "name": "net_assets",
    "year": "2023Q1",
    "value": null
  },
  {
    "name": "net_assets",
    "year": "2023Q2",
    "value": 407.1
  },
  {
    "name": "net_assets",
    "year": "2023Q3",
    "value": 423.1
  },
  {
    "name": "net_assets",
    "year": "2023Q4",
    "value": 418.6
  },
  {
    "name": "net_assets",
    "year": "2024Q1",
    "value": 439.0
  },
  {
    "name": "debt",
    "year": "2018Q4",
    "value": 116.6
  },
  {
    "name": "debt",
    "year": "2019Q1",
    "value": null
  },
  {
    "name": "debt",
    "year": "2019Q2",
    "value": null
  },
  {
    "name": "debt",
    "year": "2019Q3",
    "value": null
  },
  {
    "name": "debt",
    "year": "2019Q4",
    "value": 133.2
  },
  {
    "name": "debt",
    "year": "2020Q1",
    "value": null
  },
  {
    "name": "debt",
    "year": "2020Q2",
    "value": null
  },
  {
    "name": "debt",
    "year": "2020Q3",
    "value": null
  },
  {
    "name": "debt",
    "year": "2020Q4",
    "value": 225.0
  },
  {
    "name": "debt",
    "year": "2021Q1",
    "value": null
  },
  {
    "name": "debt",
    "year": "2021Q2",
    "value": 207.3
  },
  {
    "name": "debt",
    "year": "2021Q3",
    "value": 212.66
  },
  {
    "name": "debt",
    "year": "2021Q4",
    "value": 151.3
  },
  {
    "name": "debt",
    "year": "2022Q2",
    "value": null
  },
  {
    "name": "debt",
    "year": "2022Q3",
    "value": null
  },
  {
    "name": "debt",
    "year": "2022Q4",
    "value": 129.0
  },
  {
    "name": "debt",
    "year": "2023Q1",
    "value": null
  },
  {
    "name": "debt",
    "year": "2023Q2",
    "value": 152.7
  },
  {
    "name": "debt",
    "year": "2023Q3",
    "value": 155.2
  },
  {
    "name": "debt",
    "year": "2023Q4",
    "value": 150.0
  },
  {
    "name": "debt",
    "year": "2024Q1",
    "value": 158.9
  },
  {
    "name": "cash",
    "year": "2018Q4",
    "value": 45.86
  },
  {
    "name": "cash",
    "year": "2019Q1",
    "value": null
  },
  {
    "name": "cash",
    "year": "2019Q2",
    "value": null
  },
  {
    "name": "cash",
    "year": "2019Q3",
    "value": null
  },
  {
    "name": "cash",
    "year": "2019Q4",
    "value": 74.4
  },
  {
    "name": "cash",
    "year": "2020Q1",
    "value": null
  },
  {
    "name": "cash",
    "year": "2020Q2",
    "value": null
  },
  {
    "name": "cash",
    "year": "2020Q3",
    "value": null
  },
  {
    "name": "cash",
    "year": "2020Q4",
    "value": 179.0
  },
  {
    "name": "cash",
    "year": "2021Q1",
    "value": null
  },
  {
    "name": "cash",
    "year": "2021Q2",
    "value": 202.0
  },
  {
    "name": "cash",
    "year": "2021Q3",
    "value": 165.45
  },
  {
    "name": "cash",
    "year": "2021Q4",
    "value": 60.7
  },
  {
    "name": "cash",
    "year": "2022Q2",
    "value": null
  },
  {
    "name": "cash",
    "year": "2022Q3",
    "value": null
  },
  {
    "name": "cash",
    "year": "2022Q4",
    "value": 95.0
  },
  {
    "name": "cash",
    "year": "2023Q1",
    "value": null
  },
  {
    "name": "cash",
    "year": "2023Q2",
    "value": 134.6
  },
  {
    "name": "cash",
    "year": "2023Q3",
    "value": 158.6
  },
  {
    "name": "cash",
    "year": "2023Q4",
    "value": 106.0
  },
  {
    "name": "cash",
    "year": "2024Q1",
    "value": 160.3
  },
  {
    "name": "net_debt",
    "year": "2015Q4",
    "value": 0.0
  },
  {
    "name": "net_debt",
    "year": "2016Q1",
    "value": 0.0
  },
  {
    "name": "net_debt",
    "year": "2016Q2",
    "value": 0.0
  },
  {
    "name": "net_debt",
    "year": "2016Q3",
    "value": 0.0
  },
  {
    "name": "net_debt",
    "year": "2016Q4",
    "value": 0.0
  },
  {
    "name": "net_debt",
    "year": "2017Q1",
    "value": 0.0
  },
  {
    "name": "net_debt",
    "year": "2017Q2",
    "value": 0.0
  },
  {
    "name": "net_debt",
    "year": "2017Q3",
    "value": 0.0
  },
  {
    "name": "net_debt",
    "year": "2017Q4",
    "value": 0.0
  },
  {
    "name": "net_debt",
    "year": "2018Q1",
    "value": 0.0
  },
  {
    "name": "net_debt",
    "year": "2018Q2",
    "value": 0.0
  },
  {
    "name": "net_debt",
    "year": "2018Q3",
    "value": 0.0
  },
  {
    "name": "net_debt",
    "year": "2018Q4",
    "value": 70.74
  },
  {
    "name": "net_debt",
    "year": "2019Q1",
    "value": 0.0
  },
  {
    "name": "net_debt",
    "year": "2019Q2",
    "value": 0.0
  },
  {
    "name": "net_debt",
    "year": "2019Q3",
    "value": 0.0
  },
  {
    "name": "net_debt",
    "year": "2019Q4",
    "value": 58.8
  },
  {
    "name": "net_debt",
    "year": "2020Q1",
    "value": 0.0
  },
  {
    "name": "net_debt",
    "year": "2020Q2",
    "value": 0.0
  },
  {
    "name": "net_debt",
    "year": "2020Q3",
    "value": 0.0
  },
  {
    "name": "net_debt",
    "year": "2020Q4",
    "value": 46.0
  },
  {
    "name": "net_debt",
    "year": "2021Q1",
    "value": 0.0
  },
  {
    "name": "net_debt",
    "year": "2021Q2",
    "value": 5.3
  },
  {
    "name": "net_debt",
    "year": "2021Q3",
    "value": 47.21
  },
  {
    "name": "net_debt",
    "year": "2021Q4",
    "value": 90.6
  },
  {
    "name": "net_debt",
    "year": "2022Q2",
    "value": 0.0
  },
  {
    "name": "net_debt",
    "year": "2022Q3",
    "value": 0.0
  },
  {
    "name": "net_debt",
    "year": "2022Q4",
    "value": 34.0
  },
  {
    "name": "net_debt",
    "year": "2023Q1",
    "value": 0.0
  },
  {
    "name": "net_debt",
    "year": "2023Q2",
    "value": 18.1
  },
  {
    "name": "net_debt",
    "year": "2023Q3",
    "value": -3.4
  },
  {
    "name": "net_debt",
    "year": "2023Q4",
    "value": 44.0
  },
  {
    "name": "net_debt",
    "year": "2024Q1",
    "value": -1.4
  },
  {
    "name": "common_share",
    "year": "2015Q4",
    "value": 56.0
  },
  {
    "name": "common_share",
    "year": "2016Q1",
    "value": 70.0
  },
  {
    "name": "common_share",
    "year": "2016Q2",
    "value": 69.29
  },
  {
    "name": "common_share",
    "year": "2016Q3",
    "value": 86.6
  },
  {
    "name": "common_share",
    "year": "2016Q4",
    "value": 97.0
  },
  {
    "name": "common_share",
    "year": "2017Q1",
    "value": 91.01
  },
  {
    "name": "common_share",
    "year": "2017Q2",
    "value": 86.55
  },
  {
    "name": "common_share",
    "year": "2017Q3",
    "value": 82.3
  },
  {
    "name": "common_share",
    "year": "2017Q4",
    "value": 75.06
  },
  {
    "name": "common_share",
    "year": "2018Q1",
    "value": 92.0
  },
  {
    "name": "common_share",
    "year": "2018Q2",
    "value": 100.0
  },
  {
    "name": "common_share",
    "year": "2018Q3",
    "value": 106.79
  },
  {
    "name": "common_share",
    "year": "2018Q4",
    "value": 98.62
  },
  {
    "name": "common_share",
    "year": "2019Q1",
    "value": 92.42
  },
  {
    "name": "common_share",
    "year": "2019Q2",
    "value": 86.04
  },
  {
    "name": "common_share",
    "year": "2019Q3",
    "value": 74.5
  },
  {
    "name": "common_share",
    "year": "2019Q4",
    "value": 84.32
  },
  {
    "name": "common_share",
    "year": "2020Q1",
    "value": 63.89
  },
  {
    "name": "common_share",
    "year": "2020Q2",
    "value": 64.71
  },
  {
    "name": "common_share",
    "year": "2020Q3",
    "value": 73.89
  },
  {
    "name": "common_share",
    "year": "2020Q4",
    "value": 98.78
  },
  {
    "name": "common_share",
    "year": "2021Q1",
    "value": 106.34
  },
  {
    "name": "common_share",
    "year": "2021Q2",
    "value": 134.17
  },
  {
    "name": "common_share",
    "year": "2021Q3",
    "value": 132.86
  },
  {
    "name": "common_share",
    "year": "2021Q4",
    "value": 122.51
  },
  {
    "name": "common_share",
    "year": "2022Q2",
    "value": 67.94
  },
  {
    "name": "common_share",
    "year": "2022Q3",
    "value": 59.21
  },
  {
    "name": "common_share",
    "year": "2022Q4",
    "value": 58.8
  },
  {
    "name": "common_share",
    "year": "2023Q1",
    "value": 65.95
  },
  {
    "name": "common_share",
    "year": "2023Q2",
    "value": 70.4
  },
  {
    "name": "common_share",
    "year": "2023Q3",
    "value": 73.82
  },
  {
    "name": "common_share",
    "year": "2023Q4",
    "value": 69.63
  },
  {
    "name": "common_share",
    "year": "2024Q1",
    "value": 79.09
  },
  {
    "name": "number_of_shares",
    "year": "2015Q4",
    "value": 7364.966
  },
  {
    "name": "number_of_shares",
    "year": "2016Q1",
    "value": 7364.966
  },
  {
    "name": "number_of_shares",
    "year": "2016Q2",
    "value": 7364.966
  },
  {
    "name": "number_of_shares",
    "year": "2016Q3",
    "value": 7364.966
  },
  {
    "name": "number_of_shares",
    "year": "2016Q4",
    "value": 7364.966
  },
  {
    "name": "number_of_shares",
    "year": "2017Q1",
    "value": 7364.966
  },
  {
    "name": "number_of_shares",
    "year": "2017Q2",
    "value": 7364.966
  },
  {
    "name": "number_of_shares",
    "year": "2017Q3",
    "value": 7364.966
  },
  {
    "name": "number_of_shares",
    "year": "2017Q4",
    "value": 7364.966
  },
  {
    "name": "number_of_shares",
    "year": "2018Q1",
    "value": 7364.966
  },
  {
    "name": "number_of_shares",
    "year": "2018Q2",
    "value": 7364.966
  },
  {
    "name": "number_of_shares",
    "year": "2018Q3",
    "value": 7364.966
  },
  {
    "name": "number_of_shares",
    "year": "2018Q4",
    "value": 7364.966
  },
  {
    "name": "number_of_shares",
    "year": "2019Q1",
    "value": 7364.966
  },
  {
    "name": "number_of_shares",
    "year": "2019Q2",
    "value": 7364.966
  },
  {
    "name": "number_of_shares",
    "year": "2019Q3",
    "value": 7364.966
  },
  {
    "name": "number_of_shares",
    "year": "2019Q4",
    "value": 7364.966
  },
  {
    "name": "number_of_shares",
    "year": "2020Q1",
    "value": 7364.966
  },
  {
    "name": "number_of_shares",
    "year": "2020Q2",
    "value": 7364.966
  },
  {
    "name": "number_of_shares",
    "year": "2020Q3",
    "value": 7364.966
  },
  {
    "name": "number_of_shares",
    "year": "2020Q4",
    "value": 7364.966
  },
  {
    "name": "number_of_shares",
    "year": "2021Q1",
    "value": 7364.966
  },
  {
    "name": "number_of_shares",
    "year": "2021Q2",
    "value": 7364.966
  },
  {
    "name": "number_of_shares",
    "year": "2021Q3",
    "value": 7364.966
  },
  {
    "name": "number_of_shares",
    "year": "2021Q4",
    "value": 7364.966
  },
  {
    "name": "number_of_shares",
    "year": "2022Q2",
    "value": 7364.966
  },
  {
    "name": "number_of_shares",
    "year": "2022Q3",
    "value": 7364.966
  },
  {
    "name": "number_of_shares",
    "year": "2022Q4",
    "value": 7364.966
  },
  {
    "name": "number_of_shares",
    "year": "2023Q1",
    "value": 7364.966
  },
  {
    "name": "number_of_shares",
    "year": "2023Q2",
    "value": 7364.966
  },
  {
    "name": "number_of_shares",
    "year": "2023Q3",
    "value": 7364.966
  },
  {
    "name": "number_of_shares",
    "year": "2023Q4",
    "value": 7364.966
  },
  {
    "name": "number_of_shares",
    "year": "2024Q1",
    "value": 7364.966
  },
  {
    "name": "market_cap",
    "year": "2015Q4",
    "value": 412.438096
  },
  {
    "name": "market_cap",
    "year": "2016Q1",
    "value": 515.54762
  },
  {
    "name": "market_cap",
    "year": "2016Q2",
    "value": 510.31849414
  },
  {
    "name": "market_cap",
    "year": "2016Q3",
    "value": 637.8060556
  },
  {
    "name": "market_cap",
    "year": "2016Q4",
    "value": 714.401702
  },
  {
    "name": "market_cap",
    "year": "2017Q1",
    "value": 670.28555566
  },
  {
    "name": "market_cap",
    "year": "2017Q2",
    "value": 637.4378073
  },
  {
    "name": "market_cap",
    "year": "2017Q3",
    "value": 606.1367018
  },
  {
    "name": "market_cap",
    "year": "2017Q4",
    "value": 552.81434796
  },
  {
    "name": "market_cap",
    "year": "2018Q1",
    "value": 677.576872
  },
  {
    "name": "market_cap",
    "year": "2018Q2",
    "value": 736.4966
  },
  {
    "name": "market_cap",
    "year": "2018Q3",
    "value": 786.50471914
  },
  {
    "name": "market_cap",
    "year": "2018Q4",
    "value": 726.33294692
  },
  {
    "name": "market_cap",
    "year": "2019Q1",
    "value": 680.67015772
  },
  {
    "name": "market_cap",
    "year": "2019Q2",
    "value": 633.68167464
  },
  {
    "name": "market_cap",
    "year": "2019Q3",
    "value": 548.689967
  },
  {
    "name": "market_cap",
    "year": "2019Q4",
    "value": 621.01393312
  },
  {
    "name": "market_cap",
    "year": "2020Q1",
    "value": 470.54767774
  },
  {
    "name": "market_cap",
    "year": "2020Q2",
    "value": 476.58694986
  },
  {
    "name": "market_cap",
    "year": "2020Q3",
    "value": 544.19733774
  },
  {
    "name": "market_cap",
    "year": "2020Q4",
    "value": 727.51134148
  },
  {
    "name": "market_cap",
    "year": "2021Q1",
    "value": 783.19048444
  },
  {
    "name": "market_cap",
    "year": "2021Q2",
    "value": 988.15748822
  },
  {
    "name": "market_cap",
    "year": "2021Q3",
    "value": 978.50938276
  },
  {
    "name": "market_cap",
    "year": "2021Q4",
    "value": 902.28198466
  },
  {
    "name": "market_cap",
    "year": "2022Q2",
    "value": 500.37579004
  },
  {
    "name": "market_cap",
    "year": "2022Q3",
    "value": 436.07963686
  },
  {
    "name": "market_cap",
    "year": "2022Q4",
    "value": 433.0600008
  },
  {
    "name": "market_cap",
    "year": "2023Q1",
    "value": 485.7195077
  },
  {
    "name": "market_cap",
    "year": "2023Q2",
    "value": 518.4936064
  },
  {
    "name": "market_cap",
    "year": "2023Q3",
    "value": 543.68179012
  },
  {
    "name": "market_cap",
    "year": "2023Q4",
    "value": 512.82258258
  },
  {
    "name": "market_cap",
    "year": "2024Q1",
    "value": 582.49516094
  },
  {
    "name": "ev",
    "year": "2015Q4",
    "value": 412.438096
  },
  {
    "name": "ev",
    "year": "2016Q1",
    "value": 515.54762
  },
  {
    "name": "ev",
    "year": "2016Q2",
    "value": 510.31849414
  },
  {
    "name": "ev",
    "year": "2016Q3",
    "value": 637.8060556
  },
  {
    "name": "ev",
    "year": "2016Q4",
    "value": 714.401702
  },
  {
    "name": "ev",
    "year": "2017Q1",
    "value": 670.28555566
  },
  {
    "name": "ev",
    "year": "2017Q2",
    "value": 637.4378073
  },
  {
    "name": "ev",
    "year": "2017Q3",
    "value": 606.1367018
  },
  {
    "name": "ev",
    "year": "2017Q4",
    "value": 552.81434796
  },
  {
    "name": "ev",
    "year": "2018Q1",
    "value": 677.576872
  },
  {
    "name": "ev",
    "year": "2018Q2",
    "value": 736.4966
  },
  {
    "name": "ev",
    "year": "2018Q3",
    "value": 786.50471914
  },
  {
    "name": "ev",
    "year": "2018Q4",
    "value": 797.07294692
  },
  {
    "name": "ev",
    "year": "2019Q1",
    "value": 680.67015772
  },
  {
    "name": "ev",
    "year": "2019Q2",
    "value": 633.68167464
  },
  {
    "name": "ev",
    "year": "2019Q3",
    "value": 548.689967
  },
  {
    "name": "ev",
    "year": "2019Q4",
    "value": 679.81393312
  },
  {
    "name": "ev",
    "year": "2020Q1",
    "value": 470.54767774
  },
  {
    "name": "ev",
    "year": "2020Q2",
    "value": 476.58694986
  },
  {
    "name": "ev",
    "year": "2020Q3",
    "value": 544.19733774
  },
  {
    "name": "ev",
    "year": "2020Q4",
    "value": 773.51134148
  },
  {
    "name": "ev",
    "year": "2021Q1",
    "value": 783.19048444
  },
  {
    "name": "ev",
    "year": "2021Q2",
    "value": 993.45748822
  },
  {
    "name": "ev",
    "year": "2021Q3",
    "value": 1025.71938276
  },
  {
    "name": "ev",
    "year": "2021Q4",
    "value": 992.88198466
  },
  {
    "name": "ev",
    "year": "2022Q2",
    "value": 500.37579004
  },
  {
    "name": "ev",
    "year": "2022Q3",
    "value": 436.07963686
  },
  {
    "name": "ev",
    "year": "2022Q4",
    "value": 467.0600008
  },
  {
    "name": "ev",
    "year": "2023Q1",
    "value": 485.7195077
  },
  {
    "name": "ev",
    "year": "2023Q2",
    "value": 536.5936064
  },
  {
    "name": "ev",
    "year": "2023Q3",
    "value": 540.28179012
  },
  {
    "name": "ev",
    "year": "2023Q4",
    "value": 556.82258258
  },
  {
    "name": "ev",
    "year": "2024Q1",
    "value": 581.09516094
  },
  {
    "name": "book_value",
    "year": "2015Q4",
    "value": 0.0
  },
  {
    "name": "book_value",
    "year": "2016Q1",
    "value": 0.0
  },
  {
    "name": "book_value",
    "year": "2016Q2",
    "value": 0.0
  },
  {
    "name": "book_value",
    "year": "2016Q3",
    "value": 0.0
  },
  {
    "name": "book_value",
    "year": "2016Q4",
    "value": 0.0
  },
  {
    "name": "book_value",
    "year": "2017Q1",
    "value": 0.0
  },
  {
    "name": "book_value",
    "year": "2017Q2",
    "value": 0.0
  },
  {
    "name": "book_value",
    "year": "2017Q3",
    "value": 0.0
  },
  {
    "name": "book_value",
    "year": "2017Q4",
    "value": 0.0
  },
  {
    "name": "book_value",
    "year": "2018Q1",
    "value": 0.0
  },
  {
    "name": "book_value",
    "year": "2018Q2",
    "value": 0.0
  },
  {
    "name": "book_value",
    "year": "2018Q3",
    "value": 0.0
  },
  {
    "name": "book_value",
    "year": "2018Q4",
    "value": 333.1
  },
  {
    "name": "book_value",
    "year": "2019Q1",
    "value": 0.0
  },
  {
    "name": "book_value",
    "year": "2019Q2",
    "value": 0.0
  },
  {
    "name": "book_value",
    "year": "2019Q3",
    "value": 0.0
  },
  {
    "name": "book_value",
    "year": "2019Q4",
    "value": 301.2
  },
  {
    "name": "book_value",
    "year": "2020Q1",
    "value": 0.0
  },
  {
    "name": "book_value",
    "year": "2020Q2",
    "value": 0.0
  },
  {
    "name": "book_value",
    "year": "2020Q3",
    "value": 0.0
  },
  {
    "name": "book_value",
    "year": "2020Q4",
    "value": 311.2
  },
  {
    "name": "book_value",
    "year": "2021Q1",
    "value": 0.0
  },
  {
    "name": "book_value",
    "year": "2021Q2",
    "value": 288.0
  },
  {
    "name": "book_value",
    "year": "2021Q3",
    "value": 240.0
  },
  {
    "name": "book_value",
    "year": "2021Q4",
    "value": 280.0
  },
  {
    "name": "book_value",
    "year": "2022Q2",
    "value": 0.0
  },
  {
    "name": "book_value",
    "year": "2022Q3",
    "value": 0.0
  },
  {
    "name": "book_value",
    "year": "2022Q4",
    "value": 363.0
  },
  {
    "name": "book_value",
    "year": "2023Q1",
    "value": 0.0
  },
  {
    "name": "book_value",
    "year": "2023Q2",
    "value": 407.1
  },
  {
    "name": "book_value",
    "year": "2023Q3",
    "value": 423.1
  },
  {
    "name": "book_value",
    "year": "2023Q4",
    "value": 418.6
  },
  {
    "name": "book_value",
    "year": "2024Q1",
    "value": 439.0
  },
  {
    "name": "eps",
    "year": "2015Q4",
    "value": 0.0
  },
  {
    "name": "eps",
    "year": "2016Q1",
    "value": 5.86954508683
  },
  {
    "name": "eps",
    "year": "2016Q2",
    "value": 5.36621621878
  },
  {
    "name": "eps",
    "year": "2016Q3",
    "value": 2.73022305874
  },
  {
    "name": "eps",
    "year": "2016Q4",
    "value": 0.0
  },
  {
    "name": "eps",
    "year": "2017Q1",
    "value": 2.86505056507
  },
  {
    "name": "eps",
    "year": "2017Q2",
    "value": 3.07129727415
  },
  {
    "name": "eps",
    "year": "2017Q3",
    "value": 1.0032632873
  },
  {
    "name": "eps",
    "year": "2017Q4",
    "value": -4.65120952357
  },
  {
    "name": "eps",
    "year": "2018Q1",
    "value": 4.14842376733
  },
  {
    "name": "eps",
    "year": "2018Q2",
    "value": 2.94203666385
  },
  {
    "name": "eps",
    "year": "2018Q3",
    "value": 2.79091580328
  },
  {
    "name": "eps",
    "year": "2018Q4",
    "value": -5.90199601736
  },
  {
    "name": "eps",
    "year": "2019Q1",
    "value": -2.18059390906
  },
  {
    "name": "eps",
    "year": "2019Q2",
    "value": 7.11340690507
  },
  {
    "name": "eps",
    "year": "2019Q3",
    "value": 0.802447696296
  },
  {
    "name": "eps",
    "year": "2019Q4",
    "value": -2.11487738029
  },
  {
    "name": "eps",
    "year": "2020Q1",
    "value": -1.01589063683
  },
  {
    "name": "eps",
    "year": "2020Q2",
    "value": -0.176511337595
  },
  {
    "name": "eps",
    "year": "2020Q3",
    "value": 0.454856139187
  },
  {
    "name": "eps",
    "year": "2020Q4",
    "value": 2.40218352671
  },
  {
    "name": "eps",
    "year": "2021Q1",
    "value": 2.13171384634
  },
  {
    "name": "eps",
    "year": "2021Q2",
    "value": 4.24984989747
  },
  {
    "name": "eps",
    "year": "2021Q3",
    "value": 2.26749179833
  },
  {
    "name": "eps",
    "year": "2021Q4",
    "value": 0.0
  },
  {
    "name": "eps",
    "year": "2022Q2",
    "value": 11.4189257629
  },
  {
    "name": "eps",
    "year": "2022Q3",
    "value": 1.46640188156
  },
  {
    "name": "eps",
    "year": "2022Q4",
    "value": -1.63883988059
  },
  {
    "name": "eps",
    "year": "2023Q1",
    "value": 3.02784832951
  },
  {
    "name": "eps",
    "year": "2023Q2",
    "value": 2.95995935351
  },
  {
    "name": "eps",
    "year": "2023Q3",
    "value": 5.94164317934
  },
  {
    "name": "eps",
    "year": "2023Q4",
    "value": -0.605569665902
  },
  {
    "name": "eps",
    "year": "2024Q1",
    "value": 2.77801689784
  },
  {
    "name": "fcf_share",
    "year": "2015Q4",
    "value": 0.0
  },
  {
    "name": "fcf_share",
    "year": "2016Q1",
    "value": 0.0
  },
  {
    "name": "fcf_share",
    "year": "2016Q2",
    "value": 0.0
  },
  {
    "name": "fcf_share",
    "year": "2016Q3",
    "value": 0.0
  },
  {
    "name": "fcf_share",
    "year": "2016Q4",
    "value": 0.0
  },
  {
    "name": "fcf_share",
    "year": "2017Q1",
    "value": 0.0
  },
  {
    "name": "fcf_share",
    "year": "2017Q2",
    "value": 0.0
  },
  {
    "name": "fcf_share",
    "year": "2017Q3",
    "value": 0.0
  },
  {
    "name": "fcf_share",
    "year": "2017Q4",
    "value": 0.0
  },
  {
    "name": "fcf_share",
    "year": "2018Q1",
    "value": 0.0
  },
  {
    "name": "fcf_share",
    "year": "2018Q2",
    "value": 0.0
  },
  {
    "name": "fcf_share",
    "year": "2018Q3",
    "value": 0.0
  },
  {
    "name": "fcf_share",
    "year": "2018Q4",
    "value": 0.0
  },
  {
    "name": "fcf_share",
    "year": "2019Q1",
    "value": 0.0
  },
  {
    "name": "fcf_share",
    "year": "2019Q2",
    "value": 0.0
  },
  {
    "name": "fcf_share",
    "year": "2019Q3",
    "value": 0.0
  },
  {
    "name": "fcf_share",
    "year": "2019Q4",
    "value": 0.0
  },
  {
    "name": "fcf_share",
    "year": "2020Q1",
    "value": 0.0
  },
  {
    "name": "fcf_share",
    "year": "2020Q2",
    "value": 0.0
  },
  {
    "name": "fcf_share",
    "year": "2020Q3",
    "value": 0.0
  },
  {
    "name": "fcf_share",
    "year": "2020Q4",
    "value": 0.0
  },
  {
    "name": "fcf_share",
    "year": "2021Q1",
    "value": 0.0
  },
  {
    "name": "fcf_share",
    "year": "2021Q2",
    "value": 0.0
  },
  {
    "name": "fcf_share",
    "year": "2021Q3",
    "value": 0.0
  },
  {
    "name": "fcf_share",
    "year": "2021Q4",
    "value": 0.0
  },
  {
    "name": "fcf_share",
    "year": "2022Q2",
    "value": 0.0
  },
  {
    "name": "fcf_share",
    "year": "2022Q3",
    "value": 0.0
  },
  {
    "name": "fcf_share",
    "year": "2022Q4",
    "value": 0.0
  },
  {
    "name": "fcf_share",
    "year": "2023Q1",
    "value": 0.0
  },
  {
    "name": "fcf_share",
    "year": "2023Q2",
    "value": 0.0
  },
  {
    "name": "fcf_share",
    "year": "2023Q3",
    "value": 0.0
  },
  {
    "name": "fcf_share",
    "year": "2023Q4",
    "value": 0.0
  },
  {
    "name": "fcf_share",
    "year": "2024Q1",
    "value": 0.0
  },
  {
    "name": "bv_share",
    "year": "2015Q4",
    "value": 0.0
  },
  {
    "name": "bv_share",
    "year": "2016Q1",
    "value": 0.0
  },
  {
    "name": "bv_share",
    "year": "2016Q2",
    "value": 0.0
  },
  {
    "name": "bv_share",
    "year": "2016Q3",
    "value": 0.0
  },
  {
    "name": "bv_share",
    "year": "2016Q4",
    "value": 0.0
  },
  {
    "name": "bv_share",
    "year": "2017Q1",
    "value": 0.0
  },
  {
    "name": "bv_share",
    "year": "2017Q2",
    "value": 0.0
  },
  {
    "name": "bv_share",
    "year": "2017Q3",
    "value": 0.0
  },
  {
    "name": "bv_share",
    "year": "2017Q4",
    "value": 0.0
  },
  {
    "name": "bv_share",
    "year": "2018Q1",
    "value": 0.0
  },
  {
    "name": "bv_share",
    "year": "2018Q2",
    "value": 0.0
  },
  {
    "name": "bv_share",
    "year": "2018Q3",
    "value": 0.0
  },
  {
    "name": "bv_share",
    "year": "2018Q4",
    "value": 45.2276358099
  },
  {
    "name": "bv_share",
    "year": "2019Q1",
    "value": 0.0
  },
  {
    "name": "bv_share",
    "year": "2019Q2",
    "value": 0.0
  },
  {
    "name": "bv_share",
    "year": "2019Q3",
    "value": 0.0
  },
  {
    "name": "bv_share",
    "year": "2019Q4",
    "value": 40.8963191412
  },
  {
    "name": "bv_share",
    "year": "2020Q1",
    "value": 0.0
  },
  {
    "name": "bv_share",
    "year": "2020Q2",
    "value": 0.0
  },
  {
    "name": "bv_share",
    "year": "2020Q3",
    "value": 0.0
  },
  {
    "name": "bv_share",
    "year": "2020Q4",
    "value": 42.2540986611
  },
  {
    "name": "bv_share",
    "year": "2021Q1",
    "value": 0.0
  },
  {
    "name": "bv_share",
    "year": "2021Q2",
    "value": 39.1040501748
  },
  {
    "name": "bv_share",
    "year": "2021Q3",
    "value": 32.586708479
  },
  {
    "name": "bv_share",
    "year": "2021Q4",
    "value": 38.0178265589
  },
  {
    "name": "bv_share",
    "year": "2022Q2",
    "value": 0.0
  },
  {
    "name": "bv_share",
    "year": "2022Q3",
    "value": 0.0
  },
  {
    "name": "bv_share",
    "year": "2022Q4",
    "value": 49.2873965745
  },
  {
    "name": "bv_share",
    "year": "2023Q1",
    "value": 0.0
  },
  {
    "name": "bv_share",
    "year": "2023Q2",
    "value": 55.2752042576
  },
  {
    "name": "bv_share",
    "year": "2023Q3",
    "value": 57.4476514895
  },
  {
    "name": "bv_share",
    "year": "2023Q4",
    "value": 56.8366507055
  },
  {
    "name": "bv_share",
    "year": "2024Q1",
    "value": 59.6065209262
  },
  {
    "name": "ebitda_margin",
    "year": "2016Q1",
    "value": 0.0
  },
  {
    "name": "ebitda_margin",
    "year": "2016Q2",
    "value": 0.0
  },
  {
    "name": "ebitda_margin",
    "year": "2016Q3",
    "value": 0.0
  },
  {
    "name": "ebitda_margin",
    "year": "2016Q4",
    "value": null
  },
  {
    "name": "ebitda_margin",
    "year": "2017Q1",
    "value": 0.0
  },
  {
    "name": "ebitda_margin",
    "year": "2017Q2",
    "value": 0.0
  },
  {
    "name": "ebitda_margin",
    "year": "2017Q3",
    "value": 0.0
  },
  {
    "name": "ebitda_margin",
    "year": "2017Q4",
    "value": 0.0
  },
  {
    "name": "ebitda_margin",
    "year": "2018Q1",
    "value": 0.0
  },
  {
    "name": "ebitda_margin",
    "year": "2018Q2",
    "value": 0.0
  },
  {
    "name": "ebitda_margin",
    "year": "2018Q3",
    "value": 0.0
  },
  {
    "name": "ebitda_margin",
    "year": "2018Q4",
    "value": 0.0
  },
  {
    "name": "ebitda_margin",
    "year": "2019Q1",
    "value": 0.0
  },
  {
    "name": "ebitda_margin",
    "year": "2019Q2",
    "value": 0.0
  },
  {
    "name": "ebitda_margin",
    "year": "2019Q3",
    "value": 0.0
  },
  {
    "name": "ebitda_margin",
    "year": "2019Q4",
    "value": 0.0
  },
  {
    "name": "ebitda_margin",
    "year": "2020Q1",
    "value": 0.0
  },
  {
    "name": "ebitda_margin",
    "year": "2020Q2",
    "value": 0.0
  },
  {
    "name": "ebitda_margin",
    "year": "2020Q3",
    "value": 0.0
  },
  {
    "name": "ebitda_margin",
    "year": "2020Q4",
    "value": 0.0
  },
  {
    "name": "ebitda_margin",
    "year": "2021Q1",
    "value": 0.0
  },
  {
    "name": "ebitda_margin",
    "year": "2021Q2",
    "value": 0.0
  },
  {
    "name": "ebitda_margin",
    "year": "2021Q3",
    "value": 0.0
  },
  {
    "name": "ebitda_margin",
    "year": "2021Q4",
    "value": null
  },
  {
    "name": "ebitda_margin",
    "year": "2022Q2",
    "value": 0.0
  },
  {
    "name": "ebitda_margin",
    "year": "2022Q3",
    "value": 0.0
  },
  {
    "name": "ebitda_margin",
    "year": "2022Q4",
    "value": 0.0
  },
  {
    "name": "ebitda_margin",
    "year": "2023Q1",
    "value": 0.0
  },
  {
    "name": "ebitda_margin",
    "year": "2023Q2",
    "value": 0.0
  },
  {
    "name": "ebitda_margin",
    "year": "2023Q3",
    "value": 0.0
  },
  {
    "name": "ebitda_margin",
    "year": "2023Q4",
    "value": 0.0
  },
  {
    "name": "ebitda_margin",
    "year": "2024Q1",
    "value": 0.0
  },
  {
    "name": "net_margin",
    "year": "2016Q1",
    "value": 53.568861681799994
  },
  {
    "name": "net_margin",
    "year": "2016Q2",
    "value": 59.667557407500006
  },
  {
    "name": "net_margin",
    "year": "2016Q3",
    "value": 34.959490942
  },
  {
    "name": "net_margin",
    "year": "2016Q4",
    "value": null
  },
  {
    "name": "net_margin",
    "year": "2017Q1",
    "value": 34.126342347
  },
  {
    "name": "net_margin",
    "year": "2017Q2",
    "value": 41.891216178700006
  },
  {
    "name": "net_margin",
    "year": "2017Q3",
    "value": 15.7035683166
  },
  {
    "name": "net_margin",
    "year": "2017Q4",
    "value": -92.1925882068
  },
  {
    "name": "net_margin",
    "year": "2018Q1",
    "value": 41.833367563500005
  },
  {
    "name": "net_margin",
    "year": "2018Q2",
    "value": 41.0643217223
  },
  {
    "name": "net_margin",
    "year": "2018Q3",
    "value": 35.7329114804
  },
  {
    "name": "net_margin",
    "year": "2018Q4",
    "value": -119.16550154900001
  },
  {
    "name": "net_margin",
    "year": "2019Q1",
    "value": -32.4903904511
  },
  {
    "name": "net_margin",
    "year": "2019Q2",
    "value": 131.898288016
  },
  {
    "name": "net_margin",
    "year": "2019Q3",
    "value": 19.3074158772
  },
  {
    "name": "net_margin",
    "year": "2019Q4",
    "value": -38.4611585757
  },
  {
    "name": "net_margin",
    "year": "2020Q1",
    "value": -18.6365108227
  },
  {
    "name": "net_margin",
    "year": "2020Q2",
    "value": -17.1277997365
  },
  {
    "name": "net_margin",
    "year": "2020Q3",
    "value": 12.2486288848
  },
  {
    "name": "net_margin",
    "year": "2020Q4",
    "value": 25.4880209759
  },
  {
    "name": "net_margin",
    "year": "2021Q1",
    "value": 22.7371469949
  },
  {
    "name": "net_margin",
    "year": "2021Q2",
    "value": 40.1282051282
  },
  {
    "name": "net_margin",
    "year": "2021Q3",
    "value": 26.758532286499996
  },
  {
    "name": "net_margin",
    "year": "2021Q4",
    "value": null
  },
  {
    "name": "net_margin",
    "year": "2022Q2",
    "value": 49.6106654082
  },
  {
    "name": "net_margin",
    "year": "2022Q3",
    "value": 21.2598425197
  },
  {
    "name": "net_margin",
    "year": "2022Q4",
    "value": -38.7107119949
  },
  {
    "name": "net_margin",
    "year": "2023Q1",
    "value": 29.6030797823
  },
  {
    "name": "net_margin",
    "year": "2023Q2",
    "value": 26.161046441899998
  },
  {
    "name": "net_margin",
    "year": "2023Q3",
    "value": 55.745222929899995
  },
  {
    "name": "net_margin",
    "year": "2023Q4",
    "value": -14.007537688400001
  },
  {
    "name": "net_margin",
    "year": "2024Q1",
    "value": 20.5421686747
  },
  {
    "name": "fcf_yield",
    "year": "2015Q4",
    "value": 0.0
  },
  {
    "name": "fcf_yield",
    "year": "2016Q1",
    "value": 0.0
  },
  {
    "name": "fcf_yield",
    "year": "2016Q2",
    "value": 0.0
  },
  {
    "name": "fcf_yield",
    "year": "2016Q3",
    "value": 0.0
  },
  {
    "name": "fcf_yield",
    "year": "2016Q4",
    "value": 0.0
  },
  {
    "name": "fcf_yield",
    "year": "2017Q1",
    "value": 0.0
  },
  {
    "name": "fcf_yield",
    "year": "2017Q2",
    "value": 0.0
  },
  {
    "name": "fcf_yield",
    "year": "2017Q3",
    "value": 0.0
  },
  {
    "name": "fcf_yield",
    "year": "2017Q4",
    "value": 0.0
  },
  {
    "name": "fcf_yield",
    "year": "2018Q1",
    "value": 0.0
  },
  {
    "name": "fcf_yield",
    "year": "2018Q2",
    "value": 0.0
  },
  {
    "name": "fcf_yield",
    "year": "2018Q3",
    "value": 0.0
  },
  {
    "name": "fcf_yield",
    "year": "2018Q4",
    "value": 0.0
  },
  {
    "name": "fcf_yield",
    "year": "2019Q1",
    "value": 0.0
  },
  {
    "name": "fcf_yield",
    "year": "2019Q2",
    "value": 0.0
  },
  {
    "name": "fcf_yield",
    "year": "2019Q3",
    "value": 0.0
  },
  {
    "name": "fcf_yield",
    "year": "2019Q4",
    "value": 0.0
  },
  {
    "name": "fcf_yield",
    "year": "2020Q1",
    "value": 0.0
  },
  {
    "name": "fcf_yield",
    "year": "2020Q2",
    "value": 0.0
  },
  {
    "name": "fcf_yield",
    "year": "2020Q3",
    "value": 0.0
  },
  {
    "name": "fcf_yield",
    "year": "2020Q4",
    "value": 0.0
  },
  {
    "name": "fcf_yield",
    "year": "2021Q1",
    "value": 0.0
  },
  {
    "name": "fcf_yield",
    "year": "2021Q2",
    "value": 0.0
  },
  {
    "name": "fcf_yield",
    "year": "2021Q3",
    "value": 0.0
  },
  {
    "name": "fcf_yield",
    "year": "2021Q4",
    "value": 0.0
  },
  {
    "name": "fcf_yield",
    "year": "2022Q2",
    "value": 0.0
  },
  {
    "name": "fcf_yield",
    "year": "2022Q3",
    "value": 0.0
  },
  {
    "name": "fcf_yield",
    "year": "2022Q4",
    "value": 0.0
  },
  {
    "name": "fcf_yield",
    "year": "2023Q1",
    "value": 0.0
  },
  {
    "name": "fcf_yield",
    "year": "2023Q2",
    "value": 0.0
  },
  {
    "name": "fcf_yield",
    "year": "2023Q3",
    "value": 0.0
  },
  {
    "name": "fcf_yield",
    "year": "2023Q4",
    "value": 0.0
  },
  {
    "name": "fcf_yield",
    "year": "2024Q1",
    "value": 0.0
  },
  {
    "name": "roe",
    "year": "2018Q4",
    "value": 8.79855899129
  },
  {
    "name": "roe",
    "year": "2019Q1",
    "value": null
  },
  {
    "name": "roe",
    "year": "2019Q2",
    "value": null
  },
  {
    "name": "roe",
    "year": "2019Q3",
    "value": null
  },
  {
    "name": "roe",
    "year": "2019Q4",
    "value": 8.85258964143
  },
  {
    "name": "roe",
    "year": "2020Q1",
    "value": null
  },
  {
    "name": "roe",
    "year": "2020Q2",
    "value": null
  },
  {
    "name": "roe",
    "year": "2020Q3",
    "value": null
  },
  {
    "name": "roe",
    "year": "2020Q4",
    "value": 3.93958868895
  },
  {
    "name": "roe",
    "year": "2021Q1",
    "value": null
  },
  {
    "name": "roe",
    "year": "2021Q2",
    "value": 23.6256944444
  },
  {
    "name": "roe",
    "year": "2021Q3",
    "value": 33.9133333333
  },
  {
    "name": "roe",
    "year": "2021Q4",
    "value": 22.75
  },
  {
    "name": "roe",
    "year": "2022Q2",
    "value": null
  },
  {
    "name": "roe",
    "year": "2022Q3",
    "value": null
  },
  {
    "name": "roe",
    "year": "2022Q4",
    "value": 22.8181818182
  },
  {
    "name": "roe",
    "year": "2023Q1",
    "value": null
  },
  {
    "name": "roe",
    "year": "2023Q2",
    "value": 10.5207565709
  },
  {
    "name": "roe",
    "year": "2023Q3",
    "value": 20.765776412199997
  },
  {
    "name": "roe",
    "year": "2023Q4",
    "value": 19.9235547062
  },
  {
    "name": "roe",
    "year": "2024Q1",
    "value": 18.5785876993
  },
  {
    "name": "roa",
    "year": "2018Q4",
    "value": 5.52772538665
  },
  {
    "name": "roa",
    "year": "2019Q1",
    "value": null
  },
  {
    "name": "roa",
    "year": "2019Q2",
    "value": null
  },
  {
    "name": "roa",
    "year": "2019Q3",
    "value": null
  },
  {
    "name": "roa",
    "year": "2019Q4",
    "value": 5.2343934039999995
  },
  {
    "name": "roa",
    "year": "2020Q1",
    "value": null
  },
  {
    "name": "roa",
    "year": "2020Q2",
    "value": null
  },
  {
    "name": "roa",
    "year": "2020Q3",
    "value": null
  },
  {
    "name": "roa",
    "year": "2020Q4",
    "value": 1.92573510932
  },
  {
    "name": "roa",
    "year": "2021Q1",
    "value": null
  },
  {
    "name": "roa",
    "year": "2021Q2",
    "value": 10.426294820699999
  },
  {
    "name": "roa",
    "year": "2021Q3",
    "value": 13.4088962109
  },
  {
    "name": "roa",
    "year": "2021Q4",
    "value": 12.0084455001
  },
  {
    "name": "roa",
    "year": "2022Q2",
    "value": null
  },
  {
    "name": "roa",
    "year": "2022Q3",
    "value": null
  },
  {
    "name": "roa",
    "year": "2022Q4",
    "value": 13.697701339500002
  },
  {
    "name": "roa",
    "year": "2023Q1",
    "value": null
  },
  {
    "name": "roa",
    "year": "2023Q2",
    "value": 6.469788519640001
  },
  {
    "name": "roa",
    "year": "2023Q3",
    "value": 12.3520314916
  },
  {
    "name": "roa",
    "year": "2023Q4",
    "value": 12.3922734027
  },
  {
    "name": "roa",
    "year": "2024Q1",
    "value": 11.5507718453
  },
  {
    "name": "p_e",
    "year": "2016Q1",
    "value": 11.9259668278
  },
  {
    "name": "p_e",
    "year": "2016Q2",
    "value": 6.16691634107
  },
  {
    "name": "p_e",
    "year": "2016Q3",
    "value": 6.20078024869
  },
  {
    "name": "p_e",
    "year": "2016Q4",
    "value": 6.94544669888
  },
  {
    "name": "p_e",
    "year": "2017Q1",
    "value": 8.30270349259
  },
  {
    "name": "p_e",
    "year": "2017Q2",
    "value": 9.98664881637
  },
  {
    "name": "p_e",
    "year": "2017Q3",
    "value": 11.8594541538
  },
  {
    "name": "p_e",
    "year": "2017Q4",
    "value": 32.8001867782
  },
  {
    "name": "p_e",
    "year": "2018Q1",
    "value": 25.7575029271
  },
  {
    "name": "p_e",
    "year": "2018Q2",
    "value": 29.04853672
  },
  {
    "name": "p_e",
    "year": "2018Q3",
    "value": 20.4180872051
  },
  {
    "name": "p_e",
    "year": "2018Q4",
    "value": 24.7827537505
  },
  {
    "name": "p_e",
    "year": "2019Q1",
    "value": -39.3337276926
  },
  {
    "name": "p_e",
    "year": "2019Q2",
    "value": 47.2297588611
  },
  {
    "name": "p_e",
    "year": "2019Q3",
    "value": -446.815934039
  },
  {
    "name": "p_e",
    "year": "2019Q4",
    "value": 23.2903515272
  },
  {
    "name": "p_e",
    "year": "2020Q1",
    "value": 13.3519005091
  },
  {
    "name": "p_e",
    "year": "2020Q2",
    "value": -25.8340714365
  },
  {
    "name": "p_e",
    "year": "2020Q3",
    "value": -25.9042906388
  },
  {
    "name": "p_e",
    "year": "2020Q4",
    "value": 59.340239925
  },
  {
    "name": "p_e",
    "year": "2021Q1",
    "value": 22.0978072468
  },
  {
    "name": "p_e",
    "year": "2021Q2",
    "value": 14.5227578293
  },
  {
    "name": "p_e",
    "year": "2021Q3",
    "value": 12.0221813294
  },
  {
    "name": "p_e",
    "year": "2021Q4",
    "value": 14.1645523495
  },
  {
    "name": "p_e",
    "year": "2022Q2",
    "value": 4.96404553611
  },
  {
    "name": "p_e",
    "year": "2022Q3",
    "value": 4.59514896586
  },
  {
    "name": "p_e",
    "year": "2022Q4",
    "value": 5.22829893517
  },
  {
    "name": "p_e",
    "year": "2023Q1",
    "value": 4.62017985066
  },
  {
    "name": "p_e",
    "year": "2023Q2",
    "value": 12.1058511884
  },
  {
    "name": "p_e",
    "year": "2023Q3",
    "value": 6.18804678033
  },
  {
    "name": "p_e",
    "year": "2023Q4",
    "value": 6.1489518295
  },
  {
    "name": "p_e",
    "year": "2024Q1",
    "value": 7.14192203212
  },
  {
    "name": "p_s",
    "year": "2016Q1",
    "value": 6.38860467422
  },
  {
    "name": "p_s",
    "year": "2016Q2",
    "value": 3.47309010202
  },
  {
    "name": "p_s",
    "year": "2016Q3",
    "value": 3.11957298548
  },
  {
    "name": "p_s",
    "year": "2016Q4",
    "value": 3.494209926
  },
  {
    "name": "p_s",
    "year": "2017Q1",
    "value": 3.61170532236
  },
  {
    "name": "p_s",
    "year": "2017Q2",
    "value": 3.67723587544
  },
  {
    "name": "p_s",
    "year": "2017Q3",
    "value": 3.72132403703
  },
  {
    "name": "p_s",
    "year": "2017Q4",
    "value": 2.76353285089
  },
  {
    "name": "p_s",
    "year": "2018Q1",
    "value": 3.20758595355
  },
  {
    "name": "p_s",
    "year": "2018Q2",
    "value": 3.50694296965
  },
  {
    "name": "p_s",
    "year": "2018Q3",
    "value": 3.56720602652
  },
  {
    "name": "p_s",
    "year": "2018Q4",
    "value": 3.30448743378
  },
  {
    "name": "p_s",
    "year": "2019Q1",
    "value": 3.46931990662
  },
  {
    "name": "p_s",
    "year": "2019Q2",
    "value": 3.45988651244
  },
  {
    "name": "p_s",
    "year": "2019Q3",
    "value": 3.51190797954
  },
  {
    "name": "p_s",
    "year": "2019Q4",
    "value": 3.87508850179
  },
  {
    "name": "p_s",
    "year": "2020Q1",
    "value": 3.11672580056
  },
  {
    "name": "p_s",
    "year": "2020Q2",
    "value": 4.01015566376
  },
  {
    "name": "p_s",
    "year": "2020Q3",
    "value": 4.70820035247
  },
  {
    "name": "p_s",
    "year": "2020Q4",
    "value": 5.03468056388
  },
  {
    "name": "p_s",
    "year": "2021Q1",
    "value": 4.51659131872
  },
  {
    "name": "p_s",
    "year": "2021Q2",
    "value": 4.05293191183
  },
  {
    "name": "p_s",
    "year": "2021Q3",
    "value": 3.50879928412
  },
  {
    "name": "p_s",
    "year": "2021Q4",
    "value": 4.30765771345
  },
  {
    "name": "p_s",
    "year": "2022Q2",
    "value": 2.15744315112
  },
  {
    "name": "p_s",
    "year": "2022Q3",
    "value": 1.97930118401
  },
  {
    "name": "p_s",
    "year": "2022Q4",
    "value": 1.72190855189
  },
  {
    "name": "p_s",
    "year": "2023Q1",
    "value": 1.48615337546
  },
  {
    "name": "p_s",
    "year": "2023Q2",
    "value": 2.15464430851
  },
  {
    "name": "p_s",
    "year": "2023Q3",
    "value": 2.29246833412
  },
  {
    "name": "p_s",
    "year": "2023Q4",
    "value": 1.90640365271
  },
  {
    "name": "p_s",
    "year": "2024Q1",
    "value": 1.98620779807
  },
  {
    "name": "p_bv",
    "year": "2018Q4",
    "value": 2.18052520841
  },
  {
    "name": "p_bv",
    "year": "2019Q1",
    "value": null
  },
  {
    "name": "p_bv",
    "year": "2019Q2",
    "value": null
  },
  {
    "name": "p_bv",
    "year": "2019Q3",
    "value": null
  },
  {
    "name": "p_bv",
    "year": "2019Q4",
    "value": 2.06179924675
  },
  {
    "name": "p_bv",
    "year": "2020Q1",
    "value": null
  },
  {
    "name": "p_bv",
    "year": "2020Q2",
    "value": null
  },
  {
    "name": "p_bv",
    "year": "2020Q3",
    "value": null
  },
  {
    "name": "p_bv",
    "year": "2020Q4",
    "value": 2.33776138008
  },
  {
    "name": "p_bv",
    "year": "2021Q1",
    "value": null
  },
  {
    "name": "p_bv",
    "year": "2021Q2",
    "value": 3.43110238965
  },
  {
    "name": "p_bv",
    "year": "2021Q3",
    "value": 4.07712242817
  },
  {
    "name": "p_bv",
    "year": "2021Q4",
    "value": 3.2224356595
  },
  {
    "name": "p_bv",
    "year": "2022Q2",
    "value": null
  },
  {
    "name": "p_bv",
    "year": "2022Q3",
    "value": null
  },
  {
    "name": "p_bv",
    "year": "2022Q4",
    "value": 1.19300275702
  },
  {
    "name": "p_bv",
    "year": "2023Q1",
    "value": null
  },
  {
    "name": "p_bv",
    "year": "2023Q2",
    "value": 1.27362713437
  },
  {
    "name": "p_bv",
    "year": "2023Q3",
    "value": 1.28499595869
  },
  {
    "name": "p_bv",
    "year": "2023Q4",
    "value": 1.22508978161
  },
  {
    "name": "p_bv",
    "year": "2024Q1",
    "value": 1.32686824815
  },
  {
    "name": "employees",
    "year": "2015Q4",
    "value": 39508.0
  },
  {
    "name": "employees",
    "year": "2016Q1",
    "value": null
  },
  {
    "name": "employees",
    "year": "2016Q2",
    "value": null
  },
  {
    "name": "employees",
    "year": "2016Q3",
    "value": null
  },
  {
    "name": "employees",
    "year": "2016Q4",
    "value": 38104.0
  },
  {
    "name": "employees",
    "year": "2017Q1",
    "value": null
  },
  {
    "name": "employees",
    "year": "2017Q2",
    "value": null
  },
  {
    "name": "employees",
    "year": "2017Q3",
    "value": null
  },
  {
    "name": "employees",
    "year": "2017Q4",
    "value": 36887.0
  },
  {
    "name": "employees",
    "year": "2018Q1",
    "value": null
  },
  {
    "name": "employees",
    "year": "2018Q2",
    "value": null
  },
  {
    "name": "employees",
    "year": "2018Q3",
    "value": null
  },
  {
    "name": "employees",
    "year": "2018Q4",
    "value": 34579.0
  },
  {
    "name": "employees",
    "year": "2019Q1",
    "value": null
  },
  {
    "name": "employees",
    "year": "2019Q2",
    "value": null
  },
  {
    "name": "employees",
    "year": "2019Q3",
    "value": null
  },
  {
    "name": "employees",
    "year": "2019Q4",
    "value": 34500.0
  },
  {
    "name": "employees",
    "year": "2020Q1",
    "value": null
  },
  {
    "name": "employees",
    "year": "2020Q2",
    "value": null
  },
  {
    "name": "employees",
    "year": "2020Q3",
    "value": null
  },
  {
    "name": "employees",
    "year": "2020Q4",
    "value": 32475.0
  },
  {
    "name": "labour_productivity",
    "year": "2015Q4",
    "value": 0.0
  },
  {
    "name": "labour_productivity",
    "year": "2016Q1",
    "value": null
  },
  {
    "name": "labour_productivity",
    "year": "2016Q2",
    "value": null
  },
  {
    "name": "labour_productivity",
    "year": "2016Q3",
    "value": null
  },
  {
    "name": "labour_productivity",
    "year": "2016Q4",
    "value": 0.0
  },
  {
    "name": "labour_productivity",
    "year": "2017Q1",
    "value": null
  },
  {
    "name": "labour_productivity",
    "year": "2017Q2",
    "value": null
  },
  {
    "name": "labour_productivity",
    "year": "2017Q3",
    "value": null
  },
  {
    "name": "labour_productivity",
    "year": "2017Q4",
    "value": 1.00731965191
  },
  {
    "name": "labour_productivity",
    "year": "2018Q1",
    "value": null
  },
  {
    "name": "labour_productivity",
    "year": "2018Q2",
    "value": null
  },
  {
    "name": "labour_productivity",
    "year": "2018Q3",
    "value": null
  },
  {
    "name": "labour_productivity",
    "year": "2018Q4",
    "value": 1.05488880534
  },
  {
    "name": "labour_productivity",
    "year": "2019Q1",
    "value": null
  },
  {
    "name": "labour_productivity",
    "year": "2019Q2",
    "value": null
  },
  {
    "name": "labour_productivity",
    "year": "2019Q3",
    "value": null
  },
  {
    "name": "labour_productivity",
    "year": "2019Q4",
    "value": 1.1738550724599999
  },
  {
    "name": "labour_productivity",
    "year": "2020Q1",
    "value": null
  },
  {
    "name": "labour_productivity",
    "year": "2020Q2",
    "value": null
  },
  {
    "name": "labour_productivity",
    "year": "2020Q3",
    "value": null
  },
  {
    "name": "labour_productivity",
    "year": "2020Q4",
    "value": 2.1374287913799996
  },
  {
    "name": "expenses_per_employee",
    "year": "2015Q4",
    "value": 0.0
  },
  {
    "name": "expenses_per_employee",
    "year": "2016Q1",
    "value": null
  },
  {
    "name": "expenses_per_employee",
    "year": "2016Q2",
    "value": null
  },
  {
    "name": "expenses_per_employee",
    "year": "2016Q3",
    "value": null
  },
  {
    "name": "expenses_per_employee",
    "year": "2016Q4",
    "value": 0.0
  },
  {
    "name": "expenses_per_employee",
    "year": "2017Q1",
    "value": null
  },
  {
    "name": "expenses_per_employee",
    "year": "2017Q2",
    "value": null
  },
  {
    "name": "expenses_per_employee",
    "year": "2017Q3",
    "value": null
  },
  {
    "name": "expenses_per_employee",
    "year": "2017Q4",
    "value": 0.0
  },
  {
    "name": "expenses_per_employee",
    "year": "2018Q1",
    "value": null
  },
  {
    "name": "expenses_per_employee",
    "year": "2018Q2",
    "value": null
  },
  {
    "name": "expenses_per_employee",
    "year": "2018Q3",
    "value": null
  },
  {
    "name": "expenses_per_employee",
    "year": "2018Q4",
    "value": 0.0
  },
  {
    "name": "expenses_per_employee",
    "year": "2019Q1",
    "value": null
  },
  {
    "name": "expenses_per_employee",
    "year": "2019Q2",
    "value": null
  },
  {
    "name": "expenses_per_employee",
    "year": "2019Q3",
    "value": null
  },
  {
    "name": "expenses_per_employee",
    "year": "2019Q4",
    "value": 0.0
  },
  {
    "name": "expenses_per_employee",
    "year": "2020Q1",
    "value": null
  },
  {
    "name": "expenses_per_employee",
    "year": "2020Q2",
    "value": null
  },
  {
    "name": "expenses_per_employee",
    "year": "2020Q3",
    "value": null
  },
  {
    "name": "expenses_per_employee",
    "year": "2020Q4",
    "value": 0.0
  },
  {
    "name": "capex_revenue",
    "year": "2016Q1",
    "value": 0.0
  },
  {
    "name": "capex_revenue",
    "year": "2016Q2",
    "value": 0.0
  },
  {
    "name": "capex_revenue",
    "year": "2016Q3",
    "value": 0.0
  },
  {
    "name": "capex_revenue",
    "year": "2016Q4",
    "value": null
  },
  {
    "name": "capex_revenue",
    "year": "2017Q1",
    "value": 0.0
  },
  {
    "name": "capex_revenue",
    "year": "2017Q2",
    "value": 0.0
  },
  {
    "name": "capex_revenue",
    "year": "2017Q3",
    "value": 0.0
  },
  {
    "name": "capex_revenue",
    "year": "2017Q4",
    "value": 0.0
  },
  {
    "name": "capex_revenue",
    "year": "2018Q1",
    "value": 0.0
  },
  {
    "name": "capex_revenue",
    "year": "2018Q2",
    "value": 0.0
  },
  {
    "name": "capex_revenue",
    "year": "2018Q3",
    "value": 0.0
  },
  {
    "name": "capex_revenue",
    "year": "2018Q4",
    "value": 0.0
  },
  {
    "name": "capex_revenue",
    "year": "2019Q1",
    "value": 0.0
  },
  {
    "name": "capex_revenue",
    "year": "2019Q2",
    "value": 0.0
  },
  {
    "name": "capex_revenue",
    "year": "2019Q3",
    "value": 0.0
  },
  {
    "name": "capex_revenue",
    "year": "2019Q4",
    "value": 0.0
  },
  {
    "name": "capex_revenue",
    "year": "2020Q1",
    "value": 0.0
  },
  {
    "name": "capex_revenue",
    "year": "2020Q2",
    "value": 0.0
  },
  {
    "name": "capex_revenue",
    "year": "2020Q3",
    "value": 0.0
  },
  {
    "name": "capex_revenue",
    "year": "2020Q4",
    "value": 0.0
  },
  {
    "name": "capex_revenue",
    "year": "2021Q1",
    "value": 0.0
  },
  {
    "name": "capex_revenue",
    "year": "2021Q2",
    "value": 0.0
  },
  {
    "name": "capex_revenue",
    "year": "2021Q3",
    "value": 0.0
  },
  {
    "name": "capex_revenue",
    "year": "2021Q4",
    "value": null
  },
  {
    "name": "capex_revenue",
    "year": "2022Q2",
    "value": 0.0
  },
  {
    "name": "capex_revenue",
    "year": "2022Q3",
    "value": 0.0
  },
  {
    "name": "capex_revenue",
    "year": "2022Q4",
    "value": 0.0
  },
  {
    "name": "capex_revenue",
    "year": "2023Q1",
    "value": 0.0
  },
  {
    "name": "capex_revenue",
    "year": "2023Q2",
    "value": 0.0
  },
  {
    "name": "capex_revenue",
    "year": "2023Q3",
    "value": 0.0
  },
  {
    "name": "capex_revenue",
    "year": "2023Q4",
    "value": 0.0
  },
  {
    "name": "capex_revenue",
    "year": "2024Q1",
    "value": 0.0
  },
  {
    "name": "irr",
    "year": "2021Q2",
    "value": 3.85714
  },
  {
    "name": "irr",
    "year": "2021Q3",
    "value": 3.85714
  },
  {
    "name": "irr",
    "year": "2021Q4",
    "value": 3.85714
  },
  {
    "name": "irr",
    "year": "2022Q2",
    "value": 1.0
  },
  {
    "name": "irr",
    "year": "2022Q3",
    "value": 1.0
  },
  {
    "name": "irr",
    "year": "2022Q4",
    "value": 1.0
  },
  {
    "name": "irr",
    "year": "2023Q1",
    "value": 1.0
  },
  {
    "name": "irr",
    "year": "2023Q2",
    "value": 1.57143
  },
  {
    "name": "irr",
    "year": "2023Q3",
    "value": 1.57143
  },
  {
    "name": "irr",
    "year": "2023Q4",
    "value": 1.57143
  },
  {
    "name": "irr",
    "year": "2024Q1",
    "value": 1.57143
  },
  {
    "name": "ir_fs_quality",
    "year": "2021Q2",
    "value": 5.0
  },
  {
    "name": "ir_fs_quality",
    "year": "2021Q3",
    "value": 5.0
  },
  {
    "name": "ir_fs_quality",
    "year": "2021Q4",
    "value": 5.0
  },
  {
    "name": "ir_fs_quality",
    "year": "2022Q2",
    "value": 1.0
  },
  {
    "name": "ir_fs_quality",
    "year": "2022Q3",
    "value": 1.0
  },
  {
    "name": "ir_fs_quality",
    "year": "2022Q4",
    "value": 1.0
  },
  {
    "name": "ir_fs_quality",
    "year": "2023Q1",
    "value": 1.0
  },
  {
    "name": "ir_fs_quality",
    "year": "2023Q2",
    "value": 5.0
  },
  {
    "name": "ir_fs_quality",
    "year": "2023Q3",
    "value": 5.0
  },
  {
    "name": "ir_fs_quality",
    "year": "2023Q4",
    "value": 5.0
  },
  {
    "name": "ir_fs_quality",
    "year": "2024Q1",
    "value": 5.0
  },
  {
    "name": "ir_investor_presentations",
    "year": "2021Q2",
    "value": 5.0
  },
  {
    "name": "ir_investor_presentations",
    "year": "2021Q3",
    "value": 5.0
  },
  {
    "name": "ir_investor_presentations",
    "year": "2021Q4",
    "value": 5.0
  },
  {
    "name": "ir_investor_presentations",
    "year": "2022Q2",
    "value": 1.0
  },
  {
    "name": "ir_investor_presentations",
    "year": "2022Q3",
    "value": 1.0
  },
  {
    "name": "ir_investor_presentations",
    "year": "2022Q4",
    "value": 1.0
  },
  {
    "name": "ir_investor_presentations",
    "year": "2023Q1",
    "value": 1.0
  },
  {
    "name": "ir_investor_presentations",
    "year": "2023Q2",
    "value": 1.0
  },
  {
    "name": "ir_investor_presentations",
    "year": "2023Q3",
    "value": 1.0
  },
  {
    "name": "ir_investor_presentations",
    "year": "2023Q4",
    "value": 1.0
  },
  {
    "name": "ir_investor_presentations",
    "year": "2024Q1",
    "value": 1.0
  },
  {
    "name": "ir_annual_report",
    "year": "2021Q2",
    "value": 5.0
  },
  {
    "name": "ir_annual_report",
    "year": "2021Q3",
    "value": 5.0
  },
  {
    "name": "ir_annual_report",
    "year": "2021Q4",
    "value": 5.0
  },
  {
    "name": "ir_annual_report",
    "year": "2022Q2",
    "value": 1.0
  },
  {
    "name": "ir_annual_report",
    "year": "2022Q3",
    "value": 1.0
  },
  {
    "name": "ir_annual_report",
    "year": "2022Q4",
    "value": 1.0
  },
  {
    "name": "ir_annual_report",
    "year": "2023Q1",
    "value": 1.0
  },
  {
    "name": "ir_annual_report",
    "year": "2023Q2",
    "value": 1.0
  },
  {
    "name": "ir_annual_report",
    "year": "2023Q3",
    "value": 1.0
  },
  {
    "name": "ir_annual_report",
    "year": "2023Q4",
    "value": 1.0
  },
  {
    "name": "ir_annual_report",
    "year": "2024Q1",
    "value": 1.0
  },
  {
    "name": "ir_investor_site",
    "year": "2021Q2",
    "value": 5.0
  },
  {
    "name": "ir_investor_site",
    "year": "2021Q3",
    "value": 5.0
  },
  {
    "name": "ir_investor_site",
    "year": "2021Q4",
    "value": 5.0
  },
  {
    "name": "ir_investor_site",
    "year": "2022Q2",
    "value": 1.0
  },
  {
    "name": "ir_investor_site",
    "year": "2022Q3",
    "value": 1.0
  },
  {
    "name": "ir_investor_site",
    "year": "2022Q4",
    "value": 1.0
  },
  {
    "name": "ir_investor_site",
    "year": "2023Q1",
    "value": 1.0
  },
  {
    "name": "ir_investor_site",
    "year": "2023Q2",
    "value": 1.0
  },
  {
    "name": "ir_investor_site",
    "year": "2023Q3",
    "value": 1.0
  },
  {
    "name": "ir_investor_site",
    "year": "2023Q4",
    "value": 1.0
  },
  {
    "name": "ir_investor_site",
    "year": "2024Q1",
    "value": 1.0
  },
  {
    "name": "ir_investor_calendar",
    "year": "2021Q2",
    "value": 5.0
  },
  {
    "name": "ir_investor_calendar",
    "year": "2021Q3",
    "value": 5.0
  },
  {
    "name": "ir_investor_calendar",
    "year": "2021Q4",
    "value": 5.0
  },
  {
    "name": "ir_investor_calendar",
    "year": "2022Q2",
    "value": 1.0
  },
  {
    "name": "ir_investor_calendar",
    "year": "2022Q3",
    "value": 1.0
  },
  {
    "name": "ir_investor_calendar",
    "year": "2022Q4",
    "value": 1.0
  },
  {
    "name": "ir_investor_calendar",
    "year": "2023Q1",
    "value": 1.0
  },
  {
    "name": "ir_investor_calendar",
    "year": "2023Q2",
    "value": 1.0
  },
  {
    "name": "ir_investor_calendar",
    "year": "2023Q3",
    "value": 1.0
  },
  {
    "name": "ir_investor_calendar",
    "year": "2023Q4",
    "value": 1.0
  },
  {
    "name": "ir_investor_calendar",
    "year": "2024Q1",
    "value": 1.0
  },
  {
    "name": "ir_feedback",
    "year": "2021Q2",
    "value": 1.0
  },
  {
    "name": "ir_feedback",
    "year": "2021Q3",
    "value": 1.0
  },
  {
    "name": "ir_feedback",
    "year": "2021Q4",
    "value": 1.0
  },
  {
    "name": "ir_feedback",
    "year": "2022Q2",
    "value": 1.0
  },
  {
    "name": "ir_feedback",
    "year": "2022Q3",
    "value": 1.0
  },
  {
    "name": "ir_feedback",
    "year": "2022Q4",
    "value": 1.0
  },
  {
    "name": "ir_feedback",
    "year": "2023Q1",
    "value": 1.0
  },
  {
    "name": "ir_feedback",
    "year": "2023Q2",
    "value": 1.0
  },
  {
    "name": "ir_feedback",
    "year": "2023Q3",
    "value": 1.0
  },
  {
    "name": "ir_feedback",
    "year": "2023Q4",
    "value": 1.0
  },
  {
    "name": "ir_feedback",
    "year": "2024Q1",
    "value": 1.0
  }
]