{"date":"Дата отчета","currency":"Валюта отчета","report_url":"Финансовый отчет","presentation_url":"Презентация","net_interest_income":"Чист. проц. доходы, млрд руб","commission_income":"Чист. комисс. доход, млрд руб","interest_income_on_securities":"Доходы по цб, млрд руб","net_income":"Чистая прибыль, млрд руб","dividend_payout":"Див.выплата, млрд руб","dividend":"Дивиденд, руб/акцию","div_yield":"Див доход, ао, %","dividend_pr":"Дивиденд ап, руб/акцию","div_yield_priv":"Див доход, ап, %","div_payout_ratio":"Дивиденды/прибыль, %","opex":"Опер. расходы, млрд руб","creation_of_provision_for_loan_impairment":"Создание резервов, млрд руб","cash":"Наличность, млрд руб","net_debt":"Чистый долг, млрд руб","bank_assets":"Активы банка, млрд руб","capital":"Капитал, млрд руб","loan_portfolio":"Кредитный портфель, млрд руб","corporate_loans":"Кредиты юрлицам, млрд руб","retail_loans":"Кредиты физлицам, млрд руб","deposits":"Депозиты, млрд руб","corporate_deposits":"Депозиты юрлиц, млрд руб","retail_deposits":"Депозиты физлиц, млрд руб","provision_for_loan_impairment":"Резервы под обесценивание, млрд руб","core_capital_adequacy_ratio":"Дост.осн капитала, %","total_capital_adequacy_ratio":"Дост. общ капитала, %","cost_of_risk_ratio":"Стоимость риска, %","loan_to_deposit_ratio":"Loan-to-deposit ratio, %","share_of_non_performing_loans":"Просроченные кредиты, NPL, %","common_share":"Цена акции ао, руб","number_of_shares":"Число акций ао, млн","priv_share":"Цена акции ап, руб","number_of_priv_shares":"Число акций ап, млн","market_cap":"Капитализация, млрд руб","ev":"EV, млрд руб","eps":"EPS, руб","fcf_yield":"Доходность FCF, %","roe":"ROE, %","net_intertest_margin":"Чистая процентная маржа, %","p_e":"P/E","p_b":"P/B"}