[{"name":"date","year":"2019","value":"31.01.2020"},{"name":"date","year":"2020","value":"04.02.2021"},{"name":"date","year":"2021","value":"18.02.2022"},{"name":"date","year":"2022","value":"02.02.2024"},{"name":"date","year":"2023","value":"02.02.2024"},{"name":"date","year":"LTM\n?","value":"22.07.2024"},{"name":"currency","year":"2019","value":"RUB"},{"name":"currency","year":"2020","value":"RUB"},{"name":"currency","year":"2021","value":"RUB"},{"name":"currency","year":"2022","value":"RUB"},{"name":"currency","year":"2023","value":"RUB"},{"name":"currency","year":"LTM\n?","value":"RUB"},{"name":"report_url","year":"2019","value":"https://www.severstal.com/files/37166/_Severstal_FS_31122019_final_v4_SECURED.PDF"},{"name":"report_url","year":"2020","value":"https://www.severstal.com/files/55782/rub/_Severstal_FS_31122020_RUB_clean02.02_with%20audit%20report.pdf"},{"name":"report_url","year":"2021","value":"https://www.severstal.com/files/82395/rub/Severstal_Financial_statements_31122021_RUS_RUB.pdf"},{"name":"report_url","year":"2022","value":""},{"name":"report_url","year":"2023","value":"https://severstal.com/upload/iblock/863/2zvp3sjv27920tjkx5jkbd8w7g7izsh6/Severstal-_-Summary-FS_RUS_2023_signed.pdf"},{"name":"report_url","year":"LTM\n?","value":"https://severstal.com/upload/iblock/838/mt537vtn2vbwscvfuspg2otraijwngey/Severstal_FS_300624_RUB.pdf"},{"name":"year_report_url","year":"2019","value":"https://www.severstal.com/files/37178/Severstal_annual_report_RUS_2019.pdf"},{"name":"year_report_url","year":"2020","value":"https://www.severstal.com/files/55799/Annual_Report_2020_RUS.pdf"},{"name":"year_report_url","year":"2021","value":"https://www.severstal.com/files/82401/Annual_Report_2021_RUS.pdf"},{"name":"year_report_url","year":"2022","value":"https://www.e-disclosure.ru/portal/FileLoad.ashx?Fileid=1789153"},{"name":"year_report_url","year":"2023","value":"https://www.e-disclosure.ru/portal/FileLoad.ashx?Fileid=1833454"},{"name":"year_report_url","year":"LTM\n?","value":""},{"name":"presentation_url","year":"2019","value":"https://www.severstal.com/files/37168/Severstal%20-%20Q4%202019%20Presentation_final.pdf"},{"name":"presentation_url","year":"2020","value":"https://www.severstal.com/files/55782/Severstal%20-%20Q4%202020%20Presentation_final.pdf"},{"name":"presentation_url","year":"2021","value":"https://www.severstal.com/files/82395/Severstal-presentation-Q4_2021.pdf"},{"name":"presentation_url","year":"2022","value":""},{"name":"presentation_url","year":"2023","value":"https://severstal.com/upload/iblock/df9/25z63j2mx8p2hckfjwrpkqogpe62db3z/Press_reliz-po-finansovym-rezultatam-za-12-mes-2023-goda-RUS-final.pdf"},{"name":"presentation_url","year":"LTM\n?","value":""},{"name":"steel_production","year":"2019","value":"11.8"},{"name":"steel_production","year":"2020","value":"11.3"},{"name":"steel_production","year":"2021","value":"11.6"},{"name":"steel_production","year":"2022","value":"10.7"},{"name":"steel_production","year":"2023","value":"11.3"},{"name":"steel_production","year":"LTM\n?","value":"10.8"},{"name":"steel_products_production","year":"2019","value":"11.2"},{"name":"steel_products_production","year":"2020","value":"10.5"},{"name":"steel_products_production","year":"2021","value":"11.0"},{"name":"steel_products_production","year":"2022","value":"11.0"},{"name":"steel_products_production","year":"2023","value":"11.3"},{"name":"steel_products_production","year":"LTM\n?","value":"10.4"},{"name":"steel_sales","year":"2019","value":"11.2"},{"name":"steel_sales","year":"2020","value":"10.5"},{"name":"steel_sales","year":"2021","value":"11.1"},{"name":"steel_sales","year":"2022","value":"10.9"},{"name":"steel_sales","year":"2023","value":"10.7"},{"name":"steel_sales","year":"LTM\n?","value":"10.4"},{"name":"export_share","year":"2019","value":"35.0%"},{"name":"export_share","year":"2020","value":"39.1%"},{"name":"export_share","year":"2021","value":"47.5%"},{"name":"export_share","year":"2022","value":""},{"name":"export_share","year":"2023","value":""},{"name":"export_share","year":"LTM\n?","value":""},{"name":"steel_cash_cost","year":"2019","value":"218"},{"name":"steel_cash_cost","year":"2020","value":"182"},{"name":"steel_cash_cost","year":"2021","value":""},{"name":"steel_cash_cost","year":"2022","value":""},{"name":"steel_cash_cost","year":"2023","value":""},{"name":"steel_cash_cost","year":"LTM\n?","value":""},{"name":"steel_product_price","year":"2019","value":"618"},{"name":"steel_product_price","year":"2020","value":"537"},{"name":"steel_product_price","year":"2021","value":"962"},{"name":"steel_product_price","year":"2022","value":""},{"name":"steel_product_price","year":"2023","value":""},{"name":"steel_product_price","year":"LTM\n?","value":""},{"name":"revenue","year":"2019","value":"527.5"},{"name":"revenue","year":"2020","value":"485.8"},{"name":"revenue","year":"2021","value":"835.5"},{"name":"revenue","year":"2022","value":"682.2"},{"name":"revenue","year":"2023","value":"728.3"},{"name":"revenue","year":"LTM\n?","value":"798.0"},{"name":"operating_income","year":"2019","value":"150.6"},{"name":"operating_income","year":"2020","value":"140.2"},{"name":"operating_income","year":"2021","value":"396.4"},{"name":"operating_income","year":"2022","value":"174.8"},{"name":"operating_income","year":"2023","value":"223.7"},{"name":"operating_income","year":"LTM\n?","value":"231.1"},{"name":"ebitda","year":"2019","value":"181.4"},{"name":"ebitda","year":"2020","value":"175.6"},{"name":"ebitda","year":"2021","value":"439.7"},{"name":"ebitda","year":"2022","value":"214.3"},{"name":"ebitda","year":"2023","value":"262.2"},{"name":"ebitda","year":"LTM\n?","value":"270.3"},{"name":"net_income","year":"2019","value":"114.3"},{"name":"net_income","year":"2020","value":"74.6"},{"name":"net_income","year":"2021","value":"299.6"},{"name":"net_income","year":"2022","value":"108.4"},{"name":"net_income","year":"2023","value":"193.9"},{"name":"net_income","year":"LTM\n?","value":"171.9"},{"name":"ocf","year":"2019","value":"148.6"},{"name":"ocf","year":"2020","value":"155.3"},{"name":"ocf","year":"2021","value":"344.0"},{"name":"ocf","year":"2022","value":"217.7"},{"name":"ocf","year":"2023","value":"179.2"},{"name":"ocf","year":"LTM\n?","value":"178.8"},{"name":"capex","year":"2019","value":"74.8"},{"name":"capex","year":"2020","value":"95.3"},{"name":"capex","year":"2021","value":"85.2"},{"name":"capex","year":"2022","value":"67.9"},{"name":"capex","year":"2023","value":"72.6"},{"name":"capex","year":"LTM\n?","value":"87.6"},{"name":"fcf","year":"2019","value":"71.1"},{"name":"fcf","year":"2020","value":"61.6"},{"name":"fcf","year":"2021","value":"260.3"},{"name":"fcf","year":"2022","value":"156.7"},{"name":"fcf","year":"2023","value":"120.0"},{"name":"fcf","year":"LTM\n?","value":"117.5"},{"name":"dividend_payout","year":"2019","value":"97.1"},{"name":"dividend_payout","year":"2020","value":"97.5"},{"name":"dividend_payout","year":"2021","value":"181.9"},{"name":"dividend_payout","year":"2022","value":"0.000"},{"name":"dividend_payout","year":"2023","value":"160.4"},{"name":"dividend_payout","year":"LTM\n?","value":"218.6"},{"name":"dividend","year":"2019","value":"115.88"},{"name":"dividend","year":"2020","value":"116.3"},{"name":"dividend","year":"2021","value":"217.15"},{"name":"dividend","year":"2022","value":"0"},{"name":"dividend","year":"2023","value":"191.51"},{"name":"dividend","year":"LTM\n?","value":"260.87"},{"name":"div_yield","year":"2019","value":"12.4%"},{"name":"div_yield","year":"2020","value":"8.8%"},{"name":"div_yield","year":"2021","value":"13.5%"},{"name":"div_yield","year":"2022","value":"0.0%"},{"name":"div_yield","year":"2023","value":"13.7%"},{"name":"div_yield","year":"LTM\n?","value":"21.3%"},{"name":"div_payout_ratio","year":"2019","value":"85%"},{"name":"div_payout_ratio","year":"2020","value":"131%"},{"name":"div_payout_ratio","year":"2021","value":"61%"},{"name":"div_payout_ratio","year":"2022","value":"0%"},{"name":"div_payout_ratio","year":"2023","value":"83%"},{"name":"div_payout_ratio","year":"LTM\n?","value":"127%"},{"name":"opex","year":"2019","value":""},{"name":"opex","year":"2020","value":""},{"name":"opex","year":"2021","value":""},{"name":"opex","year":"2022","value":"83.1"},{"name":"opex","year":"2023","value":"71.8"},{"name":"opex","year":"LTM\n?","value":"54.5"},{"name":"cost_of_production","year":"2019","value":"317.4"},{"name":"cost_of_production","year":"2020","value":"283.7"},{"name":"cost_of_production","year":"2021","value":"361.7"},{"name":"cost_of_production","year":"2022","value":"404.0"},{"name":"cost_of_production","year":"2023","value":"409.4"},{"name":"cost_of_production","year":"LTM\n?","value":"463.5"},{"name":"amortization","year":"2019","value":""},{"name":"amortization","year":"2020","value":""},{"name":"amortization","year":"2021","value":""},{"name":"amortization","year":"2022","value":"36.3"},{"name":"amortization","year":"2023","value":"34.7"},{"name":"amortization","year":"LTM\n?","value":"35.1"},{"name":"employment_expenses","year":"2019","value":"67.9"},{"name":"employment_expenses","year":"2020","value":"72.5"},{"name":"employment_expenses","year":"2021","value":"81.5"},{"name":"employment_expenses","year":"2022","value":"86.7"},{"name":"employment_expenses","year":"2023","value":"86.6"},{"name":"employment_expenses","year":"LTM\n?","value":""},{"name":"interest_expenses","year":"2019","value":"7.42"},{"name":"interest_expenses","year":"2020","value":"9.57"},{"name":"interest_expenses","year":"2021","value":"10.7"},{"name":"interest_expenses","year":"2022","value":"8.22"},{"name":"interest_expenses","year":"2023","value":"12.6"},{"name":"interest_expenses","year":"LTM\n?","value":"21.7"},{"name":"assets","year":"2019","value":"509.0"},{"name":"assets","year":"2020","value":"546.4"},{"name":"assets","year":"2021","value":"644.1"},{"name":"assets","year":"2022","value":"730.0"},{"name":"assets","year":"2023","value":"994.0"},{"name":"assets","year":"LTM\n?","value":"882.6"},{"name":"net_assets","year":"2019","value":"214.4"},{"name":"net_assets","year":"2020","value":"201.6"},{"name":"net_assets","year":"2021","value":"311.6"},{"name":"net_assets","year":"2022","value":"427.4"},{"name":"net_assets","year":"2023","value":"612.7"},{"name":"net_assets","year":"LTM\n?","value":"501.7"},{"name":"debt","year":"2019","value":"164.1"},{"name":"debt","year":"2020","value":"193.0"},{"name":"debt","year":"2021","value":"134.9"},{"name":"debt","year":"2022","value":"101.6"},{"name":"debt","year":"2023","value":"163.1"},{"name":"debt","year":"LTM\n?","value":"148.7"},{"name":"cash","year":"2019","value":"66.9"},{"name":"cash","year":"2020","value":"43.1"},{"name":"cash","year":"2021","value":"31.0"},{"name":"cash","year":"2022","value":"186.2"},{"name":"cash","year":"2023","value":"373.6"},{"name":"cash","year":"LTM\n?","value":"200.1"},{"name":"net_debt","year":"2019","value":"97.2"},{"name":"net_debt","year":"2020","value":"149.9"},{"name":"net_debt","year":"2021","value":"103.9"},{"name":"net_debt","year":"2022","value":"-84.6"},{"name":"net_debt","year":"2023","value":"-210.5"},{"name":"net_debt","year":"LTM\n?","value":"-51.3"},{"name":"common_share","year":"2019","value":"937.6"},{"name":"common_share","year":"2020","value":"1 320"},{"name":"common_share","year":"2021","value":"1 606"},{"name":"common_share","year":"2022","value":"899.8"},{"name":"common_share","year":"2023","value":"1 398"},{"name":"common_share","year":"LTM\n?","value":"1 225"},{"name":"number_of_shares","year":"2019","value":"837.7"},{"name":"number_of_shares","year":"2020","value":"837.7"},{"name":"number_of_shares","year":"2021","value":"837.7"},{"name":"number_of_shares","year":"2022","value":"837.7"},{"name":"number_of_shares","year":"2023","value":"837.7"},{"name":"number_of_shares","year":"LTM\n?","value":"837.7"},{"name":"free_float","year":"2019","value":"22.0%"},{"name":"free_float","year":"2020","value":"22.0%"},{"name":"free_float","year":"2021","value":"22.0%"},{"name":"free_float","year":"2022","value":"22.0%"},{"name":"free_float","year":"2023","value":"22.0%"},{"name":"free_float","year":"LTM\n?","value":""},{"name":"market_cap","year":"2019","value":"785.4"},{"name":"market_cap","year":"2020","value":"1 105"},{"name":"market_cap","year":"2021","value":"1 345"},{"name":"market_cap","year":"2022","value":"753.8"},{"name":"market_cap","year":"2023","value":"1 171"},{"name":"market_cap","year":"LTM\n?","value":"1 026"},{"name":"ev","year":"2019","value":"882.7"},{"name":"ev","year":"2020","value":"1 255"},{"name":"ev","year":"2021","value":"1 449"},{"name":"ev","year":"2022","value":"669.2"},{"name":"ev","year":"2023","value":"961.0"},{"name":"ev","year":"LTM\n?","value":"975.0"},{"name":"book_value","year":"2019","value":"197.1"},{"name":"book_value","year":"2020","value":"183.0"},{"name":"book_value","year":"2021","value":"291.7"},{"name":"book_value","year":"2022","value":"410.5"},{"name":"book_value","year":"2023","value":"595.8"},{"name":"book_value","year":"LTM\n?","value":"480.9"},{"name":"eps","year":"2019","value":"136.4"},{"name":"eps","year":"2020","value":"89.1"},{"name":"eps","year":"2021","value":"357.6"},{"name":"eps","year":"2022","value":"129.4"},{"name":"eps","year":"2023","value":"231.4"},{"name":"eps","year":"LTM\n?","value":"205.2"},{"name":"fcf_share","year":"2019","value":"84.8"},{"name":"fcf_share","year":"2020","value":"73.5"},{"name":"fcf_share","year":"2021","value":"310.7"},{"name":"fcf_share","year":"2022","value":"187.1"},{"name":"fcf_share","year":"2023","value":"143.2"},{"name":"fcf_share","year":"LTM\n?","value":"140.2"},{"name":"bv_share","year":"2019","value":"235.3"},{"name":"bv_share","year":"2020","value":"218.5"},{"name":"bv_share","year":"2021","value":"348.2"},{"name":"bv_share","year":"2022","value":"490.0"},{"name":"bv_share","year":"2023","value":"711.2"},{"name":"bv_share","year":"LTM\n?","value":"574.0"},{"name":"ebitda_margin","year":"2019","value":"34.4%"},{"name":"ebitda_margin","year":"2020","value":"36.2%"},{"name":"ebitda_margin","year":"2021","value":"52.6%"},{"name":"ebitda_margin","year":"2022","value":"31.4%"},{"name":"ebitda_margin","year":"2023","value":"36.0%"},{"name":"ebitda_margin","year":"LTM\n?","value":"33.9%"},{"name":"net_margin","year":"2019","value":"21.7%"},{"name":"net_margin","year":"2020","value":"15.4%"},{"name":"net_margin","year":"2021","value":"35.9%"},{"name":"net_margin","year":"2022","value":"15.9%"},{"name":"net_margin","year":"2023","value":"26.6%"},{"name":"net_margin","year":"LTM\n?","value":"21.5%"},{"name":"fcf_yield","year":"2019","value":"9.0%"},{"name":"fcf_yield","year":"2020","value":"5.6%"},{"name":"fcf_yield","year":"2021","value":"19.4%"},{"name":"fcf_yield","year":"2022","value":"20.8%"},{"name":"fcf_yield","year":"2023","value":"10.2%"},{"name":"fcf_yield","year":"LTM\n?","value":"11.4%"},{"name":"roe","year":"2019","value":"53.3%"},{"name":"roe","year":"2020","value":"37.0%"},{"name":"roe","year":"2021","value":"96.2%"},{"name":"roe","year":"2022","value":"25.4%"},{"name":"roe","year":"2023","value":"31.6%"},{"name":"roe","year":"LTM\n?","value":"34.3%"},{"name":"roa","year":"2019","value":"22.4%"},{"name":"roa","year":"2020","value":"13.7%"},{"name":"roa","year":"2021","value":"46.5%"},{"name":"roa","year":"2022","value":"14.8%"},{"name":"roa","year":"2023","value":"19.5%"},{"name":"roa","year":"LTM\n?","value":"19.5%"},{"name":"p_e","year":"2019","value":"6.87"},{"name":"p_e","year":"2020","value":"14.8"},{"name":"p_e","year":"2021","value":"4.49"},{"name":"p_e","year":"2022","value":"6.96"},{"name":"p_e","year":"2023","value":"6.04"},{"name":"p_e","year":"LTM\n?","value":"5.97"},{"name":"p_fcf","year":"2019","value":"11.1"},{"name":"p_fcf","year":"2020","value":"18.0"},{"name":"p_fcf","year":"2021","value":"5.17"},{"name":"p_fcf","year":"2022","value":"4.81"},{"name":"p_fcf","year":"2023","value":"9.76"},{"name":"p_fcf","year":"LTM\n?","value":"8.74"},{"name":"p_s","year":"2019","value":"1.49"},{"name":"p_s","year":"2020","value":"2.28"},{"name":"p_s","year":"2021","value":"1.61"},{"name":"p_s","year":"2022","value":"1.10"},{"name":"p_s","year":"2023","value":"1.61"},{"name":"p_s","year":"LTM\n?","value":"1.29"},{"name":"p_bv","year":"2019","value":"3.98"},{"name":"p_bv","year":"2020","value":"6.04"},{"name":"p_bv","year":"2021","value":"4.61"},{"name":"p_bv","year":"2022","value":"1.84"},{"name":"p_bv","year":"2023","value":"1.97"},{"name":"p_bv","year":"LTM\n?","value":"2.13"},{"name":"ev_ebitda","year":"2019","value":"4.87"},{"name":"ev_ebitda","year":"2020","value":"7.15"},{"name":"ev_ebitda","year":"2021","value":"3.30"},{"name":"ev_ebitda","year":"2022","value":"3.12"},{"name":"ev_ebitda","year":"2023","value":"3.67"},{"name":"ev_ebitda","year":"LTM\n?","value":"3.61"},{"name":"debt_ebitda","year":"2019","value":"0.54"},{"name":"debt_ebitda","year":"2020","value":"0.85"},{"name":"debt_ebitda","year":"2021","value":"0.24"},{"name":"debt_ebitda","year":"2022","value":"-0.39"},{"name":"debt_ebitda","year":"2023","value":"-0.80"},{"name":"debt_ebitda","year":"LTM\n?","value":"-0.19"},{"name":"employees","year":"2019","value":"36 722"},{"name":"employees","year":"2020","value":"38 046"},{"name":"employees","year":"2021","value":""},{"name":"employees","year":"2022","value":""},{"name":"employees","year":"2023","value":""},{"name":"employees","year":"LTM\n?","value":""},{"name":"labour_productivity","year":"2019","value":"14.4"},{"name":"labour_productivity","year":"2020","value":"12.8"},{"name":"labour_productivity","year":"2021","value":""},{"name":"labour_productivity","year":"2022","value":""},{"name":"labour_productivity","year":"2023","value":""},{"name":"labour_productivity","year":"LTM\n?","value":""},{"name":"expenses_per_employee","year":"2019","value":"1 850"},{"name":"expenses_per_employee","year":"2020","value":"1 905"},{"name":"expenses_per_employee","year":"2021","value":""},{"name":"expenses_per_employee","year":"2022","value":""},{"name":"expenses_per_employee","year":"2023","value":""},{"name":"expenses_per_employee","year":"LTM\n?","value":""},{"name":"r_and_d_capex","year":"2019","value":"0.00%"},{"name":"r_and_d_capex","year":"2020","value":"0.00%"},{"name":"r_and_d_capex","year":"2021","value":"0.00%"},{"name":"r_and_d_capex","year":"2022","value":"0.00%"},{"name":"r_and_d_capex","year":"2023","value":"0.00%"},{"name":"r_and_d_capex","year":"LTM\n?","value":"0"},{"name":"capex_revenue","year":"2019","value":"14%"},{"name":"capex_revenue","year":"2020","value":"20%"},{"name":"capex_revenue","year":"2021","value":"10%"},{"name":"capex_revenue","year":"2022","value":"10%"},{"name":"capex_revenue","year":"2023","value":"10%"},{"name":"capex_revenue","year":"LTM\n?","value":"11%"},{"name":"irr","year":"2019","value":""},{"name":"irr","year":"2020","value":""},{"name":"irr","year":"2021","value":""},{"name":"irr","year":"2022","value":"3.0"},{"name":"irr","year":"2023","value":"3.0"},{"name":"irr","year":"LTM\n?","value":"3.0"},{"name":"ir_fs_quality","year":"2019","value":""},{"name":"ir_fs_quality","year":"2020","value":""},{"name":"ir_fs_quality","year":"2021","value":""},{"name":"ir_fs_quality","year":"2022","value":"3"},{"name":"ir_fs_quality","year":"2023","value":"3"},{"name":"ir_fs_quality","year":"LTM\n?","value":"3"},{"name":"ir_investor_presentations","year":"2019","value":""},{"name":"ir_investor_presentations","year":"2020","value":""},{"name":"ir_investor_presentations","year":"2021","value":""},{"name":"ir_investor_presentations","year":"2022","value":"1"},{"name":"ir_investor_presentations","year":"2023","value":"1"},{"name":"ir_investor_presentations","year":"LTM\n?","value":"1"},{"name":"ir_annual_report","year":"2019","value":""},{"name":"ir_annual_report","year":"2020","value":""},{"name":"ir_annual_report","year":"2021","value":""},{"name":"ir_annual_report","year":"2022","value":"1"},{"name":"ir_annual_report","year":"2023","value":"1"},{"name":"ir_annual_report","year":"LTM\n?","value":"1"},{"name":"ir_investor_site","year":"2019","value":""},{"name":"ir_investor_site","year":"2020","value":""},{"name":"ir_investor_site","year":"2021","value":""},{"name":"ir_investor_site","year":"2022","value":"5"},{"name":"ir_investor_site","year":"2023","value":"5"},{"name":"ir_investor_site","year":"LTM\n?","value":"5"},{"name":"ir_investor_calendar","year":"2019","value":""},{"name":"ir_investor_calendar","year":"2020","value":""},{"name":"ir_investor_calendar","year":"2021","value":""},{"name":"ir_investor_calendar","year":"2022","value":"3"},{"name":"ir_investor_calendar","year":"2023","value":"3"},{"name":"ir_investor_calendar","year":"LTM\n?","value":"3"},{"name":"ir_feedback","year":"2019","value":""},{"name":"ir_feedback","year":"2020","value":""},{"name":"ir_feedback","year":"2021","value":""},{"name":"ir_feedback","year":"2022","value":"5"},{"name":"ir_feedback","year":"2023","value":"5"},{"name":"ir_feedback","year":"LTM\n?","value":"5"}]