[{"name":"Выручка","year":"2023","value":"11571000000"},{"name":"Выручка","year":"2022","value":"8266000000"},{"name":"Выручка","year":"2021","value":"6033000000"},{"name":"Выручка","year":"2020","value":"3972000000"},{"name":"EBITDA","year":"2023","value":"2278000000"},{"name":"EBITDA","year":"2022","value":"951000000"},{"name":"EBITDA","year":"2021","value":"318000000"},{"name":"EBITDA","year":"2020","value":"-378000000"},{"name":"EBIT","year":"2023","value":"2002000000"},{"name":"EBIT","year":"2022","value":"682000000"},{"name":"EBIT","year":"2021","value":"-2755000000"},{"name":"EBIT","year":"2020","value":"-578000000"},{"name":"Процентные доходы","year":"2023","value":"368000000"},{"name":"Процентные доходы","year":"2022","value":"108000000"},{"name":"Процентные доходы","year":"2021","value":"19000000"},{"name":"Процентные доходы","year":"2020","value":"11000000"},{"name":"Процентные расходы","year":"2023","value":"35000000"},{"name":"Процентные расходы","year":"2022","value":"23000000"},{"name":"Процентные расходы","year":"2021","value":"61000000"},{"name":"Процентные расходы","year":"2020","value":"72000000"},{"name":"Чистые процентные доходы/расходы","year":"2023","value":"333000000"},{"name":"Чистые процентные доходы/расходы","year":"2022","value":"85000000"},{"name":"Чистые процентные доходы/расходы","year":"2021","value":"-42000000"},{"name":"Чистые процентные доходы/расходы","year":"2020","value":"-61000000"},{"name":"Операционный доход","year":"2023","value":"1818000000"},{"name":"Операционный доход","year":"2022","value":"745000000"},{"name":"Операционный доход","year":"2021","value":"-2814000000"},{"name":"Операционный доход","year":"2020","value":"-577000000"},{"name":"Расходы на персонал","year":"2023","value":"3858000000"},{"name":"Расходы на персонал","year":"2022","value":"2360000000"},{"name":"Расходы на персонал","year":"2021","value":"2253000000"},{"name":"Расходы на персонал","year":"2020","value":"1697000000"},{"name":"Прибыль до налогов","year":"2023","value":"2335000000"},{"name":"Прибыль до налогов","year":"2022","value":"767000000"},{"name":"Прибыль до налогов","year":"2021","value":"-2797000000"},{"name":"Прибыль до налогов","year":"2020","value":"-639000000"},{"name":"Чистая прибыль","year":"2023","value":"1692000000"},{"name":"Чистая прибыль","year":"2022","value":"480000000"},{"name":"Чистая прибыль","year":"2021","value":"-2857000000"},{"name":"Чистая прибыль","year":"2020","value":"-627000000"},{"name":"Капитал на акционеров","year":"2023","value":"7176000000"},{"name":"Капитал на акционеров","year":"2022","value":"5009000000"},{"name":"Капитал на акционеров","year":"2021","value":"3872000000"},{"name":"Капитал на акционеров","year":"2020","value":"-872000000"},{"name":"Активы","year":"2023","value":"10294000000"},{"name":"Активы","year":"2022","value":"6974000000"},{"name":"Активы","year":"2021","value":"5600000000"},{"name":"Активы","year":"2020","value":"1370000000"},{"name":"CA Оборотные активы","year":"2023","value":"7500000000"},{"name":"CA Оборотные активы","year":"2022","value":"4825000000"},{"name":"CA Оборотные активы","year":"2021","value":"3230000000"},{"name":"CA Оборотные активы","year":"2020","value":"711000000"},{"name":"Денежные средства и их эквиваленты","year":"2023","value":"6434000000"},{"name":"Денежные средства и их эквиваленты","year":"2022","value":"4110000000"},{"name":"Денежные средства и их эквиваленты","year":"2021","value":"2419000000"},{"name":"Денежные средства и их эквиваленты","year":"2020","value":"449000000"},{"name":"Обязательства","year":"2023","value":"3118000000"},{"name":"Обязательства","year":"2022","value":"1965000000"},{"name":"Обязательства","year":"2021","value":"1728000000"},{"name":"Обязательства","year":"2020","value":"2242000000"},{"name":"Обязательства","year":"2019","value":"1211000000"},{"name":"Собственный капитал","year":"2023","value":"7176000000"},{"name":"Собственный капитал","year":"2022","value":"5009000000"},{"name":"Собственный капитал","year":"2021","value":"3872000000"},{"name":"Собственный капитал","year":"2020","value":"-872000000"},{"name":"Капитал на акционеров","year":"2023","value":"1692000000"},{"name":"Капитал на акционеров","year":"2022","value":"480000000"},{"name":"Капитал на акционеров","year":"2021","value":"-2857000000"},{"name":"Капитал на акционеров","year":"2020","value":"-627000000"},{"name":"Внеоборотные активы","year":"2023","value":"2794000000"},{"name":"Внеоборотные активы","year":"2022","value":"2149000000"},{"name":"Внеоборотные активы","year":"2021","value":"2370000000"},{"name":"Внеоборотные активы","year":"2020","value":"659000000"},{"name":"Собственный капитал","year":"2023","value":"475.0047"},{"name":"Собственный капитал","year":"2022","value":"338.4156"},{"name":"Собственный капитал","year":"2021","value":"973.9886"},{"name":"CFO операционные денежные потоки","year":"2023","value":"2419000000"},{"name":"CFO операционные денежные потоки","year":"2022","value":"1922000000"},{"name":"CFO операционные денежные потоки","year":"2021","value":"-2064000000"},{"name":"CFO операционные денежные потоки","year":"2020","value":"230000000"},{"name":"FCF на акцию","year":"2023","value":"2285000000"},{"name":"FCF на акцию","year":"2022","value":"1802000000"},{"name":"FCF на акцию","year":"2021","value":"-2205000000"},{"name":"FCF на акцию","year":"2020","value":"119000000"},{"name":"Инвестиционный денежный поток","year":"2023","value":"-437000000"},{"name":"Инвестиционный денежный поток","year":"2022","value":"-136000000"},{"name":"Инвестиционный денежный поток","year":"2021","value":"-1817000000"},{"name":"Инвестиционный денежный поток","year":"2020","value":"-109000000"},{"name":"CFF Денежный поток от финансовой деятельности","year":"2023","value":"-41000000"},{"name":"CFF Денежный поток от финансовой деятельности","year":"2022","value":"-42000000"},{"name":"CFF Денежный поток от финансовой деятельности","year":"2021","value":"5754000000"},{"name":"CFF Денежный поток от финансовой деятельности","year":"2020","value":"182000000"},{"name":"CB Текущие кредиты","year":"2020","value":"728000000"},{"name":"Общий долг","year":"2023","value":"-6434000000"},{"name":"Общий долг","year":"2022","value":"-4110000000"},{"name":"Общий долг","year":"2021","value":"-2419000000"},{"name":"Общий долг","year":"2020","value":"279000000"},{"name":"Текущие обязательства","year":"2023","value":"2891000000"},{"name":"Текущие обязательства","year":"2022","value":"1702000000"},{"name":"Текущие обязательства","year":"2021","value":"1420000000"},{"name":"Текущие обязательства","year":"2020","value":"1501000000"},{"name":"CL Текущая аренда","year":"2023","value":"18000000"},{"name":"CL Текущая аренда","year":"2022","value":"41000000"},{"name":"CL Текущая аренда","year":"2021","value":"43000000"},{"name":"CL Текущая аренда","year":"2020","value":"36000000"},{"name":"Долгосрочная аренда","year":"2023","value":"10000000"},{"name":"Долгосрочная аренда","year":"2022","value":"28000000"},{"name":"Долгосрочная аренда","year":"2021","value":"48000000"},{"name":"Долгосрочная аренда","year":"2020","value":"77000000"},{"name":"Долгосрочные обязательства","year":"2023","value":"227000000"},{"name":"Долгосрочные обязательства","year":"2022","value":"263000000"},{"name":"Долгосрочные обязательства","year":"2021","value":"308000000"},{"name":"Долгосрочные обязательства","year":"2020","value":"741000000"},{"name":"Чистый долг","year":"2020","value":"728000000"},{"name":"Общие расходы","year":"2023","value":"9753000000"}]