[
  {
    "name": "revenue",
    "year": "2018",
    "value": 5.15
  },
  {
    "name": "revenue",
    "year": "2019",
    "value": 4.3
  },
  {
    "name": "revenue",
    "year": "2020",
    "value": 6.2
  },
  {
    "name": "revenue",
    "year": "2021",
    "value": 6.37
  },
  {
    "name": "revenue",
    "year": "2022",
    "value": 4.36
  },
  {
    "name": "revenue",
    "year": "2023",
    "value": 3.23
  },
  {
    "name": "revenue",
    "year": "LTM",
    "value": 3.23
  },
  {
    "name": "operating_income",
    "year": "2018",
    "value": 1.52
  },
  {
    "name": "operating_income",
    "year": "2019",
    "value": -1.11
  },
  {
    "name": "operating_income",
    "year": "2020",
    "value": 1.46
  },
  {
    "name": "operating_income",
    "year": "2021",
    "value": 2.08
  },
  {
    "name": "operating_income",
    "year": "2022",
    "value": -5.51
  },
  {
    "name": "operating_income",
    "year": "2023",
    "value": -1.64
  },
  {
    "name": "operating_income",
    "year": "LTM",
    "value": -1.64
  },
  {
    "name": "ebitda",
    "year": "2018",
    "value": 5.22
  },
  {
    "name": "ebitda",
    "year": "2019",
    "value": 1.61
  },
  {
    "name": "ebitda",
    "year": "2020",
    "value": 2.51
  },
  {
    "name": "ebitda",
    "year": "2021",
    "value": 2.59
  },
  {
    "name": "ebitda",
    "year": "LTM",
    "value": 0.152
  },
  {
    "name": "net_income",
    "year": "2018",
    "value": -1.66
  },
  {
    "name": "net_income",
    "year": "2019",
    "value": -0.46
  },
  {
    "name": "net_income",
    "year": "2020",
    "value": 1.06
  },
  {
    "name": "net_income",
    "year": "2021",
    "value": 2.7
  },
  {
    "name": "net_income",
    "year": "2022",
    "value": -3.5
  },
  {
    "name": "net_income",
    "year": "2023",
    "value": 2.09
  },
  {
    "name": "net_income",
    "year": "LTM",
    "value": 2.09
  },
  {
    "name": "ocf",
    "year": "2018",
    "value": 0.288
  },
  {
    "name": "ocf",
    "year": "2019",
    "value": 1.77
  },
  {
    "name": "ocf",
    "year": "2020",
    "value": 1.06
  },
  {
    "name": "ocf",
    "year": "2021",
    "value": 3.01
  },
  {
    "name": "ocf",
    "year": "LTM",
    "value": null
  },
  {
    "name": "capex",
    "year": "2018",
    "value": 1.71
  },
  {
    "name": "capex",
    "year": "2019",
    "value": 1.98
  },
  {
    "name": "capex",
    "year": "2020",
    "value": 0.93
  },
  {
    "name": "capex",
    "year": "2021",
    "value": 1.71
  },
  {
    "name": "capex",
    "year": "LTM",
    "value": 0.53
  },
  {
    "name": "fcf",
    "year": "2018",
    "value": 1.02
  },
  {
    "name": "fcf",
    "year": "2019",
    "value": 0.422
  },
  {
    "name": "fcf",
    "year": "2020",
    "value": 0.743
  },
  {
    "name": "fcf",
    "year": "2021",
    "value": 1.3
  },
  {
    "name": "fcf",
    "year": "LTM",
    "value": null
  },
  {
    "name": "opex",
    "year": "2018",
    "value": 3.5
  },
  {
    "name": "opex",
    "year": "2019",
    "value": 2.94
  },
  {
    "name": "opex",
    "year": "2020",
    "value": 1.27
  },
  {
    "name": "opex",
    "year": "2021",
    "value": 1.05
  },
  {
    "name": "opex",
    "year": "LTM",
    "value": 1.303
  },
  {
    "name": "cost_of_production",
    "year": "2018",
    "value": 5.15
  },
  {
    "name": "cost_of_production",
    "year": "2019",
    "value": 2.47
  },
  {
    "name": "cost_of_production",
    "year": "2020",
    "value": 3.5
  },
  {
    "name": "cost_of_production",
    "year": "2021",
    "value": 3.24
  },
  {
    "name": "cost_of_production",
    "year": "2022",
    "value": 3.2
  },
  {
    "name": "cost_of_production",
    "year": "2023",
    "value": 1.67
  },
  {
    "name": "cost_of_production",
    "year": "LTM",
    "value": 1.67
  },
  {
    "name": "employment_expenses",
    "year": "2018",
    "value": 1.71
  },
  {
    "name": "employment_expenses",
    "year": "2019",
    "value": 0.81
  },
  {
    "name": "employment_expenses",
    "year": "2020",
    "value": 1.51
  },
  {
    "name": "employment_expenses",
    "year": "2021",
    "value": 1.43
  },
  {
    "name": "employment_expenses",
    "year": "LTM",
    "value": 0.76
  },
  {
    "name": "assets",
    "year": "2018",
    "value": 17.4
  },
  {
    "name": "assets",
    "year": "2019",
    "value": 17.14
  },
  {
    "name": "assets",
    "year": "2020",
    "value": 17.44
  },
  {
    "name": "assets",
    "year": "2021",
    "value": 20.5
  },
  {
    "name": "assets",
    "year": "2022",
    "value": 16.22
  },
  {
    "name": "assets",
    "year": "2023",
    "value": 17.87
  },
  {
    "name": "assets",
    "year": "LTM",
    "value": 17.87
  },
  {
    "name": "net_assets",
    "year": "2018",
    "value": 16.03
  },
  {
    "name": "net_assets",
    "year": "2019",
    "value": 15.58
  },
  {
    "name": "net_assets",
    "year": "2020",
    "value": 16.35
  },
  {
    "name": "net_assets",
    "year": "2021",
    "value": 19.05
  },
  {
    "name": "net_assets",
    "year": "2022",
    "value": 15.56
  },
  {
    "name": "net_assets",
    "year": "2023",
    "value": 17.65
  },
  {
    "name": "net_assets",
    "year": "LTM",
    "value": 17.65
  },
  {
    "name": "debt",
    "year": "2018",
    "value": 0.0
  },
  {
    "name": "debt",
    "year": "2019",
    "value": 0.006
  },
  {
    "name": "debt",
    "year": "2020",
    "value": 0.0
  },
  {
    "name": "debt",
    "year": "2021",
    "value": 0.03
  },
  {
    "name": "debt",
    "year": "2022",
    "value": 0.067
  },
  {
    "name": "debt",
    "year": "2023",
    "value": 0.16
  },
  {
    "name": "debt",
    "year": "LTM",
    "value": 0.16
  },
  {
    "name": "cash",
    "year": "2018",
    "value": 0.51
  },
  {
    "name": "cash",
    "year": "2019",
    "value": 1.86
  },
  {
    "name": "cash",
    "year": "2020",
    "value": 12.33
  },
  {
    "name": "cash",
    "year": "2021",
    "value": 2.6
  },
  {
    "name": "cash",
    "year": "LTM",
    "value": null
  },
  {
    "name": "net_debt",
    "year": "2018",
    "value": -0.51
  },
  {
    "name": "net_debt",
    "year": "2019",
    "value": -1.854
  },
  {
    "name": "net_debt",
    "year": "2020",
    "value": -12.33
  },
  {
    "name": "net_debt",
    "year": "2021",
    "value": -2.57
  },
  {
    "name": "net_debt",
    "year": "2022",
    "value": 0.067
  },
  {
    "name": "net_debt",
    "year": "2023",
    "value": 0.16
  },
  {
    "name": "net_debt",
    "year": "LTM",
    "value": 0.16
  },
  {
    "name": "common_share",
    "year": "2018",
    "value": 890.0
  },
  {
    "name": "common_share",
    "year": "2019",
    "value": 750.0
  },
  {
    "name": "common_share",
    "year": "2020",
    "value": 976.0
  },
  {
    "name": "common_share",
    "year": "2021",
    "value": 1097.0
  },
  {
    "name": "common_share",
    "year": "2022",
    "value": 926.0
  },
  {
    "name": "common_share",
    "year": "2023",
    "value": 1514.0
  },
  {
    "name": "common_share",
    "year": "LTM",
    "value": 1696.0
  },
  {
    "name": "number_of_shares",
    "year": "2018",
    "value": 7.02727
  },
  {
    "name": "number_of_shares",
    "year": "2019",
    "value": 7.02727
  },
  {
    "name": "number_of_shares",
    "year": "2020",
    "value": 7.02727
  },
  {
    "name": "number_of_shares",
    "year": "2021",
    "value": 7.02727
  },
  {
    "name": "number_of_shares",
    "year": "2022",
    "value": 7.02727
  },
  {
    "name": "number_of_shares",
    "year": "2023",
    "value": 7.02727
  },
  {
    "name": "number_of_shares",
    "year": "LTM",
    "value": 7.02727
  },
  {
    "name": "number_of_priv_shares",
    "year": "2018",
    "value": 0.41301
  },
  {
    "name": "number_of_priv_shares",
    "year": "2019",
    "value": 0.41301
  },
  {
    "name": "number_of_priv_shares",
    "year": "2020",
    "value": 0.41301
  },
  {
    "name": "number_of_priv_shares",
    "year": "2021",
    "value": 0.41301
  },
  {
    "name": "number_of_priv_shares",
    "year": "2022",
    "value": 0.41301
  },
  {
    "name": "number_of_priv_shares",
    "year": "2023",
    "value": 0.41301
  },
  {
    "name": "number_of_priv_shares",
    "year": "LTM",
    "value": 0.41301
  },
  {
    "name": "market_cap",
    "year": "2018",
    "value": 6.2542703
  },
  {
    "name": "market_cap",
    "year": "2019",
    "value": 5.2704525
  },
  {
    "name": "market_cap",
    "year": "2020",
    "value": 6.85861552
  },
  {
    "name": "market_cap",
    "year": "2021",
    "value": 7.70891519
  },
  {
    "name": "market_cap",
    "year": "2022",
    "value": 6.50725202
  },
  {
    "name": "market_cap",
    "year": "2023",
    "value": 10.63928678
  },
  {
    "name": "market_cap",
    "year": "LTM",
    "value": 11.91824992
  },
  {
    "name": "ev",
    "year": "2018",
    "value": 5.7442703
  },
  {
    "name": "ev",
    "year": "2019",
    "value": 3.4164525
  },
  {
    "name": "ev",
    "year": "2020",
    "value": -5.47138448
  },
  {
    "name": "ev",
    "year": "2021",
    "value": 5.13891519
  },
  {
    "name": "ev",
    "year": "2022",
    "value": 6.57425202
  },
  {
    "name": "ev",
    "year": "2023",
    "value": 10.79928678
  },
  {
    "name": "ev",
    "year": "LTM",
    "value": 12.07824992
  },
  {
    "name": "book_value",
    "year": "2018",
    "value": 15.3
  },
  {
    "name": "book_value",
    "year": "2019",
    "value": 15.03
  },
  {
    "name": "book_value",
    "year": "2020",
    "value": 15.71
  },
  {
    "name": "book_value",
    "year": "2021",
    "value": 17.65
  },
  {
    "name": "book_value",
    "year": "2022",
    "value": 15.56
  },
  {
    "name": "book_value",
    "year": "2023",
    "value": 17.65
  },
  {
    "name": "book_value",
    "year": "LTM",
    "value": 17.65
  },
  {
    "name": "eps",
    "year": "2018",
    "value": -236.22260138
  },
  {
    "name": "eps",
    "year": "2019",
    "value": -65.4592750812
  },
  {
    "name": "eps",
    "year": "2020",
    "value": 150.840938231
  },
  {
    "name": "eps",
    "year": "2021",
    "value": 384.217484172
  },
  {
    "name": "eps",
    "year": "2022",
    "value": -498.059701705
  },
  {
    "name": "eps",
    "year": "2023",
    "value": 297.412793304
  },
  {
    "name": "eps",
    "year": "LTM",
    "value": 297.41279330380075
  },
  {
    "name": "fcf_share",
    "year": "2018",
    "value": 145.148827354
  },
  {
    "name": "fcf_share",
    "year": "2019",
    "value": 60.0517697484
  },
  {
    "name": "fcf_share",
    "year": "2020",
    "value": 105.730959533
  },
  {
    "name": "fcf_share",
    "year": "2021",
    "value": 184.99360349
  },
  {
    "name": "fcf_share",
    "year": "2022",
    "value": 0.0
  },
  {
    "name": "fcf_share",
    "year": "2023",
    "value": 0.0
  },
  {
    "name": "fcf_share",
    "year": "LTM",
    "value": 0.0
  },
  {
    "name": "bv_share",
    "year": "2018",
    "value": 2177.23241031
  },
  {
    "name": "bv_share",
    "year": "2019",
    "value": 2138.81066189
  },
  {
    "name": "bv_share",
    "year": "2020",
    "value": 2235.5765468
  },
  {
    "name": "bv_share",
    "year": "2021",
    "value": 2511.64392431
  },
  {
    "name": "bv_share",
    "year": "2022",
    "value": 2214.23113101
  },
  {
    "name": "bv_share",
    "year": "2023",
    "value": 2511.64392431
  },
  {
    "name": "bv_share",
    "year": "LTM",
    "value": 2511.6439243120017
  },
  {
    "name": "ebitda_margin",
    "year": "2018",
    "value": 101.359223301
  },
  {
    "name": "ebitda_margin",
    "year": "2019",
    "value": 37.4418604651
  },
  {
    "name": "ebitda_margin",
    "year": "2020",
    "value": 40.4838709677
  },
  {
    "name": "ebitda_margin",
    "year": "2021",
    "value": 40.6593406593
  },
  {
    "name": "ebitda_margin",
    "year": "2022",
    "value": 0.0
  },
  {
    "name": "ebitda_margin",
    "year": "2023",
    "value": 0.0
  },
  {
    "name": "ebitda_margin",
    "year": "LTM",
    "value": 4.705882352941177
  },
  {
    "name": "net_margin",
    "year": "2018",
    "value": -32.2330097087
  },
  {
    "name": "net_margin",
    "year": "2019",
    "value": -10.6976744186
  },
  {
    "name": "net_margin",
    "year": "2020",
    "value": 17.0967741935
  },
  {
    "name": "net_margin",
    "year": "2021",
    "value": 42.3861852433
  },
  {
    "name": "net_margin",
    "year": "2022",
    "value": -80.2752293578
  },
  {
    "name": "net_margin",
    "year": "2023",
    "value": 64.7058823529
  },
  {
    "name": "net_margin",
    "year": "LTM",
    "value": 64.70588235294117
  },
  {
    "name": "fcf_yield",
    "year": "2018",
    "value": 16.3088570061
  },
  {
    "name": "fcf_yield",
    "year": "2019",
    "value": 8.00690263312
  },
  {
    "name": "fcf_yield",
    "year": "2020",
    "value": 10.8330901161
  },
  {
    "name": "fcf_yield",
    "year": "2021",
    "value": 16.8635919317
  },
  {
    "name": "fcf_yield",
    "year": "2022",
    "value": 0.0
  },
  {
    "name": "fcf_yield",
    "year": "2023",
    "value": 0.0
  },
  {
    "name": "fcf_yield",
    "year": "LTM",
    "value": 0.0
  },
  {
    "name": "roe",
    "year": "2018",
    "value": -10.3555832813
  },
  {
    "name": "roe",
    "year": "2019",
    "value": -2.95250320924
  },
  {
    "name": "roe",
    "year": "2020",
    "value": 6.483180428130001
  },
  {
    "name": "roe",
    "year": "2021",
    "value": 14.1732283465
  },
  {
    "name": "roe",
    "year": "2022",
    "value": -22.4935732648
  },
  {
    "name": "roe",
    "year": "2023",
    "value": 11.841359773399999
  },
  {
    "name": "roe",
    "year": "LTM",
    "value": 11.841359773371105
  },
  {
    "name": "roa",
    "year": "2018",
    "value": -9.54022988506
  },
  {
    "name": "roa",
    "year": "2019",
    "value": -2.6837806301100002
  },
  {
    "name": "roa",
    "year": "2020",
    "value": 6.07798165138
  },
  {
    "name": "roa",
    "year": "2021",
    "value": 13.170731707300002
  },
  {
    "name": "roa",
    "year": "2022",
    "value": -21.578298397
  },
  {
    "name": "roa",
    "year": "2023",
    "value": 11.695579183
  },
  {
    "name": "roa",
    "year": "LTM",
    "value": 11.695579182988249
  },
  {
    "name": "p_e",
    "year": "2018",
    "value": -3.76763271084
  },
  {
    "name": "p_e",
    "year": "2019",
    "value": -11.4575054348
  },
  {
    "name": "p_e",
    "year": "2020",
    "value": 6.470392
  },
  {
    "name": "p_e",
    "year": "2021",
    "value": 2.85515377407
  },
  {
    "name": "p_e",
    "year": "2022",
    "value": -1.85921486286
  },
  {
    "name": "p_e",
    "year": "2023",
    "value": 5.09056783732
  },
  {
    "name": "p_e",
    "year": "LTM",
    "value": 5.702511923444976
  },
  {
    "name": "p_fcf",
    "year": "2018",
    "value": 6.131637549019608
  },
  {
    "name": "p_fcf",
    "year": "2019",
    "value": 12.489223933649289
  },
  {
    "name": "p_fcf",
    "year": "2020",
    "value": 9.230976473755048
  },
  {
    "name": "p_fcf",
    "year": "2021",
    "value": 5.929934761538462
  },
  {
    "name": "p_fcf",
    "year": "LTM",
    "value": null
  },
  {
    "name": "p_s",
    "year": "2018",
    "value": 1.21442141748
  },
  {
    "name": "p_s",
    "year": "2019",
    "value": 1.22568662791
  },
  {
    "name": "p_s",
    "year": "2020",
    "value": 1.10622830968
  },
  {
    "name": "p_s",
    "year": "2021",
    "value": 1.21019076766
  },
  {
    "name": "p_s",
    "year": "2022",
    "value": 1.49248899541
  },
  {
    "name": "p_s",
    "year": "2023",
    "value": 3.29389683591
  },
  {
    "name": "p_s",
    "year": "LTM",
    "value": 3.6898606563467493
  },
  {
    "name": "p_bv",
    "year": "2018",
    "value": 0.408775836601
  },
  {
    "name": "p_bv",
    "year": "2019",
    "value": 0.350662175649
  },
  {
    "name": "p_bv",
    "year": "2020",
    "value": 0.436576417568
  },
  {
    "name": "p_bv",
    "year": "2021",
    "value": 0.436765733144
  },
  {
    "name": "p_bv",
    "year": "2022",
    "value": 0.418203857326
  },
  {
    "name": "p_bv",
    "year": "2023",
    "value": 0.602792452125
  },
  {
    "name": "p_bv",
    "year": "LTM",
    "value": 0.6752549529745042
  },
  {
    "name": "ev_ebitda",
    "year": "2018",
    "value": 1.10043492337
  },
  {
    "name": "ev_ebitda",
    "year": "2019",
    "value": 2.12202018634
  },
  {
    "name": "ev_ebitda",
    "year": "2020",
    "value": -2.17983445418
  },
  {
    "name": "ev_ebitda",
    "year": "2021",
    "value": 1.984137139
  },
  {
    "name": "ev_ebitda",
    "year": "LTM",
    "value": 79.46217052631579
  },
  {
    "name": "debt_ebitda",
    "year": "2018",
    "value": -0.0977011494253
  },
  {
    "name": "debt_ebitda",
    "year": "2019",
    "value": -1.15155279503
  },
  {
    "name": "debt_ebitda",
    "year": "2020",
    "value": -4.91235059761
  },
  {
    "name": "debt_ebitda",
    "year": "2021",
    "value": -0.992277992278
  },
  {
    "name": "debt_ebitda",
    "year": "LTM",
    "value": 1.0526315789473684
  },
  {
    "name": "r_and_d_capex",
    "year": "2018",
    "value": 0.0
  },
  {
    "name": "r_and_d_capex",
    "year": "2019",
    "value": 0.0
  },
  {
    "name": "r_and_d_capex",
    "year": "2020",
    "value": 0.0
  },
  {
    "name": "r_and_d_capex",
    "year": "2021",
    "value": 0.0
  },
  {
    "name": "r_and_d_capex",
    "year": "LTM",
    "value": 0.0
  },
  {
    "name": "capex_revenue",
    "year": "2018",
    "value": 33.2038834951
  },
  {
    "name": "capex_revenue",
    "year": "2019",
    "value": 46.0465116279
  },
  {
    "name": "capex_revenue",
    "year": "2020",
    "value": 15.0
  },
  {
    "name": "capex_revenue",
    "year": "2021",
    "value": 26.8445839874
  },
  {
    "name": "capex_revenue",
    "year": "2022",
    "value": 0.0
  },
  {
    "name": "capex_revenue",
    "year": "2023",
    "value": 0.0
  },
  {
    "name": "capex_revenue",
    "year": "LTM",
    "value": 16.408668730650156
  }
]