[
  {
    "name": "passenger_traffic_total",
    "year": "2015",
    "value": 39.393
  },
  {
    "name": "passenger_traffic_total",
    "year": "2016",
    "value": 43.44
  },
  {
    "name": "passenger_traffic_total",
    "year": "2017",
    "value": 50.129
  },
  {
    "name": "passenger_traffic_total",
    "year": "2018",
    "value": 55.71
  },
  {
    "name": "passenger_traffic_total",
    "year": "2019",
    "value": 60.72
  },
  {
    "name": "passenger_traffic_total",
    "year": "2020",
    "value": 30.16
  },
  {
    "name": "passenger_traffic_total",
    "year": "2021",
    "value": 45.81
  },
  {
    "name": "passenger_traffic_total",
    "year": "2022",
    "value": 40.69
  },
  {
    "name": "passenger_traffic_total",
    "year": "2023",
    "value": 47.33
  },
  {
    "name": "passenger_traffic_total",
    "year": "LTM",
    "value": 11.52
  },
  {
    "name": "passenger_traffic_internal",
    "year": "2015",
    "value": 23.365
  },
  {
    "name": "passenger_traffic_internal",
    "year": "2016",
    "value": 25.152
  },
  {
    "name": "passenger_traffic_internal",
    "year": "2017",
    "value": 27.579
  },
  {
    "name": "passenger_traffic_internal",
    "year": "2018",
    "value": 30.973
  },
  {
    "name": "passenger_traffic_internal",
    "year": "2019",
    "value": 33.6
  },
  {
    "name": "passenger_traffic_internal",
    "year": "2020",
    "value": 24.17
  },
  {
    "name": "passenger_traffic_internal",
    "year": "2021",
    "value": 37.34
  },
  {
    "name": "passenger_traffic_internal",
    "year": "2022",
    "value": 35.344
  },
  {
    "name": "passenger_traffic_internal",
    "year": "2023",
    "value": 37.743
  },
  {
    "name": "passenger_traffic_internal",
    "year": "LTM",
    "value": 8.64
  },
  {
    "name": "passenger_traffic_world",
    "year": "2015",
    "value": 16.028
  },
  {
    "name": "passenger_traffic_world",
    "year": "2016",
    "value": 18.289
  },
  {
    "name": "passenger_traffic_world",
    "year": "2017",
    "value": 22.55
  },
  {
    "name": "passenger_traffic_world",
    "year": "2018",
    "value": 24.737
  },
  {
    "name": "passenger_traffic_world",
    "year": "2019",
    "value": 27.118
  },
  {
    "name": "passenger_traffic_world",
    "year": "2020",
    "value": 5.98
  },
  {
    "name": "passenger_traffic_world",
    "year": "2021",
    "value": 8.47
  },
  {
    "name": "passenger_traffic_world",
    "year": "2022",
    "value": 5.346
  },
  {
    "name": "passenger_traffic_world",
    "year": "2023",
    "value": 9.59
  },
  {
    "name": "passenger_traffic_world",
    "year": "LTM",
    "value": 2.88
  },
  {
    "name": "chairs_employed",
    "year": "2015",
    "value": 78.3
  },
  {
    "name": "chairs_employed",
    "year": "2016",
    "value": 81.5
  },
  {
    "name": "chairs_employed",
    "year": "2017",
    "value": 82.8
  },
  {
    "name": "chairs_employed",
    "year": "2018",
    "value": 82.69999999999999
  },
  {
    "name": "chairs_employed",
    "year": "2019",
    "value": 81.89999999999999
  },
  {
    "name": "chairs_employed",
    "year": "2020",
    "value": 73.6
  },
  {
    "name": "chairs_employed",
    "year": "2021",
    "value": 80.30000000000001
  },
  {
    "name": "chairs_employed",
    "year": "2022",
    "value": 83.6
  },
  {
    "name": "chairs_employed",
    "year": "2023",
    "value": 87.5
  },
  {
    "name": "chairs_employed",
    "year": "LTM",
    "value": 88.3
  },
  {
    "name": "turnover",
    "year": "2015",
    "value": 663.0
  },
  {
    "name": "turnover",
    "year": "2016",
    "value": 918.0
  },
  {
    "name": "turnover",
    "year": "2017",
    "value": 1231.0
  },
  {
    "name": "turnover",
    "year": "2018",
    "value": 1300.0
  },
  {
    "name": "turnover",
    "year": "2019",
    "value": 1314.0
  },
  {
    "name": "turnover",
    "year": "2020",
    "value": 1062.0
  },
  {
    "name": "turnover",
    "year": "2021",
    "value": 1295.0
  },
  {
    "name": "turnover",
    "year": "2022",
    "value": 854.4
  },
  {
    "name": "turnover",
    "year": "2023",
    "value": 989.4
  },
  {
    "name": "turnover",
    "year": "LTM",
    "value": 786.5
  },
  {
    "name": "flight_hours",
    "year": "2015",
    "value": 859605.0
  },
  {
    "name": "flight_hours",
    "year": "2016",
    "value": 911776.0
  },
  {
    "name": "flight_hours",
    "year": "2017",
    "value": 1009108.0
  },
  {
    "name": "flight_hours",
    "year": "2018",
    "value": 1123546.0
  },
  {
    "name": "flight_hours",
    "year": "2019",
    "value": 1225785.0
  },
  {
    "name": "flight_hours",
    "year": "2020",
    "value": 637129.0
  },
  {
    "name": "flight_hours",
    "year": "2021",
    "value": 838466.0
  },
  {
    "name": "flight_hours",
    "year": "2022",
    "value": 785313.0
  },
  {
    "name": "flight_hours",
    "year": "2023",
    "value": 893694.0
  },
  {
    "name": "flight_hours",
    "year": "LTM",
    "value": null
  },
  {
    "name": "aircraft_number",
    "year": "2015",
    "value": 258.0
  },
  {
    "name": "aircraft_number",
    "year": "2016",
    "value": 291.0
  },
  {
    "name": "aircraft_number",
    "year": "2017",
    "value": 325.0
  },
  {
    "name": "aircraft_number",
    "year": "2018",
    "value": 366.0
  },
  {
    "name": "aircraft_number",
    "year": "2019",
    "value": 358.0
  },
  {
    "name": "aircraft_number",
    "year": "2020",
    "value": 364.0
  },
  {
    "name": "aircraft_number",
    "year": "2021",
    "value": 356.0
  },
  {
    "name": "aircraft_number",
    "year": "2022",
    "value": null
  },
  {
    "name": "aircraft_number",
    "year": "2023",
    "value": 349.0
  },
  {
    "name": "aircraft_number",
    "year": "LTM",
    "value": 349.0
  },
  {
    "name": "revenue",
    "year": "2011",
    "value": 158.0
  },
  {
    "name": "revenue",
    "year": "2012",
    "value": 253.0
  },
  {
    "name": "revenue",
    "year": "2013",
    "value": 291.0
  },
  {
    "name": "revenue",
    "year": "2014",
    "value": 319.8
  },
  {
    "name": "revenue",
    "year": "2015",
    "value": 415.2
  },
  {
    "name": "revenue",
    "year": "2016",
    "value": 495.88
  },
  {
    "name": "revenue",
    "year": "2017",
    "value": 532.93
  },
  {
    "name": "revenue",
    "year": "2018",
    "value": 611.57
  },
  {
    "name": "revenue",
    "year": "2019",
    "value": 677.881
  },
  {
    "name": "revenue",
    "year": "2020",
    "value": 302.2
  },
  {
    "name": "revenue",
    "year": "2021",
    "value": 491.733
  },
  {
    "name": "revenue",
    "year": "2022",
    "value": 413.32
  },
  {
    "name": "revenue",
    "year": "2023",
    "value": 612.2
  },
  {
    "name": "revenue",
    "year": "LTM",
    "value": 673.32
  },
  {
    "name": "operating_income",
    "year": "2014",
    "value": 11.27
  },
  {
    "name": "operating_income",
    "year": "2015",
    "value": 44.11
  },
  {
    "name": "operating_income",
    "year": "2016",
    "value": 63.25
  },
  {
    "name": "operating_income",
    "year": "2017",
    "value": 40.411
  },
  {
    "name": "operating_income",
    "year": "2018",
    "value": 60.74
  },
  {
    "name": "operating_income",
    "year": "2019",
    "value": 60.66
  },
  {
    "name": "operating_income",
    "year": "2020",
    "value": -92.15
  },
  {
    "name": "operating_income",
    "year": "2021",
    "value": -5.02
  },
  {
    "name": "operating_income",
    "year": "2022",
    "value": -13.37
  },
  {
    "name": "operating_income",
    "year": "2023",
    "value": 182.25
  },
  {
    "name": "operating_income",
    "year": "LTM",
    "value": 218.34
  },
  {
    "name": "ebitda",
    "year": "2011",
    "value": 19.0
  },
  {
    "name": "ebitda",
    "year": "2012",
    "value": 20.9
  },
  {
    "name": "ebitda",
    "year": "2013",
    "value": 31.8
  },
  {
    "name": "ebitda",
    "year": "2014",
    "value": 24.8
  },
  {
    "name": "ebitda",
    "year": "2015",
    "value": 58.7
  },
  {
    "name": "ebitda",
    "year": "2016",
    "value": 78.0
  },
  {
    "name": "ebitda",
    "year": "2017",
    "value": 56.0
  },
  {
    "name": "ebitda",
    "year": "2018",
    "value": 151.517
  },
  {
    "name": "ebitda",
    "year": "2019",
    "value": 168.924
  },
  {
    "name": "ebitda",
    "year": "2020",
    "value": 26.99
  },
  {
    "name": "ebitda",
    "year": "2021",
    "value": 116.536
  },
  {
    "name": "ebitda",
    "year": "2022",
    "value": 112.91
  },
  {
    "name": "ebitda",
    "year": "2023",
    "value": 318.35
  },
  {
    "name": "ebitda",
    "year": "LTM",
    "value": 347.41
  },
  {
    "name": "net_income",
    "year": "2011",
    "value": 14.4
  },
  {
    "name": "net_income",
    "year": "2012",
    "value": 5.2
  },
  {
    "name": "net_income",
    "year": "2013",
    "value": 7.3
  },
  {
    "name": "net_income",
    "year": "2014",
    "value": -17.1
  },
  {
    "name": "net_income",
    "year": "2015",
    "value": -6.5
  },
  {
    "name": "net_income",
    "year": "2016",
    "value": 38.826
  },
  {
    "name": "net_income",
    "year": "2017",
    "value": 23.06
  },
  {
    "name": "net_income",
    "year": "2018",
    "value": 5.7
  },
  {
    "name": "net_income",
    "year": "2019",
    "value": 13.512
  },
  {
    "name": "net_income",
    "year": "2020",
    "value": -113.0
  },
  {
    "name": "net_income",
    "year": "2021",
    "value": -34.46
  },
  {
    "name": "net_income",
    "year": "2022",
    "value": -41.448
  },
  {
    "name": "net_income",
    "year": "2023",
    "value": 10.287
  },
  {
    "name": "net_income",
    "year": "LTM",
    "value": 59.83
  },
  {
    "name": "net_income_ns",
    "year": "2014",
    "value": -15.47
  },
  {
    "name": "net_income_ns",
    "year": "2015",
    "value": -5.83
  },
  {
    "name": "net_income_ns",
    "year": "2016",
    "value": 37.44
  },
  {
    "name": "net_income_ns",
    "year": "2017",
    "value": 22.87
  },
  {
    "name": "net_income_ns",
    "year": "2018",
    "value": -54.36
  },
  {
    "name": "net_income_ns",
    "year": "2019",
    "value": 10.65
  },
  {
    "name": "net_income_ns",
    "year": "2020",
    "value": -123.0
  },
  {
    "name": "net_income_ns",
    "year": "2021",
    "value": -34.46
  },
  {
    "name": "net_income_ns",
    "year": "LTM",
    "value": 1.09
  },
  {
    "name": "ocf",
    "year": "2014",
    "value": 36.0
  },
  {
    "name": "ocf",
    "year": "2015",
    "value": 69.66
  },
  {
    "name": "ocf",
    "year": "2016",
    "value": 73.65
  },
  {
    "name": "ocf",
    "year": "2017",
    "value": 47.43
  },
  {
    "name": "ocf",
    "year": "2018",
    "value": 134.002
  },
  {
    "name": "ocf",
    "year": "2019",
    "value": 152.225
  },
  {
    "name": "ocf",
    "year": "2020",
    "value": 23.016
  },
  {
    "name": "ocf",
    "year": "2021",
    "value": 94.846
  },
  {
    "name": "ocf",
    "year": "2022",
    "value": 79.34
  },
  {
    "name": "ocf",
    "year": "2023",
    "value": 177.2
  },
  {
    "name": "ocf",
    "year": "LTM",
    "value": 177.2
  },
  {
    "name": "capex",
    "year": "2014",
    "value": 6.034
  },
  {
    "name": "capex",
    "year": "2015",
    "value": 8.568
  },
  {
    "name": "capex",
    "year": "2016",
    "value": 10.222
  },
  {
    "name": "capex",
    "year": "2017",
    "value": 7.681
  },
  {
    "name": "capex",
    "year": "2018",
    "value": 34.656
  },
  {
    "name": "capex",
    "year": "2019",
    "value": 26.781
  },
  {
    "name": "capex",
    "year": "2020",
    "value": 15.3
  },
  {
    "name": "capex",
    "year": "2021",
    "value": 17.32
  },
  {
    "name": "capex",
    "year": "2022",
    "value": 7.5
  },
  {
    "name": "capex",
    "year": "2023",
    "value": 99.46
  },
  {
    "name": "capex",
    "year": "LTM",
    "value": 99.46
  },
  {
    "name": "fcf",
    "year": "2014",
    "value": 17.485
  },
  {
    "name": "fcf",
    "year": "2015",
    "value": 30.89
  },
  {
    "name": "fcf",
    "year": "2016",
    "value": 83.98
  },
  {
    "name": "fcf",
    "year": "2017",
    "value": 61.8
  },
  {
    "name": "fcf",
    "year": "2018",
    "value": 115.0
  },
  {
    "name": "fcf",
    "year": "2019",
    "value": 106.08
  },
  {
    "name": "fcf",
    "year": "2020",
    "value": 9.1
  },
  {
    "name": "fcf",
    "year": "2021",
    "value": 95.75
  },
  {
    "name": "fcf",
    "year": "2022",
    "value": -24.9
  },
  {
    "name": "fcf",
    "year": "2023",
    "value": -2.61
  },
  {
    "name": "fcf",
    "year": "LTM",
    "value": -2.61
  },
  {
    "name": "opex",
    "year": "2013",
    "value": 212.482
  },
  {
    "name": "opex",
    "year": "2014",
    "value": 152.128
  },
  {
    "name": "opex",
    "year": "2015",
    "value": 371.066
  },
  {
    "name": "opex",
    "year": "2016",
    "value": 432.626
  },
  {
    "name": "opex",
    "year": "2017",
    "value": 492.523
  },
  {
    "name": "opex",
    "year": "2018",
    "value": 591.913
  },
  {
    "name": "opex",
    "year": "2019",
    "value": 617.218
  },
  {
    "name": "opex",
    "year": "2020",
    "value": 394.3
  },
  {
    "name": "opex",
    "year": "2021",
    "value": 496.75
  },
  {
    "name": "opex",
    "year": "2022",
    "value": 426.7
  },
  {
    "name": "opex",
    "year": "2023",
    "value": 429.9
  },
  {
    "name": "opex",
    "year": "LTM",
    "value": 454.93
  },
  {
    "name": "amortization",
    "year": "2022",
    "value": 126.1
  },
  {
    "name": "amortization",
    "year": "2023",
    "value": 136.0
  },
  {
    "name": "amortization",
    "year": "LTM",
    "value": 128.9
  },
  {
    "name": "employment_expenses",
    "year": "2014",
    "value": 52.15
  },
  {
    "name": "employment_expenses",
    "year": "2015",
    "value": 55.619
  },
  {
    "name": "employment_expenses",
    "year": "2016",
    "value": 64.682
  },
  {
    "name": "employment_expenses",
    "year": "2017",
    "value": 82.801
  },
  {
    "name": "employment_expenses",
    "year": "2018",
    "value": 82.87
  },
  {
    "name": "employment_expenses",
    "year": "2019",
    "value": 92.413
  },
  {
    "name": "employment_expenses",
    "year": "2020",
    "value": 65.4
  },
  {
    "name": "employment_expenses",
    "year": "2021",
    "value": 68.44
  },
  {
    "name": "employment_expenses",
    "year": "2022",
    "value": 70.6
  },
  {
    "name": "employment_expenses",
    "year": "2023",
    "value": 77.5
  },
  {
    "name": "employment_expenses",
    "year": "LTM",
    "value": 80.75
  },
  {
    "name": "interest_expenses",
    "year": "2014",
    "value": 19.04
  },
  {
    "name": "interest_expenses",
    "year": "2015",
    "value": 25.37
  },
  {
    "name": "interest_expenses",
    "year": "2016",
    "value": 34.0
  },
  {
    "name": "interest_expenses",
    "year": "2017",
    "value": 20.28
  },
  {
    "name": "interest_expenses",
    "year": "2018",
    "value": 44.03
  },
  {
    "name": "interest_expenses",
    "year": "2019",
    "value": 46.0
  },
  {
    "name": "interest_expenses",
    "year": "2020",
    "value": 37.53
  },
  {
    "name": "interest_expenses",
    "year": "2021",
    "value": 47.21
  },
  {
    "name": "interest_expenses",
    "year": "2022",
    "value": 31.8
  },
  {
    "name": "interest_expenses",
    "year": "2023",
    "value": 29.21
  },
  {
    "name": "interest_expenses",
    "year": "LTM",
    "value": 29.21
  },
  {
    "name": "assets",
    "year": "2014",
    "value": 277.72
  },
  {
    "name": "assets",
    "year": "2015",
    "value": 315.194
  },
  {
    "name": "assets",
    "year": "2016",
    "value": 299.307
  },
  {
    "name": "assets",
    "year": "2017",
    "value": 323.33
  },
  {
    "name": "assets",
    "year": "2018",
    "value": 967.82
  },
  {
    "name": "assets",
    "year": "2019",
    "value": 933.318
  },
  {
    "name": "assets",
    "year": "2020",
    "value": 1016.0
  },
  {
    "name": "assets",
    "year": "2021",
    "value": 1106.45
  },
  {
    "name": "assets",
    "year": "2022",
    "value": 957.13
  },
  {
    "name": "assets",
    "year": "2023",
    "value": 1114.0
  },
  {
    "name": "assets",
    "year": "LTM",
    "value": 1110.0
  },
  {
    "name": "net_assets",
    "year": "2013",
    "value": 54.48
  },
  {
    "name": "net_assets",
    "year": "2014",
    "value": -13.5
  },
  {
    "name": "net_assets",
    "year": "2015",
    "value": -36.12
  },
  {
    "name": "net_assets",
    "year": "2016",
    "value": 40.77
  },
  {
    "name": "net_assets",
    "year": "2017",
    "value": 65.535
  },
  {
    "name": "net_assets",
    "year": "2018",
    "value": -63.517
  },
  {
    "name": "net_assets",
    "year": "2019",
    "value": -1.692
  },
  {
    "name": "net_assets",
    "year": "2020",
    "value": -107.8
  },
  {
    "name": "net_assets",
    "year": "2021",
    "value": -138.5
  },
  {
    "name": "net_assets",
    "year": "2022",
    "value": -91.4
  },
  {
    "name": "net_assets",
    "year": "2023",
    "value": -85.5
  },
  {
    "name": "net_assets",
    "year": "LTM",
    "value": -97.7
  },
  {
    "name": "debt",
    "year": "2014",
    "value": 174.309
  },
  {
    "name": "debt",
    "year": "2015",
    "value": 233.729
  },
  {
    "name": "debt",
    "year": "2016",
    "value": 143.908
  },
  {
    "name": "debt",
    "year": "2017",
    "value": 104.792
  },
  {
    "name": "debt",
    "year": "2018",
    "value": 660.325
  },
  {
    "name": "debt",
    "year": "2019",
    "value": 573.7
  },
  {
    "name": "debt",
    "year": "2020",
    "value": 751.9
  },
  {
    "name": "debt",
    "year": "2021",
    "value": 798.284
  },
  {
    "name": "debt",
    "year": "2022",
    "value": 611.57
  },
  {
    "name": "debt",
    "year": "2023",
    "value": 747.28
  },
  {
    "name": "debt",
    "year": "LTM",
    "value": 741.0
  },
  {
    "name": "cash",
    "year": "2013",
    "value": 18.659
  },
  {
    "name": "cash",
    "year": "2014",
    "value": 26.547
  },
  {
    "name": "cash",
    "year": "2015",
    "value": 30.693
  },
  {
    "name": "cash",
    "year": "2016",
    "value": 37.795
  },
  {
    "name": "cash",
    "year": "2017",
    "value": 45.978
  },
  {
    "name": "cash",
    "year": "2018",
    "value": 30.148
  },
  {
    "name": "cash",
    "year": "2019",
    "value": 25.861
  },
  {
    "name": "cash",
    "year": "2020",
    "value": 93.78
  },
  {
    "name": "cash",
    "year": "2021",
    "value": 93.753
  },
  {
    "name": "cash",
    "year": "2022",
    "value": 108.0
  },
  {
    "name": "cash",
    "year": "2023",
    "value": 117.0
  },
  {
    "name": "cash",
    "year": "LTM",
    "value": 109.7
  },
  {
    "name": "net_debt",
    "year": "2008",
    "value": 0.0
  },
  {
    "name": "net_debt",
    "year": "2009",
    "value": 0.0
  },
  {
    "name": "net_debt",
    "year": "2010",
    "value": 0.0
  },
  {
    "name": "net_debt",
    "year": "2011",
    "value": 0.0
  },
  {
    "name": "net_debt",
    "year": "2012",
    "value": 0.0
  },
  {
    "name": "net_debt",
    "year": "2013",
    "value": -18.659
  },
  {
    "name": "net_debt",
    "year": "2014",
    "value": 147.762
  },
  {
    "name": "net_debt",
    "year": "2015",
    "value": 203.036
  },
  {
    "name": "net_debt",
    "year": "2016",
    "value": 106.113
  },
  {
    "name": "net_debt",
    "year": "2017",
    "value": 58.814
  },
  {
    "name": "net_debt",
    "year": "2018",
    "value": 630.177
  },
  {
    "name": "net_debt",
    "year": "2019",
    "value": 547.839
  },
  {
    "name": "net_debt",
    "year": "2020",
    "value": 658.12
  },
  {
    "name": "net_debt",
    "year": "2021",
    "value": 704.531
  },
  {
    "name": "net_debt",
    "year": "2022",
    "value": 503.57
  },
  {
    "name": "net_debt",
    "year": "2023",
    "value": 630.28
  },
  {
    "name": "net_debt",
    "year": "LTM",
    "value": 631.3
  },
  {
    "name": "common_share",
    "year": "2008",
    "value": 27.39
  },
  {
    "name": "common_share",
    "year": "2009",
    "value": 52.5
  },
  {
    "name": "common_share",
    "year": "2010",
    "value": 79.99
  },
  {
    "name": "common_share",
    "year": "2011",
    "value": 50.22
  },
  {
    "name": "common_share",
    "year": "2012",
    "value": 44.99
  },
  {
    "name": "common_share",
    "year": "2013",
    "value": 83.7
  },
  {
    "name": "common_share",
    "year": "2014",
    "value": 32.23
  },
  {
    "name": "common_share",
    "year": "2015",
    "value": 56.1
  },
  {
    "name": "common_share",
    "year": "2016",
    "value": 153.0
  },
  {
    "name": "common_share",
    "year": "2017",
    "value": 138.45
  },
  {
    "name": "common_share",
    "year": "2018",
    "value": 101.18
  },
  {
    "name": "common_share",
    "year": "2019",
    "value": 103.5
  },
  {
    "name": "common_share",
    "year": "2020",
    "value": 71.44
  },
  {
    "name": "common_share",
    "year": "2021",
    "value": 58.94
  },
  {
    "name": "common_share",
    "year": "2022",
    "value": 24.58
  },
  {
    "name": "common_share",
    "year": "2023",
    "value": 34.93
  },
  {
    "name": "common_share",
    "year": "LTM",
    "value": 47.84
  },
  {
    "name": "number_of_shares",
    "year": "2010",
    "value": 1110.6
  },
  {
    "name": "number_of_shares",
    "year": "2011",
    "value": 1110.6
  },
  {
    "name": "number_of_shares",
    "year": "2012",
    "value": 1110.6
  },
  {
    "name": "number_of_shares",
    "year": "2013",
    "value": 1110.6
  },
  {
    "name": "number_of_shares",
    "year": "2014",
    "value": 1110.6
  },
  {
    "name": "number_of_shares",
    "year": "2015",
    "value": 1110.6
  },
  {
    "name": "number_of_shares",
    "year": "2016",
    "value": 1110.6
  },
  {
    "name": "number_of_shares",
    "year": "2017",
    "value": 1110.616
  },
  {
    "name": "number_of_shares",
    "year": "2018",
    "value": 1110.616
  },
  {
    "name": "number_of_shares",
    "year": "2019",
    "value": 1110.616
  },
  {
    "name": "number_of_shares",
    "year": "2020",
    "value": 2444.535
  },
  {
    "name": "number_of_shares",
    "year": "2021",
    "value": 2444.535
  },
  {
    "name": "number_of_shares",
    "year": "2022",
    "value": 3976.0
  },
  {
    "name": "number_of_shares",
    "year": "2023",
    "value": 3976.0
  },
  {
    "name": "number_of_shares",
    "year": "LTM",
    "value": 3976.0
  },
  {
    "name": "market_cap",
    "year": "2008",
    "value": 0.0
  },
  {
    "name": "market_cap",
    "year": "2009",
    "value": 0.0
  },
  {
    "name": "market_cap",
    "year": "2010",
    "value": 88.836894
  },
  {
    "name": "market_cap",
    "year": "2011",
    "value": 55.774332
  },
  {
    "name": "market_cap",
    "year": "2012",
    "value": 49.965894
  },
  {
    "name": "market_cap",
    "year": "2013",
    "value": 92.95722
  },
  {
    "name": "market_cap",
    "year": "2014",
    "value": 35.794638
  },
  {
    "name": "market_cap",
    "year": "2015",
    "value": 62.30466
  },
  {
    "name": "market_cap",
    "year": "2016",
    "value": 169.9218
  },
  {
    "name": "market_cap",
    "year": "2017",
    "value": 153.7647852
  },
  {
    "name": "market_cap",
    "year": "2018",
    "value": 112.37212688
  },
  {
    "name": "market_cap",
    "year": "2019",
    "value": 114.948756
  },
  {
    "name": "market_cap",
    "year": "2020",
    "value": 174.6375804
  },
  {
    "name": "market_cap",
    "year": "2021",
    "value": 144.0808929
  },
  {
    "name": "market_cap",
    "year": "2022",
    "value": 97.73008
  },
  {
    "name": "market_cap",
    "year": "2023",
    "value": 138.88168
  },
  {
    "name": "market_cap",
    "year": "LTM",
    "value": 190.21184
  },
  {
    "name": "ev",
    "year": "2008",
    "value": 0.0
  },
  {
    "name": "ev",
    "year": "2009",
    "value": 0.0
  },
  {
    "name": "ev",
    "year": "2010",
    "value": 88.836894
  },
  {
    "name": "ev",
    "year": "2011",
    "value": 55.774332
  },
  {
    "name": "ev",
    "year": "2012",
    "value": 49.965894
  },
  {
    "name": "ev",
    "year": "2013",
    "value": 74.29822
  },
  {
    "name": "ev",
    "year": "2014",
    "value": 183.556638
  },
  {
    "name": "ev",
    "year": "2015",
    "value": 265.34066
  },
  {
    "name": "ev",
    "year": "2016",
    "value": 276.0348
  },
  {
    "name": "ev",
    "year": "2017",
    "value": 212.5787852
  },
  {
    "name": "ev",
    "year": "2018",
    "value": 742.54912688
  },
  {
    "name": "ev",
    "year": "2019",
    "value": 662.787756
  },
  {
    "name": "ev",
    "year": "2020",
    "value": 832.7575804
  },
  {
    "name": "ev",
    "year": "2021",
    "value": 848.6118929
  },
  {
    "name": "ev",
    "year": "2022",
    "value": 601.30008
  },
  {
    "name": "ev",
    "year": "2023",
    "value": 769.16168
  },
  {
    "name": "ev",
    "year": "LTM",
    "value": 821.51184
  },
  {
    "name": "book_value",
    "year": "2008",
    "value": 0.0
  },
  {
    "name": "book_value",
    "year": "2009",
    "value": 0.0
  },
  {
    "name": "book_value",
    "year": "2010",
    "value": 0.0
  },
  {
    "name": "book_value",
    "year": "2011",
    "value": 0.0
  },
  {
    "name": "book_value",
    "year": "2012",
    "value": 0.0
  },
  {
    "name": "book_value",
    "year": "2013",
    "value": 54.48
  },
  {
    "name": "book_value",
    "year": "2014",
    "value": -22.922
  },
  {
    "name": "book_value",
    "year": "2015",
    "value": -45.47
  },
  {
    "name": "book_value",
    "year": "2016",
    "value": 32.285
  },
  {
    "name": "book_value",
    "year": "2017",
    "value": 56.821
  },
  {
    "name": "book_value",
    "year": "2018",
    "value": -72.427
  },
  {
    "name": "book_value",
    "year": "2019",
    "value": -10.952
  },
  {
    "name": "book_value",
    "year": "2020",
    "value": -110.2
  },
  {
    "name": "book_value",
    "year": "2021",
    "value": -141.72
  },
  {
    "name": "book_value",
    "year": "2022",
    "value": -93.92
  },
  {
    "name": "book_value",
    "year": "2023",
    "value": -93.0
  },
  {
    "name": "book_value",
    "year": "LTM",
    "value": -105.45
  },
  {
    "name": "eps",
    "year": "2010",
    "value": 0.0
  },
  {
    "name": "eps",
    "year": "2011",
    "value": 12.9659643436
  },
  {
    "name": "eps",
    "year": "2012",
    "value": 4.68215379074
  },
  {
    "name": "eps",
    "year": "2013",
    "value": 6.57302359085
  },
  {
    "name": "eps",
    "year": "2014",
    "value": -15.397082658
  },
  {
    "name": "eps",
    "year": "2015",
    "value": -5.85269223843
  },
  {
    "name": "eps",
    "year": "2016",
    "value": 34.9594813614
  },
  {
    "name": "eps",
    "year": "2017",
    "value": 20.7632521051
  },
  {
    "name": "eps",
    "year": "2018",
    "value": 5.13228694706
  },
  {
    "name": "eps",
    "year": "2019",
    "value": 12.1662212682
  },
  {
    "name": "eps",
    "year": "2020",
    "value": -46.2255602804
  },
  {
    "name": "eps",
    "year": "2021",
    "value": -14.0967505067
  },
  {
    "name": "eps",
    "year": "2022",
    "value": -10.4245472837
  },
  {
    "name": "eps",
    "year": "2023",
    "value": 2.58727364185
  },
  {
    "name": "eps",
    "year": "LTM",
    "value": 15.047786720321932
  },
  {
    "name": "fcf_share",
    "year": "2010",
    "value": 0.0
  },
  {
    "name": "fcf_share",
    "year": "2011",
    "value": 0.0
  },
  {
    "name": "fcf_share",
    "year": "2012",
    "value": 0.0
  },
  {
    "name": "fcf_share",
    "year": "2013",
    "value": 0.0
  },
  {
    "name": "fcf_share",
    "year": "2014",
    "value": 15.7437421214
  },
  {
    "name": "fcf_share",
    "year": "2015",
    "value": 27.8137943454
  },
  {
    "name": "fcf_share",
    "year": "2016",
    "value": 75.6167837205
  },
  {
    "name": "fcf_share",
    "year": "2017",
    "value": 55.6447953208
  },
  {
    "name": "fcf_share",
    "year": "2018",
    "value": 103.54614016
  },
  {
    "name": "fcf_share",
    "year": "2019",
    "value": 95.5145612885
  },
  {
    "name": "fcf_share",
    "year": "2020",
    "value": 3.72258936771
  },
  {
    "name": "fcf_share",
    "year": "2021",
    "value": 39.1690035119
  },
  {
    "name": "fcf_share",
    "year": "2022",
    "value": -6.26257545272
  },
  {
    "name": "fcf_share",
    "year": "2023",
    "value": -0.656438631791
  },
  {
    "name": "fcf_share",
    "year": "LTM",
    "value": -0.6564386317907445
  },
  {
    "name": "bv_share",
    "year": "2010",
    "value": 0.0
  },
  {
    "name": "bv_share",
    "year": "2011",
    "value": 0.0
  },
  {
    "name": "bv_share",
    "year": "2012",
    "value": 0.0
  },
  {
    "name": "bv_share",
    "year": "2013",
    "value": 49.0545650999
  },
  {
    "name": "bv_share",
    "year": "2014",
    "value": -20.6392940753
  },
  {
    "name": "bv_share",
    "year": "2015",
    "value": -40.9418332433
  },
  {
    "name": "bv_share",
    "year": "2016",
    "value": 29.0698721412
  },
  {
    "name": "bv_share",
    "year": "2017",
    "value": 51.1616976525
  },
  {
    "name": "bv_share",
    "year": "2018",
    "value": -65.2133590728
  },
  {
    "name": "bv_share",
    "year": "2019",
    "value": -9.86119414811
  },
  {
    "name": "bv_share",
    "year": "2020",
    "value": -45.0801481672
  },
  {
    "name": "bv_share",
    "year": "2021",
    "value": -57.9742159552
  },
  {
    "name": "bv_share",
    "year": "2022",
    "value": -23.6217303823
  },
  {
    "name": "bv_share",
    "year": "2023",
    "value": -23.3903420523
  },
  {
    "name": "bv_share",
    "year": "LTM",
    "value": -26.521629778672033
  },
  {
    "name": "ebitda_margin",
    "year": "2011",
    "value": 12.0253164557
  },
  {
    "name": "ebitda_margin",
    "year": "2012",
    "value": 8.26086956522
  },
  {
    "name": "ebitda_margin",
    "year": "2013",
    "value": 10.927835051499999
  },
  {
    "name": "ebitda_margin",
    "year": "2014",
    "value": 7.75484677924
  },
  {
    "name": "ebitda_margin",
    "year": "2015",
    "value": 14.1377649326
  },
  {
    "name": "ebitda_margin",
    "year": "2016",
    "value": 15.729612002900001
  },
  {
    "name": "ebitda_margin",
    "year": "2017",
    "value": 10.5079466346
  },
  {
    "name": "ebitda_margin",
    "year": "2018",
    "value": 24.775087070999998
  },
  {
    "name": "ebitda_margin",
    "year": "2019",
    "value": 24.9194180099
  },
  {
    "name": "ebitda_margin",
    "year": "2020",
    "value": 8.931171409660001
  },
  {
    "name": "ebitda_margin",
    "year": "2021",
    "value": 23.6990399261
  },
  {
    "name": "ebitda_margin",
    "year": "2022",
    "value": 27.317816703800002
  },
  {
    "name": "ebitda_margin",
    "year": "2023",
    "value": 52.0009800719
  },
  {
    "name": "ebitda_margin",
    "year": "LTM",
    "value": 51.59656626863899
  },
  {
    "name": "net_margin",
    "year": "2011",
    "value": 9.11392405063
  },
  {
    "name": "net_margin",
    "year": "2012",
    "value": 2.05533596838
  },
  {
    "name": "net_margin",
    "year": "2013",
    "value": 2.50859106529
  },
  {
    "name": "net_margin",
    "year": "2014",
    "value": -5.34709193246
  },
  {
    "name": "net_margin",
    "year": "2015",
    "value": -1.5655105972999999
  },
  {
    "name": "net_margin",
    "year": "2016",
    "value": 7.829716866979999
  },
  {
    "name": "net_margin",
    "year": "2017",
    "value": 4.327022310619999
  },
  {
    "name": "net_margin",
    "year": "2018",
    "value": 0.932027404876
  },
  {
    "name": "net_margin",
    "year": "2019",
    "value": 1.9932702052400002
  },
  {
    "name": "net_margin",
    "year": "2020",
    "value": -37.3924553276
  },
  {
    "name": "net_margin",
    "year": "2021",
    "value": -7.007868091020001
  },
  {
    "name": "net_margin",
    "year": "2022",
    "value": -10.028065421500001
  },
  {
    "name": "net_margin",
    "year": "2023",
    "value": 1.68033322444
  },
  {
    "name": "net_margin",
    "year": "LTM",
    "value": 8.885819521178636
  },
  {
    "name": "fcf_yield",
    "year": "2008",
    "value": 0.0
  },
  {
    "name": "fcf_yield",
    "year": "2009",
    "value": 0.0
  },
  {
    "name": "fcf_yield",
    "year": "2010",
    "value": 0.0
  },
  {
    "name": "fcf_yield",
    "year": "2011",
    "value": 0.0
  },
  {
    "name": "fcf_yield",
    "year": "2012",
    "value": 0.0
  },
  {
    "name": "fcf_yield",
    "year": "2013",
    "value": 0.0
  },
  {
    "name": "fcf_yield",
    "year": "2014",
    "value": 48.8480984219
  },
  {
    "name": "fcf_yield",
    "year": "2015",
    "value": 49.578956052399995
  },
  {
    "name": "fcf_yield",
    "year": "2016",
    "value": 49.422734457900006
  },
  {
    "name": "fcf_yield",
    "year": "2017",
    "value": 40.1912570031
  },
  {
    "name": "fcf_yield",
    "year": "2018",
    "value": 102.338545325
  },
  {
    "name": "fcf_yield",
    "year": "2019",
    "value": 92.2846002788
  },
  {
    "name": "fcf_yield",
    "year": "2020",
    "value": 5.2107913881700005
  },
  {
    "name": "fcf_yield",
    "year": "2021",
    "value": 66.4557236375
  },
  {
    "name": "fcf_yield",
    "year": "2022",
    "value": -25.4783378874
  },
  {
    "name": "fcf_yield",
    "year": "2023",
    "value": -1.87929754306
  },
  {
    "name": "fcf_yield",
    "year": "LTM",
    "value": -1.3721543306662718
  },
  {
    "name": "roe",
    "year": "2013",
    "value": 13.399412628499999
  },
  {
    "name": "roe",
    "year": "2014",
    "value": 126.66666666699999
  },
  {
    "name": "roe",
    "year": "2015",
    "value": 17.9955703212
  },
  {
    "name": "roe",
    "year": "2016",
    "value": 95.2317880795
  },
  {
    "name": "roe",
    "year": "2017",
    "value": 35.1873044938
  },
  {
    "name": "roe",
    "year": "2018",
    "value": -8.97397547113
  },
  {
    "name": "roe",
    "year": "2019",
    "value": -798.581560284
  },
  {
    "name": "roe",
    "year": "2020",
    "value": 104.823747681
  },
  {
    "name": "roe",
    "year": "2021",
    "value": 24.880866426
  },
  {
    "name": "roe",
    "year": "2022",
    "value": 45.3479212254
  },
  {
    "name": "roe",
    "year": "2023",
    "value": -12.0315789474
  },
  {
    "name": "roe",
    "year": "LTM",
    "value": -61.23848515864893
  },
  {
    "name": "roa",
    "year": "2014",
    "value": -6.157280714390001
  },
  {
    "name": "roa",
    "year": "2015",
    "value": -2.06222199661
  },
  {
    "name": "roa",
    "year": "2016",
    "value": 12.971965239700001
  },
  {
    "name": "roa",
    "year": "2017",
    "value": 7.1320322889900005
  },
  {
    "name": "roa",
    "year": "2018",
    "value": 0.588952491166
  },
  {
    "name": "roa",
    "year": "2019",
    "value": 1.44773806998
  },
  {
    "name": "roa",
    "year": "2020",
    "value": -11.122047244100001
  },
  {
    "name": "roa",
    "year": "2021",
    "value": -3.11446518144
  },
  {
    "name": "roa",
    "year": "2022",
    "value": -4.33044622987
  },
  {
    "name": "roa",
    "year": "2023",
    "value": 0.923429084381
  },
  {
    "name": "roa",
    "year": "LTM",
    "value": 5.390090090090091
  },
  {
    "name": "p_e",
    "year": "2011",
    "value": 3.8732175
  },
  {
    "name": "p_e",
    "year": "2012",
    "value": 9.60882576923
  },
  {
    "name": "p_e",
    "year": "2013",
    "value": 12.7338657534
  },
  {
    "name": "p_e",
    "year": "2014",
    "value": -2.09325368421
  },
  {
    "name": "p_e",
    "year": "2015",
    "value": -9.58533230769
  },
  {
    "name": "p_e",
    "year": "2016",
    "value": 4.37649513213
  },
  {
    "name": "p_e",
    "year": "2017",
    "value": 6.66803058109
  },
  {
    "name": "p_e",
    "year": "2018",
    "value": 19.7144082246
  },
  {
    "name": "p_e",
    "year": "2019",
    "value": 8.507160746
  },
  {
    "name": "p_e",
    "year": "2020",
    "value": -1.54546531327
  },
  {
    "name": "p_e",
    "year": "2021",
    "value": -4.18110542368
  },
  {
    "name": "p_e",
    "year": "2022",
    "value": -2.35789615904
  },
  {
    "name": "p_e",
    "year": "2023",
    "value": 13.5006979683
  },
  {
    "name": "p_e",
    "year": "LTM",
    "value": 3.179205081063012
  },
  {
    "name": "p_fcf",
    "year": "2014",
    "value": 2.0471625965112956
  },
  {
    "name": "p_fcf",
    "year": "2015",
    "value": 2.016984784719974
  },
  {
    "name": "p_fcf",
    "year": "2016",
    "value": 2.0233603238866396
  },
  {
    "name": "p_fcf",
    "year": "2017",
    "value": 2.4881033203883494
  },
  {
    "name": "p_fcf",
    "year": "2018",
    "value": 0.9771489293913044
  },
  {
    "name": "p_fcf",
    "year": "2019",
    "value": 1.083604411764706
  },
  {
    "name": "p_fcf",
    "year": "2020",
    "value": 19.1909429010989
  },
  {
    "name": "p_fcf",
    "year": "2021",
    "value": 1.50476128355
  },
  {
    "name": "p_fcf",
    "year": "2022",
    "value": -3.92490281124
  },
  {
    "name": "p_fcf",
    "year": "2023",
    "value": -53.2113716475
  },
  {
    "name": "p_fcf",
    "year": "LTM",
    "value": -72.87809961685824
  },
  {
    "name": "p_s",
    "year": "2011",
    "value": 0.353002101266
  },
  {
    "name": "p_s",
    "year": "2012",
    "value": 0.197493652174
  },
  {
    "name": "p_s",
    "year": "2013",
    "value": 0.319440618557
  },
  {
    "name": "p_s",
    "year": "2014",
    "value": 0.111928198874
  },
  {
    "name": "p_s",
    "year": "2015",
    "value": 0.150059393064
  },
  {
    "name": "p_s",
    "year": "2016",
    "value": 0.342667177543
  },
  {
    "name": "p_s",
    "year": "2017",
    "value": 0.288527170923
  },
  {
    "name": "p_s",
    "year": "2018",
    "value": 0.183743687362
  },
  {
    "name": "p_s",
    "year": "2019",
    "value": 0.169570700462
  },
  {
    "name": "p_s",
    "year": "2020",
    "value": 0.57788742687
  },
  {
    "name": "p_s",
    "year": "2021",
    "value": 0.293006352838
  },
  {
    "name": "p_s",
    "year": "2022",
    "value": 0.236451369399
  },
  {
    "name": "p_s",
    "year": "2023",
    "value": 0.226856713492
  },
  {
    "name": "p_s",
    "year": "LTM",
    "value": 0.2824984257114002
  },
  {
    "name": "p_bv",
    "year": "2013",
    "value": 1.70626321586
  },
  {
    "name": "p_bv",
    "year": "2014",
    "value": -1.56158441672
  },
  {
    "name": "p_bv",
    "year": "2015",
    "value": -1.37023663954
  },
  {
    "name": "p_bv",
    "year": "2016",
    "value": 5.26318104383
  },
  {
    "name": "p_bv",
    "year": "2017",
    "value": 2.70612599567
  },
  {
    "name": "p_bv",
    "year": "2018",
    "value": -1.55152259351
  },
  {
    "name": "p_bv",
    "year": "2019",
    "value": -10.4956862673
  },
  {
    "name": "p_bv",
    "year": "2020",
    "value": -1.58473303448
  },
  {
    "name": "p_bv",
    "year": "2021",
    "value": -1.01665885478
  },
  {
    "name": "p_bv",
    "year": "2022",
    "value": -1.04056729131
  },
  {
    "name": "p_bv",
    "year": "2023",
    "value": -1.49335139785
  },
  {
    "name": "p_bv",
    "year": "LTM",
    "value": -1.803810715979137
  },
  {
    "name": "ev_ebitda",
    "year": "2011",
    "value": 2.93549115789
  },
  {
    "name": "ev_ebitda",
    "year": "2012",
    "value": 2.39071263158
  },
  {
    "name": "ev_ebitda",
    "year": "2013",
    "value": 2.33642201258
  },
  {
    "name": "ev_ebitda",
    "year": "2014",
    "value": 7.40147733871
  },
  {
    "name": "ev_ebitda",
    "year": "2015",
    "value": 4.52028381601
  },
  {
    "name": "ev_ebitda",
    "year": "2016",
    "value": 3.53890769231
  },
  {
    "name": "ev_ebitda",
    "year": "2017",
    "value": 3.79604973571
  },
  {
    "name": "ev_ebitda",
    "year": "2018",
    "value": 4.90076444808
  },
  {
    "name": "ev_ebitda",
    "year": "2019",
    "value": 3.92358549407
  },
  {
    "name": "ev_ebitda",
    "year": "2020",
    "value": 30.854300867
  },
  {
    "name": "ev_ebitda",
    "year": "2021",
    "value": 7.28197203353
  },
  {
    "name": "ev_ebitda",
    "year": "2022",
    "value": 5.3254811797
  },
  {
    "name": "ev_ebitda",
    "year": "2023",
    "value": 2.41608820481
  },
  {
    "name": "ev_ebitda",
    "year": "LTM",
    "value": 2.364675282807058
  },
  {
    "name": "debt_ebitda",
    "year": "2011",
    "value": 0.0
  },
  {
    "name": "debt_ebitda",
    "year": "2012",
    "value": 0.0
  },
  {
    "name": "debt_ebitda",
    "year": "2013",
    "value": -0.586761006289
  },
  {
    "name": "debt_ebitda",
    "year": "2014",
    "value": 5.95814516129
  },
  {
    "name": "debt_ebitda",
    "year": "2015",
    "value": 3.45887563884
  },
  {
    "name": "debt_ebitda",
    "year": "2016",
    "value": 1.36042307692
  },
  {
    "name": "debt_ebitda",
    "year": "2017",
    "value": 1.05025
  },
  {
    "name": "debt_ebitda",
    "year": "2018",
    "value": 4.15911745877
  },
  {
    "name": "debt_ebitda",
    "year": "2019",
    "value": 3.24310932727
  },
  {
    "name": "debt_ebitda",
    "year": "2020",
    "value": 24.3838458688
  },
  {
    "name": "debt_ebitda",
    "year": "2021",
    "value": 6.04560822407
  },
  {
    "name": "debt_ebitda",
    "year": "2022",
    "value": 4.45992383314
  },
  {
    "name": "debt_ebitda",
    "year": "2023",
    "value": 1.97983351657
  },
  {
    "name": "debt_ebitda",
    "year": "LTM",
    "value": 1.8171612791802194
  },
  {
    "name": "employees",
    "year": "2011",
    "value": 28400.0
  },
  {
    "name": "employees",
    "year": "2012",
    "value": 28800.0
  },
  {
    "name": "employees",
    "year": "2013",
    "value": 30500.0
  },
  {
    "name": "employees",
    "year": "2014",
    "value": 32200.0
  },
  {
    "name": "employees",
    "year": "2015",
    "value": 34000.0
  },
  {
    "name": "employees",
    "year": "2016",
    "value": 36600.0
  },
  {
    "name": "employees",
    "year": "2017",
    "value": 38900.0
  },
  {
    "name": "employees",
    "year": "2018",
    "value": 41111.0
  },
  {
    "name": "employees",
    "year": "2019",
    "value": 41296.0
  },
  {
    "name": "employees",
    "year": "2020",
    "value": 36600.0
  },
  {
    "name": "employees",
    "year": "2021",
    "value": 36100.0
  },
  {
    "name": "employees",
    "year": "2022",
    "value": 32300.0
  },
  {
    "name": "employees",
    "year": "2023",
    "value": 31500.0
  },
  {
    "name": "employees",
    "year": "LTM",
    "value": null
  },
  {
    "name": "labour_productivity",
    "year": "2011",
    "value": 5.56338028169
  },
  {
    "name": "labour_productivity",
    "year": "2012",
    "value": 8.78472222222
  },
  {
    "name": "labour_productivity",
    "year": "2013",
    "value": 9.54098360656
  },
  {
    "name": "labour_productivity",
    "year": "2014",
    "value": 9.93167701863
  },
  {
    "name": "labour_productivity",
    "year": "2015",
    "value": 12.2117647059
  },
  {
    "name": "labour_productivity",
    "year": "2016",
    "value": 13.548633879799999
  },
  {
    "name": "labour_productivity",
    "year": "2017",
    "value": 13.7
  },
  {
    "name": "labour_productivity",
    "year": "2018",
    "value": 14.8760672326
  },
  {
    "name": "labour_productivity",
    "year": "2019",
    "value": 16.4151733824
  },
  {
    "name": "labour_productivity",
    "year": "2020",
    "value": 8.25683060109
  },
  {
    "name": "labour_productivity",
    "year": "2021",
    "value": 13.6214127424
  },
  {
    "name": "labour_productivity",
    "year": "2022",
    "value": 12.796284829700001
  },
  {
    "name": "labour_productivity",
    "year": "2023",
    "value": 19.4349206349
  },
  {
    "name": "labour_productivity",
    "year": "LTM",
    "value": null
  },
  {
    "name": "expenses_per_employee",
    "year": "2011",
    "value": 0.0
  },
  {
    "name": "expenses_per_employee",
    "year": "2012",
    "value": 0.0
  },
  {
    "name": "expenses_per_employee",
    "year": "2013",
    "value": 0.0
  },
  {
    "name": "expenses_per_employee",
    "year": "2014",
    "value": 1619.5652173899998
  },
  {
    "name": "expenses_per_employee",
    "year": "2015",
    "value": 1635.85294118
  },
  {
    "name": "expenses_per_employee",
    "year": "2016",
    "value": 1767.2677595599998
  },
  {
    "name": "expenses_per_employee",
    "year": "2017",
    "value": 2128.56041131
  },
  {
    "name": "expenses_per_employee",
    "year": "2018",
    "value": 2015.76220476
  },
  {
    "name": "expenses_per_employee",
    "year": "2019",
    "value": 2237.8196435500004
  },
  {
    "name": "expenses_per_employee",
    "year": "2020",
    "value": 1786.8852459
  },
  {
    "name": "expenses_per_employee",
    "year": "2021",
    "value": 1895.8448753500002
  },
  {
    "name": "expenses_per_employee",
    "year": "2022",
    "value": 2185.75851393
  },
  {
    "name": "expenses_per_employee",
    "year": "2023",
    "value": 2460.31746032
  },
  {
    "name": "expenses_per_employee",
    "year": "LTM",
    "value": null
  },
  {
    "name": "r_and_d_capex",
    "year": "2014",
    "value": 0.0
  },
  {
    "name": "r_and_d_capex",
    "year": "2015",
    "value": 0.0
  },
  {
    "name": "r_and_d_capex",
    "year": "2016",
    "value": 0.0
  },
  {
    "name": "r_and_d_capex",
    "year": "2017",
    "value": 0.0
  },
  {
    "name": "r_and_d_capex",
    "year": "2018",
    "value": 0.0
  },
  {
    "name": "r_and_d_capex",
    "year": "2019",
    "value": 0.0
  },
  {
    "name": "r_and_d_capex",
    "year": "2020",
    "value": 0.0
  },
  {
    "name": "r_and_d_capex",
    "year": "2021",
    "value": 0.0
  },
  {
    "name": "r_and_d_capex",
    "year": "2022",
    "value": 0.0
  },
  {
    "name": "r_and_d_capex",
    "year": "2023",
    "value": 0.0
  },
  {
    "name": "r_and_d_capex",
    "year": "LTM",
    "value": 0.0
  },
  {
    "name": "capex_revenue",
    "year": "2011",
    "value": 0.0
  },
  {
    "name": "capex_revenue",
    "year": "2012",
    "value": 0.0
  },
  {
    "name": "capex_revenue",
    "year": "2013",
    "value": 0.0
  },
  {
    "name": "capex_revenue",
    "year": "2014",
    "value": 1.8868042526600002
  },
  {
    "name": "capex_revenue",
    "year": "2015",
    "value": 2.0635838150300003
  },
  {
    "name": "capex_revenue",
    "year": "2016",
    "value": 2.06138581915
  },
  {
    "name": "capex_revenue",
    "year": "2017",
    "value": 1.4412774660799998
  },
  {
    "name": "capex_revenue",
    "year": "2018",
    "value": 5.66672662165
  },
  {
    "name": "capex_revenue",
    "year": "2019",
    "value": 3.95069341079
  },
  {
    "name": "capex_revenue",
    "year": "2020",
    "value": 5.062872270020001
  },
  {
    "name": "capex_revenue",
    "year": "2021",
    "value": 3.5222366609499995
  },
  {
    "name": "capex_revenue",
    "year": "2022",
    "value": 1.8145746636999998
  },
  {
    "name": "capex_revenue",
    "year": "2023",
    "value": 16.2463247305
  },
  {
    "name": "capex_revenue",
    "year": "LTM",
    "value": 14.7715796352403
  }
]