[{"name":"date","year":"2019","value":"06.04.2020"},{"name":"date","year":"2020","value":"25.03.2021"},{"name":"date","year":"2021","value":"30.03.2022"},{"name":"date","year":"2022","value":"30.03.2023"},{"name":"date","year":"2023","value":"01.04.2024"},{"name":"date","year":"LTM\n?","value":"02.05.2024"},{"name":"currency","year":"2019","value":"RUB"},{"name":"currency","year":"2020","value":"RUB"},{"name":"currency","year":"2021","value":"RUB"},{"name":"currency","year":"2022","value":"RUB"},{"name":"currency","year":"2023","value":"RUB"},{"name":"currency","year":"LTM\n?","value":"RUB"},{"name":"report_url","year":"2019","value":"http://www.e-disclosure.ru/portal/FileLoad.ashx?Fileid=1626063"},{"name":"report_url","year":"2020","value":"https://e-disclosure.ru/portal/FileLoad.ashx?Fileid=1686026"},{"name":"report_url","year":"2021","value":"https://www.e-disclosure.ru/portal/FileLoad.ashx?Fileid=1741446"},{"name":"report_url","year":"2022","value":"https://www.e-disclosure.ru/portal/FileLoad.ashx?Fileid=1784571"},{"name":"report_url","year":"2023","value":"https://www.e-disclosure.ru/portal/FileLoad.ashx?Fileid=1829276"},{"name":"report_url","year":"LTM\n?","value":"https://www.e-disclosure.ru/portal/FileLoad.ashx?Fileid=1835680"},{"name":"year_report_url","year":"2019","value":"https://www.e-disclosure.ru/portal/FileLoad.ashx?Fileid=1659803"},{"name":"year_report_url","year":"2020","value":"https://www.e-disclosure.ru/portal/FileLoad.ashx?Fileid=1709272"},{"name":"year_report_url","year":"2021","value":"https://www.e-disclosure.ru/portal/FileLoad.ashx?Fileid=1757585"},{"name":"year_report_url","year":"2022","value":"https://www.e-disclosure.ru/portal/FileLoad.ashx?Fileid=1799998"},{"name":"year_report_url","year":"2023","value":""},{"name":"year_report_url","year":"LTM\n?","value":""},{"name":"revenue","year":"2019","value":"0.076"},{"name":"revenue","year":"2020","value":"0.037"},{"name":"revenue","year":"2021","value":"0.064"},{"name":"revenue","year":"2022","value":""},{"name":"revenue","year":"2023","value":""},{"name":"revenue","year":"LTM\n?","value":""},{"name":"net_income","year":"2019","value":"0.061"},{"name":"net_income","year":"2020","value":"0.020"},{"name":"net_income","year":"2021","value":"0.052"},{"name":"net_income","year":"2022","value":"-0.082"},{"name":"net_income","year":"2023","value":"0.110"},{"name":"net_income","year":"LTM\n?","value":"0.103"},{"name":"dividend_payout","year":"2019","value":"0.020"},{"name":"dividend_payout","year":"2020","value":""},{"name":"dividend_payout","year":"2021","value":""},{"name":"dividend_payout","year":"2022","value":""},{"name":"dividend_payout","year":"2023","value":"0.062"},{"name":"dividend_payout","year":"LTM\n?","value":"0.062"},{"name":"dividend","year":"2019","value":"0.16"},{"name":"dividend","year":"2020","value":""},{"name":"dividend","year":"2021","value":""},{"name":"dividend","year":"2022","value":""},{"name":"dividend","year":"2023","value":"0.5"},{"name":"dividend","year":"LTM\n?","value":"0.5"},{"name":"div_yield","year":"2019","value":"4.9%"},{"name":"div_yield","year":"2020","value":"0.0%"},{"name":"div_yield","year":"2021","value":"0.0%"},{"name":"div_yield","year":"2022","value":"0.0%"},{"name":"div_yield","year":"2023","value":"4.5%"},{"name":"div_yield","year":"LTM\n?","value":"3.9%"},{"name":"div_payout_ratio","year":"2019","value":"33%"},{"name":"div_payout_ratio","year":"2020","value":"0%"},{"name":"div_payout_ratio","year":"2021","value":"0%"},{"name":"div_payout_ratio","year":"2022","value":"0%"},{"name":"div_payout_ratio","year":"2023","value":"56%"},{"name":"div_payout_ratio","year":"LTM\n?","value":"60%"},{"name":"cost_of_production","year":"2019","value":"0.013"},{"name":"cost_of_production","year":"2020","value":"0.016"},{"name":"cost_of_production","year":"2021","value":"0.016"},{"name":"cost_of_production","year":"2022","value":"0.015"},{"name":"cost_of_production","year":"2023","value":"0.015"},{"name":"cost_of_production","year":"LTM\n?","value":""},{"name":"employment_expenses","year":"2019","value":"0.031"},{"name":"employment_expenses","year":"2020","value":"0.035"},{"name":"employment_expenses","year":"2021","value":"0.033"},{"name":"employment_expenses","year":"2022","value":"0.033"},{"name":"employment_expenses","year":"2023","value":"0.033"},{"name":"employment_expenses","year":"LTM\n?","value":""},{"name":"assets","year":"2019","value":""},{"name":"assets","year":"2020","value":"0.271"},{"name":"assets","year":"2021","value":"0.296"},{"name":"assets","year":"2022","value":"0.206"},{"name":"assets","year":"2023","value":"0.332"},{"name":"assets","year":"LTM\n?","value":"0.500"},{"name":"net_assets","year":"2019","value":"0.247"},{"name":"net_assets","year":"2020","value":"0.247"},{"name":"net_assets","year":"2021","value":"0.275"},{"name":"net_assets","year":"2022","value":"0.193"},{"name":"net_assets","year":"2023","value":"0.302"},{"name":"net_assets","year":"LTM\n?","value":"0.320"},{"name":"cash","year":"2019","value":"0.000"},{"name":"cash","year":"2020","value":"0.000"},{"name":"cash","year":"2021","value":"0.000"},{"name":"cash","year":"2022","value":"0.003"},{"name":"cash","year":"2023","value":"0.000"},{"name":"cash","year":"LTM\n?","value":"0.000"},{"name":"net_debt","year":"2019","value":"0.00"},{"name":"net_debt","year":"2020","value":"0.00"},{"name":"net_debt","year":"2021","value":"0.00"},{"name":"net_debt","year":"2022","value":"0.00"},{"name":"net_debt","year":"2023","value":"0.00"},{"name":"net_debt","year":"LTM\n?","value":"0"},{"name":"common_share","year":"2019","value":"3.28"},{"name":"common_share","year":"2020","value":"3.80"},{"name":"common_share","year":"2021","value":"7.57"},{"name":"common_share","year":"2022","value":"5.01"},{"name":"common_share","year":"2023","value":"11.0"},{"name":"common_share","year":"LTM\n?","value":"12.7"},{"name":"number_of_shares","year":"2019","value":"123.8"},{"name":"number_of_shares","year":"2020","value":"123.8"},{"name":"number_of_shares","year":"2021","value":"123.8"},{"name":"number_of_shares","year":"2022","value":"123.8"},{"name":"number_of_shares","year":"2023","value":"123.8"},{"name":"number_of_shares","year":"LTM\n?","value":"123.8"},{"name":"market_cap","year":"2019","value":"0.41"},{"name":"market_cap","year":"2020","value":"0.47"},{"name":"market_cap","year":"2021","value":"0.94"},{"name":"market_cap","year":"2022","value":"0.62"},{"name":"market_cap","year":"2023","value":"1.36"},{"name":"market_cap","year":"LTM\n?","value":"1.57"},{"name":"ev","year":"2019","value":"0.41"},{"name":"ev","year":"2020","value":"0.47"},{"name":"ev","year":"2021","value":"0.94"},{"name":"ev","year":"2022","value":"0.62"},{"name":"ev","year":"2023","value":"1.36"},{"name":"ev","year":"LTM\n?","value":"1.57"},{"name":"book_value","year":"2019","value":"0.25"},{"name":"book_value","year":"2020","value":"0.25"},{"name":"book_value","year":"2021","value":"0.28"},{"name":"book_value","year":"2022","value":"0.19"},{"name":"book_value","year":"2023","value":"0.30"},{"name":"book_value","year":"LTM\n?","value":"0.32"},{"name":"eps","year":"2019","value":"0.49"},{"name":"eps","year":"2020","value":"0.16"},{"name":"eps","year":"2021","value":"0.42"},{"name":"eps","year":"2022","value":"-0.66"},{"name":"eps","year":"2023","value":"0.89"},{"name":"eps","year":"LTM\n?","value":"0.83"},{"name":"fcf_share","year":"2019","value":"0.00"},{"name":"fcf_share","year":"2020","value":"0.00"},{"name":"fcf_share","year":"2021","value":"0.00"},{"name":"fcf_share","year":"2022","value":"0.00"},{"name":"fcf_share","year":"2023","value":"0.00"},{"name":"fcf_share","year":"LTM\n?","value":"0"},{"name":"bv_share","year":"2019","value":"1.99"},{"name":"bv_share","year":"2020","value":"1.99"},{"name":"bv_share","year":"2021","value":"2.22"},{"name":"bv_share","year":"2022","value":"1.56"},{"name":"bv_share","year":"2023","value":"2.44"},{"name":"bv_share","year":"LTM\n?","value":"2.58"},{"name":"ebitda_margin","year":"2019","value":"0.0%"},{"name":"ebitda_margin","year":"2020","value":"0.0%"},{"name":"ebitda_margin","year":"2021","value":"0.0%"},{"name":"ebitda_margin","year":"2022","value":""},{"name":"ebitda_margin","year":"2023","value":""},{"name":"ebitda_margin","year":"LTM\n?","value":""},{"name":"net_margin","year":"2019","value":"80.3%"},{"name":"net_margin","year":"2020","value":"54.1%"},{"name":"net_margin","year":"2021","value":"81.3%"},{"name":"net_margin","year":"2022","value":""},{"name":"net_margin","year":"2023","value":""},{"name":"net_margin","year":"LTM\n?","value":""},{"name":"fcf_yield","year":"2019","value":"0.0%"},{"name":"fcf_yield","year":"2020","value":"0.0%"},{"name":"fcf_yield","year":"2021","value":"0.0%"},{"name":"fcf_yield","year":"2022","value":"0.0%"},{"name":"fcf_yield","year":"2023","value":"0.0%"},{"name":"fcf_yield","year":"LTM\n?","value":"0.0%"},{"name":"roe","year":"2019","value":"24.7%"},{"name":"roe","year":"2020","value":"8.1%"},{"name":"roe","year":"2021","value":"18.9%"},{"name":"roe","year":"2022","value":"-42.5%"},{"name":"roe","year":"2023","value":"36.4%"},{"name":"roe","year":"LTM\n?","value":"32.2%"},{"name":"roa","year":"2019","value":""},{"name":"roa","year":"2020","value":"7.4%"},{"name":"roa","year":"2021","value":"17.6%"},{"name":"roa","year":"2022","value":"-39.8%"},{"name":"roa","year":"2023","value":"33.1%"},{"name":"roa","year":"LTM\n?","value":"20.6%"},{"name":"p_e","year":"2019","value":"6.66"},{"name":"p_e","year":"2020","value":"23.5"},{"name":"p_e","year":"2021","value":"18.0"},{"name":"p_e","year":"2022","value":"-7.56"},{"name":"p_e","year":"2023","value":"12.4"},{"name":"p_e","year":"LTM\n?","value":"15.3"},{"name":"p_s","year":"2019","value":"5.34"},{"name":"p_s","year":"2020","value":"12.7"},{"name":"p_s","year":"2021","value":"14.6"},{"name":"p_s","year":"2022","value":""},{"name":"p_s","year":"2023","value":""},{"name":"p_s","year":"LTM\n?","value":""},{"name":"p_bv","year":"2019","value":"1.64"},{"name":"p_bv","year":"2020","value":"1.90"},{"name":"p_bv","year":"2021","value":"3.41"},{"name":"p_bv","year":"2022","value":"3.21"},{"name":"p_bv","year":"2023","value":"4.51"},{"name":"p_bv","year":"LTM\n?","value":"4.91"},{"name":"employees","year":"2019","value":""},{"name":"employees","year":"2020","value":"24"},{"name":"employees","year":"2021","value":""},{"name":"employees","year":"2022","value":"21"},{"name":"employees","year":"2023","value":""},{"name":"employees","year":"LTM\n?","value":""},{"name":"labour_productivity","year":"2019","value":""},{"name":"labour_productivity","year":"2020","value":"1.54"},{"name":"labour_productivity","year":"2021","value":""},{"name":"labour_productivity","year":"2022","value":"0.00"},{"name":"labour_productivity","year":"2023","value":""},{"name":"labour_productivity","year":"LTM\n?","value":""},{"name":"expenses_per_employee","year":"2019","value":""},{"name":"expenses_per_employee","year":"2020","value":"1 458"},{"name":"expenses_per_employee","year":"2021","value":""},{"name":"expenses_per_employee","year":"2022","value":"1 548"},{"name":"expenses_per_employee","year":"2023","value":""},{"name":"expenses_per_employee","year":"LTM\n?","value":""},{"name":"capex_revenue","year":"2019","value":"0%"},{"name":"capex_revenue","year":"2020","value":"0%"},{"name":"capex_revenue","year":"2021","value":"0%"},{"name":"capex_revenue","year":"2022","value":""},{"name":"capex_revenue","year":"2023","value":""},{"name":"capex_revenue","year":"LTM\n?","value":""}]