[{"name":"date","year":"2019","value":"02.05.2022"},{"name":"date","year":"2020","value":"02.05.2022"},{"name":"date","year":"2021","value":"02.05.2022"},{"name":"date","year":"2022","value":"30.03.2023"},{"name":"date","year":"2023","value":"26.04.2024"},{"name":"date","year":"LTM\n?","value":"24.05.2024"},{"name":"currency","year":"2019","value":"RUB"},{"name":"currency","year":"2020","value":"RUB"},{"name":"currency","year":"2021","value":"RUB"},{"name":"currency","year":"2022","value":"RUB"},{"name":"currency","year":"2023","value":"RUB"},{"name":"currency","year":"LTM\n?","value":"RUB"},{"name":"report_url","year":"2019","value":"https://d18rn0p25nwr6d.cloudfront.net/CIK-0001867752/37f16bed-2381-4b5c-9507-3956b89c589d.pdf"},{"name":"report_url","year":"2020","value":"https://d18rn0p25nwr6d.cloudfront.net/CIK-0001867752/37f16bed-2381-4b5c-9507-3956b89c589d.pdf"},{"name":"report_url","year":"2021","value":"https://d18rn0p25nwr6d.cloudfront.net/CIK-0001867752/37f16bed-2381-4b5c-9507-3956b89c589d.pdf"},{"name":"report_url","year":"2022","value":"https://investor.cian.ru/English/news/news-details/2023/Cian-PLC-Announces-Fourth-Quarter-and-Full-Year-2022-Financial-Results/default.aspx"},{"name":"report_url","year":"2023","value":"https://ir.ciangroup.ru/upload/iblock/6cd/yri8tgdligyc1s3adad1cdzosewzrr1w/Cian_Q4_2023_financial_results_RUS.pdf"},{"name":"report_url","year":"LTM\n?","value":"https://ir.ciangroup.ru/upload/iblock/5f4/s9n4jk5xvldgffw71bj4205n42fm491t/Cian_Q1_2024_financial_results_RUS.pdf"},{"name":"year_report_url","year":"2019","value":""},{"name":"year_report_url","year":"2020","value":""},{"name":"year_report_url","year":"2021","value":"https://www.e-disclosure.ru/portal/FileLoad.ashx?Fileid=1748566"},{"name":"year_report_url","year":"2022","value":"https://www.e-disclosure.ru/portal/FileLoad.ashx?Fileid=1790360"},{"name":"year_report_url","year":"2023","value":""},{"name":"year_report_url","year":"LTM\n?","value":""},{"name":"revenue","year":"2019","value":"3.61"},{"name":"revenue","year":"2020","value":"3.97"},{"name":"revenue","year":"2021","value":"6.03"},{"name":"revenue","year":"2022","value":"8.27"},{"name":"revenue","year":"2023","value":"11.6"},{"name":"revenue","year":"LTM\n?","value":"12.3"},{"name":"operating_income","year":"2019","value":"-0.868"},{"name":"operating_income","year":"2020","value":"-0.577"},{"name":"operating_income","year":"2021","value":"-2.81"},{"name":"operating_income","year":"2022","value":"0.750"},{"name":"operating_income","year":"2023","value":"1.82"},{"name":"operating_income","year":"LTM\n?","value":"2.46"},{"name":"ebitda","year":"2019","value":"-0.492"},{"name":"ebitda","year":"2020","value":"0.033"},{"name":"ebitda","year":"2021","value":"0.320"},{"name":"ebitda","year":"2022","value":"1.67"},{"name":"ebitda","year":"2023","value":"2.78"},{"name":"ebitda","year":"LTM\n?","value":"3.39"},{"name":"net_income","year":"2019","value":"-0.806"},{"name":"net_income","year":"2020","value":"-0.627"},{"name":"net_income","year":"2021","value":"-2.86"},{"name":"net_income","year":"2022","value":"0.480"},{"name":"net_income","year":"2023","value":"1.69"},{"name":"net_income","year":"LTM\n?","value":"2.22"},{"name":"ocf","year":"2019","value":"-0.361"},{"name":"ocf","year":"2020","value":"0.230"},{"name":"ocf","year":"2021","value":"-2.06"},{"name":"ocf","year":"2022","value":"1.92"},{"name":"ocf","year":"2023","value":"2.42"},{"name":"ocf","year":"LTM\n?","value":"2.92"},{"name":"capex","year":"2019","value":"0.128"},{"name":"capex","year":"2020","value":"0.111"},{"name":"capex","year":"2021","value":"0.141"},{"name":"capex","year":"2022","value":"0.120"},{"name":"capex","year":"2023","value":"0.130"},{"name":"capex","year":"LTM\n?","value":"0.362"},{"name":"fcf","year":"2019","value":"-0.542"},{"name":"fcf","year":"2020","value":"0.052"},{"name":"fcf","year":"2021","value":"-2.24"},{"name":"fcf","year":"2022","value":"1.76"},{"name":"fcf","year":"2023","value":"1.94"},{"name":"fcf","year":"LTM\n?","value":"2.44"},{"name":"div_yield","year":"2019","value":""},{"name":"div_yield","year":"2020","value":""},{"name":"div_yield","year":"2021","value":"0.0%"},{"name":"div_yield","year":"2022","value":"0.0%"},{"name":"div_yield","year":"2023","value":"0.0%"},{"name":"div_yield","year":"LTM\n?","value":"0.0%"},{"name":"div_payout_ratio","year":"2019","value":"0%"},{"name":"div_payout_ratio","year":"2020","value":"0%"},{"name":"div_payout_ratio","year":"2021","value":"0%"},{"name":"div_payout_ratio","year":"2022","value":"0%"},{"name":"div_payout_ratio","year":"2023","value":"0%"},{"name":"div_payout_ratio","year":"LTM\n?","value":"0"},{"name":"opex","year":"2019","value":"4.48"},{"name":"opex","year":"2020","value":"4.55"},{"name":"opex","year":"2021","value":"8.85"},{"name":"opex","year":"2022","value":"7.51"},{"name":"opex","year":"2023","value":"9.75"},{"name":"opex","year":"LTM\n?","value":"9.86"},{"name":"amortization","year":"2019","value":""},{"name":"amortization","year":"2020","value":""},{"name":"amortization","year":"2021","value":""},{"name":"amortization","year":"2022","value":""},{"name":"amortization","year":"2023","value":""},{"name":"amortization","year":"LTM\n?","value":"0.2"},{"name":"employment_expenses","year":"2019","value":"1.39"},{"name":"employment_expenses","year":"2020","value":"2.21"},{"name":"employment_expenses","year":"2021","value":"5.06"},{"name":"employment_expenses","year":"2022","value":"3.76"},{"name":"employment_expenses","year":"2023","value":"4.35"},{"name":"employment_expenses","year":"LTM\n?","value":"4.48"},{"name":"assets","year":"2019","value":""},{"name":"assets","year":"2020","value":"1.37"},{"name":"assets","year":"2021","value":"5.60"},{"name":"assets","year":"2022","value":"6.97"},{"name":"assets","year":"2023","value":"10.3"},{"name":"assets","year":"LTM\n?","value":"11.3"},{"name":"net_assets","year":"2019","value":""},{"name":"net_assets","year":"2020","value":"-0.872"},{"name":"net_assets","year":"2021","value":"3.87"},{"name":"net_assets","year":"2022","value":"5.01"},{"name":"net_assets","year":"2023","value":"7.18"},{"name":"net_assets","year":"LTM\n?","value":"8.00"},{"name":"debt","year":"2019","value":""},{"name":"debt","year":"2020","value":"0.728"},{"name":"debt","year":"2021","value":"0.000"},{"name":"debt","year":"2022","value":"0.000"},{"name":"debt","year":"2023","value":"0.000"},{"name":"debt","year":"LTM\n?","value":"0.000"},{"name":"cash","year":"2019","value":""},{"name":"cash","year":"2020","value":"0.449"},{"name":"cash","year":"2021","value":"2.42"},{"name":"cash","year":"2022","value":"4.10"},{"name":"cash","year":"2023","value":"6.43"},{"name":"cash","year":"LTM\n?","value":"7.39"},{"name":"net_debt","year":"2019","value":"0.00"},{"name":"net_debt","year":"2020","value":"0.28"},{"name":"net_debt","year":"2021","value":"-2.42"},{"name":"net_debt","year":"2022","value":"-4.10"},{"name":"net_debt","year":"2023","value":"-6.43"},{"name":"net_debt","year":"LTM\n?","value":"-7.39"},{"name":"common_share","year":"2019","value":""},{"name":"common_share","year":"2020","value":""},{"name":"common_share","year":"2021","value":"1 040"},{"name":"common_share","year":"2022","value":"361.2"},{"name":"common_share","year":"2023","value":"614.2"},{"name":"common_share","year":"LTM\n?","value":"603.6"},{"name":"number_of_shares","year":"2019","value":""},{"name":"number_of_shares","year":"2020","value":""},{"name":"number_of_shares","year":"2021","value":"71.3"},{"name":"number_of_shares","year":"2022","value":"71.3"},{"name":"number_of_shares","year":"2023","value":"71.3"},{"name":"number_of_shares","year":"LTM\n?","value":"71.3"},{"name":"market_cap","year":"2019","value":"0.00"},{"name":"market_cap","year":"2020","value":"0.00"},{"name":"market_cap","year":"2021","value":"74.2"},{"name":"market_cap","year":"2022","value":"25.8"},{"name":"market_cap","year":"2023","value":"43.8"},{"name":"market_cap","year":"LTM\n?","value":"43.0"},{"name":"ev","year":"2019","value":"0.00"},{"name":"ev","year":"2020","value":"0.28"},{"name":"ev","year":"2021","value":"71.7"},{"name":"ev","year":"2022","value":"21.7"},{"name":"ev","year":"2023","value":"37.4"},{"name":"ev","year":"LTM\n?","value":"35.6"},{"name":"book_value","year":"2019","value":"0.00"},{"name":"book_value","year":"2020","value":"-1.13"},{"name":"book_value","year":"2021","value":"1.89"},{"name":"book_value","year":"2022","value":"3.15"},{"name":"book_value","year":"2023","value":"4.71"},{"name":"book_value","year":"LTM\n?","value":"5.57"},{"name":"eps","year":"2019","value":""},{"name":"eps","year":"2020","value":""},{"name":"eps","year":"2021","value":"-40.1"},{"name":"eps","year":"2022","value":"6.73"},{"name":"eps","year":"2023","value":"23.7"},{"name":"eps","year":"LTM\n?","value":"31.1"},{"name":"fcf_share","year":"2019","value":""},{"name":"fcf_share","year":"2020","value":""},{"name":"fcf_share","year":"2021","value":"-31.5"},{"name":"fcf_share","year":"2022","value":"24.7"},{"name":"fcf_share","year":"2023","value":"27.2"},{"name":"fcf_share","year":"LTM\n?","value":"34.2"},{"name":"bv_share","year":"2019","value":""},{"name":"bv_share","year":"2020","value":""},{"name":"bv_share","year":"2021","value":"26.5"},{"name":"bv_share","year":"2022","value":"44.1"},{"name":"bv_share","year":"2023","value":"66.1"},{"name":"bv_share","year":"LTM\n?","value":"78.1"},{"name":"ebitda_margin","year":"2019","value":"-13.6%"},{"name":"ebitda_margin","year":"2020","value":"0.8%"},{"name":"ebitda_margin","year":"2021","value":"5.3%"},{"name":"ebitda_margin","year":"2022","value":"20.2%"},{"name":"ebitda_margin","year":"2023","value":"24.0%"},{"name":"ebitda_margin","year":"LTM\n?","value":"27.5%"},{"name":"net_margin","year":"2019","value":"-22.3%"},{"name":"net_margin","year":"2020","value":"-15.8%"},{"name":"net_margin","year":"2021","value":"-47.4%"},{"name":"net_margin","year":"2022","value":"5.8%"},{"name":"net_margin","year":"2023","value":"14.6%"},{"name":"net_margin","year":"LTM\n?","value":"18.0%"},{"name":"fcf_yield","year":"2019","value":""},{"name":"fcf_yield","year":"2020","value":""},{"name":"fcf_yield","year":"2021","value":"-3.0%"},{"name":"fcf_yield","year":"2022","value":"6.8%"},{"name":"fcf_yield","year":"2023","value":"4.4%"},{"name":"fcf_yield","year":"LTM\n?","value":"5.7%"},{"name":"roe","year":"2019","value":""},{"name":"roe","year":"2020","value":"71.9%"},{"name":"roe","year":"2021","value":"-73.8%"},{"name":"roe","year":"2022","value":"9.6%"},{"name":"roe","year":"2023","value":"23.5%"},{"name":"roe","year":"LTM\n?","value":"27.7%"},{"name":"roa","year":"2019","value":""},{"name":"roa","year":"2020","value":"-45.8%"},{"name":"roa","year":"2021","value":"-51.0%"},{"name":"roa","year":"2022","value":"6.9%"},{"name":"roa","year":"2023","value":"16.4%"},{"name":"roa","year":"LTM\n?","value":"19.6%"},{"name":"p_e","year":"2019","value":"0.00"},{"name":"p_e","year":"2020","value":"0.00"},{"name":"p_e","year":"2021","value":"-26.0"},{"name":"p_e","year":"2022","value":"53.7"},{"name":"p_e","year":"2023","value":"25.9"},{"name":"p_e","year":"LTM\n?","value":"19.4"},{"name":"p_fcf","year":"2019","value":"0.00"},{"name":"p_fcf","year":"2020","value":"0.00"},{"name":"p_fcf","year":"2021","value":"-33.1"},{"name":"p_fcf","year":"2022","value":"14.6"},{"name":"p_fcf","year":"2023","value":"22.6"},{"name":"p_fcf","year":"LTM\n?","value":"17.7"},{"name":"p_s","year":"2019","value":"0.00"},{"name":"p_s","year":"2020","value":"0.00"},{"name":"p_s","year":"2021","value":"12.3"},{"name":"p_s","year":"2022","value":"3.11"},{"name":"p_s","year":"2023","value":"3.79"},{"name":"p_s","year":"LTM\n?","value":"3.49"},{"name":"p_bv","year":"2019","value":""},{"name":"p_bv","year":"2020","value":"0.00"},{"name":"p_bv","year":"2021","value":"39.2"},{"name":"p_bv","year":"2022","value":"8.19"},{"name":"p_bv","year":"2023","value":"9.30"},{"name":"p_bv","year":"LTM\n?","value":"7.73"},{"name":"ev_ebitda","year":"2019","value":"0.00"},{"name":"ev_ebitda","year":"2020","value":"8.45"},{"name":"ev_ebitda","year":"2021","value":"224.2"},{"name":"ev_ebitda","year":"2022","value":"13.0"},{"name":"ev_ebitda","year":"2023","value":"13.4"},{"name":"ev_ebitda","year":"LTM\n?","value":"10.5"},{"name":"debt_ebitda","year":"2019","value":"0.00"},{"name":"debt_ebitda","year":"2020","value":"8.45"},{"name":"debt_ebitda","year":"2021","value":"-7.56"},{"name":"debt_ebitda","year":"2022","value":"-2.46"},{"name":"debt_ebitda","year":"2023","value":"-2.31"},{"name":"debt_ebitda","year":"LTM\n?","value":"-2.18"},{"name":"r_and_d_capex","year":"2019","value":"0.00%"},{"name":"r_and_d_capex","year":"2020","value":"0.00%"},{"name":"r_and_d_capex","year":"2021","value":"0.00%"},{"name":"r_and_d_capex","year":"2022","value":"0.00%"},{"name":"r_and_d_capex","year":"2023","value":"0.00%"},{"name":"r_and_d_capex","year":"LTM\n?","value":"0"},{"name":"capex_revenue","year":"2019","value":"4%"},{"name":"capex_revenue","year":"2020","value":"3%"},{"name":"capex_revenue","year":"2021","value":"2%"},{"name":"capex_revenue","year":"2022","value":"1%"},{"name":"capex_revenue","year":"2023","value":"1%"},{"name":"capex_revenue","year":"LTM\n?","value":"3%"}]