[{"name":"date","year":"2019","value":"07.04.2020"},{"name":"date","year":"2020","value":"08.04.2021"},{"name":"date","year":"2021","value":"08.04.2022"},{"name":"date","year":"2022","value":"10.04.2023"},{"name":"date","year":"2023","value":"08.04.2024"},{"name":"date","year":"LTM\n?","value":"16.07.2024"},{"name":"currency","year":"2019","value":"RUB"},{"name":"currency","year":"2020","value":"RUB"},{"name":"currency","year":"2021","value":"RUB"},{"name":"currency","year":"2022","value":"RUB"},{"name":"currency","year":"2023","value":"RUB"},{"name":"currency","year":"LTM\n?","value":"RUB"},{"name":"report_url","year":"2019","value":"http://www.sistema.ru/fileadmin/user_upload/results_disclosure/2019/briefing_book_q4_2019_rus.pdf"},{"name":"report_url","year":"2020","value":"https://e-disclosure.ru/portal/FileLoad.ashx?Fileid=1694471"},{"name":"report_url","year":"2021","value":"https://sistema.ru/upload/iblock/8ac/mtzu01d738tc03u75raxc0pc0551trmk/AFK-Sistema-IFRS-Cons-FS-21_r.pdf"},{"name":"report_url","year":"2022","value":"https://www.e-disclosure.ru/portal/FileLoad.ashx?Fileid=1787270"},{"name":"report_url","year":"2023","value":"https://sistema.ru/upload/iblock/925/cswk04bk2mij7blsfpnazedtngj4008t/AFK-Sistema-IFRS-Cons-SP-FS-23.pdf"},{"name":"report_url","year":"LTM\n?","value":""},{"name":"year_report_url","year":"2019","value":"https://sistema.ru/upload/iblock/d63/d636931b8d6388b8e9406c2cb17d0140.pdf"},{"name":"year_report_url","year":"2020","value":"https://www.e-disclosure.ru/portal/FileLoad.ashx?Fileid=1710624"},{"name":"year_report_url","year":"2021","value":"https://sistema.ru/upload/iblock/dd2/drsezl6cwods8k93yxx8aw0uk3c2ndg8/AFK_Sistema_AR2021_RUS.pdf"},{"name":"year_report_url","year":"2022","value":"https://e-disclosure.ru/portal/FileLoad.ashx?Fileid=1801142"},{"name":"year_report_url","year":"2023","value":"https://www.e-disclosure.ru/portal/FileLoad.ashx?Fileid=1846505"},{"name":"year_report_url","year":"LTM\n?","value":""},{"name":"presentation_url","year":"2019","value":"http://www.sistema.ru/fileadmin/user_upload/results_disclosure/2019/presentation_4q19_rus.pdf"},{"name":"presentation_url","year":"2020","value":"https://sistema.ru/upload/iblock/302/Presentation_4Q20_RUS.pdf"},{"name":"presentation_url","year":"2021","value":"https://sistema.ru/upload/iblock/276/urltjjszpqidcr3ab3skqr9ojjjjasg7/Presentation-4Q21_RUS.pdf"},{"name":"presentation_url","year":"2022","value":"https://sistema.ru/upload/iblock/8b6/ly3a7ehc9ets0ck1zkefrcdn1350wl7u/Presentation-4Q_FY-2022-RUS.pdf"},{"name":"presentation_url","year":"2023","value":"https://sistema.ru/upload/iblock/1f7/l87pt1dubi3xo7bom3cc85zuuhyvix0l/Presentation-4Q-2023-RUS.pdf"},{"name":"presentation_url","year":"LTM\n?","value":""},{"name":"revenue","year":"2019","value":"656.9"},{"name":"revenue","year":"2020","value":"691.6"},{"name":"revenue","year":"2021","value":"773.2"},{"name":"revenue","year":"2022","value":"912.7"},{"name":"revenue","year":"2023","value":"1 046"},{"name":"revenue","year":"LTM\n?","value":"1 098"},{"name":"operating_income","year":"2019","value":"86.4"},{"name":"operating_income","year":"2020","value":"109.4"},{"name":"operating_income","year":"2021","value":"155.8"},{"name":"operating_income","year":"2022","value":"161.3"},{"name":"operating_income","year":"2023","value":"116.3"},{"name":"operating_income","year":"LTM\n?","value":"116.3"},{"name":"ebitda","year":"2019","value":"223.9"},{"name":"ebitda","year":"2020","value":"236.3"},{"name":"ebitda","year":"2021","value":"264.7"},{"name":"ebitda","year":"2022","value":"271.8"},{"name":"ebitda","year":"2023","value":"264.3"},{"name":"ebitda","year":"LTM\n?","value":"251.6"},{"name":"net_income","year":"2019","value":"53.4"},{"name":"net_income","year":"2020","value":"16.0"},{"name":"net_income","year":"2021","value":"-8.90"},{"name":"net_income","year":"2022","value":"19.4"},{"name":"net_income","year":"2023","value":"-9.06"},{"name":"net_income","year":"LTM\n?","value":"-24.1"},{"name":"net_income_ns","year":"2019","value":"28.6"},{"name":"net_income_ns","year":"2020","value":"10.2"},{"name":"net_income_ns","year":"2021","value":"17.3"},{"name":"net_income_ns","year":"2022","value":"19.4"},{"name":"net_income_ns","year":"2023","value":""},{"name":"net_income_ns","year":"LTM\n?","value":""},{"name":"ocf","year":"2019","value":"106.3"},{"name":"ocf","year":"2020","value":"136.8"},{"name":"ocf","year":"2021","value":"121.6"},{"name":"ocf","year":"2022","value":"49.0"},{"name":"ocf","year":"2023","value":"74.1"},{"name":"ocf","year":"LTM\n?","value":"74.1"},{"name":"capex","year":"2019","value":"117.6"},{"name":"capex","year":"2020","value":"127.8"},{"name":"capex","year":"2021","value":"167.2"},{"name":"capex","year":"2022","value":"158.6"},{"name":"capex","year":"2023","value":"149.3"},{"name":"capex","year":"LTM\n?","value":"149.3"},{"name":"fcf","year":"2019","value":"-23.7"},{"name":"fcf","year":"2020","value":"2.88"},{"name":"fcf","year":"2021","value":"-52.4"},{"name":"fcf","year":"2022","value":"-119.3"},{"name":"fcf","year":"2023","value":"-99.4"},{"name":"fcf","year":"LTM\n?","value":"-99.4"},{"name":"dividend_payout","year":"2019","value":"1.25"},{"name":"dividend_payout","year":"2020","value":"2.99"},{"name":"dividend_payout","year":"2021","value":"0.000"},{"name":"dividend_payout","year":"2022","value":"3.86"},{"name":"dividend_payout","year":"2023","value":"5.02"},{"name":"dividend_payout","year":"LTM\n?","value":"5.02"},{"name":"dividend","year":"2019","value":"0.13"},{"name":"dividend","year":"2020","value":"0.31"},{"name":"dividend","year":"2021","value":"0"},{"name":"dividend","year":"2022","value":"0.41"},{"name":"dividend","year":"2023","value":"0.52"},{"name":"dividend","year":"LTM\n?","value":"0.52"},{"name":"div_yield","year":"2019","value":"0.9%"},{"name":"div_yield","year":"2020","value":"1.1%"},{"name":"div_yield","year":"2021","value":"0.0%"},{"name":"div_yield","year":"2022","value":"3.5%"},{"name":"div_yield","year":"2023","value":"3.2%"},{"name":"div_yield","year":"LTM\n?","value":"3.2%"},{"name":"div_payout_ratio","year":"2019","value":"2%"},{"name":"div_payout_ratio","year":"2020","value":"19%"},{"name":"div_payout_ratio","year":"2021","value":"0%"},{"name":"div_payout_ratio","year":"2022","value":"20%"},{"name":"div_payout_ratio","year":"2023","value":"0%"},{"name":"div_payout_ratio","year":"LTM\n?","value":"-21%"},{"name":"opex","year":"2019","value":"268.5"},{"name":"opex","year":"2020","value":"267.4"},{"name":"opex","year":"2021","value":"295.6"},{"name":"opex","year":"2022","value":"296.8"},{"name":"opex","year":"2023","value":""},{"name":"opex","year":"LTM\n?","value":"390.7"},{"name":"cost_of_production","year":"2019","value":"301.9"},{"name":"cost_of_production","year":"2020","value":"330.0"},{"name":"cost_of_production","year":"2021","value":"363.4"},{"name":"cost_of_production","year":"2022","value":"454.6"},{"name":"cost_of_production","year":"2023","value":"543.5"},{"name":"cost_of_production","year":"LTM\n?","value":"543.5"},{"name":"amortization","year":"2019","value":""},{"name":"amortization","year":"2020","value":"120.5"},{"name":"amortization","year":"2021","value":"134.2"},{"name":"amortization","year":"2022","value":"145.8"},{"name":"amortization","year":"2023","value":"148.0"},{"name":"amortization","year":"LTM\n?","value":"148.0"},{"name":"employment_expenses","year":"2019","value":"142.1"},{"name":"employment_expenses","year":"2020","value":"141.8"},{"name":"employment_expenses","year":"2021","value":"159.9"},{"name":"employment_expenses","year":"2022","value":"183.7"},{"name":"employment_expenses","year":"2023","value":"219.7"},{"name":"employment_expenses","year":"LTM\n?","value":""},{"name":"interest_expenses","year":"2019","value":"83.1"},{"name":"interest_expenses","year":"2020","value":"70.3"},{"name":"interest_expenses","year":"2021","value":"71.5"},{"name":"interest_expenses","year":"2022","value":"115.8"},{"name":"interest_expenses","year":"2023","value":"130.3"},{"name":"interest_expenses","year":"LTM\n?","value":"130.3"},{"name":"assets","year":"2019","value":"1 264"},{"name":"assets","year":"2020","value":"1 421"},{"name":"assets","year":"2021","value":"1 755"},{"name":"assets","year":"2022","value":"2 098"},{"name":"assets","year":"2023","value":"2 358"},{"name":"assets","year":"LTM\n?","value":""},{"name":"net_assets","year":"2019","value":"41.4"},{"name":"net_assets","year":"2020","value":"64.9"},{"name":"net_assets","year":"2021","value":"85.4"},{"name":"net_assets","year":"2022","value":"105.2"},{"name":"net_assets","year":"2023","value":"148.6"},{"name":"net_assets","year":"LTM\n?","value":""},{"name":"debt","year":"2019","value":"646.3"},{"name":"debt","year":"2020","value":"724.0"},{"name":"debt","year":"2021","value":"851.1"},{"name":"debt","year":"2022","value":"1 061"},{"name":"debt","year":"2023","value":"1 199"},{"name":"debt","year":"LTM\n?","value":""},{"name":"cash","year":"2019","value":"63.7"},{"name":"cash","year":"2020","value":"113.7"},{"name":"cash","year":"2021","value":"81.9"},{"name":"cash","year":"2022","value":"134.4"},{"name":"cash","year":"2023","value":"137.5"},{"name":"cash","year":"LTM\n?","value":""},{"name":"net_debt","year":"2019","value":"582.6"},{"name":"net_debt","year":"2020","value":"610.3"},{"name":"net_debt","year":"2021","value":"769.2"},{"name":"net_debt","year":"2022","value":"926.7"},{"name":"net_debt","year":"2023","value":"1 062"},{"name":"net_debt","year":"LTM\n?","value":"0"},{"name":"common_share","year":"2019","value":"15.2"},{"name":"common_share","year":"2020","value":"28.8"},{"name":"common_share","year":"2021","value":"23.4"},{"name":"common_share","year":"2022","value":"11.9"},{"name":"common_share","year":"2023","value":"16.0"},{"name":"common_share","year":"LTM\n?","value":"16.0"},{"name":"number_of_shares","year":"2019","value":"9 650"},{"name":"number_of_shares","year":"2020","value":"9 650"},{"name":"number_of_shares","year":"2021","value":"9 650"},{"name":"number_of_shares","year":"2022","value":"9 650"},{"name":"number_of_shares","year":"2023","value":"9 650"},{"name":"number_of_shares","year":"LTM\n?","value":"9 650"},{"name":"free_float","year":"2019","value":"31.5%"},{"name":"free_float","year":"2020","value":"31.9%"},{"name":"free_float","year":"2021","value":""},{"name":"free_float","year":"2022","value":""},{"name":"free_float","year":"2023","value":"32.6%"},{"name":"free_float","year":"LTM\n?","value":""},{"name":"market_cap","year":"2019","value":"147.0"},{"name":"market_cap","year":"2020","value":"277.9"},{"name":"market_cap","year":"2021","value":"226.1"},{"name":"market_cap","year":"2022","value":"114.5"},{"name":"market_cap","year":"2023","value":"154.6"},{"name":"market_cap","year":"LTM\n?","value":"154.6"},{"name":"ev","year":"2019","value":"729.7"},{"name":"ev","year":"2020","value":"888.2"},{"name":"ev","year":"2021","value":"995.3"},{"name":"ev","year":"2022","value":"1 041"},{"name":"ev","year":"2023","value":"1 216"},{"name":"ev","year":"LTM\n?","value":"154.6"},{"name":"book_value","year":"2019","value":"-105.2"},{"name":"book_value","year":"2020","value":"-92.1"},{"name":"book_value","year":"2021","value":"-143.7"},{"name":"book_value","year":"2022","value":"-154.1"},{"name":"book_value","year":"2023","value":"-109.9"},{"name":"book_value","year":"LTM\n?","value":"0"},{"name":"eps","year":"2019","value":"5.53"},{"name":"eps","year":"2020","value":"1.66"},{"name":"eps","year":"2021","value":"-0.92"},{"name":"eps","year":"2022","value":"2.01"},{"name":"eps","year":"2023","value":"-0.94"},{"name":"eps","year":"LTM\n?","value":"-2.49"},{"name":"fcf_share","year":"2019","value":"-2.46"},{"name":"fcf_share","year":"2020","value":"0.30"},{"name":"fcf_share","year":"2021","value":"-5.43"},{"name":"fcf_share","year":"2022","value":"-12.4"},{"name":"fcf_share","year":"2023","value":"-10.3"},{"name":"fcf_share","year":"LTM\n?","value":"-10.3"},{"name":"bv_share","year":"2019","value":"-10.9"},{"name":"bv_share","year":"2020","value":"-9.54"},{"name":"bv_share","year":"2021","value":"-14.9"},{"name":"bv_share","year":"2022","value":"-16.0"},{"name":"bv_share","year":"2023","value":"-11.4"},{"name":"bv_share","year":"LTM\n?","value":"0"},{"name":"ebitda_margin","year":"2019","value":"34.1%"},{"name":"ebitda_margin","year":"2020","value":"34.2%"},{"name":"ebitda_margin","year":"2021","value":"34.2%"},{"name":"ebitda_margin","year":"2022","value":"29.8%"},{"name":"ebitda_margin","year":"2023","value":"25.3%"},{"name":"ebitda_margin","year":"LTM\n?","value":"22.9%"},{"name":"net_margin","year":"2019","value":"8.1%"},{"name":"net_margin","year":"2020","value":"2.3%"},{"name":"net_margin","year":"2021","value":"-1.2%"},{"name":"net_margin","year":"2022","value":"2.1%"},{"name":"net_margin","year":"2023","value":"-0.9%"},{"name":"net_margin","year":"LTM\n?","value":"-2.2%"},{"name":"fcf_yield","year":"2019","value":"-16.1%"},{"name":"fcf_yield","year":"2020","value":"1.0%"},{"name":"fcf_yield","year":"2021","value":"-23.2%"},{"name":"fcf_yield","year":"2022","value":"-104.2%"},{"name":"fcf_yield","year":"2023","value":"-64.3%"},{"name":"fcf_yield","year":"LTM\n?","value":"-64.3%"},{"name":"roe","year":"2019","value":"129.0%"},{"name":"roe","year":"2020","value":"24.7%"},{"name":"roe","year":"2021","value":"-10.4%"},{"name":"roe","year":"2022","value":"18.5%"},{"name":"roe","year":"2023","value":"-6.1%"},{"name":"roe","year":"LTM\n?","value":""},{"name":"roa","year":"2019","value":"4.2%"},{"name":"roa","year":"2020","value":"1.1%"},{"name":"roa","year":"2021","value":"-0.5%"},{"name":"roa","year":"2022","value":"0.9%"},{"name":"roa","year":"2023","value":"-0.4%"},{"name":"roa","year":"LTM\n?","value":""},{"name":"p_e","year":"2019","value":"2.75"},{"name":"p_e","year":"2020","value":"17.4"},{"name":"p_e","year":"2021","value":"-25.4"},{"name":"p_e","year":"2022","value":"5.90"},{"name":"p_e","year":"2023","value":"-17.1"},{"name":"p_e","year":"LTM\n?","value":"-6.43"},{"name":"p_fcf","year":"2019","value":"-6.20"},{"name":"p_fcf","year":"2020","value":"96.5"},{"name":"p_fcf","year":"2021","value":"-4.31"},{"name":"p_fcf","year":"2022","value":"-0.96"},{"name":"p_fcf","year":"2023","value":"-1.56"},{"name":"p_fcf","year":"LTM\n?","value":"-1.56"},{"name":"p_s","year":"2019","value":"0.22"},{"name":"p_s","year":"2020","value":"0.40"},{"name":"p_s","year":"2021","value":"0.29"},{"name":"p_s","year":"2022","value":"0.13"},{"name":"p_s","year":"2023","value":"0.15"},{"name":"p_s","year":"LTM\n?","value":"0.14"},{"name":"p_bv","year":"2019","value":"-1.40"},{"name":"p_bv","year":"2020","value":"-3.02"},{"name":"p_bv","year":"2021","value":"-1.57"},{"name":"p_bv","year":"2022","value":"-0.74"},{"name":"p_bv","year":"2023","value":"-1.41"},{"name":"p_bv","year":"LTM\n?","value":""},{"name":"ev_ebitda","year":"2019","value":"3.26"},{"name":"ev_ebitda","year":"2020","value":"3.76"},{"name":"ev_ebitda","year":"2021","value":"3.76"},{"name":"ev_ebitda","year":"2022","value":"3.83"},{"name":"ev_ebitda","year":"2023","value":"4.60"},{"name":"ev_ebitda","year":"LTM\n?","value":"0.61"},{"name":"debt_ebitda","year":"2019","value":"2.60"},{"name":"debt_ebitda","year":"2020","value":"2.58"},{"name":"debt_ebitda","year":"2021","value":"2.91"},{"name":"debt_ebitda","year":"2022","value":"3.41"},{"name":"debt_ebitda","year":"2023","value":"4.02"},{"name":"debt_ebitda","year":"LTM\n?","value":"0"},{"name":"employees","year":"2019","value":""},{"name":"employees","year":"2020","value":""},{"name":"employees","year":"2021","value":""},{"name":"employees","year":"2022","value":"242"},{"name":"employees","year":"2023","value":"251"},{"name":"employees","year":"LTM\n?","value":""},{"name":"labour_productivity","year":"2019","value":""},{"name":"labour_productivity","year":"2020","value":""},{"name":"labour_productivity","year":"2021","value":""},{"name":"labour_productivity","year":"2022","value":"3 771"},{"name":"labour_productivity","year":"2023","value":"4 167"},{"name":"labour_productivity","year":"LTM\n?","value":""},{"name":"expenses_per_employee","year":"2019","value":""},{"name":"expenses_per_employee","year":"2020","value":""},{"name":"expenses_per_employee","year":"2021","value":""},{"name":"expenses_per_employee","year":"2022","value":"759 091"},{"name":"expenses_per_employee","year":"2023","value":"875 100"},{"name":"expenses_per_employee","year":"LTM\n?","value":""},{"name":"r_and_d_capex","year":"2019","value":"0.00%"},{"name":"r_and_d_capex","year":"2020","value":"0.00%"},{"name":"r_and_d_capex","year":"2021","value":"0.00%"},{"name":"r_and_d_capex","year":"2022","value":"0.00%"},{"name":"r_and_d_capex","year":"2023","value":"0.00%"},{"name":"r_and_d_capex","year":"LTM\n?","value":"0"},{"name":"capex_revenue","year":"2019","value":"18%"},{"name":"capex_revenue","year":"2020","value":"18%"},{"name":"capex_revenue","year":"2021","value":"22%"},{"name":"capex_revenue","year":"2022","value":"17%"},{"name":"capex_revenue","year":"2023","value":"14%"},{"name":"capex_revenue","year":"LTM\n?","value":"14%"}]