[{"name":"Выручка","year":"2020","value":"12093560000"},{"name":"Выручка","year":"2019","value":"16035342000"},{"name":"Выручка","year":"2018","value":"14725651000"},{"name":"Выручка","year":"2017","value":"14998529000"},{"name":"Выручка","year":"2016","value":"14092805000"},{"name":"Процентные доходы","year":"2020","value":"5756944000"},{"name":"Процентные доходы","year":"2019","value":"7387090000"},{"name":"Процентные доходы","year":"2018","value":"7493028000"},{"name":"Процентные доходы","year":"2017","value":"9034744000"},{"name":"Процентные доходы","year":"2016","value":"10581385000"},{"name":"Процентные расходы","year":"2020","value":"1369165000"},{"name":"Процентные расходы","year":"2019","value":"1854642000"},{"name":"Процентные расходы","year":"2018","value":"1816551000"},{"name":"Процентные расходы","year":"2017","value":"2700337000"},{"name":"Процентные расходы","year":"2016","value":"3955262000"},{"name":"Чистые процентные доходы/расходы","year":"2020","value":"4387779000"},{"name":"Чистые процентные доходы/расходы","year":"2019","value":"5532448000"},{"name":"Чистые процентные доходы/расходы","year":"2018","value":"5676477000"},{"name":"Чистые процентные доходы/расходы","year":"2017","value":"6334407000"},{"name":"Чистые процентные доходы/расходы","year":"2016","value":"6626123000"},{"name":"Расходы на персонал","year":"2020","value":"7666377000"},{"name":"Расходы на персонал","year":"2019","value":"7770844000"},{"name":"Расходы на персонал","year":"2018","value":"6785008000"},{"name":"Расходы на персонал","year":"2017","value":"5940589000"},{"name":"Расходы на персонал","year":"2016","value":"5656452000"},{"name":"Прибыль до налогов","year":"2020","value":"3491960000"},{"name":"Прибыль до налогов","year":"2019","value":"8505229000"},{"name":"Прибыль до налогов","year":"2018","value":"6042105000"},{"name":"Прибыль до налогов","year":"2017","value":"7689107000"},{"name":"Прибыль до налогов","year":"2016","value":"10433549000"},{"name":"Чистая прибыль","year":"2020","value":"3117856000"},{"name":"Чистая прибыль","year":"2019","value":"7143006000"},{"name":"Чистая прибыль","year":"2018","value":"5138339000"},{"name":"Чистая прибыль","year":"2017","value":"6524902000"},{"name":"Чистая прибыль","year":"2016","value":"8693733000"},{"name":"Капитал на акционеров","year":"2020","value":"24996011000"},{"name":"Капитал на акционеров","year":"2019","value":"28377733000"},{"name":"Капитал на акционеров","year":"2018","value":"24832787000"},{"name":"Капитал на акционеров","year":"2017","value":"20214488000"},{"name":"Капитал на акционеров","year":"2016","value":"21912019000"},{"name":"Активы","year":"2020","value":"132702225000"},{"name":"Активы","year":"2019","value":"120053105000"},{"name":"Активы","year":"2018","value":"124346168000"},{"name":"Активы","year":"2017","value":"122182097000"},{"name":"Активы","year":"2016","value":"133258081000"},{"name":"Денежные средства и их эквиваленты","year":"2020","value":"26553814000"},{"name":"Денежные средства и их эквиваленты","year":"2019","value":"21704328000"},{"name":"Денежные средства и их эквиваленты","year":"2018","value":"30165616000"},{"name":"Денежные средства и их эквиваленты","year":"2017","value":"29850404000"},{"name":"Денежные средства и их эквиваленты","year":"2016","value":"38206471000"},{"name":"Обязательства","year":"2020","value":"107706214000"},{"name":"Обязательства","year":"2019","value":"91675372000"},{"name":"Обязательства","year":"2018","value":"99513381000"},{"name":"Обязательства","year":"2017","value":"101967609000"},{"name":"Обязательства","year":"2016","value":"111346062000"},{"name":"Собственный капитал","year":"2020","value":"24996011000"},{"name":"Собственный капитал","year":"2019","value":"28377733000"},{"name":"Собственный капитал","year":"2018","value":"24832787000"},{"name":"Собственный капитал","year":"2017","value":"20214488000"},{"name":"Собственный капитал","year":"2016","value":"21912019000"},{"name":"Капитал на акционеров","year":"2020","value":"3117856000"},{"name":"Капитал на акционеров","year":"2019","value":"7143006000"},{"name":"Капитал на акционеров","year":"2018","value":"5138339000"},{"name":"Капитал на акционеров","year":"2017","value":"6524902000"},{"name":"Капитал на акционеров","year":"2016","value":"8693733000"},{"name":"Собственный капитал","year":"2020","value":"1144.704"},{"name":"Собственный капитал","year":"2019","value":"833.9186"},{"name":"Собственный капитал","year":"2018","value":"567.2094"},{"name":"Собственный капитал","year":"2017","value":"703.9662"},{"name":"Собственный капитал","year":"2016","value":"563.7508"},{"name":"CFO операционные денежные потоки","year":"2020","value":"8619641000"},{"name":"CFO операционные денежные потоки","year":"2019","value":"-2983822000"},{"name":"CFO операционные денежные потоки","year":"2018","value":"1385208000"},{"name":"CFO операционные денежные потоки","year":"2017","value":"-8129285000"},{"name":"CFO операционные денежные потоки","year":"2016","value":"12862063000"},{"name":"FCF на акцию","year":"2020","value":"8618394000"},{"name":"FCF на акцию","year":"2019","value":"-5574111000"},{"name":"FCF на акцию","year":"2018","value":"-309578000"},{"name":"FCF на акцию","year":"2017","value":"-8589059000"},{"name":"FCF на акцию","year":"2016","value":"12644988000"},{"name":"Инвестиционный денежный поток","year":"2020","value":"3485847000"},{"name":"Инвестиционный денежный поток","year":"2019","value":"-2590289000"},{"name":"Инвестиционный денежный поток","year":"2018","value":"-1694786000"},{"name":"Инвестиционный денежный поток","year":"2017","value":"-459774000"},{"name":"Инвестиционный денежный поток","year":"2016","value":"-217075000"},{"name":"CFF Денежный поток от финансовой деятельности","year":"2020","value":"-9524567000"},{"name":"CFF Денежный поток от финансовой деятельности","year":"2019","value":"-1799832000"},{"name":"CFF Денежный поток от финансовой деятельности","year":"2018","value":"-500340000"},{"name":"CFF Денежный поток от финансовой деятельности","year":"2017","value":"50000000"},{"name":"CFF Денежный поток от финансовой деятельности","year":"2016","value":"-1409846000"},{"name":"Чистые комиссионные доходы","year":"2020","value":"5099335000"},{"name":"Чистые комиссионные доходы","year":"2019","value":"7181013000"},{"name":"Чистые комиссионные доходы","year":"2018","value":"6798517000"},{"name":"Чистые комиссионные доходы","year":"2017","value":"5282839000"},{"name":"Чистые комиссионные доходы","year":"2016","value":"4786007000"},{"name":"Общий долг","year":"2019","value":"-17477818000"},{"name":"Общий долг","year":"2018","value":"-28479642000"},{"name":"Общий долг","year":"2017","value":"-27442540000"},{"name":"Общий долг","year":"2016","value":"-32197031000"},{"name":"Общий долг","year":"2015","value":"-9996315000"},{"name":"Долгосрочные кредиты","year":"2019","value":"4226510000"},{"name":"Долгосрочные кредиты","year":"2018","value":"1685974000"},{"name":"Долгосрочные кредиты","year":"2017","value":"2407864000"},{"name":"Долгосрочные кредиты","year":"2016","value":"6009440000"},{"name":"Долгосрочные кредиты","year":"2015","value":"19272358000"},{"name":"Чистый долг","year":"2019","value":"4226510000"},{"name":"Чистый долг","year":"2018","value":"1685974000"},{"name":"Чистый долг","year":"2017","value":"2407864000"},{"name":"Чистый долг","year":"2016","value":"6009440000"},{"name":"Чистый долг","year":"2015","value":"19272358000"}]