[{"name":"P/E","year":"2023","value":"6.04"},{"name":"P/E","year":"2022","value":"6.97"},{"name":"P/E","year":"2021","value":"4.44"},{"name":"P/E","year":"2020","value":"14.88"},{"name":"P/E","year":"2019","value":"6.9"},{"name":"P/B","year":"2023","value":"1.91"},{"name":"P/B","year":"2022","value":"1.77"},{"name":"P/B","year":"2021","value":"4.27"},{"name":"P/B","year":"2020","value":"5.51"},{"name":"P/B","year":"2019","value":"3.68"},{"name":"P/S","year":"2023","value":"1.61"},{"name":"P/S","year":"2022","value":"1.11"},{"name":"P/S","year":"2021","value":"1.56"},{"name":"P/S","year":"2020","value":"2.24"},{"name":"P/S","year":"2019","value":"1.49"},{"name":"P/CF","year":"2023","value":"6.54"},{"name":"P/CF","year":"2022","value":"3.46"},{"name":"P/CF","year":"2021","value":"3.87"},{"name":"P/CF","year":"2020","value":"7.15"},{"name":"P/CF","year":"2019","value":"5.3"},{"name":"P/FCF","year":"2023","value":"9.77"},{"name":"P/FCF","year":"2022","value":"4.81"},{"name":"P/FCF","year":"2021","value":"5.14"},{"name":"P/FCF","year":"2020","value":"18.5"},{"name":"P/FCF","year":"2019","value":"11.25"},{"name":"EV/S","year":"2023","value":"1.32"},{"name":"EV/S","year":"2022","value":"0.98"},{"name":"EV/S","year":"2021","value":"1.68"},{"name":"EV/S","year":"2020","value":"2.55"},{"name":"EV/S","year":"2019","value":"1.68"},{"name":"EV/EBITDA","year":"2023","value":"3.67"},{"name":"EV/EBITDA","year":"2022","value":"3.12"},{"name":"EV/EBITDA","year":"2021","value":"3.42"},{"name":"EV/EBITDA","year":"2020","value":"9.14"},{"name":"EV/EBITDA","year":"2019","value":"4.84"},{"name":"EV/EBIT","year":"2023","value":"3.97"},{"name":"EV/EBIT","year":"2022","value":"4.78"},{"name":"EV/EBIT","year":"2021","value":"3.79"},{"name":"EV/EBIT","year":"2020","value":"12.03"},{"name":"EV/EBIT","year":"2019","value":"5.79"},{"name":"Коэффициент долга","year":"2023","value":"0.38"},{"name":"Коэффициент долга","year":"2022","value":"0.41"},{"name":"Коэффициент долга","year":"2021","value":"0.51"},{"name":"Коэффициент долга","year":"2020","value":"0.41"},{"name":"Коэффициент долга","year":"2019","value":"0.58"},{"name":"D/E","year":"2023","value":"0.62"},{"name":"D/E","year":"2022","value":"0.7"},{"name":"D/E","year":"2021","value":"1.06"},{"name":"D/E","year":"2020","value":"1.12"},{"name":"D/E","year":"2019","value":"1.36"},{"name":"CAPEX/Выручка","year":"2023","value":"9.97"},{"name":"CAPEX/Выручка","year":"2022","value":"9.95"},{"name":"CAPEX/Выручка","year":"2021","value":"9.96"},{"name":"CAPEX/Выручка","year":"2020","value":"19.26"},{"name":"CAPEX/Выручка","year":"2019","value":"14.88"},{"name":"NetDebt/EBITDA","year":"2023","value":"-0.8"},{"name":"NetDebt/EBITDA","year":"2022","value":"-0.39"},{"name":"NetDebt/EBITDA","year":"2021","value":"0.25"},{"name":"NetDebt/EBITDA","year":"2020","value":"1.09"},{"name":"NetDebt/EBITDA","year":"2019","value":"0.53"},{"name":"Долг/EBITDA","year":"2023","value":"0.62"},{"name":"Долг/EBITDA","year":"2022","value":"0.47"},{"name":"Долг/EBITDA","year":"2021","value":"0.32"},{"name":"Долг/EBITDA","year":"2020","value":"1.4"},{"name":"Долг/EBITDA","year":"2019","value":"0.9"},{"name":"ROE","year":"2023","value":"31.58"},{"name":"ROE","year":"2022","value":"25.3"},{"name":"ROE","year":"2021","value":"95.83"},{"name":"ROE","year":"2020","value":"36.82"},{"name":"ROE","year":"2019","value":"53.12"},{"name":"ROA","year":"2023","value":"19.5"},{"name":"ROA","year":"2022","value":"14.85"},{"name":"ROA","year":"2021","value":"46.53"},{"name":"ROA","year":"2020","value":"13.66"},{"name":"ROA","year":"2019","value":"22.47"},{"name":"Return on Sales","year":"2023","value":"33.23"},{"name":"Return on Sales","year":"2022","value":"20.52"},{"name":"Return on Sales","year":"2021","value":"44.31"},{"name":"Return on Sales","year":"2020","value":"21.17"},{"name":"Return on Sales","year":"2019","value":"28.97"},{"name":"ROIC","year":"2023","value":"25.35"},{"name":"ROIC","year":"2022","value":"23.85"},{"name":"ROIC","year":"2021","value":"71.58"},{"name":"ROIC","year":"2020","value":"26.23"},{"name":"ROIC","year":"2019","value":"29.02"},{"name":"ROCE","year":"2023","value":"33.86"},{"name":"ROCE","year":"2022","value":"24.23"},{"name":"ROCE","year":"2021","value":"84.4"},{"name":"ROCE","year":"2020","value":"19.67"},{"name":"ROCE","year":"2019","value":"37.22"},{"name":"Net Margin","year":"2023","value":"26.62"},{"name":"Net Margin","year":"2022","value":"15.88"},{"name":"Net Margin","year":"2021","value":"35.02"},{"name":"Net Margin","year":"2020","value":"15.08"},{"name":"Net Margin","year":"2019","value":"21.67"},{"name":"Операционная маржа","year":"2023","value":"30.71"},{"name":"Операционная маржа","year":"2022","value":"25.63"},{"name":"Операционная маржа","year":"2021","value":"46.34"},{"name":"Операционная маржа","year":"2020","value":"28.33"},{"name":"Операционная маржа","year":"2019","value":"28.53"},{"name":"EBITDA рентабельность","year":"2023","value":"36"},{"name":"EBITDA рентабельность","year":"2022","value":"31.41"},{"name":"EBITDA рентабельность","year":"2021","value":"49.07"},{"name":"EBITDA рентабельность","year":"2020","value":"27.86"},{"name":"EBITDA рентабельность","year":"2019","value":"34.66"},{"name":"Тек. ливкидность","year":"2023","value":"2.04"},{"name":"Тек. ливкидность","year":"2022","value":"2.25"},{"name":"Тек. ливкидность","year":"2021","value":"1.22"},{"name":"Тек. ливкидность","year":"2020","value":"11.94"},{"name":"Тек. ливкидность","year":"2019","value":"1.95"},{"name":"Валовая маржа","year":"2023","value":"43.79"},{"name":"Валовая маржа","year":"2022","value":"40.78"},{"name":"Валовая маржа","year":"2021","value":"57.73"},{"name":"Валовая маржа","year":"2020","value":"42.67"},{"name":"Валовая маржа","year":"2019","value":"39.83"}]