[{"name":"P/E","year":"2023","value":"-6.54"},{"name":"P/E","year":"2022","value":"6.08"},{"name":"P/E","year":"2021","value":"13.44"},{"name":"P/E","year":"2020","value":"27.27"},{"name":"P/E","year":"2019","value":"5.14"},{"name":"P/B","year":"2023","value":"2.07"},{"name":"P/B","year":"2022","value":"1.1"},{"name":"P/B","year":"2021","value":"2.65"},{"name":"P/B","year":"2020","value":"4.3"},{"name":"P/B","year":"2019","value":"3.56"},{"name":"P/S","year":"2023","value":"0.15"},{"name":"P/S","year":"2022","value":"0.13"},{"name":"P/S","year":"2021","value":"0.29"},{"name":"P/S","year":"2020","value":"0.4"},{"name":"P/S","year":"2019","value":"0.22"},{"name":"P/CF","year":"2023","value":"2.08"},{"name":"P/CF","year":"2022","value":"2.34"},{"name":"P/CF","year":"2021","value":"1.85"},{"name":"P/CF","year":"2020","value":"2.04"},{"name":"P/CF","year":"2019","value":"1.38"},{"name":"P/FCF","year":"2020","value":"30.79"},{"name":"P/FCF","year":"2015","value":"10.1"},{"name":"P/FCF","year":"2014","value":"1"},{"name":"P/FCF","year":"2013","value":"4.75"},{"name":"P/FCF","year":"2012","value":"4.71"},{"name":"EV/S","year":"2023","value":"1.16"},{"name":"EV/S","year":"2022","value":"1.16"},{"name":"EV/S","year":"2021","value":"1.28"},{"name":"EV/S","year":"2020","value":"1.28"},{"name":"EV/S","year":"2019","value":"1.07"},{"name":"EV/EBITDA","year":"2023","value":"4.54"},{"name":"EV/EBITDA","year":"2022","value":"3.27"},{"name":"EV/EBITDA","year":"2021","value":"3.93"},{"name":"EV/EBITDA","year":"2020","value":"3.79"},{"name":"EV/EBITDA","year":"2019","value":"3.12"},{"name":"EV/EBIT","year":"2023","value":"10.16"},{"name":"EV/EBIT","year":"2022","value":"6.17"},{"name":"EV/EBIT","year":"2021","value":"5.81"},{"name":"EV/EBIT","year":"2020","value":"7.85"},{"name":"EV/EBIT","year":"2019","value":"7.83"},{"name":"Коэффициент долга","year":"2023","value":"0.94"},{"name":"Коэффициент долга","year":"2022","value":"0.91"},{"name":"Коэффициент долга","year":"2021","value":"0.93"},{"name":"Коэффициент долга","year":"2020","value":"0.94"},{"name":"Коэффициент долга","year":"2019","value":"0.95"},{"name":"D/E","year":"2023","value":"14.87"},{"name":"D/E","year":"2022","value":"10.2"},{"name":"D/E","year":"2021","value":"13.02"},{"name":"D/E","year":"2020","value":"15.28"},{"name":"D/E","year":"2019","value":"18.22"},{"name":"CAPEX/Выручка","year":"2023","value":"14.27"},{"name":"CAPEX/Выручка","year":"2022","value":"17.71"},{"name":"CAPEX/Выручка","year":"2021","value":"21.62"},{"name":"CAPEX/Выручка","year":"2020","value":"18.48"},{"name":"CAPEX/Выручка","year":"2019","value":"17.98"},{"name":"NetDebt/EBITDA","year":"2023","value":"3.97"},{"name":"NetDebt/EBITDA","year":"2022","value":"2.91"},{"name":"NetDebt/EBITDA","year":"2021","value":"3.03"},{"name":"NetDebt/EBITDA","year":"2020","value":"2.6"},{"name":"NetDebt/EBITDA","year":"2019","value":"2.46"},{"name":"Долг/EBITDA","year":"2023","value":"4.48"},{"name":"Долг/EBITDA","year":"2022","value":"3.34"},{"name":"Долг/EBITDA","year":"2021","value":"3.38"},{"name":"Долг/EBITDA","year":"2020","value":"3.11"},{"name":"Долг/EBITDA","year":"2019","value":"2.77"},{"name":"ROE","year":"2023","value":"-3.58"},{"name":"ROE","year":"2022","value":"23.22"},{"name":"ROE","year":"2021","value":"42.39"},{"name":"ROE","year":"2020","value":"47.28"},{"name":"ROE","year":"2019","value":"87.65"},{"name":"ROA","year":"2023","value":"-0.23"},{"name":"ROA","year":"2022","value":"2.07"},{"name":"ROA","year":"2021","value":"3.03"},{"name":"ROA","year":"2020","value":"2.9"},{"name":"ROA","year":"2019","value":"4.56"},{"name":"Return on Sales","year":"2023","value":"11.45"},{"name":"Return on Sales","year":"2022","value":"18.84"},{"name":"Return on Sales","year":"2021","value":"22.01"},{"name":"Return on Sales","year":"2020","value":"16.29"},{"name":"Return on Sales","year":"2019","value":"13.63"},{"name":"ROIC","year":"2023","value":"10.57"},{"name":"ROIC","year":"2022","value":"8.48"},{"name":"ROIC","year":"2021","value":"7.58"},{"name":"ROIC","year":"2020","value":"10.42"},{"name":"ROIC","year":"2019","value":"11.37"},{"name":"ROCE","year":"2023","value":"10.87"},{"name":"ROCE","year":"2022","value":"13.76"},{"name":"ROCE","year":"2021","value":"16.61"},{"name":"ROCE","year":"2020","value":"12.08"},{"name":"ROCE","year":"2019","value":"11.67"},{"name":"Net Margin","year":"2023","value":"-0.51"},{"name":"Net Margin","year":"2022","value":"4.86"},{"name":"Net Margin","year":"2021","value":"6.88"},{"name":"Net Margin","year":"2020","value":"5.97"},{"name":"Net Margin","year":"2019","value":"8.8"},{"name":"Операционная маржа","year":"2023","value":"11.12"},{"name":"Операционная маржа","year":"2022","value":"17.61"},{"name":"Операционная маржа","year":"2021","value":"20.15"},{"name":"Операционная маржа","year":"2020","value":"15.82"},{"name":"Операционная маржа","year":"2019","value":"13.27"},{"name":"EBITDA рентабельность","year":"2023","value":"25.6"},{"name":"EBITDA рентабельность","year":"2022","value":"35.49"},{"name":"EBITDA рентабельность","year":"2021","value":"32.58"},{"name":"EBITDA рентабельность","year":"2020","value":"33.71"},{"name":"EBITDA рентабельность","year":"2019","value":"34.27"},{"name":"Тек. ливкидность","year":"2023","value":"0.69"},{"name":"Тек. ливкидность","year":"2022","value":"0.87"},{"name":"Тек. ливкидность","year":"2021","value":"0.61"},{"name":"Тек. ливкидность","year":"2020","value":"0.77"},{"name":"Тек. ливкидность","year":"2019","value":"0.61"},{"name":"Валовая маржа","year":"2023","value":"48.03"},{"name":"Валовая маржа","year":"2022","value":"50.15"},{"name":"Валовая маржа","year":"2021","value":"47.83"},{"name":"Валовая маржа","year":"2020","value":"52.28"},{"name":"Валовая маржа","year":"2019","value":"54.13"}]