[{"name":"P/E","year":"2023","value":"37.54"},{"name":"P/E","year":"2022","value":"124.26"},{"name":"P/E","year":"2021","value":"7.34"},{"name":"P/B","year":"2023","value":"6.89"},{"name":"P/B","year":"2022","value":"2.43"},{"name":"P/B","year":"2021","value":"2.8"},{"name":"P/S","year":"2023","value":"0.14"},{"name":"P/S","year":"2022","value":"0.05"},{"name":"P/S","year":"2021","value":"0.05"},{"name":"P/CF","year":"2023","value":"3.99"},{"name":"P/CF","year":"2022","value":"14.7"},{"name":"P/CF","year":"2021","value":"7.59"},{"name":"P/FCF","year":"2023","value":"7.98"},{"name":"P/FCF","year":"2022","value":"33.48"},{"name":"P/FCF","year":"2021","value":"10.18"},{"name":"EV/S","year":"2023","value":"0.1"},{"name":"EV/S","year":"2022","value":"0.04"},{"name":"EV/S","year":"2021","value":"0.08"},{"name":"EV/EBITDA","year":"2023","value":"4.74"},{"name":"EV/EBITDA","year":"2022","value":"3.08"},{"name":"EV/EBITDA","year":"2021","value":"5.72"},{"name":"EV/EBIT","year":"2023","value":"6.26"},{"name":"EV/EBIT","year":"2022","value":"5.19"},{"name":"EV/EBIT","year":"2021","value":"12.32"},{"name":"Коэффициент долга","year":"2023","value":"0.91"},{"name":"Коэффициент долга","year":"2022","value":"0.94"},{"name":"Коэффициент долга","year":"2021","value":"0.94"},{"name":"D/E","year":"2023","value":"10.25"},{"name":"D/E","year":"2022","value":"14.48"},{"name":"D/E","year":"2021","value":"14.75"},{"name":"CAPEX/Выручка","year":"2023","value":"1.8"},{"name":"CAPEX/Выручка","year":"2022","value":"0.18"},{"name":"CAPEX/Выручка","year":"2021","value":"0.18"},{"name":"NetDebt/EBITDA","year":"2023","value":"-2.05"},{"name":"NetDebt/EBITDA","year":"2022","value":"-0.8"},{"name":"NetDebt/EBITDA","year":"2021","value":"1.95"},{"name":"Долг/EBITDA","year":"2021","value":"1.98"},{"name":"ROE","year":"2023","value":"18.34"},{"name":"ROE","year":"2022","value":"1.96"},{"name":"ROE","year":"2021","value":"38.19"},{"name":"ROA","year":"2023","value":"1.63"},{"name":"ROA","year":"2022","value":"0.13"},{"name":"ROA","year":"2021","value":"2.43"},{"name":"Return on Sales","year":"2023","value":"1.61"},{"name":"Return on Sales","year":"2022","value":"0.73"},{"name":"Return on Sales","year":"2021","value":"0.66"},{"name":"ROIC","year":"2023","value":"8.62"},{"name":"ROIC","year":"2022","value":"0.88"},{"name":"ROIC","year":"2021","value":"11.35"},{"name":"ROCE","year":"2023","value":"43.15"},{"name":"ROCE","year":"2022","value":"17.26"},{"name":"ROCE","year":"2021","value":"11.35"},{"name":"Net Margin","year":"2023","value":"0.38"},{"name":"Net Margin","year":"2022","value":"0.04"},{"name":"Net Margin","year":"2021","value":"0.72"},{"name":"Операционная маржа","year":"2023","value":"1.61"},{"name":"Операционная маржа","year":"2022","value":"0.73"},{"name":"Операционная маржа","year":"2021","value":"0.66"},{"name":"EBITDA рентабельность","year":"2023","value":"2.13"},{"name":"EBITDA рентабельность","year":"2022","value":"1.23"},{"name":"EBITDA рентабельность","year":"2021","value":"1.41"},{"name":"Тек. ливкидность","year":"2023","value":"1.07"},{"name":"Тек. ливкидность","year":"2022","value":"1.11"},{"name":"Тек. ливкидность","year":"2021","value":"1.18"}]