[{"name":"date","year":"2023Q1","value":"11.06.2024"},{"name":"date","year":"2023Q2","value":"22.09.2023"},{"name":"date","year":"2023Q3","value":"28.11.2023"},{"name":"date","year":"2023Q4","value":"02.04.2024"},{"name":"date","year":"2024Q1","value":"11.06.2024"},{"name":"date","year":"LTM\n?","value":"11.06.2024"},{"name":"currency","year":"2023Q1","value":"RUB"},{"name":"currency","year":"2023Q2","value":"RUB"},{"name":"currency","year":"2023Q3","value":"RUB"},{"name":"currency","year":"2023Q4","value":"RUB"},{"name":"currency","year":"2024Q1","value":"RUB"},{"name":"currency","year":"LTM\n?","value":"RUB"},{"name":"report_url","year":"2023Q1","value":""},{"name":"report_url","year":"2023Q2","value":"https://astralinux.ru/investors/IFRS%20FS%206m2023%20GC%20Astra.pdf"},{"name":"report_url","year":"2023Q3","value":"https://astralinux.ru/investors/docs/%D0%9C%D0%A1%D0%A4%D0%9E_%D0%9E%D1%82%D1%87%D0%B5%D1%82%D0%BD%D0%BE%D1%81%D1%82%D1%8C_%D0%93%D1%80%D1%83%D0%BF%D0%BF%D0%B0%D0%90%D1%81%D1%82%D1%80%D0%B0_9%D0%BC2023.pdf"},{"name":"report_url","year":"2023Q4","value":"https://www.e-disclosure.ru/portal/FileLoad.ashx?Fileid=1829480"},{"name":"report_url","year":"2024Q1","value":"https://astragroup.ru/investors/docs/%D0%9C%D0%A1%D0%A4%D0%9E%203%D0%BC%D0%B5%D1%812024%20%D0%9F%D0%90%D0%9E%20%D0%93%D1%80%D1%83%D0%BF%D0%BF%D0%B0%20%D0%90%D1%81%D1%82%D1%80%D0%B0.pdf"},{"name":"report_url","year":"LTM\n?","value":"https://astragroup.ru/investors/docs/%D0%9C%D0%A1%D0%A4%D0%9E%203%D0%BC%D0%B5%D1%812024%20%D0%9F%D0%90%D0%9E%20%D0%93%D1%80%D1%83%D0%BF%D0%BF%D0%B0%20%D0%90%D1%81%D1%82%D1%80%D0%B0.pdf"},{"name":"presentation_url","year":"2023Q1","value":""},{"name":"presentation_url","year":"2023Q2","value":""},{"name":"presentation_url","year":"2023Q3","value":"https://astralinux.ru/investors/docs/%D0%A4%D0%B8%D0%BD%D0%B0%D0%BD%D1%81%D0%BE%D0%B2%D1%8B%D0%B5_%D1%80%D0%B5%D0%B7%D1%83%D0%BB%D1%8C%D1%82%D0%B0%D1%82%D1%8B_%D0%93%D1%80%D1%83%D0%BF%D0%BF%D0%B0_%D0%90%D1%81%D1%82%D1%80%D0%B0_9m2023.pdf"},{"name":"presentation_url","year":"2023Q4","value":""},{"name":"presentation_url","year":"2024Q1","value":""},{"name":"presentation_url","year":"LTM\n?","value":""},{"name":"revenue","year":"2023Q1","value":"1.30"},{"name":"revenue","year":"2023Q2","value":"3.11"},{"name":"revenue","year":"2023Q3","value":"1.56"},{"name":"revenue","year":"2023Q4","value":"4.87"},{"name":"revenue","year":"2024Q1","value":"1.85"},{"name":"revenue","year":"LTM\n?","value":"11.4"},{"name":"operating_income","year":"2023Q1","value":"0.523"},{"name":"operating_income","year":"2023Q2","value":"1.09"},{"name":"operating_income","year":"2023Q3","value":"0.137"},{"name":"operating_income","year":"2023Q4","value":"2.86"},{"name":"operating_income","year":"2024Q1","value":"0.060"},{"name":"operating_income","year":"LTM\n?","value":"4.15"},{"name":"ebitda","year":"2023Q1","value":"0.518"},{"name":"ebitda","year":"2023Q2","value":"1.20"},{"name":"ebitda","year":"2023Q3","value":""},{"name":"ebitda","year":"2023Q4","value":"3.18"},{"name":"ebitda","year":"2024Q1","value":"0.024"},{"name":"ebitda","year":"LTM\n?","value":"4.40"},{"name":"net_income","year":"2023Q1","value":"0.590"},{"name":"net_income","year":"2023Q2","value":"1.16"},{"name":"net_income","year":"2023Q3","value":"0.177"},{"name":"net_income","year":"2023Q4","value":"2.20"},{"name":"net_income","year":"2024Q1","value":"0.229"},{"name":"net_income","year":"LTM\n?","value":"3.77"},{"name":"ocf","year":"2023Q1","value":"1.99"},{"name":"ocf","year":"2023Q2","value":"2.32"},{"name":"ocf","year":"2023Q3","value":"0.290"},{"name":"ocf","year":"2023Q4","value":"0.840"},{"name":"ocf","year":"2024Q1","value":"2.22"},{"name":"ocf","year":"LTM\n?","value":"5.67"},{"name":"capex","year":"2023Q1","value":"0.149"},{"name":"capex","year":"2023Q2","value":"0.360"},{"name":"capex","year":"2023Q3","value":"0.353"},{"name":"capex","year":"2023Q4","value":"0.587"},{"name":"capex","year":"2024Q1","value":"0.474"},{"name":"capex","year":"LTM\n?","value":"1.77"},{"name":"fcf","year":"2023Q1","value":"1.82"},{"name":"fcf","year":"2023Q2","value":"1.95"},{"name":"fcf","year":"2023Q3","value":"-0.056"},{"name":"fcf","year":"2023Q4","value":"0.256"},{"name":"fcf","year":"2024Q1","value":"1.69"},{"name":"fcf","year":"LTM\n?","value":"3.84"},{"name":"dividend_payout","year":"2023Q1","value":""},{"name":"dividend_payout","year":"2023Q2","value":""},{"name":"dividend_payout","year":"2023Q3","value":""},{"name":"dividend_payout","year":"2023Q4","value":""},{"name":"dividend_payout","year":"2024Q1","value":"1.66"},{"name":"dividend_payout","year":"LTM\n?","value":"1.66"},{"name":"dividend","year":"2023Q1","value":""},{"name":"dividend","year":"2023Q2","value":""},{"name":"dividend","year":"2023Q3","value":""},{"name":"dividend","year":"2023Q4","value":""},{"name":"dividend","year":"2024Q1","value":"7.89"},{"name":"dividend","year":"LTM\n?","value":"7.89"},{"name":"div_yield","year":"2023Q1","value":"0.0%"},{"name":"div_yield","year":"2023Q2","value":"0.0%"},{"name":"div_yield","year":"2023Q3","value":"0.0%"},{"name":"div_yield","year":"2023Q4","value":"0.0%"},{"name":"div_yield","year":"2024Q1","value":"1.1%"},{"name":"div_yield","year":"LTM\n?","value":"1.5%"},{"name":"div_payout_ratio","year":"2023Q1","value":"0%"},{"name":"div_payout_ratio","year":"2023Q2","value":"0%"},{"name":"div_payout_ratio","year":"2023Q3","value":"0%"},{"name":"div_payout_ratio","year":"2023Q4","value":"0%"},{"name":"div_payout_ratio","year":"2024Q1","value":"725%"},{"name":"div_payout_ratio","year":"LTM\n?","value":"44%"},{"name":"opex","year":"2023Q1","value":"0.369"},{"name":"opex","year":"2023Q2","value":"1.19"},{"name":"opex","year":"2023Q3","value":"0.700"},{"name":"opex","year":"2023Q4","value":"1.15"},{"name":"opex","year":"2024Q1","value":"0.943"},{"name":"opex","year":"LTM\n?","value":"3.98"},{"name":"cost_of_production","year":"2023Q1","value":"0.400"},{"name":"cost_of_production","year":"2023Q2","value":"0.830"},{"name":"cost_of_production","year":"2023Q3","value":"0.730"},{"name":"cost_of_production","year":"2023Q4","value":"0.850"},{"name":"cost_of_production","year":"2024Q1","value":"0.970"},{"name":"cost_of_production","year":"LTM\n?","value":"3.38"},{"name":"amortization","year":"2023Q1","value":"0.0"},{"name":"amortization","year":"2023Q2","value":"0.1"},{"name":"amortization","year":"2023Q3","value":"0.1"},{"name":"amortization","year":"2023Q4","value":"0.1"},{"name":"amortization","year":"2024Q1","value":"0.1"},{"name":"amortization","year":"LTM\n?","value":"0.4"},{"name":"r_and_d","year":"2023Q1","value":"0.017"},{"name":"r_and_d","year":"2023Q2","value":""},{"name":"r_and_d","year":"2023Q3","value":""},{"name":"r_and_d","year":"2023Q4","value":""},{"name":"r_and_d","year":"2024Q1","value":"0.067"},{"name":"r_and_d","year":"LTM\n?","value":"0.067"},{"name":"interest_expenses","year":"2023Q1","value":"0.005"},{"name":"interest_expenses","year":"2023Q2","value":"0.012"},{"name":"interest_expenses","year":"2023Q3","value":"0.011"},{"name":"interest_expenses","year":"2023Q4","value":""},{"name":"interest_expenses","year":"2024Q1","value":"0.025"},{"name":"interest_expenses","year":"LTM\n?","value":"0.048"},{"name":"assets","year":"2023Q1","value":""},{"name":"assets","year":"2023Q2","value":"6.49"},{"name":"assets","year":"2023Q3","value":"7.15"},{"name":"assets","year":"2023Q4","value":"12.4"},{"name":"assets","year":"2024Q1","value":"12.6"},{"name":"assets","year":"LTM\n?","value":"12.6"},{"name":"net_assets","year":"2023Q1","value":""},{"name":"net_assets","year":"2023Q2","value":"1.63"},{"name":"net_assets","year":"2023Q3","value":"1.54"},{"name":"net_assets","year":"2023Q4","value":"4.23"},{"name":"net_assets","year":"2024Q1","value":"4.95"},{"name":"net_assets","year":"LTM\n?","value":"4.95"},{"name":"debt","year":"2023Q1","value":""},{"name":"debt","year":"2023Q2","value":"0.990"},{"name":"debt","year":"2023Q3","value":"1.94"},{"name":"debt","year":"2023Q4","value":"2.73"},{"name":"debt","year":"2024Q1","value":"3.47"},{"name":"debt","year":"LTM\n?","value":"3.47"},{"name":"cash","year":"2023Q1","value":""},{"name":"cash","year":"2023Q2","value":"1.47"},{"name":"cash","year":"2023Q3","value":"1.47"},{"name":"cash","year":"2023Q4","value":"2.64"},{"name":"cash","year":"2024Q1","value":"4.99"},{"name":"cash","year":"LTM\n?","value":"4.99"},{"name":"net_debt","year":"2023Q1","value":"0.00"},{"name":"net_debt","year":"2023Q2","value":"-0.48"},{"name":"net_debt","year":"2023Q3","value":"0.47"},{"name":"net_debt","year":"2023Q4","value":"0.09"},{"name":"net_debt","year":"2024Q1","value":"-1.52"},{"name":"net_debt","year":"LTM\n?","value":"-1.52"},{"name":"common_share","year":"2023Q1","value":"333.0"},{"name":"common_share","year":"2023Q2","value":"333.0"},{"name":"common_share","year":"2023Q3","value":"333.0"},{"name":"common_share","year":"2023Q4","value":"500.2"},{"name":"common_share","year":"2024Q1","value":"692.1"},{"name":"common_share","year":"LTM\n?","value":"532.4"},{"name":"number_of_shares","year":"2023Q1","value":"210.0"},{"name":"number_of_shares","year":"2023Q2","value":"210.0"},{"name":"number_of_shares","year":"2023Q3","value":"210.0"},{"name":"number_of_shares","year":"2023Q4","value":"210.0"},{"name":"number_of_shares","year":"2024Q1","value":"210.0"},{"name":"number_of_shares","year":"LTM\n?","value":"210.0"},{"name":"market_cap","year":"2023Q1","value":"69.9"},{"name":"market_cap","year":"2023Q2","value":"69.9"},{"name":"market_cap","year":"2023Q3","value":"69.9"},{"name":"market_cap","year":"2023Q4","value":"105.0"},{"name":"market_cap","year":"2024Q1","value":"145.3"},{"name":"market_cap","year":"LTM\n?","value":"111.8"},{"name":"ev","year":"2023Q1","value":"69.9"},{"name":"ev","year":"2023Q2","value":"69.5"},{"name":"ev","year":"2023Q3","value":"70.4"},{"name":"ev","year":"2023Q4","value":"105.1"},{"name":"ev","year":"2024Q1","value":"143.8"},{"name":"ev","year":"LTM\n?","value":"110.3"},{"name":"book_value","year":"2023Q1","value":"0.00"},{"name":"book_value","year":"2023Q2","value":"0.55"},{"name":"book_value","year":"2023Q3","value":"0.22"},{"name":"book_value","year":"2023Q4","value":"1.41"},{"name":"book_value","year":"2024Q1","value":"1.71"},{"name":"book_value","year":"LTM\n?","value":"1.71"},{"name":"eps","year":"2023Q1","value":"2.81"},{"name":"eps","year":"2023Q2","value":"5.52"},{"name":"eps","year":"2023Q3","value":"0.84"},{"name":"eps","year":"2023Q4","value":"10.5"},{"name":"eps","year":"2024Q1","value":"1.09"},{"name":"eps","year":"LTM\n?","value":"17.9"},{"name":"fcf_share","year":"2023Q1","value":"8.66"},{"name":"fcf_share","year":"2023Q2","value":"9.29"},{"name":"fcf_share","year":"2023Q3","value":"-0.27"},{"name":"fcf_share","year":"2023Q4","value":"1.22"},{"name":"fcf_share","year":"2024Q1","value":"8.05"},{"name":"fcf_share","year":"LTM\n?","value":"18.3"},{"name":"bv_share","year":"2023Q1","value":"0.00"},{"name":"bv_share","year":"2023Q2","value":"2.62"},{"name":"bv_share","year":"2023Q3","value":"1.05"},{"name":"bv_share","year":"2023Q4","value":"6.71"},{"name":"bv_share","year":"2024Q1","value":"8.14"},{"name":"bv_share","year":"LTM\n?","value":"8.14"},{"name":"ebitda_margin","year":"2023Q1","value":"40.0%"},{"name":"ebitda_margin","year":"2023Q2","value":"38.6%"},{"name":"ebitda_margin","year":"2023Q3","value":"0.0%"},{"name":"ebitda_margin","year":"2023Q4","value":"65.3%"},{"name":"ebitda_margin","year":"2024Q1","value":"1.3%"},{"name":"ebitda_margin","year":"LTM\n?","value":"38.7%"},{"name":"net_margin","year":"2023Q1","value":"45.5%"},{"name":"net_margin","year":"2023Q2","value":"37.3%"},{"name":"net_margin","year":"2023Q3","value":"11.3%"},{"name":"net_margin","year":"2023Q4","value":"45.2%"},{"name":"net_margin","year":"2024Q1","value":"12.4%"},{"name":"net_margin","year":"LTM\n?","value":"33.1%"},{"name":"fcf_yield","year":"2023Q1","value":"4.2%"},{"name":"fcf_yield","year":"2023Q2","value":"3.1%"},{"name":"fcf_yield","year":"2023Q3","value":"4.1%"},{"name":"fcf_yield","year":"2023Q4","value":"3.8%"},{"name":"fcf_yield","year":"2024Q1","value":"2.6%"},{"name":"fcf_yield","year":"LTM\n?","value":"3.4%"},{"name":"roe","year":"2023Q1","value":""},{"name":"roe","year":"2023Q2","value":"105.5%"},{"name":"roe","year":"2023Q3","value":"217.3%"},{"name":"roe","year":"2023Q4","value":"97.6%"},{"name":"roe","year":"2024Q1","value":"76.1%"},{"name":"roe","year":"LTM\n?","value":"76.1%"},{"name":"roa","year":"2023Q1","value":""},{"name":"roa","year":"2023Q2","value":"26.5%"},{"name":"roa","year":"2023Q3","value":"46.8%"},{"name":"roa","year":"2023Q4","value":"33.4%"},{"name":"roa","year":"2024Q1","value":"30.0%"},{"name":"roa","year":"LTM\n?","value":"30.0%"},{"name":"p_e","year":"2023Q1","value":"22.8"},{"name":"p_e","year":"2023Q2","value":"40.7"},{"name":"p_e","year":"2023Q3","value":"20.9"},{"name":"p_e","year":"2023Q4","value":"25.4"},{"name":"p_e","year":"2024Q1","value":"38.6"},{"name":"p_e","year":"LTM\n?","value":"29.7"},{"name":"p_fcf","year":"2023Q1","value":"24.0"},{"name":"p_fcf","year":"2023Q2","value":"35.9"},{"name":"p_fcf","year":"2023Q3","value":"24.4"},{"name":"p_fcf","year":"2023Q4","value":"26.5"},{"name":"p_fcf","year":"2024Q1","value":"37.8"},{"name":"p_fcf","year":"LTM\n?","value":"29.1"},{"name":"p_s","year":"2023Q1","value":"10.5"},{"name":"p_s","year":"2023Q2","value":"15.6"},{"name":"p_s","year":"2023Q3","value":"7.77"},{"name":"p_s","year":"2023Q4","value":"9.69"},{"name":"p_s","year":"2024Q1","value":"12.8"},{"name":"p_s","year":"LTM\n?","value":"9.82"},{"name":"p_bv","year":"2023Q1","value":""},{"name":"p_bv","year":"2023Q2","value":"127.1"},{"name":"p_bv","year":"2023Q3","value":"317.9"},{"name":"p_bv","year":"2023Q4","value":"74.5"},{"name":"p_bv","year":"2024Q1","value":"85.0"},{"name":"p_bv","year":"LTM\n?","value":"65.4"},{"name":"ev_ebitda","year":"2023Q1","value":"19.9"},{"name":"ev_ebitda","year":"2023Q2","value":"57.9"},{"name":"ev_ebitda","year":"2023Q3","value":"18.3"},{"name":"ev_ebitda","year":"2023Q4","value":"21.5"},{"name":"ev_ebitda","year":"2024Q1","value":"32.7"},{"name":"ev_ebitda","year":"LTM\n?","value":"25.0"},{"name":"debt_ebitda","year":"2023Q1","value":"0.00"},{"name":"debt_ebitda","year":"2023Q2","value":"-0.40"},{"name":"debt_ebitda","year":"2023Q3","value":"0.12"},{"name":"debt_ebitda","year":"2023Q4","value":"0.02"},{"name":"debt_ebitda","year":"2024Q1","value":"-0.35"},{"name":"debt_ebitda","year":"LTM\n?","value":"-0.35"},{"name":"employees","year":"2023Q1","value":""},{"name":"employees","year":"2023Q2","value":""},{"name":"employees","year":"2023Q3","value":"1 900"},{"name":"employees","year":"2023Q4","value":""},{"name":"employees","year":"2024Q1","value":""},{"name":"employees","year":"LTM\n?","value":""},{"name":"expenses_per_employee","year":"2023Q1","value":""},{"name":"expenses_per_employee","year":"2023Q2","value":""},{"name":"expenses_per_employee","year":"2023Q3","value":"0.00"},{"name":"expenses_per_employee","year":"2023Q4","value":""},{"name":"expenses_per_employee","year":"2024Q1","value":""},{"name":"expenses_per_employee","year":"LTM\n?","value":""},{"name":"r_and_d_capex","year":"2023Q1","value":"11.41%"},{"name":"r_and_d_capex","year":"2023Q2","value":"0.00%"},{"name":"r_and_d_capex","year":"2023Q3","value":"0.00%"},{"name":"r_and_d_capex","year":"2023Q4","value":"0.00%"},{"name":"r_and_d_capex","year":"2024Q1","value":"14.14%"},{"name":"r_and_d_capex","year":"LTM\n?","value":"3.78%"},{"name":"capex_revenue","year":"2023Q1","value":"11%"},{"name":"capex_revenue","year":"2023Q2","value":"12%"},{"name":"capex_revenue","year":"2023Q3","value":"23%"},{"name":"capex_revenue","year":"2023Q4","value":"12%"},{"name":"capex_revenue","year":"2024Q1","value":"26%"},{"name":"capex_revenue","year":"LTM\n?","value":"16%"}]