[
  {
    "name": "revenue",
    "year": "2022Q2",
    "value": 1.0
  },
  {
    "name": "revenue",
    "year": "2022Q3",
    "value": 1.36
  },
  {
    "name": "revenue",
    "year": "2022Q4",
    "value": 3.03
  },
  {
    "name": "revenue",
    "year": "2023Q1",
    "value": 1.296
  },
  {
    "name": "revenue",
    "year": "2023Q2",
    "value": 3.11
  },
  {
    "name": "revenue",
    "year": "2023Q3",
    "value": 1.56
  },
  {
    "name": "revenue",
    "year": "2023Q4",
    "value": 4.87
  },
  {
    "name": "revenue",
    "year": "2024Q1",
    "value": 1.85
  },
  {
    "name": "operating_income",
    "year": "2022Q2",
    "value": 0.26
  },
  {
    "name": "operating_income",
    "year": "2022Q3",
    "value": 0.813
  },
  {
    "name": "operating_income",
    "year": "2022Q4",
    "value": 1.727
  },
  {
    "name": "operating_income",
    "year": "2023Q1",
    "value": 0.523
  },
  {
    "name": "operating_income",
    "year": "2023Q2",
    "value": 1.09
  },
  {
    "name": "operating_income",
    "year": "2023Q3",
    "value": 0.137
  },
  {
    "name": "operating_income",
    "year": "2023Q4",
    "value": 2.863
  },
  {
    "name": "operating_income",
    "year": "2024Q1",
    "value": 0.06
  },
  {
    "name": "ebitda",
    "year": "2022Q2",
    "value": 0.352
  },
  {
    "name": "ebitda",
    "year": "2022Q3",
    "value": null
  },
  {
    "name": "ebitda",
    "year": "2022Q4",
    "value": 2.648
  },
  {
    "name": "ebitda",
    "year": "2023Q1",
    "value": 0.518
  },
  {
    "name": "ebitda",
    "year": "2023Q2",
    "value": 1.2
  },
  {
    "name": "ebitda",
    "year": "2023Q3",
    "value": null
  },
  {
    "name": "ebitda",
    "year": "2023Q4",
    "value": 3.18
  },
  {
    "name": "ebitda",
    "year": "2024Q1",
    "value": 0.024
  },
  {
    "name": "net_income",
    "year": "2022Q2",
    "value": 0.5
  },
  {
    "name": "net_income",
    "year": "2022Q3",
    "value": 0.56
  },
  {
    "name": "net_income",
    "year": "2022Q4",
    "value": 1.42
  },
  {
    "name": "net_income",
    "year": "2023Q1",
    "value": 0.59
  },
  {
    "name": "net_income",
    "year": "2023Q2",
    "value": 1.16
  },
  {
    "name": "net_income",
    "year": "2023Q3",
    "value": 0.177
  },
  {
    "name": "net_income",
    "year": "2023Q4",
    "value": 2.203
  },
  {
    "name": "net_income",
    "year": "2024Q1",
    "value": 0.229
  },
  {
    "name": "ocf",
    "year": "2022Q2",
    "value": 0.177
  },
  {
    "name": "ocf",
    "year": "2022Q3",
    "value": 0.38
  },
  {
    "name": "ocf",
    "year": "2022Q4",
    "value": 1.303
  },
  {
    "name": "ocf",
    "year": "2023Q1",
    "value": 1.99
  },
  {
    "name": "ocf",
    "year": "2023Q2",
    "value": 2.32
  },
  {
    "name": "ocf",
    "year": "2023Q3",
    "value": 0.29
  },
  {
    "name": "ocf",
    "year": "2023Q4",
    "value": 0.84
  },
  {
    "name": "ocf",
    "year": "2024Q1",
    "value": 2.22
  },
  {
    "name": "capex",
    "year": "2022Q2",
    "value": 0.275
  },
  {
    "name": "capex",
    "year": "2022Q3",
    "value": 0.166
  },
  {
    "name": "capex",
    "year": "2022Q4",
    "value": 0.199
  },
  {
    "name": "capex",
    "year": "2023Q1",
    "value": 0.149
  },
  {
    "name": "capex",
    "year": "2023Q2",
    "value": 0.36
  },
  {
    "name": "capex",
    "year": "2023Q3",
    "value": 0.353
  },
  {
    "name": "capex",
    "year": "2023Q4",
    "value": 0.587
  },
  {
    "name": "capex",
    "year": "2024Q1",
    "value": 0.474
  },
  {
    "name": "fcf",
    "year": "2022Q2",
    "value": -0.095
  },
  {
    "name": "fcf",
    "year": "2022Q3",
    "value": 0.212
  },
  {
    "name": "fcf",
    "year": "2022Q4",
    "value": 0.973
  },
  {
    "name": "fcf",
    "year": "2023Q1",
    "value": 1.818
  },
  {
    "name": "fcf",
    "year": "2023Q2",
    "value": 1.95
  },
  {
    "name": "fcf",
    "year": "2023Q3",
    "value": -0.056
  },
  {
    "name": "fcf",
    "year": "2023Q4",
    "value": 0.256
  },
  {
    "name": "fcf",
    "year": "2024Q1",
    "value": 1.69
  },
  {
    "name": "opex",
    "year": "2022Q2",
    "value": 0.43
  },
  {
    "name": "opex",
    "year": "2022Q3",
    "value": 0.31
  },
  {
    "name": "opex",
    "year": "2022Q4",
    "value": 0.935
  },
  {
    "name": "opex",
    "year": "2023Q1",
    "value": 0.369
  },
  {
    "name": "opex",
    "year": "2023Q2",
    "value": 1.19
  },
  {
    "name": "opex",
    "year": "2023Q3",
    "value": 0.7
  },
  {
    "name": "opex",
    "year": "2023Q4",
    "value": 1.15
  },
  {
    "name": "opex",
    "year": "2024Q1",
    "value": 0.943
  },
  {
    "name": "cost_of_production",
    "year": "2022Q2",
    "value": 0.31
  },
  {
    "name": "cost_of_production",
    "year": "2022Q3",
    "value": 0.236
  },
  {
    "name": "cost_of_production",
    "year": "2022Q4",
    "value": 0.376
  },
  {
    "name": "cost_of_production",
    "year": "2023Q1",
    "value": 0.4
  },
  {
    "name": "cost_of_production",
    "year": "2023Q2",
    "value": 0.83
  },
  {
    "name": "cost_of_production",
    "year": "2023Q3",
    "value": 0.73
  },
  {
    "name": "cost_of_production",
    "year": "2023Q4",
    "value": 0.85
  },
  {
    "name": "cost_of_production",
    "year": "2024Q1",
    "value": 0.97
  },
  {
    "name": "amortization",
    "year": "2022Q2",
    "value": 0.092
  },
  {
    "name": "amortization",
    "year": "2022Q3",
    "value": 0.054
  },
  {
    "name": "amortization",
    "year": "2022Q4",
    "value": 0.065
  },
  {
    "name": "amortization",
    "year": "2023Q1",
    "value": 0.049
  },
  {
    "name": "amortization",
    "year": "2023Q2",
    "value": 0.106
  },
  {
    "name": "amortization",
    "year": "2023Q3",
    "value": 0.07
  },
  {
    "name": "amortization",
    "year": "2023Q4",
    "value": 0.114
  },
  {
    "name": "amortization",
    "year": "2024Q1",
    "value": 0.14
  },
  {
    "name": "r_and_d",
    "year": "2023Q1",
    "value": 0.017
  },
  {
    "name": "r_and_d",
    "year": "2023Q2",
    "value": null
  },
  {
    "name": "r_and_d",
    "year": "2023Q3",
    "value": null
  },
  {
    "name": "r_and_d",
    "year": "2023Q4",
    "value": null
  },
  {
    "name": "r_and_d",
    "year": "2024Q1",
    "value": 0.067
  },
  {
    "name": "assets",
    "year": "2020Q4",
    "value": 1.16
  },
  {
    "name": "assets",
    "year": "2021Q4",
    "value": 2.15
  },
  {
    "name": "assets",
    "year": "2022Q2",
    "value": null
  },
  {
    "name": "assets",
    "year": "2022Q3",
    "value": null
  },
  {
    "name": "assets",
    "year": "2022Q4",
    "value": 6.1
  },
  {
    "name": "assets",
    "year": "2023Q1",
    "value": null
  },
  {
    "name": "assets",
    "year": "2023Q2",
    "value": 6.49
  },
  {
    "name": "assets",
    "year": "2023Q3",
    "value": 7.15
  },
  {
    "name": "assets",
    "year": "2023Q4",
    "value": 12.35
  },
  {
    "name": "assets",
    "year": "2024Q1",
    "value": 12.55
  },
  {
    "name": "net_assets",
    "year": "2020Q4",
    "value": 0.123
  },
  {
    "name": "net_assets",
    "year": "2021Q4",
    "value": 0.125
  },
  {
    "name": "net_assets",
    "year": "2022Q2",
    "value": null
  },
  {
    "name": "net_assets",
    "year": "2022Q3",
    "value": null
  },
  {
    "name": "net_assets",
    "year": "2022Q4",
    "value": 1.46
  },
  {
    "name": "net_assets",
    "year": "2023Q1",
    "value": null
  },
  {
    "name": "net_assets",
    "year": "2023Q2",
    "value": 1.63
  },
  {
    "name": "net_assets",
    "year": "2023Q3",
    "value": 1.54
  },
  {
    "name": "net_assets",
    "year": "2023Q4",
    "value": 4.23
  },
  {
    "name": "net_assets",
    "year": "2024Q1",
    "value": 4.95
  },
  {
    "name": "debt",
    "year": "2020Q4",
    "value": 0.33
  },
  {
    "name": "debt",
    "year": "2021Q4",
    "value": 0.3
  },
  {
    "name": "debt",
    "year": "2022Q2",
    "value": null
  },
  {
    "name": "debt",
    "year": "2022Q3",
    "value": null
  },
  {
    "name": "debt",
    "year": "2022Q4",
    "value": 0.61
  },
  {
    "name": "debt",
    "year": "2023Q1",
    "value": null
  },
  {
    "name": "debt",
    "year": "2023Q2",
    "value": 0.99
  },
  {
    "name": "debt",
    "year": "2023Q3",
    "value": 1.94
  },
  {
    "name": "debt",
    "year": "2023Q4",
    "value": 2.73
  },
  {
    "name": "debt",
    "year": "2024Q1",
    "value": 3.47
  },
  {
    "name": "cash",
    "year": "2020Q4",
    "value": 0.22
  },
  {
    "name": "cash",
    "year": "2021Q4",
    "value": 0.12
  },
  {
    "name": "cash",
    "year": "2022Q2",
    "value": null
  },
  {
    "name": "cash",
    "year": "2022Q3",
    "value": null
  },
  {
    "name": "cash",
    "year": "2022Q4",
    "value": 0.7
  },
  {
    "name": "cash",
    "year": "2023Q1",
    "value": null
  },
  {
    "name": "cash",
    "year": "2023Q2",
    "value": 1.47
  },
  {
    "name": "cash",
    "year": "2023Q3",
    "value": 1.47
  },
  {
    "name": "cash",
    "year": "2023Q4",
    "value": 2.64
  },
  {
    "name": "cash",
    "year": "2024Q1",
    "value": 4.99
  },
  {
    "name": "net_debt",
    "year": "2020Q4",
    "value": 0.11
  },
  {
    "name": "net_debt",
    "year": "2021Q4",
    "value": 0.18
  },
  {
    "name": "net_debt",
    "year": "2022Q2",
    "value": 0.0
  },
  {
    "name": "net_debt",
    "year": "2022Q3",
    "value": 0.0
  },
  {
    "name": "net_debt",
    "year": "2022Q4",
    "value": -0.09
  },
  {
    "name": "net_debt",
    "year": "2023Q1",
    "value": 0.0
  },
  {
    "name": "net_debt",
    "year": "2023Q2",
    "value": -0.48
  },
  {
    "name": "net_debt",
    "year": "2023Q3",
    "value": 0.47
  },
  {
    "name": "net_debt",
    "year": "2023Q4",
    "value": 0.09
  },
  {
    "name": "net_debt",
    "year": "2024Q1",
    "value": -1.52
  },
  {
    "name": "common_share",
    "year": "2022Q4",
    "value": 333.0
  },
  {
    "name": "common_share",
    "year": "2023Q1",
    "value": 333.0
  },
  {
    "name": "common_share",
    "year": "2023Q2",
    "value": 333.0
  },
  {
    "name": "common_share",
    "year": "2023Q3",
    "value": 333.0
  },
  {
    "name": "common_share",
    "year": "2023Q4",
    "value": 500.15
  },
  {
    "name": "common_share",
    "year": "2024Q1",
    "value": 692.1
  },
  {
    "name": "number_of_shares",
    "year": "2022Q4",
    "value": 210.0
  },
  {
    "name": "number_of_shares",
    "year": "2023Q1",
    "value": 210.0
  },
  {
    "name": "number_of_shares",
    "year": "2023Q2",
    "value": 210.0
  },
  {
    "name": "number_of_shares",
    "year": "2023Q3",
    "value": 210.0
  },
  {
    "name": "number_of_shares",
    "year": "2023Q4",
    "value": 210.0
  },
  {
    "name": "number_of_shares",
    "year": "2024Q1",
    "value": 210.0
  },
  {
    "name": "market_cap",
    "year": "2020Q4",
    "value": 0.0
  },
  {
    "name": "market_cap",
    "year": "2021Q4",
    "value": 0.0
  },
  {
    "name": "market_cap",
    "year": "2022Q2",
    "value": 0.0
  },
  {
    "name": "market_cap",
    "year": "2022Q3",
    "value": 0.0
  },
  {
    "name": "market_cap",
    "year": "2022Q4",
    "value": 69.93
  },
  {
    "name": "market_cap",
    "year": "2023Q1",
    "value": 69.93
  },
  {
    "name": "market_cap",
    "year": "2023Q2",
    "value": 69.93
  },
  {
    "name": "market_cap",
    "year": "2023Q3",
    "value": 69.93
  },
  {
    "name": "market_cap",
    "year": "2023Q4",
    "value": 105.0315
  },
  {
    "name": "market_cap",
    "year": "2024Q1",
    "value": 145.341
  },
  {
    "name": "ev",
    "year": "2020Q4",
    "value": 0.11
  },
  {
    "name": "ev",
    "year": "2021Q4",
    "value": 0.18
  },
  {
    "name": "ev",
    "year": "2022Q2",
    "value": 0.0
  },
  {
    "name": "ev",
    "year": "2022Q3",
    "value": 0.0
  },
  {
    "name": "ev",
    "year": "2022Q4",
    "value": 69.84
  },
  {
    "name": "ev",
    "year": "2023Q1",
    "value": 69.93
  },
  {
    "name": "ev",
    "year": "2023Q2",
    "value": 69.45
  },
  {
    "name": "ev",
    "year": "2023Q3",
    "value": 70.4
  },
  {
    "name": "ev",
    "year": "2023Q4",
    "value": 105.1215
  },
  {
    "name": "ev",
    "year": "2024Q1",
    "value": 143.821
  },
  {
    "name": "book_value",
    "year": "2020Q4",
    "value": -0.097
  },
  {
    "name": "book_value",
    "year": "2021Q4",
    "value": -0.255
  },
  {
    "name": "book_value",
    "year": "2022Q2",
    "value": 0.0
  },
  {
    "name": "book_value",
    "year": "2022Q3",
    "value": 0.0
  },
  {
    "name": "book_value",
    "year": "2022Q4",
    "value": 0.53
  },
  {
    "name": "book_value",
    "year": "2023Q1",
    "value": 0.0
  },
  {
    "name": "book_value",
    "year": "2023Q2",
    "value": 0.55
  },
  {
    "name": "book_value",
    "year": "2023Q3",
    "value": 0.22
  },
  {
    "name": "book_value",
    "year": "2023Q4",
    "value": 1.41
  },
  {
    "name": "book_value",
    "year": "2024Q1",
    "value": 1.71
  },
  {
    "name": "eps",
    "year": "2022Q4",
    "value": 6.7619047619
  },
  {
    "name": "eps",
    "year": "2023Q1",
    "value": 2.80952380952
  },
  {
    "name": "eps",
    "year": "2023Q2",
    "value": 5.52380952381
  },
  {
    "name": "eps",
    "year": "2023Q3",
    "value": 0.842857142857
  },
  {
    "name": "eps",
    "year": "2023Q4",
    "value": 10.4904761905
  },
  {
    "name": "eps",
    "year": "2024Q1",
    "value": 1.09047619048
  },
  {
    "name": "fcf_share",
    "year": "2022Q4",
    "value": 4.63333333333
  },
  {
    "name": "fcf_share",
    "year": "2023Q1",
    "value": 8.65714285714
  },
  {
    "name": "fcf_share",
    "year": "2023Q2",
    "value": 9.28571428571
  },
  {
    "name": "fcf_share",
    "year": "2023Q3",
    "value": -0.266666666667
  },
  {
    "name": "fcf_share",
    "year": "2023Q4",
    "value": 1.21904761905
  },
  {
    "name": "fcf_share",
    "year": "2024Q1",
    "value": 8.04761904762
  },
  {
    "name": "bv_share",
    "year": "2022Q4",
    "value": 2.52380952381
  },
  {
    "name": "bv_share",
    "year": "2023Q1",
    "value": 0.0
  },
  {
    "name": "bv_share",
    "year": "2023Q2",
    "value": 2.61904761905
  },
  {
    "name": "bv_share",
    "year": "2023Q3",
    "value": 1.04761904762
  },
  {
    "name": "bv_share",
    "year": "2023Q4",
    "value": 6.71428571429
  },
  {
    "name": "bv_share",
    "year": "2024Q1",
    "value": 8.14285714286
  },
  {
    "name": "ebitda_margin",
    "year": "2022Q2",
    "value": 35.199999999999996
  },
  {
    "name": "ebitda_margin",
    "year": "2022Q3",
    "value": 0.0
  },
  {
    "name": "ebitda_margin",
    "year": "2022Q4",
    "value": 87.3927392739
  },
  {
    "name": "ebitda_margin",
    "year": "2023Q1",
    "value": 39.9691358025
  },
  {
    "name": "ebitda_margin",
    "year": "2023Q2",
    "value": 38.5852090032
  },
  {
    "name": "ebitda_margin",
    "year": "2023Q3",
    "value": 0.0
  },
  {
    "name": "ebitda_margin",
    "year": "2023Q4",
    "value": 65.2977412731
  },
  {
    "name": "ebitda_margin",
    "year": "2024Q1",
    "value": 1.2972972972999999
  },
  {
    "name": "net_margin",
    "year": "2022Q2",
    "value": 50.0
  },
  {
    "name": "net_margin",
    "year": "2022Q3",
    "value": 41.1764705882
  },
  {
    "name": "net_margin",
    "year": "2022Q4",
    "value": 46.8646864686
  },
  {
    "name": "net_margin",
    "year": "2023Q1",
    "value": 45.524691358000005
  },
  {
    "name": "net_margin",
    "year": "2023Q2",
    "value": 37.2990353698
  },
  {
    "name": "net_margin",
    "year": "2023Q3",
    "value": 11.3461538462
  },
  {
    "name": "net_margin",
    "year": "2023Q4",
    "value": 45.236139630400004
  },
  {
    "name": "net_margin",
    "year": "2024Q1",
    "value": 12.378378378399999
  },
  {
    "name": "fcf_yield",
    "year": "2022Q4",
    "value": 1.5587015587
  },
  {
    "name": "fcf_yield",
    "year": "2023Q1",
    "value": 4.15844415844
  },
  {
    "name": "fcf_yield",
    "year": "2023Q2",
    "value": 3.09166309166
  },
  {
    "name": "fcf_yield",
    "year": "2023Q3",
    "value": 4.09981409981
  },
  {
    "name": "fcf_yield",
    "year": "2023Q4",
    "value": 3.77791424477
  },
  {
    "name": "fcf_yield",
    "year": "2024Q1",
    "value": 2.64206246001
  },
  {
    "name": "roe",
    "year": "2020Q4",
    "value": 0.0
  },
  {
    "name": "roe",
    "year": "2021Q4",
    "value": 0.0
  },
  {
    "name": "roe",
    "year": "2022Q2",
    "value": null
  },
  {
    "name": "roe",
    "year": "2022Q3",
    "value": null
  },
  {
    "name": "roe",
    "year": "2022Q4",
    "value": 169.86301369900002
  },
  {
    "name": "roe",
    "year": "2023Q1",
    "value": null
  },
  {
    "name": "roe",
    "year": "2023Q2",
    "value": 105.52147239300001
  },
  {
    "name": "roe",
    "year": "2023Q3",
    "value": 217.33766233799997
  },
  {
    "name": "roe",
    "year": "2023Q4",
    "value": 97.6359338061
  },
  {
    "name": "roe",
    "year": "2024Q1",
    "value": 76.1414141414
  },
  {
    "name": "roa",
    "year": "2020Q4",
    "value": 0.0
  },
  {
    "name": "roa",
    "year": "2021Q4",
    "value": 0.0
  },
  {
    "name": "roa",
    "year": "2022Q2",
    "value": null
  },
  {
    "name": "roa",
    "year": "2022Q3",
    "value": null
  },
  {
    "name": "roa",
    "year": "2022Q4",
    "value": 40.655737704900005
  },
  {
    "name": "roa",
    "year": "2023Q1",
    "value": null
  },
  {
    "name": "roa",
    "year": "2023Q2",
    "value": 26.502311248100003
  },
  {
    "name": "roa",
    "year": "2023Q3",
    "value": 46.8111888112
  },
  {
    "name": "roa",
    "year": "2023Q4",
    "value": 33.441295546599996
  },
  {
    "name": "roa",
    "year": "2024Q1",
    "value": 30.031872510000003
  },
  {
    "name": "p_e",
    "year": "2022Q2",
    "value": 0.0
  },
  {
    "name": "p_e",
    "year": "2022Q3",
    "value": 0.0
  },
  {
    "name": "p_e",
    "year": "2022Q4",
    "value": 28.1975806452
  },
  {
    "name": "p_e",
    "year": "2023Q1",
    "value": 22.7785016287
  },
  {
    "name": "p_e",
    "year": "2023Q2",
    "value": 40.6569767442
  },
  {
    "name": "p_e",
    "year": "2023Q3",
    "value": 20.893337317
  },
  {
    "name": "p_e",
    "year": "2023Q4",
    "value": 25.4313559322
  },
  {
    "name": "p_e",
    "year": "2024Q1",
    "value": 38.562218095
  },
  {
    "name": "p_s",
    "year": "2022Q2",
    "value": 0.0
  },
  {
    "name": "p_s",
    "year": "2022Q3",
    "value": 0.0
  },
  {
    "name": "p_s",
    "year": "2022Q4",
    "value": 12.974025974
  },
  {
    "name": "p_s",
    "year": "2023Q1",
    "value": 10.4591684116
  },
  {
    "name": "p_s",
    "year": "2023Q2",
    "value": 15.644295302
  },
  {
    "name": "p_s",
    "year": "2023Q3",
    "value": 7.77345486883
  },
  {
    "name": "p_s",
    "year": "2023Q4",
    "value": 9.69282945736
  },
  {
    "name": "p_s",
    "year": "2024Q1",
    "value": 12.760403863
  },
  {
    "name": "p_bv",
    "year": "2020Q4",
    "value": 0.0
  },
  {
    "name": "p_bv",
    "year": "2021Q4",
    "value": 0.0
  },
  {
    "name": "p_bv",
    "year": "2022Q2",
    "value": null
  },
  {
    "name": "p_bv",
    "year": "2022Q3",
    "value": null
  },
  {
    "name": "p_bv",
    "year": "2022Q4",
    "value": 131.943396226
  },
  {
    "name": "p_bv",
    "year": "2023Q1",
    "value": null
  },
  {
    "name": "p_bv",
    "year": "2023Q2",
    "value": 127.145454545
  },
  {
    "name": "p_bv",
    "year": "2023Q3",
    "value": 317.863636364
  },
  {
    "name": "p_bv",
    "year": "2023Q4",
    "value": 74.4904255319
  },
  {
    "name": "p_bv",
    "year": "2024Q1",
    "value": 84.9947368421
  },
  {
    "name": "ev_ebitda",
    "year": "2022Q2",
    "value": 0.0
  },
  {
    "name": "ev_ebitda",
    "year": "2022Q3",
    "value": 0.0
  },
  {
    "name": "ev_ebitda",
    "year": "2022Q4",
    "value": 23.28
  },
  {
    "name": "ev_ebitda",
    "year": "2023Q1",
    "value": 19.8777714611
  },
  {
    "name": "ev_ebitda",
    "year": "2023Q2",
    "value": 57.875
  },
  {
    "name": "ev_ebitda",
    "year": "2023Q3",
    "value": 18.2952182952
  },
  {
    "name": "ev_ebitda",
    "year": "2023Q4",
    "value": 21.4621273989
  },
  {
    "name": "ev_ebitda",
    "year": "2024Q1",
    "value": 32.6569028156
  },
  {
    "name": "debt_ebitda",
    "year": "2022Q2",
    "value": 0.0
  },
  {
    "name": "debt_ebitda",
    "year": "2022Q3",
    "value": 0.0
  },
  {
    "name": "debt_ebitda",
    "year": "2022Q4",
    "value": -0.03
  },
  {
    "name": "debt_ebitda",
    "year": "2023Q1",
    "value": 0.0
  },
  {
    "name": "debt_ebitda",
    "year": "2023Q2",
    "value": -0.4
  },
  {
    "name": "debt_ebitda",
    "year": "2023Q3",
    "value": 0.122141372141
  },
  {
    "name": "debt_ebitda",
    "year": "2023Q4",
    "value": 0.0183748468763
  },
  {
    "name": "debt_ebitda",
    "year": "2024Q1",
    "value": -0.345140781108
  },
  {
    "name": "r_and_d_capex",
    "year": "2022Q2",
    "value": 0.0
  },
  {
    "name": "r_and_d_capex",
    "year": "2022Q3",
    "value": 0.0
  },
  {
    "name": "r_and_d_capex",
    "year": "2022Q4",
    "value": 0.0
  },
  {
    "name": "r_and_d_capex",
    "year": "2023Q1",
    "value": 11.4093959732
  },
  {
    "name": "r_and_d_capex",
    "year": "2023Q2",
    "value": 0.0
  },
  {
    "name": "r_and_d_capex",
    "year": "2023Q3",
    "value": 0.0
  },
  {
    "name": "r_and_d_capex",
    "year": "2023Q4",
    "value": 0.0
  },
  {
    "name": "r_and_d_capex",
    "year": "2024Q1",
    "value": 14.135021097
  },
  {
    "name": "capex_revenue",
    "year": "2022Q2",
    "value": 27.500000000000004
  },
  {
    "name": "capex_revenue",
    "year": "2022Q3",
    "value": 12.2058823529
  },
  {
    "name": "capex_revenue",
    "year": "2022Q4",
    "value": 6.56765676568
  },
  {
    "name": "capex_revenue",
    "year": "2023Q1",
    "value": 11.4969135802
  },
  {
    "name": "capex_revenue",
    "year": "2023Q2",
    "value": 11.575562701
  },
  {
    "name": "capex_revenue",
    "year": "2023Q3",
    "value": 22.628205128199998
  },
  {
    "name": "capex_revenue",
    "year": "2023Q4",
    "value": 12.0533880903
  },
  {
    "name": "capex_revenue",
    "year": "2024Q1",
    "value": 25.6216216216
  }
]