[
  {
    "name": "number_of_stores",
    "year": "2020Q1",
    "value": 613.0
  },
  {
    "name": "number_of_stores",
    "year": "2020Q2",
    "value": 622.0
  },
  {
    "name": "number_of_stores",
    "year": "2020Q3",
    "value": 634.0
  },
  {
    "name": "number_of_stores",
    "year": "2020Q4",
    "value": 645.0
  },
  {
    "name": "number_of_stores",
    "year": "2021Q1",
    "value": 665.0
  },
  {
    "name": "number_of_stores",
    "year": "2021Q2",
    "value": 713.0
  },
  {
    "name": "number_of_stores",
    "year": "2021Q3",
    "value": 800.0
  },
  {
    "name": "number_of_stores",
    "year": "2021Q4",
    "value": 1001.0
  },
  {
    "name": "number_of_stores",
    "year": "2022Q1",
    "value": 1124.0
  },
  {
    "name": "number_of_stores",
    "year": "2022Q2",
    "value": 1234.0
  },
  {
    "name": "number_of_stores",
    "year": "2022Q3",
    "value": 1250.0
  },
  {
    "name": "number_of_stores",
    "year": "2022Q4",
    "value": 1351.0
  },
  {
    "name": "number_of_stores",
    "year": "2023Q1",
    "value": 1426.0
  },
  {
    "name": "number_of_stores",
    "year": "2023Q2",
    "value": 1508.0
  },
  {
    "name": "number_of_stores",
    "year": "2023Q3",
    "value": 1581.0
  },
  {
    "name": "number_of_stores",
    "year": "2023Q4",
    "value": 1657.0
  },
  {
    "name": "number_of_stores",
    "year": "2024Q1",
    "value": 1713.0
  },
  {
    "name": "revenue",
    "year": "2020Q1",
    "value": 0.01
  },
  {
    "name": "revenue",
    "year": "2020Q2",
    "value": 0.016
  },
  {
    "name": "revenue",
    "year": "2020Q3",
    "value": 0.016
  },
  {
    "name": "revenue",
    "year": "2020Q4",
    "value": 0.021
  },
  {
    "name": "revenue",
    "year": "2021Q1",
    "value": 0.017
  },
  {
    "name": "revenue",
    "year": "2021Q2",
    "value": 0.025
  },
  {
    "name": "revenue",
    "year": "2021Q3",
    "value": 0.013
  },
  {
    "name": "revenue",
    "year": "2021Q4",
    "value": 5.165
  },
  {
    "name": "revenue",
    "year": "2022Q1",
    "value": 0.019
  },
  {
    "name": "revenue",
    "year": "2022Q2",
    "value": 0.005
  },
  {
    "name": "revenue",
    "year": "2022Q3",
    "value": 0.061
  },
  {
    "name": "revenue",
    "year": "2022Q4",
    "value": 5.675
  },
  {
    "name": "revenue",
    "year": "2023Q1",
    "value": 0.018
  },
  {
    "name": "revenue",
    "year": "2023Q2",
    "value": 9.263
  },
  {
    "name": "revenue",
    "year": "2023Q3",
    "value": 1.23
  },
  {
    "name": "revenue",
    "year": "2023Q4",
    "value": 2.289
  },
  {
    "name": "revenue",
    "year": "2024Q1",
    "value": 0.018
  },
  {
    "name": "operating_income",
    "year": "2020Q1",
    "value": -0.115
  },
  {
    "name": "operating_income",
    "year": "2020Q2",
    "value": -0.069
  },
  {
    "name": "operating_income",
    "year": "2020Q3",
    "value": -0.105
  },
  {
    "name": "operating_income",
    "year": "2020Q4",
    "value": -0.057
  },
  {
    "name": "operating_income",
    "year": "2021Q1",
    "value": -0.137
  },
  {
    "name": "operating_income",
    "year": "2021Q2",
    "value": -0.038
  },
  {
    "name": "operating_income",
    "year": "2021Q3",
    "value": -0.112
  },
  {
    "name": "operating_income",
    "year": "2021Q4",
    "value": -0.076
  },
  {
    "name": "operating_income",
    "year": "2022Q1",
    "value": -0.138
  },
  {
    "name": "operating_income",
    "year": "2022Q2",
    "value": -0.09
  },
  {
    "name": "operating_income",
    "year": "2022Q3",
    "value": -0.044
  },
  {
    "name": "operating_income",
    "year": "2022Q4",
    "value": 5.582
  },
  {
    "name": "operating_income",
    "year": "2023Q1",
    "value": -0.134
  },
  {
    "name": "operating_income",
    "year": "2023Q2",
    "value": 9.157
  },
  {
    "name": "operating_income",
    "year": "2023Q3",
    "value": 1.1
  },
  {
    "name": "operating_income",
    "year": "2023Q4",
    "value": 2.177
  },
  {
    "name": "operating_income",
    "year": "2024Q1",
    "value": -0.164
  },
  {
    "name": "net_income",
    "year": "2020Q1",
    "value": 0.017
  },
  {
    "name": "net_income",
    "year": "2020Q2",
    "value": 0.005
  },
  {
    "name": "net_income",
    "year": "2020Q3",
    "value": 0.455
  },
  {
    "name": "net_income",
    "year": "2020Q4",
    "value": 0.275
  },
  {
    "name": "net_income",
    "year": "2021Q1",
    "value": 0.0033
  },
  {
    "name": "net_income",
    "year": "2021Q2",
    "value": 4.382
  },
  {
    "name": "net_income",
    "year": "2021Q3",
    "value": 0.17
  },
  {
    "name": "net_income",
    "year": "2021Q4",
    "value": 0.2047
  },
  {
    "name": "net_income",
    "year": "2022Q1",
    "value": 0.0035
  },
  {
    "name": "net_income",
    "year": "2022Q2",
    "value": 1.302
  },
  {
    "name": "net_income",
    "year": "2022Q3",
    "value": 0.1
  },
  {
    "name": "net_income",
    "year": "2022Q4",
    "value": 3.7145
  },
  {
    "name": "net_income",
    "year": "2023Q1",
    "value": 0.014
  },
  {
    "name": "net_income",
    "year": "2023Q2",
    "value": 9.838
  },
  {
    "name": "net_income",
    "year": "2023Q3",
    "value": 1.72
  },
  {
    "name": "net_income",
    "year": "2023Q4",
    "value": 3.528
  },
  {
    "name": "net_income",
    "year": "2024Q1",
    "value": 0.034
  },
  {
    "name": "opex",
    "year": "2020Q1",
    "value": 0.126
  },
  {
    "name": "opex",
    "year": "2020Q2",
    "value": 0.083
  },
  {
    "name": "opex",
    "year": "2020Q3",
    "value": 0.119
  },
  {
    "name": "opex",
    "year": "2020Q4",
    "value": 0.077
  },
  {
    "name": "opex",
    "year": "2021Q1",
    "value": 0.137
  },
  {
    "name": "opex",
    "year": "2021Q2",
    "value": 0.076
  },
  {
    "name": "opex",
    "year": "2021Q3",
    "value": 0.122
  },
  {
    "name": "opex",
    "year": "2021Q4",
    "value": 0.098
  },
  {
    "name": "opex",
    "year": "2022Q1",
    "value": 0.157
  },
  {
    "name": "opex",
    "year": "2022Q2",
    "value": 0.094
  },
  {
    "name": "opex",
    "year": "2022Q3",
    "value": 0.102
  },
  {
    "name": "opex",
    "year": "2022Q4",
    "value": 0.091
  },
  {
    "name": "opex",
    "year": "2023Q1",
    "value": 0.152
  },
  {
    "name": "opex",
    "year": "2023Q2",
    "value": 0.104
  },
  {
    "name": "opex",
    "year": "2023Q3",
    "value": 0.125
  },
  {
    "name": "opex",
    "year": "2023Q4",
    "value": 0.113
  },
  {
    "name": "opex",
    "year": "2024Q1",
    "value": 0.182
  },
  {
    "name": "cost_of_production",
    "year": "2020Q1",
    "value": 0.0007
  },
  {
    "name": "cost_of_production",
    "year": "2020Q2",
    "value": 0.0003
  },
  {
    "name": "cost_of_production",
    "year": "2020Q3",
    "value": 0.003
  },
  {
    "name": "cost_of_production",
    "year": "2020Q4",
    "value": 0.0002
  },
  {
    "name": "cost_of_production",
    "year": "2021Q1",
    "value": 0.003
  },
  {
    "name": "cost_of_production",
    "year": "2021Q2",
    "value": 0.001
  },
  {
    "name": "cost_of_production",
    "year": "2021Q3",
    "value": 0.003
  },
  {
    "name": "cost_of_production",
    "year": "2021Q4",
    "value": 0.002
  },
  {
    "name": "cost_of_production",
    "year": "2022Q1",
    "value": 0.0007
  },
  {
    "name": "cost_of_production",
    "year": "2022Q2",
    "value": 0.002
  },
  {
    "name": "cost_of_production",
    "year": "2022Q3",
    "value": 0.002
  },
  {
    "name": "cost_of_production",
    "year": "2022Q4",
    "value": 0.0003
  },
  {
    "name": "cost_of_production",
    "year": "2023Q1",
    "value": 0.0
  },
  {
    "name": "cost_of_production",
    "year": "2023Q2",
    "value": 0.0
  },
  {
    "name": "cost_of_production",
    "year": "2023Q3",
    "value": 0.0
  },
  {
    "name": "cost_of_production",
    "year": "2023Q4",
    "value": 0.006
  },
  {
    "name": "cost_of_production",
    "year": "2024Q1",
    "value": 0.0
  },
  {
    "name": "assets",
    "year": "2017Q4",
    "value": 27.98
  },
  {
    "name": "assets",
    "year": "2018Q4",
    "value": 24.48
  },
  {
    "name": "assets",
    "year": "2019Q4",
    "value": 33.8
  },
  {
    "name": "assets",
    "year": "2020Q1",
    "value": null
  },
  {
    "name": "assets",
    "year": "2020Q2",
    "value": null
  },
  {
    "name": "assets",
    "year": "2020Q3",
    "value": null
  },
  {
    "name": "assets",
    "year": "2020Q4",
    "value": 32.51
  },
  {
    "name": "assets",
    "year": "2021Q1",
    "value": 32.7
  },
  {
    "name": "assets",
    "year": "2021Q2",
    "value": 34.343
  },
  {
    "name": "assets",
    "year": "2021Q3",
    "value": 34.86
  },
  {
    "name": "assets",
    "year": "2021Q4",
    "value": 33.04
  },
  {
    "name": "assets",
    "year": "2022Q1",
    "value": 33.19
  },
  {
    "name": "assets",
    "year": "2022Q2",
    "value": 31.79
  },
  {
    "name": "assets",
    "year": "2022Q3",
    "value": 37.27
  },
  {
    "name": "assets",
    "year": "2022Q4",
    "value": 37.58
  },
  {
    "name": "assets",
    "year": "2023Q1",
    "value": 36.47
  },
  {
    "name": "assets",
    "year": "2023Q2",
    "value": 40.25
  },
  {
    "name": "assets",
    "year": "2023Q3",
    "value": 40.73
  },
  {
    "name": "assets",
    "year": "2023Q4",
    "value": 38.4
  },
  {
    "name": "assets",
    "year": "2024Q1",
    "value": 36.48
  },
  {
    "name": "net_assets",
    "year": "2017Q4",
    "value": 17.1
  },
  {
    "name": "net_assets",
    "year": "2018Q4",
    "value": 14.64
  },
  {
    "name": "net_assets",
    "year": "2019Q4",
    "value": 15.1
  },
  {
    "name": "net_assets",
    "year": "2020Q1",
    "value": null
  },
  {
    "name": "net_assets",
    "year": "2020Q2",
    "value": null
  },
  {
    "name": "net_assets",
    "year": "2020Q3",
    "value": null
  },
  {
    "name": "net_assets",
    "year": "2020Q4",
    "value": 12.84
  },
  {
    "name": "net_assets",
    "year": "2021Q1",
    "value": 12.84
  },
  {
    "name": "net_assets",
    "year": "2021Q2",
    "value": 15.8
  },
  {
    "name": "net_assets",
    "year": "2021Q3",
    "value": 14.83
  },
  {
    "name": "net_assets",
    "year": "2021Q4",
    "value": 15.03
  },
  {
    "name": "net_assets",
    "year": "2022Q1",
    "value": 15.035
  },
  {
    "name": "net_assets",
    "year": "2022Q2",
    "value": 15.6
  },
  {
    "name": "net_assets",
    "year": "2022Q3",
    "value": 15.69
  },
  {
    "name": "net_assets",
    "year": "2022Q4",
    "value": 17.04
  },
  {
    "name": "net_assets",
    "year": "2023Q1",
    "value": 15.86
  },
  {
    "name": "net_assets",
    "year": "2023Q2",
    "value": 8.9
  },
  {
    "name": "net_assets",
    "year": "2023Q3",
    "value": 16.1
  },
  {
    "name": "net_assets",
    "year": "2023Q4",
    "value": 17.5
  },
  {
    "name": "net_assets",
    "year": "2024Q1",
    "value": 17.53
  },
  {
    "name": "debt",
    "year": "2017Q4",
    "value": 8.15
  },
  {
    "name": "debt",
    "year": "2018Q4",
    "value": 7.64
  },
  {
    "name": "debt",
    "year": "2019Q4",
    "value": 17.3
  },
  {
    "name": "debt",
    "year": "2020Q1",
    "value": null
  },
  {
    "name": "debt",
    "year": "2020Q2",
    "value": null
  },
  {
    "name": "debt",
    "year": "2020Q3",
    "value": null
  },
  {
    "name": "debt",
    "year": "2020Q4",
    "value": 18.92
  },
  {
    "name": "debt",
    "year": "2021Q1",
    "value": 19.05
  },
  {
    "name": "debt",
    "year": "2021Q2",
    "value": 17.66
  },
  {
    "name": "debt",
    "year": "2021Q3",
    "value": 17.84
  },
  {
    "name": "debt",
    "year": "2021Q4",
    "value": 17.67
  },
  {
    "name": "debt",
    "year": "2022Q1",
    "value": 17.8
  },
  {
    "name": "debt",
    "year": "2022Q2",
    "value": 15.15
  },
  {
    "name": "debt",
    "year": "2022Q3",
    "value": 21.16
  },
  {
    "name": "debt",
    "year": "2022Q4",
    "value": 20.0
  },
  {
    "name": "debt",
    "year": "2023Q1",
    "value": 19.88
  },
  {
    "name": "debt",
    "year": "2023Q2",
    "value": 19.98
  },
  {
    "name": "debt",
    "year": "2023Q3",
    "value": 18.63
  },
  {
    "name": "debt",
    "year": "2023Q4",
    "value": 17.5
  },
  {
    "name": "debt",
    "year": "2024Q1",
    "value": 17.35
  },
  {
    "name": "net_debt",
    "year": "2017Q4",
    "value": 8.15
  },
  {
    "name": "net_debt",
    "year": "2018Q4",
    "value": 7.64
  },
  {
    "name": "net_debt",
    "year": "2019Q4",
    "value": 17.3
  },
  {
    "name": "net_debt",
    "year": "2020Q1",
    "value": 0.0
  },
  {
    "name": "net_debt",
    "year": "2020Q2",
    "value": 0.0
  },
  {
    "name": "net_debt",
    "year": "2020Q3",
    "value": 0.0
  },
  {
    "name": "net_debt",
    "year": "2020Q4",
    "value": 18.92
  },
  {
    "name": "net_debt",
    "year": "2021Q1",
    "value": 19.05
  },
  {
    "name": "net_debt",
    "year": "2021Q2",
    "value": 17.66
  },
  {
    "name": "net_debt",
    "year": "2021Q3",
    "value": 17.84
  },
  {
    "name": "net_debt",
    "year": "2021Q4",
    "value": 17.67
  },
  {
    "name": "net_debt",
    "year": "2022Q1",
    "value": 17.8
  },
  {
    "name": "net_debt",
    "year": "2022Q2",
    "value": 15.15
  },
  {
    "name": "net_debt",
    "year": "2022Q3",
    "value": 21.16
  },
  {
    "name": "net_debt",
    "year": "2022Q4",
    "value": 20.0
  },
  {
    "name": "net_debt",
    "year": "2023Q1",
    "value": 19.88
  },
  {
    "name": "net_debt",
    "year": "2023Q2",
    "value": 19.98
  },
  {
    "name": "net_debt",
    "year": "2023Q3",
    "value": 18.63
  },
  {
    "name": "net_debt",
    "year": "2023Q4",
    "value": 17.5
  },
  {
    "name": "net_debt",
    "year": "2024Q1",
    "value": 17.35
  },
  {
    "name": "common_share",
    "year": "2017Q4",
    "value": 645.0
  },
  {
    "name": "common_share",
    "year": "2018Q4",
    "value": 408.0
  },
  {
    "name": "common_share",
    "year": "2019Q4",
    "value": 740.0
  },
  {
    "name": "common_share",
    "year": "2020Q1",
    "value": 1092.0
  },
  {
    "name": "common_share",
    "year": "2020Q2",
    "value": 1340.0
  },
  {
    "name": "common_share",
    "year": "2020Q3",
    "value": 1278.0
  },
  {
    "name": "common_share",
    "year": "2020Q4",
    "value": 1395.0
  },
  {
    "name": "common_share",
    "year": "2021Q1",
    "value": 3900.0
  },
  {
    "name": "common_share",
    "year": "2021Q2",
    "value": 2776.0
  },
  {
    "name": "common_share",
    "year": "2021Q3",
    "value": 3287.0
  },
  {
    "name": "common_share",
    "year": "2021Q4",
    "value": 3352.0
  },
  {
    "name": "common_share",
    "year": "2022Q1",
    "value": 2692.0
  },
  {
    "name": "common_share",
    "year": "2022Q2",
    "value": 2285.0
  },
  {
    "name": "common_share",
    "year": "2022Q3",
    "value": 2558.0
  },
  {
    "name": "common_share",
    "year": "2022Q4",
    "value": 2768.0
  },
  {
    "name": "common_share",
    "year": "2023Q1",
    "value": 4049.0
  },
  {
    "name": "common_share",
    "year": "2023Q2",
    "value": 4201.0
  },
  {
    "name": "common_share",
    "year": "2023Q3",
    "value": 5576.0
  },
  {
    "name": "common_share",
    "year": "2023Q4",
    "value": 5367.0
  },
  {
    "name": "common_share",
    "year": "2024Q1",
    "value": 5863.0
  },
  {
    "name": "number_of_shares",
    "year": "2017Q4",
    "value": 24.954049
  },
  {
    "name": "number_of_shares",
    "year": "2018Q4",
    "value": 24.954049
  },
  {
    "name": "number_of_shares",
    "year": "2019Q4",
    "value": 19.4
  },
  {
    "name": "number_of_shares",
    "year": "2020Q1",
    "value": 15.8
  },
  {
    "name": "number_of_shares",
    "year": "2020Q2",
    "value": 15.8
  },
  {
    "name": "number_of_shares",
    "year": "2020Q3",
    "value": 15.8
  },
  {
    "name": "number_of_shares",
    "year": "2020Q4",
    "value": 15.8
  },
  {
    "name": "number_of_shares",
    "year": "2021Q1",
    "value": 15.8
  },
  {
    "name": "number_of_shares",
    "year": "2021Q2",
    "value": 15.8
  },
  {
    "name": "number_of_shares",
    "year": "2021Q3",
    "value": 15.8
  },
  {
    "name": "number_of_shares",
    "year": "2021Q4",
    "value": 15.8
  },
  {
    "name": "number_of_shares",
    "year": "2022Q1",
    "value": 15.8
  },
  {
    "name": "number_of_shares",
    "year": "2022Q2",
    "value": 15.8
  },
  {
    "name": "number_of_shares",
    "year": "2022Q3",
    "value": 15.8
  },
  {
    "name": "number_of_shares",
    "year": "2022Q4",
    "value": 15.8
  },
  {
    "name": "number_of_shares",
    "year": "2023Q1",
    "value": 15.8
  },
  {
    "name": "number_of_shares",
    "year": "2023Q2",
    "value": 15.8
  },
  {
    "name": "number_of_shares",
    "year": "2023Q3",
    "value": 15.8
  },
  {
    "name": "number_of_shares",
    "year": "2023Q4",
    "value": 15.8
  },
  {
    "name": "number_of_shares",
    "year": "2024Q1",
    "value": 15.8
  },
  {
    "name": "market_cap",
    "year": "2017Q4",
    "value": 16.095361605
  },
  {
    "name": "market_cap",
    "year": "2018Q4",
    "value": 10.181251992
  },
  {
    "name": "market_cap",
    "year": "2019Q4",
    "value": 14.356
  },
  {
    "name": "market_cap",
    "year": "2020Q1",
    "value": 17.2536
  },
  {
    "name": "market_cap",
    "year": "2020Q2",
    "value": 21.172
  },
  {
    "name": "market_cap",
    "year": "2020Q3",
    "value": 20.1924
  },
  {
    "name": "market_cap",
    "year": "2020Q4",
    "value": 22.041
  },
  {
    "name": "market_cap",
    "year": "2021Q1",
    "value": 61.62
  },
  {
    "name": "market_cap",
    "year": "2021Q2",
    "value": 43.8608
  },
  {
    "name": "market_cap",
    "year": "2021Q3",
    "value": 51.9346
  },
  {
    "name": "market_cap",
    "year": "2021Q4",
    "value": 52.9616
  },
  {
    "name": "market_cap",
    "year": "2022Q1",
    "value": 42.5336
  },
  {
    "name": "market_cap",
    "year": "2022Q2",
    "value": 36.103
  },
  {
    "name": "market_cap",
    "year": "2022Q3",
    "value": 40.4164
  },
  {
    "name": "market_cap",
    "year": "2022Q4",
    "value": 43.7344
  },
  {
    "name": "market_cap",
    "year": "2023Q1",
    "value": 63.9742
  },
  {
    "name": "market_cap",
    "year": "2023Q2",
    "value": 66.3758
  },
  {
    "name": "market_cap",
    "year": "2023Q3",
    "value": 88.1008
  },
  {
    "name": "market_cap",
    "year": "2023Q4",
    "value": 84.7986
  },
  {
    "name": "market_cap",
    "year": "2024Q1",
    "value": 92.6354
  },
  {
    "name": "ev",
    "year": "2017Q4",
    "value": 24.245361605
  },
  {
    "name": "ev",
    "year": "2018Q4",
    "value": 17.821251992
  },
  {
    "name": "ev",
    "year": "2019Q4",
    "value": 31.656
  },
  {
    "name": "ev",
    "year": "2020Q1",
    "value": 17.2536
  },
  {
    "name": "ev",
    "year": "2020Q2",
    "value": 21.172
  },
  {
    "name": "ev",
    "year": "2020Q3",
    "value": 20.1924
  },
  {
    "name": "ev",
    "year": "2020Q4",
    "value": 40.961
  },
  {
    "name": "ev",
    "year": "2021Q1",
    "value": 80.67
  },
  {
    "name": "ev",
    "year": "2021Q2",
    "value": 61.5208
  },
  {
    "name": "ev",
    "year": "2021Q3",
    "value": 69.7746
  },
  {
    "name": "ev",
    "year": "2021Q4",
    "value": 70.6316
  },
  {
    "name": "ev",
    "year": "2022Q1",
    "value": 60.3336
  },
  {
    "name": "ev",
    "year": "2022Q2",
    "value": 51.253
  },
  {
    "name": "ev",
    "year": "2022Q3",
    "value": 61.5764
  },
  {
    "name": "ev",
    "year": "2022Q4",
    "value": 63.7344
  },
  {
    "name": "ev",
    "year": "2023Q1",
    "value": 83.8542
  },
  {
    "name": "ev",
    "year": "2023Q2",
    "value": 86.3558
  },
  {
    "name": "ev",
    "year": "2023Q3",
    "value": 106.7308
  },
  {
    "name": "ev",
    "year": "2023Q4",
    "value": 102.2986
  },
  {
    "name": "ev",
    "year": "2024Q1",
    "value": 109.9854
  },
  {
    "name": "book_value",
    "year": "2017Q4",
    "value": 17.1
  },
  {
    "name": "book_value",
    "year": "2018Q4",
    "value": 14.64
  },
  {
    "name": "book_value",
    "year": "2019Q4",
    "value": 15.1
  },
  {
    "name": "book_value",
    "year": "2020Q1",
    "value": 0.0
  },
  {
    "name": "book_value",
    "year": "2020Q2",
    "value": 0.0
  },
  {
    "name": "book_value",
    "year": "2020Q3",
    "value": 0.0
  },
  {
    "name": "book_value",
    "year": "2020Q4",
    "value": 12.84
  },
  {
    "name": "book_value",
    "year": "2021Q1",
    "value": 12.84
  },
  {
    "name": "book_value",
    "year": "2021Q2",
    "value": 15.8
  },
  {
    "name": "book_value",
    "year": "2021Q3",
    "value": 14.83
  },
  {
    "name": "book_value",
    "year": "2021Q4",
    "value": 15.03
  },
  {
    "name": "book_value",
    "year": "2022Q1",
    "value": 15.035
  },
  {
    "name": "book_value",
    "year": "2022Q2",
    "value": 15.6
  },
  {
    "name": "book_value",
    "year": "2022Q3",
    "value": 15.69
  },
  {
    "name": "book_value",
    "year": "2022Q4",
    "value": 17.04
  },
  {
    "name": "book_value",
    "year": "2023Q1",
    "value": 15.86
  },
  {
    "name": "book_value",
    "year": "2023Q2",
    "value": 8.9
  },
  {
    "name": "book_value",
    "year": "2023Q3",
    "value": 16.1
  },
  {
    "name": "book_value",
    "year": "2023Q4",
    "value": 17.5
  },
  {
    "name": "book_value",
    "year": "2024Q1",
    "value": 17.53
  },
  {
    "name": "eps",
    "year": "2017Q4",
    "value": 0.0
  },
  {
    "name": "eps",
    "year": "2018Q4",
    "value": 0.0
  },
  {
    "name": "eps",
    "year": "2019Q4",
    "value": 0.0
  },
  {
    "name": "eps",
    "year": "2020Q1",
    "value": 1.07594936709
  },
  {
    "name": "eps",
    "year": "2020Q2",
    "value": 0.316455696203
  },
  {
    "name": "eps",
    "year": "2020Q3",
    "value": 28.7974683544
  },
  {
    "name": "eps",
    "year": "2020Q4",
    "value": 17.4050632911
  },
  {
    "name": "eps",
    "year": "2021Q1",
    "value": 0.208860759494
  },
  {
    "name": "eps",
    "year": "2021Q2",
    "value": 277.341772152
  },
  {
    "name": "eps",
    "year": "2021Q3",
    "value": 10.7594936709
  },
  {
    "name": "eps",
    "year": "2021Q4",
    "value": 12.9556962025
  },
  {
    "name": "eps",
    "year": "2022Q1",
    "value": 0.221518987342
  },
  {
    "name": "eps",
    "year": "2022Q2",
    "value": 82.4050632911
  },
  {
    "name": "eps",
    "year": "2022Q3",
    "value": 6.32911392405
  },
  {
    "name": "eps",
    "year": "2022Q4",
    "value": 235.094936709
  },
  {
    "name": "eps",
    "year": "2023Q1",
    "value": 0.886075949367
  },
  {
    "name": "eps",
    "year": "2023Q2",
    "value": 622.658227848
  },
  {
    "name": "eps",
    "year": "2023Q3",
    "value": 108.860759494
  },
  {
    "name": "eps",
    "year": "2023Q4",
    "value": 223.291139241
  },
  {
    "name": "eps",
    "year": "2024Q1",
    "value": 2.15189873418
  },
  {
    "name": "fcf_share",
    "year": "2017Q4",
    "value": 0.0
  },
  {
    "name": "fcf_share",
    "year": "2018Q4",
    "value": 0.0
  },
  {
    "name": "fcf_share",
    "year": "2019Q4",
    "value": 0.0
  },
  {
    "name": "fcf_share",
    "year": "2020Q1",
    "value": 0.0
  },
  {
    "name": "fcf_share",
    "year": "2020Q2",
    "value": 0.0
  },
  {
    "name": "fcf_share",
    "year": "2020Q3",
    "value": 0.0
  },
  {
    "name": "fcf_share",
    "year": "2020Q4",
    "value": 0.0
  },
  {
    "name": "fcf_share",
    "year": "2021Q1",
    "value": 0.0
  },
  {
    "name": "fcf_share",
    "year": "2021Q2",
    "value": 0.0
  },
  {
    "name": "fcf_share",
    "year": "2021Q3",
    "value": 0.0
  },
  {
    "name": "fcf_share",
    "year": "2021Q4",
    "value": 0.0
  },
  {
    "name": "fcf_share",
    "year": "2022Q1",
    "value": 0.0
  },
  {
    "name": "fcf_share",
    "year": "2022Q2",
    "value": 0.0
  },
  {
    "name": "fcf_share",
    "year": "2022Q3",
    "value": 0.0
  },
  {
    "name": "fcf_share",
    "year": "2022Q4",
    "value": 0.0
  },
  {
    "name": "fcf_share",
    "year": "2023Q1",
    "value": 0.0
  },
  {
    "name": "fcf_share",
    "year": "2023Q2",
    "value": 0.0
  },
  {
    "name": "fcf_share",
    "year": "2023Q3",
    "value": 0.0
  },
  {
    "name": "fcf_share",
    "year": "2023Q4",
    "value": 0.0
  },
  {
    "name": "fcf_share",
    "year": "2024Q1",
    "value": 0.0
  },
  {
    "name": "bv_share",
    "year": "2017Q4",
    "value": 685.259534435
  },
  {
    "name": "bv_share",
    "year": "2018Q4",
    "value": 586.678338253
  },
  {
    "name": "bv_share",
    "year": "2019Q4",
    "value": 778.350515464
  },
  {
    "name": "bv_share",
    "year": "2020Q1",
    "value": 0.0
  },
  {
    "name": "bv_share",
    "year": "2020Q2",
    "value": 0.0
  },
  {
    "name": "bv_share",
    "year": "2020Q3",
    "value": 0.0
  },
  {
    "name": "bv_share",
    "year": "2020Q4",
    "value": 812.658227848
  },
  {
    "name": "bv_share",
    "year": "2021Q1",
    "value": 812.658227848
  },
  {
    "name": "bv_share",
    "year": "2021Q2",
    "value": 1000.0
  },
  {
    "name": "bv_share",
    "year": "2021Q3",
    "value": 938.607594937
  },
  {
    "name": "bv_share",
    "year": "2021Q4",
    "value": 951.265822785
  },
  {
    "name": "bv_share",
    "year": "2022Q1",
    "value": 951.582278481
  },
  {
    "name": "bv_share",
    "year": "2022Q2",
    "value": 987.341772152
  },
  {
    "name": "bv_share",
    "year": "2022Q3",
    "value": 993.037974684
  },
  {
    "name": "bv_share",
    "year": "2022Q4",
    "value": 1078.48101266
  },
  {
    "name": "bv_share",
    "year": "2023Q1",
    "value": 1003.79746835
  },
  {
    "name": "bv_share",
    "year": "2023Q2",
    "value": 563.291139241
  },
  {
    "name": "bv_share",
    "year": "2023Q3",
    "value": 1018.98734177
  },
  {
    "name": "bv_share",
    "year": "2023Q4",
    "value": 1107.59493671
  },
  {
    "name": "bv_share",
    "year": "2024Q1",
    "value": 1109.49367089
  },
  {
    "name": "ebitda_margin",
    "year": "2020Q1",
    "value": 0.0
  },
  {
    "name": "ebitda_margin",
    "year": "2020Q2",
    "value": 0.0
  },
  {
    "name": "ebitda_margin",
    "year": "2020Q3",
    "value": 0.0
  },
  {
    "name": "ebitda_margin",
    "year": "2020Q4",
    "value": 0.0
  },
  {
    "name": "ebitda_margin",
    "year": "2021Q1",
    "value": 0.0
  },
  {
    "name": "ebitda_margin",
    "year": "2021Q2",
    "value": 0.0
  },
  {
    "name": "ebitda_margin",
    "year": "2021Q3",
    "value": 0.0
  },
  {
    "name": "ebitda_margin",
    "year": "2021Q4",
    "value": 0.0
  },
  {
    "name": "ebitda_margin",
    "year": "2022Q1",
    "value": 0.0
  },
  {
    "name": "ebitda_margin",
    "year": "2022Q2",
    "value": 0.0
  },
  {
    "name": "ebitda_margin",
    "year": "2022Q3",
    "value": 0.0
  },
  {
    "name": "ebitda_margin",
    "year": "2022Q4",
    "value": 0.0
  },
  {
    "name": "ebitda_margin",
    "year": "2023Q1",
    "value": 0.0
  },
  {
    "name": "ebitda_margin",
    "year": "2023Q2",
    "value": 0.0
  },
  {
    "name": "ebitda_margin",
    "year": "2023Q3",
    "value": 0.0
  },
  {
    "name": "ebitda_margin",
    "year": "2023Q4",
    "value": 0.0
  },
  {
    "name": "ebitda_margin",
    "year": "2024Q1",
    "value": 0.0
  },
  {
    "name": "net_margin",
    "year": "2020Q1",
    "value": 170.0
  },
  {
    "name": "net_margin",
    "year": "2020Q2",
    "value": 31.25
  },
  {
    "name": "net_margin",
    "year": "2020Q3",
    "value": 2843.75
  },
  {
    "name": "net_margin",
    "year": "2020Q4",
    "value": 1309.52380952
  },
  {
    "name": "net_margin",
    "year": "2021Q1",
    "value": 19.4117647059
  },
  {
    "name": "net_margin",
    "year": "2021Q2",
    "value": 17528.0
  },
  {
    "name": "net_margin",
    "year": "2021Q3",
    "value": 1307.69230769
  },
  {
    "name": "net_margin",
    "year": "2021Q4",
    "value": 3.96321393998
  },
  {
    "name": "net_margin",
    "year": "2022Q1",
    "value": 18.4210526316
  },
  {
    "name": "net_margin",
    "year": "2022Q2",
    "value": 26039.999999999996
  },
  {
    "name": "net_margin",
    "year": "2022Q3",
    "value": 163.93442623
  },
  {
    "name": "net_margin",
    "year": "2022Q4",
    "value": 65.4537444934
  },
  {
    "name": "net_margin",
    "year": "2023Q1",
    "value": 77.7777777778
  },
  {
    "name": "net_margin",
    "year": "2023Q2",
    "value": 106.207492173
  },
  {
    "name": "net_margin",
    "year": "2023Q3",
    "value": 139.837398374
  },
  {
    "name": "net_margin",
    "year": "2023Q4",
    "value": 154.128440367
  },
  {
    "name": "net_margin",
    "year": "2024Q1",
    "value": 188.888888889
  },
  {
    "name": "fcf_yield",
    "year": "2017Q4",
    "value": 0.0
  },
  {
    "name": "fcf_yield",
    "year": "2018Q4",
    "value": 0.0
  },
  {
    "name": "fcf_yield",
    "year": "2019Q4",
    "value": 0.0
  },
  {
    "name": "fcf_yield",
    "year": "2020Q1",
    "value": 0.0
  },
  {
    "name": "fcf_yield",
    "year": "2020Q2",
    "value": 0.0
  },
  {
    "name": "fcf_yield",
    "year": "2020Q3",
    "value": 0.0
  },
  {
    "name": "fcf_yield",
    "year": "2020Q4",
    "value": 0.0
  },
  {
    "name": "fcf_yield",
    "year": "2021Q1",
    "value": 0.0
  },
  {
    "name": "fcf_yield",
    "year": "2021Q2",
    "value": 0.0
  },
  {
    "name": "fcf_yield",
    "year": "2021Q3",
    "value": 0.0
  },
  {
    "name": "fcf_yield",
    "year": "2021Q4",
    "value": 0.0
  },
  {
    "name": "fcf_yield",
    "year": "2022Q1",
    "value": 0.0
  },
  {
    "name": "fcf_yield",
    "year": "2022Q2",
    "value": 0.0
  },
  {
    "name": "fcf_yield",
    "year": "2022Q3",
    "value": 0.0
  },
  {
    "name": "fcf_yield",
    "year": "2022Q4",
    "value": 0.0
  },
  {
    "name": "fcf_yield",
    "year": "2023Q1",
    "value": 0.0
  },
  {
    "name": "fcf_yield",
    "year": "2023Q2",
    "value": 0.0
  },
  {
    "name": "fcf_yield",
    "year": "2023Q3",
    "value": 0.0
  },
  {
    "name": "fcf_yield",
    "year": "2023Q4",
    "value": 0.0
  },
  {
    "name": "fcf_yield",
    "year": "2024Q1",
    "value": 0.0
  },
  {
    "name": "roe",
    "year": "2017Q4",
    "value": 0.0
  },
  {
    "name": "roe",
    "year": "2018Q4",
    "value": 0.0
  },
  {
    "name": "roe",
    "year": "2019Q4",
    "value": 0.0
  },
  {
    "name": "roe",
    "year": "2020Q1",
    "value": null
  },
  {
    "name": "roe",
    "year": "2020Q2",
    "value": null
  },
  {
    "name": "roe",
    "year": "2020Q3",
    "value": null
  },
  {
    "name": "roe",
    "year": "2020Q4",
    "value": 5.85669781931
  },
  {
    "name": "roe",
    "year": "2021Q1",
    "value": 5.75
  },
  {
    "name": "roe",
    "year": "2021Q2",
    "value": 32.3753164557
  },
  {
    "name": "roe",
    "year": "2021Q3",
    "value": 32.5711395819
  },
  {
    "name": "roe",
    "year": "2021Q4",
    "value": 31.669993346600002
  },
  {
    "name": "roe",
    "year": "2022Q1",
    "value": 31.6607914865
  },
  {
    "name": "roe",
    "year": "2022Q2",
    "value": 10.7705128205
  },
  {
    "name": "roe",
    "year": "2022Q3",
    "value": 10.2625876354
  },
  {
    "name": "roe",
    "year": "2022Q4",
    "value": 30.0469483568
  },
  {
    "name": "roe",
    "year": "2023Q1",
    "value": 32.3486759142
  },
  {
    "name": "roe",
    "year": "2023Q2",
    "value": 153.556179775
  },
  {
    "name": "roe",
    "year": "2023Q3",
    "value": 94.9472049689
  },
  {
    "name": "roe",
    "year": "2023Q4",
    "value": 86.2857142857
  },
  {
    "name": "roe",
    "year": "2024Q1",
    "value": 86.25213919
  },
  {
    "name": "roa",
    "year": "2017Q4",
    "value": 0.0
  },
  {
    "name": "roa",
    "year": "2018Q4",
    "value": 0.0
  },
  {
    "name": "roa",
    "year": "2019Q4",
    "value": 0.0
  },
  {
    "name": "roa",
    "year": "2020Q1",
    "value": null
  },
  {
    "name": "roa",
    "year": "2020Q2",
    "value": null
  },
  {
    "name": "roa",
    "year": "2020Q3",
    "value": null
  },
  {
    "name": "roa",
    "year": "2020Q4",
    "value": 2.31313442018
  },
  {
    "name": "roa",
    "year": "2021Q1",
    "value": 2.25779816514
  },
  {
    "name": "roa",
    "year": "2021Q2",
    "value": 14.8947383746
  },
  {
    "name": "roa",
    "year": "2021Q3",
    "value": 13.8562822719
  },
  {
    "name": "roa",
    "year": "2021Q4",
    "value": 14.406779661
  },
  {
    "name": "roa",
    "year": "2022Q1",
    "value": 14.342271768600002
  },
  {
    "name": "roa",
    "year": "2022Q2",
    "value": 5.28530984586
  },
  {
    "name": "roa",
    "year": "2022Q3",
    "value": 4.32036490475
  },
  {
    "name": "roa",
    "year": "2022Q4",
    "value": 13.624268227799998
  },
  {
    "name": "roa",
    "year": "2023Q1",
    "value": 14.0677268988
  },
  {
    "name": "roa",
    "year": "2023Q2",
    "value": 33.9540372671
  },
  {
    "name": "roa",
    "year": "2023Q3",
    "value": 37.5313037073
  },
  {
    "name": "roa",
    "year": "2023Q4",
    "value": 39.322916666699996
  },
  {
    "name": "roa",
    "year": "2024Q1",
    "value": 41.4473684211
  },
  {
    "name": "p_e",
    "year": "2020Q1",
    "value": 1014.91764706
  },
  {
    "name": "p_e",
    "year": "2020Q2",
    "value": 962.363636364
  },
  {
    "name": "p_e",
    "year": "2020Q3",
    "value": 42.3320754717
  },
  {
    "name": "p_e",
    "year": "2020Q4",
    "value": 29.3098404255
  },
  {
    "name": "p_e",
    "year": "2021Q1",
    "value": 83.4620073141
  },
  {
    "name": "p_e",
    "year": "2021Q2",
    "value": 8.57443356206
  },
  {
    "name": "p_e",
    "year": "2021Q3",
    "value": 10.75183736
  },
  {
    "name": "p_e",
    "year": "2021Q4",
    "value": 11.1263865546
  },
  {
    "name": "p_e",
    "year": "2022Q1",
    "value": 8.93525482123
  },
  {
    "name": "p_e",
    "year": "2022Q2",
    "value": 21.4873229377
  },
  {
    "name": "p_e",
    "year": "2022Q3",
    "value": 25.1002359955
  },
  {
    "name": "p_e",
    "year": "2022Q4",
    "value": 8.541875
  },
  {
    "name": "p_e",
    "year": "2023Q1",
    "value": 12.4693889484
  },
  {
    "name": "p_e",
    "year": "2023Q2",
    "value": 4.85682508323
  },
  {
    "name": "p_e",
    "year": "2023Q3",
    "value": 5.76330749354
  },
  {
    "name": "p_e",
    "year": "2023Q4",
    "value": 5.6158013245
  },
  {
    "name": "p_e",
    "year": "2024Q1",
    "value": 6.12667989418
  },
  {
    "name": "p_s",
    "year": "2020Q1",
    "value": 1725.36
  },
  {
    "name": "p_s",
    "year": "2020Q2",
    "value": 814.307692308
  },
  {
    "name": "p_s",
    "year": "2020Q3",
    "value": 480.771428571
  },
  {
    "name": "p_s",
    "year": "2020Q4",
    "value": 349.857142857
  },
  {
    "name": "p_s",
    "year": "2021Q1",
    "value": 880.285714286
  },
  {
    "name": "p_s",
    "year": "2021Q2",
    "value": 555.2
  },
  {
    "name": "p_s",
    "year": "2021Q3",
    "value": 683.35
  },
  {
    "name": "p_s",
    "year": "2021Q4",
    "value": 10.1459003831
  },
  {
    "name": "p_s",
    "year": "2022Q1",
    "value": 8.14507851398
  },
  {
    "name": "p_s",
    "year": "2022Q2",
    "value": 6.94021530181
  },
  {
    "name": "p_s",
    "year": "2022Q3",
    "value": 7.69836190476
  },
  {
    "name": "p_s",
    "year": "2022Q4",
    "value": 7.59277777778
  },
  {
    "name": "p_s",
    "year": "2023Q1",
    "value": 11.108560514
  },
  {
    "name": "p_s",
    "year": "2023Q2",
    "value": 4.42004395019
  },
  {
    "name": "p_s",
    "year": "2023Q3",
    "value": 5.44302483628
  },
  {
    "name": "p_s",
    "year": "2023Q4",
    "value": 6.624890625
  },
  {
    "name": "p_s",
    "year": "2024Q1",
    "value": 7.237140625
  },
  {
    "name": "p_bv",
    "year": "2017Q4",
    "value": 0.941249216667
  },
  {
    "name": "p_bv",
    "year": "2018Q4",
    "value": 0.695440709836
  },
  {
    "name": "p_bv",
    "year": "2019Q4",
    "value": 0.950728476821
  },
  {
    "name": "p_bv",
    "year": "2020Q1",
    "value": null
  },
  {
    "name": "p_bv",
    "year": "2020Q2",
    "value": null
  },
  {
    "name": "p_bv",
    "year": "2020Q3",
    "value": null
  },
  {
    "name": "p_bv",
    "year": "2020Q4",
    "value": 1.71658878505
  },
  {
    "name": "p_bv",
    "year": "2021Q1",
    "value": 4.79906542056
  },
  {
    "name": "p_bv",
    "year": "2021Q2",
    "value": 2.776
  },
  {
    "name": "p_bv",
    "year": "2021Q3",
    "value": 3.50199595415
  },
  {
    "name": "p_bv",
    "year": "2021Q4",
    "value": 3.52372588157
  },
  {
    "name": "p_bv",
    "year": "2022Q1",
    "value": 2.82897239774
  },
  {
    "name": "p_bv",
    "year": "2022Q2",
    "value": 2.31429487179
  },
  {
    "name": "p_bv",
    "year": "2022Q3",
    "value": 2.57593371574
  },
  {
    "name": "p_bv",
    "year": "2022Q4",
    "value": 2.56657276995
  },
  {
    "name": "p_bv",
    "year": "2023Q1",
    "value": 4.03368221942
  },
  {
    "name": "p_bv",
    "year": "2023Q2",
    "value": 7.45795505618
  },
  {
    "name": "p_bv",
    "year": "2023Q3",
    "value": 5.47209937888
  },
  {
    "name": "p_bv",
    "year": "2023Q4",
    "value": 4.84563428571
  },
  {
    "name": "p_bv",
    "year": "2024Q1",
    "value": 5.28439247005
  },
  {
    "name": "employees",
    "year": "2020Q4",
    "value": 10000.0
  },
  {
    "name": "labour_productivity",
    "year": "2020Q4",
    "value": 0.0021
  },
  {
    "name": "expenses_per_employee",
    "year": "2020Q4",
    "value": 0.0
  },
  {
    "name": "capex_revenue",
    "year": "2020Q1",
    "value": 0.0
  },
  {
    "name": "capex_revenue",
    "year": "2020Q2",
    "value": 0.0
  },
  {
    "name": "capex_revenue",
    "year": "2020Q3",
    "value": 0.0
  },
  {
    "name": "capex_revenue",
    "year": "2020Q4",
    "value": 0.0
  },
  {
    "name": "capex_revenue",
    "year": "2021Q1",
    "value": 0.0
  },
  {
    "name": "capex_revenue",
    "year": "2021Q2",
    "value": 0.0
  },
  {
    "name": "capex_revenue",
    "year": "2021Q3",
    "value": 0.0
  },
  {
    "name": "capex_revenue",
    "year": "2021Q4",
    "value": 0.0
  },
  {
    "name": "capex_revenue",
    "year": "2022Q1",
    "value": 0.0
  },
  {
    "name": "capex_revenue",
    "year": "2022Q2",
    "value": 0.0
  },
  {
    "name": "capex_revenue",
    "year": "2022Q3",
    "value": 0.0
  },
  {
    "name": "capex_revenue",
    "year": "2022Q4",
    "value": 0.0
  },
  {
    "name": "capex_revenue",
    "year": "2023Q1",
    "value": 0.0
  },
  {
    "name": "capex_revenue",
    "year": "2023Q2",
    "value": 0.0
  },
  {
    "name": "capex_revenue",
    "year": "2023Q3",
    "value": 0.0
  },
  {
    "name": "capex_revenue",
    "year": "2023Q4",
    "value": 0.0
  },
  {
    "name": "capex_revenue",
    "year": "2024Q1",
    "value": 0.0
  }
]