[{"name":"date","year":"2023Q1","value":"02.05.2023"},{"name":"date","year":"2023Q2","value":"31.07.2023"},{"name":"date","year":"2023Q3","value":"30.10.2023"},{"name":"date","year":"2023Q4","value":"01.04.2024"},{"name":"date","year":"2024Q1","value":"02.05.2024"},{"name":"date","year":"LTM\n?","value":"02.05.2024"},{"name":"currency","year":"2023Q1","value":"RUB"},{"name":"currency","year":"2023Q2","value":"RUB"},{"name":"currency","year":"2023Q3","value":"RUB"},{"name":"currency","year":"2023Q4","value":"RUB"},{"name":"currency","year":"2024Q1","value":"RUB"},{"name":"currency","year":"LTM\n?","value":"RUB"},{"name":"report_url","year":"2023Q1","value":"https://www.e-disclosure.ru/portal/FileLoad.ashx?Fileid=1791541"},{"name":"report_url","year":"2023Q2","value":"https://www.e-disclosure.ru/portal/FileLoad.ashx?Fileid=1806154"},{"name":"report_url","year":"2023Q3","value":"https://www.e-disclosure.ru/portal/FileLoad.ashx?Fileid=1814197"},{"name":"report_url","year":"2023Q4","value":"https://www.e-disclosure.ru/portal/FileLoad.ashx?Fileid=1829276"},{"name":"report_url","year":"2024Q1","value":"https://www.e-disclosure.ru/portal/FileLoad.ashx?Fileid=1835680"},{"name":"report_url","year":"LTM\n?","value":"https://www.e-disclosure.ru/portal/FileLoad.ashx?Fileid=1835680"},{"name":"net_income","year":"2023Q1","value":"0.025"},{"name":"net_income","year":"2023Q2","value":"0.010"},{"name":"net_income","year":"2023Q3","value":"0.066"},{"name":"net_income","year":"2023Q4","value":"0.009"},{"name":"net_income","year":"2024Q1","value":"0.018"},{"name":"net_income","year":"LTM\n?","value":"0.103"},{"name":"dividend_payout","year":"2023Q1","value":""},{"name":"dividend_payout","year":"2023Q2","value":""},{"name":"dividend_payout","year":"2023Q3","value":""},{"name":"dividend_payout","year":"2023Q4","value":"0.062"},{"name":"dividend_payout","year":"2024Q1","value":""},{"name":"dividend_payout","year":"LTM\n?","value":"0.062"},{"name":"dividend","year":"2023Q1","value":""},{"name":"dividend","year":"2023Q2","value":""},{"name":"dividend","year":"2023Q3","value":""},{"name":"dividend","year":"2023Q4","value":"0.5"},{"name":"dividend","year":"2024Q1","value":""},{"name":"dividend","year":"LTM\n?","value":"0.5"},{"name":"div_yield","year":"2023Q1","value":"0.0%"},{"name":"div_yield","year":"2023Q2","value":"0.0%"},{"name":"div_yield","year":"2023Q3","value":"0.0%"},{"name":"div_yield","year":"2023Q4","value":"4.5%"},{"name":"div_yield","year":"2024Q1","value":"0.0%"},{"name":"div_yield","year":"LTM\n?","value":"3.9%"},{"name":"div_payout_ratio","year":"2023Q1","value":"0%"},{"name":"div_payout_ratio","year":"2023Q2","value":"0%"},{"name":"div_payout_ratio","year":"2023Q3","value":"0%"},{"name":"div_payout_ratio","year":"2023Q4","value":"689%"},{"name":"div_payout_ratio","year":"2024Q1","value":"0%"},{"name":"div_payout_ratio","year":"LTM\n?","value":"60%"},{"name":"assets","year":"2023Q1","value":"0.234"},{"name":"assets","year":"2023Q2","value":"0.274"},{"name":"assets","year":"2023Q3","value":"0.323"},{"name":"assets","year":"2023Q4","value":"0.332"},{"name":"assets","year":"2024Q1","value":"0.500"},{"name":"assets","year":"LTM\n?","value":"0.500"},{"name":"net_assets","year":"2023Q1","value":"0.219"},{"name":"net_assets","year":"2023Q2","value":"0.253"},{"name":"net_assets","year":"2023Q3","value":"0.294"},{"name":"net_assets","year":"2023Q4","value":"0.302"},{"name":"net_assets","year":"2024Q1","value":"0.320"},{"name":"net_assets","year":"LTM\n?","value":"0.320"},{"name":"cash","year":"2023Q1","value":"0.004"},{"name":"cash","year":"2023Q2","value":"0.002"},{"name":"cash","year":"2023Q3","value":"0.000"},{"name":"cash","year":"2023Q4","value":"0.000"},{"name":"cash","year":"2024Q1","value":"0.000"},{"name":"cash","year":"LTM\n?","value":"0.000"},{"name":"net_debt","year":"2023Q1","value":"0.00"},{"name":"net_debt","year":"2023Q2","value":"0.00"},{"name":"net_debt","year":"2023Q3","value":"0.00"},{"name":"net_debt","year":"2023Q4","value":"0.00"},{"name":"net_debt","year":"2024Q1","value":"0.00"},{"name":"net_debt","year":"LTM\n?","value":"0"},{"name":"common_share","year":"2023Q1","value":"5.61"},{"name":"common_share","year":"2023Q2","value":"7.16"},{"name":"common_share","year":"2023Q3","value":"10.7"},{"name":"common_share","year":"2023Q4","value":"11.0"},{"name":"common_share","year":"2024Q1","value":"13.6"},{"name":"common_share","year":"LTM\n?","value":"12.7"},{"name":"number_of_shares","year":"2023Q1","value":"123.8"},{"name":"number_of_shares","year":"2023Q2","value":"123.8"},{"name":"number_of_shares","year":"2023Q3","value":"123.8"},{"name":"number_of_shares","year":"2023Q4","value":"123.8"},{"name":"number_of_shares","year":"2024Q1","value":"123.8"},{"name":"number_of_shares","year":"LTM\n?","value":"123.8"},{"name":"market_cap","year":"2023Q1","value":"0.69"},{"name":"market_cap","year":"2023Q2","value":"0.89"},{"name":"market_cap","year":"2023Q3","value":"1.32"},{"name":"market_cap","year":"2023Q4","value":"1.36"},{"name":"market_cap","year":"2024Q1","value":"1.68"},{"name":"market_cap","year":"LTM\n?","value":"1.57"},{"name":"ev","year":"2023Q1","value":"0.69"},{"name":"ev","year":"2023Q2","value":"0.88"},{"name":"ev","year":"2023Q3","value":"1.32"},{"name":"ev","year":"2023Q4","value":"1.36"},{"name":"ev","year":"2024Q1","value":"1.68"},{"name":"ev","year":"LTM\n?","value":"1.57"},{"name":"book_value","year":"2023Q1","value":"0.22"},{"name":"book_value","year":"2023Q2","value":"0.25"},{"name":"book_value","year":"2023Q3","value":"0.29"},{"name":"book_value","year":"2023Q4","value":"0.30"},{"name":"book_value","year":"2024Q1","value":"0.32"},{"name":"book_value","year":"LTM\n?","value":"0.32"},{"name":"eps","year":"2023Q1","value":"0.20"},{"name":"eps","year":"2023Q2","value":"0.08"},{"name":"eps","year":"2023Q3","value":"0.53"},{"name":"eps","year":"2023Q4","value":"0.07"},{"name":"eps","year":"2024Q1","value":"0.15"},{"name":"eps","year":"LTM\n?","value":"0.83"},{"name":"fcf_share","year":"2023Q1","value":"0.00"},{"name":"fcf_share","year":"2023Q2","value":"0.00"},{"name":"fcf_share","year":"2023Q3","value":"0.00"},{"name":"fcf_share","year":"2023Q4","value":"0.00"},{"name":"fcf_share","year":"2024Q1","value":"0.00"},{"name":"fcf_share","year":"LTM\n?","value":"0"},{"name":"bv_share","year":"2023Q1","value":"1.77"},{"name":"bv_share","year":"2023Q2","value":"2.04"},{"name":"bv_share","year":"2023Q3","value":"2.37"},{"name":"bv_share","year":"2023Q4","value":"2.44"},{"name":"bv_share","year":"2024Q1","value":"2.58"},{"name":"bv_share","year":"LTM\n?","value":"2.58"},{"name":"fcf_yield","year":"2023Q1","value":"0.0%"},{"name":"fcf_yield","year":"2023Q2","value":"0.0%"},{"name":"fcf_yield","year":"2023Q3","value":"0.0%"},{"name":"fcf_yield","year":"2023Q4","value":"0.0%"},{"name":"fcf_yield","year":"2024Q1","value":"0.0%"},{"name":"fcf_yield","year":"LTM\n?","value":"0.0%"},{"name":"roe","year":"2023Q1","value":"2.3%"},{"name":"roe","year":"2023Q2","value":"14.6%"},{"name":"roe","year":"2023Q3","value":"42.2%"},{"name":"roe","year":"2023Q4","value":"36.4%"},{"name":"roe","year":"2024Q1","value":"32.2%"},{"name":"roe","year":"LTM\n?","value":"32.2%"},{"name":"roa","year":"2023Q1","value":"2.1%"},{"name":"roa","year":"2023Q2","value":"13.5%"},{"name":"roa","year":"2023Q3","value":"38.4%"},{"name":"roa","year":"2023Q4","value":"33.1%"},{"name":"roa","year":"2024Q1","value":"20.6%"},{"name":"roa","year":"LTM\n?","value":"20.6%"},{"name":"p_e","year":"2023Q1","value":"138.9"},{"name":"p_e","year":"2023Q2","value":"24.0"},{"name":"p_e","year":"2023Q3","value":"10.7"},{"name":"p_e","year":"2023Q4","value":"12.4"},{"name":"p_e","year":"2024Q1","value":"16.3"},{"name":"p_e","year":"LTM\n?","value":"15.3"},{"name":"p_bv","year":"2023Q1","value":"3.17"},{"name":"p_bv","year":"2023Q2","value":"3.50"},{"name":"p_bv","year":"2023Q3","value":"4.51"},{"name":"p_bv","year":"2023Q4","value":"4.51"},{"name":"p_bv","year":"2024Q1","value":"5.24"},{"name":"p_bv","year":"LTM\n?","value":"4.91"}]