[{"name":"P/E","year":"2023","value":"56.12"},{"name":"P/E","year":"2022","value":"115.08"},{"name":"P/E","year":"2021","value":"838.67"},{"name":"P/E","year":"2020","value":"39.23"},{"name":"P/E","year":"2019","value":"11.5"},{"name":"P/B","year":"2023","value":"18.93"},{"name":"P/B","year":"2022","value":"15.56"},{"name":"P/B","year":"2021","value":"41.55"},{"name":"P/B","year":"2020","value":"14.71"},{"name":"P/B","year":"2019","value":"9.84"},{"name":"P/S","year":"2023","value":"6.92"},{"name":"P/S","year":"2022","value":"4.67"},{"name":"P/S","year":"2021","value":"8.26"},{"name":"P/S","year":"2020","value":"2.64"},{"name":"P/S","year":"2019","value":"1.16"},{"name":"P/CF","year":"2023","value":"21.79"},{"name":"P/CF","year":"2022","value":"24.09"},{"name":"P/CF","year":"2021","value":"34.74"},{"name":"P/CF","year":"2020","value":"53.07"},{"name":"P/CF","year":"2019","value":"5.31"},{"name":"P/FCF","year":"2023","value":"41.1"},{"name":"P/FCF","year":"2022","value":"62.9"},{"name":"P/FCF","year":"2021","value":"76.5"},{"name":"P/FCF","year":"2014","value":"157.76"},{"name":"P/FCF","year":"2013","value":"29.85"},{"name":"EV/S","year":"2023","value":"6.53"},{"name":"EV/S","year":"2022","value":"4.52"},{"name":"EV/S","year":"2021","value":"8.12"},{"name":"EV/S","year":"2020","value":"2.7"},{"name":"EV/S","year":"2019","value":"1.25"},{"name":"EV/EBITDA","year":"2023","value":"29.85"},{"name":"EV/EBITDA","year":"2022","value":"37.23"},{"name":"EV/EBITDA","year":"2021","value":"61.78"},{"name":"EV/EBITDA","year":"2020","value":"14.32"},{"name":"EV/EBITDA","year":"2019","value":"4.35"},{"name":"EV/EBIT","year":"2023","value":"39.12"},{"name":"EV/EBIT","year":"2022","value":"60.76"},{"name":"EV/EBIT","year":"2021","value":"129.71"},{"name":"EV/EBIT","year":"2020","value":"22.59"},{"name":"EV/EBIT","year":"2019","value":"7.57"},{"name":"Коэффициент долга","year":"2023","value":"0.62"},{"name":"Коэффициент долга","year":"2022","value":"0.72"},{"name":"Коэффициент долга","year":"2021","value":"0.73"},{"name":"Коэффициент долга","year":"2020","value":"0.73"},{"name":"Коэффициент долга","year":"2019","value":"0.74"},{"name":"D/E","year":"2023","value":"1.61"},{"name":"D/E","year":"2022","value":"2.59"},{"name":"D/E","year":"2021","value":"2.77"},{"name":"D/E","year":"2020","value":"2.64"},{"name":"D/E","year":"2019","value":"2.77"},{"name":"CAPEX/Выручка","year":"2023","value":"14.93"},{"name":"CAPEX/Выручка","year":"2022","value":"11.96"},{"name":"CAPEX/Выручка","year":"2021","value":"12.98"},{"name":"CAPEX/Выручка","year":"2020","value":"7.9"},{"name":"CAPEX/Выручка","year":"2019","value":"20.77"},{"name":"NetDebt/EBITDA","year":"2023","value":"-1.82"},{"name":"NetDebt/EBITDA","year":"2022","value":"-1.19"},{"name":"NetDebt/EBITDA","year":"2021","value":"-1.08"},{"name":"NetDebt/EBITDA","year":"2020","value":"0.34"},{"name":"NetDebt/EBITDA","year":"2019","value":"0.31"},{"name":"Долг/EBITDA","year":"2022","value":"0.27"},{"name":"Долг/EBITDA","year":"2021","value":"0.16"},{"name":"Долг/EBITDA","year":"2020","value":"0.87"},{"name":"Долг/EBITDA","year":"2019","value":"1.05"},{"name":"Долг/EBITDA","year":"2018","value":"2.53"},{"name":"ROE","year":"2023","value":"19.97"},{"name":"ROE","year":"2022","value":"4.05"},{"name":"ROE","year":"2021","value":"7.28"},{"name":"ROE","year":"2020","value":"24.92"},{"name":"ROE","year":"2019","value":"30.03"},{"name":"ROA","year":"2023","value":"7.65"},{"name":"ROA","year":"2022","value":"1.13"},{"name":"ROA","year":"2021","value":"1.93"},{"name":"ROA","year":"2020","value":"6.84"},{"name":"ROA","year":"2019","value":"7.96"},{"name":"Return on Sales","year":"2023","value":"16.68"},{"name":"Return on Sales","year":"2022","value":"7.44"},{"name":"Return on Sales","year":"2021","value":"6.26"},{"name":"Return on Sales","year":"2020","value":"11.96"},{"name":"Return on Sales","year":"2019","value":"16.53"},{"name":"ROIC","year":"2023","value":"12.8"},{"name":"ROIC","year":"2022","value":"5.3"},{"name":"ROIC","year":"2021","value":"8.72"},{"name":"ROIC","year":"2020","value":"20.71"},{"name":"ROIC","year":"2019","value":"19.8"},{"name":"ROCE","year":"2023","value":"11.51"},{"name":"ROCE","year":"2022","value":"5.13"},{"name":"ROCE","year":"2021","value":"5.41"},{"name":"ROCE","year":"2020","value":"13.56"},{"name":"ROCE","year":"2019","value":"15.15"},{"name":"Net Margin","year":"2023","value":"14.22"},{"name":"Net Margin","year":"2022","value":"2.03"},{"name":"Net Margin","year":"2021","value":"2.84"},{"name":"Net Margin","year":"2020","value":"9.54"},{"name":"Net Margin","year":"2019","value":"13.32"},{"name":"Операционная маржа","year":"2023","value":"20.13"},{"name":"Операционная маржа","year":"2022","value":"9.76"},{"name":"Операционная маржа","year":"2021","value":"10.09"},{"name":"Операционная маржа","year":"2020","value":"18.26"},{"name":"Операционная маржа","year":"2019","value":"21.6"},{"name":"EBITDA рентабельность","year":"2023","value":"21.86"},{"name":"EBITDA рентабельность","year":"2022","value":"12.15"},{"name":"EBITDA рентабельность","year":"2021","value":"13.14"},{"name":"EBITDA рентабельность","year":"2020","value":"18.87"},{"name":"EBITDA рентабельность","year":"2019","value":"28.79"},{"name":"Тек. ливкидность","year":"2023","value":"1.99"},{"name":"Тек. ливкидность","year":"2022","value":"1.74"},{"name":"Тек. ливкидность","year":"2021","value":"1.77"},{"name":"Тек. ливкидность","year":"2020","value":"1.04"},{"name":"Тек. ливкидность","year":"2019","value":"1.05"}]