[{"name":"Выручка","year":"2023","value":"28480217000"},{"name":"Выручка","year":"2022","value":"23500965000"},{"name":"Выручка","year":"2021","value":"15904080000"},{"name":"Выручка","year":"2020","value":"8335917000"},{"name":"Выручка","year":"2019","value":"8798302000"},{"name":"Валовая прибыль","year":"2023","value":"21207161000"},{"name":"Валовая прибыль","year":"2022","value":"15381218000"},{"name":"Валовая прибыль","year":"2021","value":"10279652000"},{"name":"Валовая прибыль","year":"2020","value":"3794518000"},{"name":"Валовая прибыль","year":"2019","value":"4620930000"},{"name":"EBITDA","year":"2023","value":"12900000000"},{"name":"EBITDA","year":"2022","value":"12900000000"},{"name":"EBITDA","year":"2021","value":"9928244000"},{"name":"EBITDA","year":"2020","value":"3894276000"},{"name":"EBITDA","year":"2019","value":"3432000000"},{"name":"EBIT","year":"2023","value":"17119457000"},{"name":"EBIT","year":"2022","value":"13127792000"},{"name":"EBIT","year":"2021","value":"9148422000"},{"name":"EBIT","year":"2020","value":"3395529000"},{"name":"EBIT","year":"2019","value":"2997000000"},{"name":"Процентные доходы","year":"2023","value":"114443000"},{"name":"Процентные доходы","year":"2022","value":"87749000"},{"name":"Процентные доходы","year":"2021","value":"38513000"},{"name":"Процентные доходы","year":"2020","value":"12130000"},{"name":"Процентные доходы","year":"2019","value":"30456000"},{"name":"Процентные расходы","year":"2023","value":"1275934000"},{"name":"Процентные расходы","year":"2022","value":"959332000"},{"name":"Процентные расходы","year":"2021","value":"590160000"},{"name":"Процентные расходы","year":"2020","value":"258845000"},{"name":"Процентные расходы","year":"2019","value":"285928000"},{"name":"Чистые процентные доходы/расходы","year":"2023","value":"-1161491000"},{"name":"Чистые процентные доходы/расходы","year":"2022","value":"-871583000"},{"name":"Чистые процентные доходы/расходы","year":"2021","value":"-551647000"},{"name":"Чистые процентные доходы/расходы","year":"2020","value":"-246715000"},{"name":"Чистые процентные доходы/расходы","year":"2019","value":"-255472000"},{"name":"Расходы на персонал","year":"2023","value":"854744000"},{"name":"Расходы на персонал","year":"2022","value":"493902000"},{"name":"Расходы на персонал","year":"2021","value":"336358000"},{"name":"Расходы на персонал","year":"2020","value":"698950000"},{"name":"Расходы на персонал","year":"2019","value":"653661000"},{"name":"Прибыль до налогов","year":"2023","value":"15957966000"},{"name":"Прибыль до налогов","year":"2022","value":"12256209000"},{"name":"Прибыль до налогов","year":"2021","value":"8596775000"},{"name":"Прибыль до налогов","year":"2020","value":"3148814000"},{"name":"Прибыль до налогов","year":"2019","value":"3284574000"},{"name":"Чистая прибыль","year":"2023","value":"15471194000"},{"name":"Чистая прибыль","year":"2022","value":"11927393000"},{"name":"Чистая прибыль","year":"2021","value":"8493303000"},{"name":"Чистая прибыль","year":"2020","value":"3112629000"},{"name":"Чистая прибыль","year":"2019","value":"3257979000"},{"name":"Капитал на акционеров","year":"2023","value":"39701507000"},{"name":"Капитал на акционеров","year":"2022","value":"27274467000"},{"name":"Капитал на акционеров","year":"2021","value":"18707238000"},{"name":"Капитал на акционеров","year":"2020","value":"11786017000"},{"name":"Капитал на акционеров","year":"2019","value":"9064661000"},{"name":"Активы","year":"2023","value":"56785756000"},{"name":"Активы","year":"2022","value":"42672836000"},{"name":"Активы","year":"2021","value":"28887182000"},{"name":"Активы","year":"2020","value":"19875039000"},{"name":"Активы","year":"2019","value":"14035540000"},{"name":"CA Оборотные активы","year":"2023","value":"40750675000"},{"name":"CA Оборотные активы","year":"2022","value":"30537820000"},{"name":"CA Оборотные активы","year":"2021","value":"19018477000"},{"name":"CA Оборотные активы","year":"2020","value":"12552536000"},{"name":"CA Оборотные активы","year":"2019","value":"8459729000"},{"name":"Денежные средства и их эквиваленты","year":"2023","value":"885348000"},{"name":"Денежные средства и их эквиваленты","year":"2022","value":"339130000"},{"name":"Денежные средства и их эквиваленты","year":"2021","value":"298730000"},{"name":"Денежные средства и их эквиваленты","year":"2020","value":"627884000"},{"name":"Денежные средства и их эквиваленты","year":"2019","value":"84981000"},{"name":"Обязательства","year":"2023","value":"17084249000"},{"name":"Обязательства","year":"2022","value":"15398369000"},{"name":"Обязательства","year":"2021","value":"10179944000"},{"name":"Обязательства","year":"2020","value":"8089022000"},{"name":"Обязательства","year":"2019","value":"4970879000"},{"name":"Собственный капитал","year":"2023","value":"39701507000"},{"name":"Собственный капитал","year":"2022","value":"27274467000"},{"name":"Собственный капитал","year":"2021","value":"18707238000"},{"name":"Собственный капитал","year":"2020","value":"11786017000"},{"name":"Собственный капитал","year":"2019","value":"9064661000"},{"name":"Капитал на акционеров","year":"2023","value":"15471194000"},{"name":"Капитал на акционеров","year":"2022","value":"11927393000"},{"name":"Капитал на акционеров","year":"2021","value":"8493303000"},{"name":"Капитал на акционеров","year":"2020","value":"3112629000"},{"name":"Капитал на акционеров","year":"2019","value":"3257979000"},{"name":"Внеоборотные активы","year":"2023","value":"16035081000"},{"name":"Внеоборотные активы","year":"2022","value":"12135016000"},{"name":"Внеоборотные активы","year":"2021","value":"9868705000"},{"name":"Внеоборотные активы","year":"2020","value":"7322503000"},{"name":"Внеоборотные активы","year":"2019","value":"5575811000"},{"name":"Собственный капитал","year":"2023","value":"834.501"},{"name":"Собственный капитал","year":"2022","value":"712.9165"},{"name":"Собственный капитал","year":"2021","value":"705.0622"},{"name":"Собственный капитал","year":"2020","value":"309.8449"},{"name":"Собственный капитал","year":"2019","value":"356.1372"},{"name":"CFO операционные денежные потоки","year":"2023","value":"8646695000"},{"name":"CFO операционные денежные потоки","year":"2022","value":"2890908000"},{"name":"CFO операционные денежные потоки","year":"2021","value":"3365481000"},{"name":"CFO операционные денежные потоки","year":"2020","value":"503857000"},{"name":"CFO операционные денежные потоки","year":"2019","value":"2469229000"},{"name":"FCF на акцию","year":"2023","value":"4016490000"},{"name":"FCF на акцию","year":"2022","value":"-630466000"},{"name":"FCF на акцию","year":"2021","value":"161760000"},{"name":"FCF на акцию","year":"2020","value":"-1336157000"},{"name":"FCF на акцию","year":"2019","value":"-67665000"},{"name":"Инвестиционный денежный поток","year":"2023","value":"-5233392000"},{"name":"Инвестиционный денежный поток","year":"2022","value":"-4607145000"},{"name":"Инвестиционный денежный поток","year":"2021","value":"-3587362000"},{"name":"Инвестиционный денежный поток","year":"2020","value":"-1851022000"},{"name":"Инвестиционный денежный поток","year":"2019","value":"-2538450000"},{"name":"CFF Денежный поток от финансовой деятельности","year":"2023","value":"-3029556000"},{"name":"CFF Денежный поток от финансовой деятельности","year":"2022","value":"1901118000"},{"name":"CFF Денежный поток от финансовой деятельности","year":"2021","value":"-54366000"},{"name":"CFF Денежный поток от финансовой деятельности","year":"2020","value":"1810020000"},{"name":"CFF Денежный поток от финансовой деятельности","year":"2019","value":"22704000"},{"name":"CB Текущие кредиты","year":"2023","value":"10637931000"},{"name":"CB Текущие кредиты","year":"2022","value":"4945378000"},{"name":"CB Текущие кредиты","year":"2021","value":"3529187000"},{"name":"CB Текущие кредиты","year":"2020","value":"5174041000"},{"name":"CB Текущие кредиты","year":"2019","value":"2190389000"},{"name":"Общий долг","year":"2023","value":"13600000000"},{"name":"Общий долг","year":"2022","value":"13400000000"},{"name":"Общий долг","year":"2021","value":"8007401000"},{"name":"Общий долг","year":"2020","value":"6094489000"},{"name":"Общий долг","year":"2019","value":"4039000000"},{"name":"Текущие обязательства","year":"2023","value":"12910213000"},{"name":"Текущие обязательства","year":"2022","value":"6314883000"},{"name":"Текущие обязательства","year":"2021","value":"5182290000"},{"name":"Текущие обязательства","year":"2020","value":"6356691000"},{"name":"Текущие обязательства","year":"2019","value":"2897705000"},{"name":"CL Текущая аренда","year":"2023","value":"50047000"},{"name":"CL Текущая аренда","year":"2022","value":"48437000"},{"name":"CL Текущая аренда","year":"2021","value":"29891000"},{"name":"CL Текущая аренда","year":"2020","value":"32181000"},{"name":"Долгосрочная аренда","year":"2023","value":"216490000"},{"name":"Долгосрочная аренда","year":"2022","value":"256226000"},{"name":"Долгосрочная аренда","year":"2021","value":"101821000"},{"name":"Долгосрочная аренда","year":"2020","value":"75035000"},{"name":"Долгосрочные кредиты","year":"2023","value":"3844719000"},{"name":"Долгосрочные кредиты","year":"2022","value":"8778256000"},{"name":"Долгосрочные кредиты","year":"2021","value":"4776944000"},{"name":"Долгосрочные кредиты","year":"2020","value":"1548332000"},{"name":"Долгосрочные кредиты","year":"2019","value":"1933576000"},{"name":"Долгосрочные обязательства","year":"2023","value":"4174036000"},{"name":"Долгосрочные обязательства","year":"2022","value":"9083486000"},{"name":"Долгосрочные обязательства","year":"2021","value":"4997654000"},{"name":"Долгосрочные обязательства","year":"2020","value":"1732331000"},{"name":"Долгосрочные обязательства","year":"2019","value":"2073174000"},{"name":"Чистый долг","year":"2023","value":"14482650000"},{"name":"Чистый долг","year":"2022","value":"13723634000"},{"name":"Чистый долг","year":"2021","value":"8306131000"},{"name":"Чистый долг","year":"2020","value":"6722373000"},{"name":"Чистый долг","year":"2019","value":"4123965000"}]