[
  {
    "name": "number_of_stores",
    "year": "2020",
    "value": 645.0
  },
  {
    "name": "number_of_stores",
    "year": "2021",
    "value": 1001.0
  },
  {
    "name": "number_of_stores",
    "year": "2022",
    "value": 1351.0
  },
  {
    "name": "number_of_stores",
    "year": "2023",
    "value": 1657.0
  },
  {
    "name": "number_of_stores",
    "year": "LTM",
    "value": null
  },
  {
    "name": "revenue",
    "year": "2013",
    "value": 26.378
  },
  {
    "name": "revenue",
    "year": "2014",
    "value": 28.163
  },
  {
    "name": "revenue",
    "year": "2015",
    "value": 30.706
  },
  {
    "name": "revenue",
    "year": "2016",
    "value": 35.903
  },
  {
    "name": "revenue",
    "year": "2017",
    "value": 37.303
  },
  {
    "name": "revenue",
    "year": "2018",
    "value": 43.411
  },
  {
    "name": "revenue",
    "year": "2019",
    "value": 51.3
  },
  {
    "name": "revenue",
    "year": "2020",
    "value": 63.3
  },
  {
    "name": "revenue",
    "year": "2021",
    "value": 74.94
  },
  {
    "name": "revenue",
    "year": "2022",
    "value": 97.316
  },
  {
    "name": "revenue",
    "year": "2023",
    "value": 116.9
  },
  {
    "name": "revenue",
    "year": "LTM",
    "value": 116.9
  },
  {
    "name": "operating_income",
    "year": "2016",
    "value": 2.486
  },
  {
    "name": "operating_income",
    "year": "2017",
    "value": 2.848
  },
  {
    "name": "operating_income",
    "year": "2018",
    "value": 3.273
  },
  {
    "name": "operating_income",
    "year": "2019",
    "value": 4.392
  },
  {
    "name": "operating_income",
    "year": "2020",
    "value": 6.842
  },
  {
    "name": "operating_income",
    "year": "2021",
    "value": 7.742
  },
  {
    "name": "operating_income",
    "year": "2022",
    "value": 13.055
  },
  {
    "name": "operating_income",
    "year": "2023",
    "value": 13.93
  },
  {
    "name": "operating_income",
    "year": "LTM",
    "value": 13.93
  },
  {
    "name": "ebitda",
    "year": "2013",
    "value": 3.674
  },
  {
    "name": "ebitda",
    "year": "2014",
    "value": 2.973
  },
  {
    "name": "ebitda",
    "year": "2015",
    "value": 2.885
  },
  {
    "name": "ebitda",
    "year": "2016",
    "value": 3.218
  },
  {
    "name": "ebitda",
    "year": "2017",
    "value": 3.625
  },
  {
    "name": "ebitda",
    "year": "2018",
    "value": 4.251
  },
  {
    "name": "ebitda",
    "year": "2019",
    "value": 6.495
  },
  {
    "name": "ebitda",
    "year": "2020",
    "value": 9.2
  },
  {
    "name": "ebitda",
    "year": "2021",
    "value": 10.487
  },
  {
    "name": "ebitda",
    "year": "2022",
    "value": 17.356
  },
  {
    "name": "ebitda",
    "year": "2023",
    "value": 19.28
  },
  {
    "name": "ebitda",
    "year": "LTM",
    "value": 19.28
  },
  {
    "name": "net_income",
    "year": "2013",
    "value": 1.486
  },
  {
    "name": "net_income",
    "year": "2014",
    "value": 1.065
  },
  {
    "name": "net_income",
    "year": "2015",
    "value": 0.21
  },
  {
    "name": "net_income",
    "year": "2016",
    "value": 0.237
  },
  {
    "name": "net_income",
    "year": "2017",
    "value": 0.588
  },
  {
    "name": "net_income",
    "year": "2018",
    "value": 0.919
  },
  {
    "name": "net_income",
    "year": "2019",
    "value": 1.353
  },
  {
    "name": "net_income",
    "year": "2020",
    "value": 2.46
  },
  {
    "name": "net_income",
    "year": "2021",
    "value": 3.824
  },
  {
    "name": "net_income",
    "year": "2022",
    "value": 8.442
  },
  {
    "name": "net_income",
    "year": "2023",
    "value": 8.064
  },
  {
    "name": "net_income",
    "year": "LTM",
    "value": 8.064
  },
  {
    "name": "ocf",
    "year": "2016",
    "value": 0.097
  },
  {
    "name": "ocf",
    "year": "2017",
    "value": -0.471
  },
  {
    "name": "ocf",
    "year": "2018",
    "value": 2.182
  },
  {
    "name": "ocf",
    "year": "2019",
    "value": 1.848
  },
  {
    "name": "ocf",
    "year": "2020",
    "value": 6.114
  },
  {
    "name": "ocf",
    "year": "2021",
    "value": 8.563
  },
  {
    "name": "ocf",
    "year": "2022",
    "value": 6.146
  },
  {
    "name": "ocf",
    "year": "2023",
    "value": 6.74
  },
  {
    "name": "ocf",
    "year": "LTM",
    "value": 6.74
  },
  {
    "name": "capex",
    "year": "2016",
    "value": 0.484
  },
  {
    "name": "capex",
    "year": "2017",
    "value": 0.729
  },
  {
    "name": "capex",
    "year": "2018",
    "value": 2.183
  },
  {
    "name": "capex",
    "year": "2019",
    "value": 2.194
  },
  {
    "name": "capex",
    "year": "2020",
    "value": 2.5
  },
  {
    "name": "capex",
    "year": "2021",
    "value": 3.0
  },
  {
    "name": "capex",
    "year": "2022",
    "value": 3.428
  },
  {
    "name": "capex",
    "year": "2023",
    "value": 2.98
  },
  {
    "name": "capex",
    "year": "LTM",
    "value": 2.98
  },
  {
    "name": "fcf",
    "year": "2016",
    "value": -0.387
  },
  {
    "name": "fcf",
    "year": "2017",
    "value": -1.2
  },
  {
    "name": "fcf",
    "year": "2018",
    "value": 0.0
  },
  {
    "name": "fcf",
    "year": "2019",
    "value": -1.54
  },
  {
    "name": "fcf",
    "year": "2020",
    "value": 2.168
  },
  {
    "name": "fcf",
    "year": "2021",
    "value": 3.84
  },
  {
    "name": "fcf",
    "year": "2022",
    "value": 3.71
  },
  {
    "name": "fcf",
    "year": "2023",
    "value": 1.15
  },
  {
    "name": "fcf",
    "year": "LTM",
    "value": 1.15
  },
  {
    "name": "opex",
    "year": "2016",
    "value": 12.032
  },
  {
    "name": "opex",
    "year": "2017",
    "value": 10.827
  },
  {
    "name": "opex",
    "year": "2018",
    "value": 13.617
  },
  {
    "name": "opex",
    "year": "2019",
    "value": 15.135
  },
  {
    "name": "opex",
    "year": "2020",
    "value": 15.836
  },
  {
    "name": "opex",
    "year": "2021",
    "value": 19.101
  },
  {
    "name": "opex",
    "year": "2022",
    "value": 25.085
  },
  {
    "name": "opex",
    "year": "2023",
    "value": 29.185
  },
  {
    "name": "opex",
    "year": "LTM",
    "value": 29.185
  },
  {
    "name": "cost_of_production",
    "year": "2013",
    "value": 15.098
  },
  {
    "name": "cost_of_production",
    "year": "2014",
    "value": 16.135
  },
  {
    "name": "cost_of_production",
    "year": "2015",
    "value": 18.033
  },
  {
    "name": "cost_of_production",
    "year": "2016",
    "value": 21.385
  },
  {
    "name": "cost_of_production",
    "year": "2017",
    "value": 23.628
  },
  {
    "name": "cost_of_production",
    "year": "2018",
    "value": 26.521
  },
  {
    "name": "cost_of_production",
    "year": "2019",
    "value": 33.547
  },
  {
    "name": "cost_of_production",
    "year": "2020",
    "value": 40.6
  },
  {
    "name": "cost_of_production",
    "year": "2021",
    "value": 48.094
  },
  {
    "name": "cost_of_production",
    "year": "2022",
    "value": 58.902
  },
  {
    "name": "cost_of_production",
    "year": "2023",
    "value": 73.62
  },
  {
    "name": "cost_of_production",
    "year": "LTM",
    "value": 73.62
  },
  {
    "name": "amortization",
    "year": "2022",
    "value": 4.3
  },
  {
    "name": "amortization",
    "year": "2023",
    "value": 5.35
  },
  {
    "name": "amortization",
    "year": "LTM",
    "value": 5.35
  },
  {
    "name": "interest_expenses",
    "year": "2016",
    "value": 2.004
  },
  {
    "name": "interest_expenses",
    "year": "2017",
    "value": 1.849
  },
  {
    "name": "interest_expenses",
    "year": "2018",
    "value": 1.927
  },
  {
    "name": "interest_expenses",
    "year": "2019",
    "value": 2.063
  },
  {
    "name": "interest_expenses",
    "year": "2020",
    "value": 2.38
  },
  {
    "name": "interest_expenses",
    "year": "2021",
    "value": 1.775
  },
  {
    "name": "interest_expenses",
    "year": "2022",
    "value": 2.35
  },
  {
    "name": "interest_expenses",
    "year": "2023",
    "value": 3.61
  },
  {
    "name": "interest_expenses",
    "year": "LTM",
    "value": 3.61
  },
  {
    "name": "assets",
    "year": "2016",
    "value": 37.993
  },
  {
    "name": "assets",
    "year": "2017",
    "value": null
  },
  {
    "name": "assets",
    "year": "2018",
    "value": 48.122
  },
  {
    "name": "assets",
    "year": "2019",
    "value": 57.43
  },
  {
    "name": "assets",
    "year": "2020",
    "value": 63.53
  },
  {
    "name": "assets",
    "year": "2021",
    "value": 78.489
  },
  {
    "name": "assets",
    "year": "2022",
    "value": 93.139
  },
  {
    "name": "assets",
    "year": "2023",
    "value": 42.39
  },
  {
    "name": "assets",
    "year": "LTM",
    "value": 42.39
  },
  {
    "name": "net_assets",
    "year": "2013",
    "value": 17.653
  },
  {
    "name": "net_assets",
    "year": "2014",
    "value": 18.409
  },
  {
    "name": "net_assets",
    "year": "2015",
    "value": 18.572
  },
  {
    "name": "net_assets",
    "year": "2016",
    "value": 18.762
  },
  {
    "name": "net_assets",
    "year": "2017",
    "value": 18.683
  },
  {
    "name": "net_assets",
    "year": "2018",
    "value": 18.167
  },
  {
    "name": "net_assets",
    "year": "2019",
    "value": 18.832
  },
  {
    "name": "net_assets",
    "year": "2020",
    "value": 20.05
  },
  {
    "name": "net_assets",
    "year": "2021",
    "value": 25.782
  },
  {
    "name": "net_assets",
    "year": "2022",
    "value": 25.121
  },
  {
    "name": "net_assets",
    "year": "2023",
    "value": 26.31
  },
  {
    "name": "net_assets",
    "year": "LTM",
    "value": 26.31
  },
  {
    "name": "debt",
    "year": "2013",
    "value": 6.679
  },
  {
    "name": "debt",
    "year": "2014",
    "value": 8.708
  },
  {
    "name": "debt",
    "year": "2015",
    "value": 8.449
  },
  {
    "name": "debt",
    "year": "2016",
    "value": 9.053
  },
  {
    "name": "debt",
    "year": "2017",
    "value": 11.012
  },
  {
    "name": "debt",
    "year": "2018",
    "value": 12.886
  },
  {
    "name": "debt",
    "year": "2019",
    "value": 18.6
  },
  {
    "name": "debt",
    "year": "2020",
    "value": 20.5
  },
  {
    "name": "debt",
    "year": "2021",
    "value": 23.6
  },
  {
    "name": "debt",
    "year": "2022",
    "value": 25.589
  },
  {
    "name": "debt",
    "year": "2023",
    "value": 17.577
  },
  {
    "name": "debt",
    "year": "LTM",
    "value": 17.577
  },
  {
    "name": "cash",
    "year": "2013",
    "value": 0.467
  },
  {
    "name": "cash",
    "year": "2014",
    "value": 0.482
  },
  {
    "name": "cash",
    "year": "2015",
    "value": 1.161
  },
  {
    "name": "cash",
    "year": "2016",
    "value": 1.01
  },
  {
    "name": "cash",
    "year": "2017",
    "value": 0.819
  },
  {
    "name": "cash",
    "year": "2018",
    "value": 1.083
  },
  {
    "name": "cash",
    "year": "2019",
    "value": 1.085
  },
  {
    "name": "cash",
    "year": "2020",
    "value": 4.89
  },
  {
    "name": "cash",
    "year": "2021",
    "value": 9.7
  },
  {
    "name": "cash",
    "year": "2022",
    "value": 13.24
  },
  {
    "name": "cash",
    "year": "2023",
    "value": 3.42
  },
  {
    "name": "cash",
    "year": "LTM",
    "value": 3.42
  },
  {
    "name": "net_debt",
    "year": "2013",
    "value": 6.212
  },
  {
    "name": "net_debt",
    "year": "2014",
    "value": 8.226
  },
  {
    "name": "net_debt",
    "year": "2015",
    "value": 7.288
  },
  {
    "name": "net_debt",
    "year": "2016",
    "value": 8.043
  },
  {
    "name": "net_debt",
    "year": "2017",
    "value": 10.193
  },
  {
    "name": "net_debt",
    "year": "2018",
    "value": 11.803
  },
  {
    "name": "net_debt",
    "year": "2019",
    "value": 17.515
  },
  {
    "name": "net_debt",
    "year": "2020",
    "value": 15.61
  },
  {
    "name": "net_debt",
    "year": "2021",
    "value": 13.9
  },
  {
    "name": "net_debt",
    "year": "2022",
    "value": 12.349
  },
  {
    "name": "net_debt",
    "year": "2023",
    "value": 14.157
  },
  {
    "name": "net_debt",
    "year": "LTM",
    "value": 14.157
  },
  {
    "name": "common_share",
    "year": "2017",
    "value": 645.0
  },
  {
    "name": "common_share",
    "year": "2018",
    "value": 408.0
  },
  {
    "name": "common_share",
    "year": "2019",
    "value": 740.0
  },
  {
    "name": "common_share",
    "year": "2020",
    "value": 1395.0
  },
  {
    "name": "common_share",
    "year": "2021",
    "value": 3352.0
  },
  {
    "name": "common_share",
    "year": "2022",
    "value": 2768.0
  },
  {
    "name": "common_share",
    "year": "2023",
    "value": 5367.0
  },
  {
    "name": "common_share",
    "year": "LTM",
    "value": 630.0
  },
  {
    "name": "number_of_shares",
    "year": "2013",
    "value": 24.954049
  },
  {
    "name": "number_of_shares",
    "year": "2014",
    "value": 24.954049
  },
  {
    "name": "number_of_shares",
    "year": "2015",
    "value": 24.954049
  },
  {
    "name": "number_of_shares",
    "year": "2016",
    "value": 24.954049
  },
  {
    "name": "number_of_shares",
    "year": "2017",
    "value": 24.954049
  },
  {
    "name": "number_of_shares",
    "year": "2018",
    "value": 24.954049
  },
  {
    "name": "number_of_shares",
    "year": "2019",
    "value": 19.4
  },
  {
    "name": "number_of_shares",
    "year": "2020",
    "value": 15.8
  },
  {
    "name": "number_of_shares",
    "year": "2021",
    "value": 15.8
  },
  {
    "name": "number_of_shares",
    "year": "2022",
    "value": 15.8
  },
  {
    "name": "number_of_shares",
    "year": "2023",
    "value": 15.8
  },
  {
    "name": "number_of_shares",
    "year": "LTM",
    "value": 15.8
  },
  {
    "name": "market_cap",
    "year": "2013",
    "value": 0.0
  },
  {
    "name": "market_cap",
    "year": "2014",
    "value": 0.0
  },
  {
    "name": "market_cap",
    "year": "2015",
    "value": 0.0
  },
  {
    "name": "market_cap",
    "year": "2016",
    "value": 0.0
  },
  {
    "name": "market_cap",
    "year": "2017",
    "value": 16.095361605
  },
  {
    "name": "market_cap",
    "year": "2018",
    "value": 10.181251992
  },
  {
    "name": "market_cap",
    "year": "2019",
    "value": 14.356
  },
  {
    "name": "market_cap",
    "year": "2020",
    "value": 22.041
  },
  {
    "name": "market_cap",
    "year": "2021",
    "value": 52.9616
  },
  {
    "name": "market_cap",
    "year": "2022",
    "value": 43.7344
  },
  {
    "name": "market_cap",
    "year": "2023",
    "value": 84.7986
  },
  {
    "name": "market_cap",
    "year": "LTM",
    "value": 9.954
  },
  {
    "name": "ev",
    "year": "2013",
    "value": 6.212
  },
  {
    "name": "ev",
    "year": "2014",
    "value": 8.226
  },
  {
    "name": "ev",
    "year": "2015",
    "value": 7.288
  },
  {
    "name": "ev",
    "year": "2016",
    "value": 8.043
  },
  {
    "name": "ev",
    "year": "2017",
    "value": 26.288361605
  },
  {
    "name": "ev",
    "year": "2018",
    "value": 21.984251992
  },
  {
    "name": "ev",
    "year": "2019",
    "value": 31.871
  },
  {
    "name": "ev",
    "year": "2020",
    "value": 37.651
  },
  {
    "name": "ev",
    "year": "2021",
    "value": 66.8616
  },
  {
    "name": "ev",
    "year": "2022",
    "value": 56.0834
  },
  {
    "name": "ev",
    "year": "2023",
    "value": 98.9556
  },
  {
    "name": "ev",
    "year": "LTM",
    "value": 24.111
  },
  {
    "name": "book_value",
    "year": "2013",
    "value": 10.96
  },
  {
    "name": "book_value",
    "year": "2014",
    "value": 11.409
  },
  {
    "name": "book_value",
    "year": "2015",
    "value": 11.344
  },
  {
    "name": "book_value",
    "year": "2016",
    "value": 10.109
  },
  {
    "name": "book_value",
    "year": "2017",
    "value": 9.841
  },
  {
    "name": "book_value",
    "year": "2018",
    "value": 4.975
  },
  {
    "name": "book_value",
    "year": "2019",
    "value": 5.304
  },
  {
    "name": "book_value",
    "year": "2020",
    "value": 6.45
  },
  {
    "name": "book_value",
    "year": "2021",
    "value": 12.465
  },
  {
    "name": "book_value",
    "year": "2022",
    "value": 14.38
  },
  {
    "name": "book_value",
    "year": "2023",
    "value": 15.89
  },
  {
    "name": "book_value",
    "year": "LTM",
    "value": 15.89
  },
  {
    "name": "eps",
    "year": "2013",
    "value": 59.5494542789
  },
  {
    "name": "eps",
    "year": "2014",
    "value": 42.6784446885
  },
  {
    "name": "eps",
    "year": "2015",
    "value": 8.41546796674
  },
  {
    "name": "eps",
    "year": "2016",
    "value": 9.49745670532
  },
  {
    "name": "eps",
    "year": "2017",
    "value": 23.5633103069
  },
  {
    "name": "eps",
    "year": "2018",
    "value": 36.8276907687
  },
  {
    "name": "eps",
    "year": "2019",
    "value": 69.7422680412
  },
  {
    "name": "eps",
    "year": "2020",
    "value": 155.696202532
  },
  {
    "name": "eps",
    "year": "2021",
    "value": 242.025316456
  },
  {
    "name": "eps",
    "year": "2022",
    "value": 534.303797468
  },
  {
    "name": "eps",
    "year": "2023",
    "value": 510.379746835
  },
  {
    "name": "eps",
    "year": "LTM",
    "value": 510.37974683544303
  },
  {
    "name": "fcf_share",
    "year": "2013",
    "value": 0.0
  },
  {
    "name": "fcf_share",
    "year": "2014",
    "value": 0.0
  },
  {
    "name": "fcf_share",
    "year": "2015",
    "value": 0.0
  },
  {
    "name": "fcf_share",
    "year": "2016",
    "value": -15.508505253
  },
  {
    "name": "fcf_share",
    "year": "2017",
    "value": -48.0883883814
  },
  {
    "name": "fcf_share",
    "year": "2018",
    "value": 0.0
  },
  {
    "name": "fcf_share",
    "year": "2019",
    "value": -79.381443299
  },
  {
    "name": "fcf_share",
    "year": "2020",
    "value": 137.215189873
  },
  {
    "name": "fcf_share",
    "year": "2021",
    "value": 243.037974684
  },
  {
    "name": "fcf_share",
    "year": "2022",
    "value": 234.810126582
  },
  {
    "name": "fcf_share",
    "year": "2023",
    "value": 72.7848101266
  },
  {
    "name": "fcf_share",
    "year": "LTM",
    "value": 72.78481012658227
  },
  {
    "name": "bv_share",
    "year": "2013",
    "value": 439.20728055
  },
  {
    "name": "bv_share",
    "year": "2014",
    "value": 457.200352536
  },
  {
    "name": "bv_share",
    "year": "2015",
    "value": 454.595564832
  },
  {
    "name": "bv_share",
    "year": "2016",
    "value": 405.104598456
  },
  {
    "name": "bv_share",
    "year": "2017",
    "value": 394.364858384
  },
  {
    "name": "bv_share",
    "year": "2018",
    "value": 199.366443498
  },
  {
    "name": "bv_share",
    "year": "2019",
    "value": 273.402061856
  },
  {
    "name": "bv_share",
    "year": "2020",
    "value": 408.227848101
  },
  {
    "name": "bv_share",
    "year": "2021",
    "value": 788.924050633
  },
  {
    "name": "bv_share",
    "year": "2022",
    "value": 910.126582278
  },
  {
    "name": "bv_share",
    "year": "2023",
    "value": 1005.69620253
  },
  {
    "name": "bv_share",
    "year": "LTM",
    "value": 1005.6962025316456
  },
  {
    "name": "ebitda_margin",
    "year": "2013",
    "value": 13.928273561300001
  },
  {
    "name": "ebitda_margin",
    "year": "2014",
    "value": 10.556403792200001
  },
  {
    "name": "ebitda_margin",
    "year": "2015",
    "value": 9.39555787143
  },
  {
    "name": "ebitda_margin",
    "year": "2016",
    "value": 8.96303930034
  },
  {
    "name": "ebitda_margin",
    "year": "2017",
    "value": 9.71771707369
  },
  {
    "name": "ebitda_margin",
    "year": "2018",
    "value": 9.79244891848
  },
  {
    "name": "ebitda_margin",
    "year": "2019",
    "value": 12.6608187135
  },
  {
    "name": "ebitda_margin",
    "year": "2020",
    "value": 14.5339652449
  },
  {
    "name": "ebitda_margin",
    "year": "2021",
    "value": 13.993861756100001
  },
  {
    "name": "ebitda_margin",
    "year": "2022",
    "value": 17.834682888699998
  },
  {
    "name": "ebitda_margin",
    "year": "2023",
    "value": 16.4927288281
  },
  {
    "name": "ebitda_margin",
    "year": "LTM",
    "value": 16.49272882805817
  },
  {
    "name": "net_margin",
    "year": "2013",
    "value": 5.63348244749
  },
  {
    "name": "net_margin",
    "year": "2014",
    "value": 3.7815573625
  },
  {
    "name": "net_margin",
    "year": "2015",
    "value": 0.68390542565
  },
  {
    "name": "net_margin",
    "year": "2016",
    "value": 0.660111968359
  },
  {
    "name": "net_margin",
    "year": "2017",
    "value": 1.5762807280900002
  },
  {
    "name": "net_margin",
    "year": "2018",
    "value": 2.11697496026
  },
  {
    "name": "net_margin",
    "year": "2019",
    "value": 2.63742690058
  },
  {
    "name": "net_margin",
    "year": "2020",
    "value": 3.88625592417
  },
  {
    "name": "net_margin",
    "year": "2021",
    "value": 5.10274886576
  },
  {
    "name": "net_margin",
    "year": "2022",
    "value": 8.674832504420001
  },
  {
    "name": "net_margin",
    "year": "2023",
    "value": 6.89820359281
  },
  {
    "name": "net_margin",
    "year": "LTM",
    "value": 6.8982035928143715
  },
  {
    "name": "fcf_yield",
    "year": "2017",
    "value": -7.45556409014
  },
  {
    "name": "fcf_yield",
    "year": "2018",
    "value": 0.0
  },
  {
    "name": "fcf_yield",
    "year": "2019",
    "value": -10.7272220674
  },
  {
    "name": "fcf_yield",
    "year": "2020",
    "value": 9.83621432784
  },
  {
    "name": "fcf_yield",
    "year": "2021",
    "value": 7.25053623758
  },
  {
    "name": "fcf_yield",
    "year": "2022",
    "value": 8.483024804269998
  },
  {
    "name": "fcf_yield",
    "year": "2023",
    "value": 1.3561544648100001
  },
  {
    "name": "fcf_yield",
    "year": "LTM",
    "value": 11.553144464536869
  },
  {
    "name": "roe",
    "year": "2013",
    "value": 8.417832662999999
  },
  {
    "name": "roe",
    "year": "2014",
    "value": 5.78521375414
  },
  {
    "name": "roe",
    "year": "2015",
    "value": 1.13073443894
  },
  {
    "name": "roe",
    "year": "2016",
    "value": 1.2631915574
  },
  {
    "name": "roe",
    "year": "2017",
    "value": 3.1472461596100003
  },
  {
    "name": "roe",
    "year": "2018",
    "value": 5.05862277756
  },
  {
    "name": "roe",
    "year": "2019",
    "value": 7.184579439249999
  },
  {
    "name": "roe",
    "year": "2020",
    "value": 12.2693266833
  },
  {
    "name": "roe",
    "year": "2021",
    "value": 14.8320533706
  },
  {
    "name": "roe",
    "year": "2022",
    "value": 33.6053501055
  },
  {
    "name": "roe",
    "year": "2023",
    "value": 30.6499429875
  },
  {
    "name": "roe",
    "year": "LTM",
    "value": 30.64994298745724
  },
  {
    "name": "roa",
    "year": "2016",
    "value": 0.6237991208910001
  },
  {
    "name": "roa",
    "year": "2017",
    "value": null
  },
  {
    "name": "roa",
    "year": "2018",
    "value": 1.9097294376800003
  },
  {
    "name": "roa",
    "year": "2019",
    "value": 2.35591154449
  },
  {
    "name": "roa",
    "year": "2020",
    "value": 3.87218636864
  },
  {
    "name": "roa",
    "year": "2021",
    "value": 4.8720202831
  },
  {
    "name": "roa",
    "year": "2022",
    "value": 9.06387227692
  },
  {
    "name": "roa",
    "year": "2023",
    "value": 19.023354564799998
  },
  {
    "name": "roa",
    "year": "LTM",
    "value": 19.02335456475584
  },
  {
    "name": "p_e",
    "year": "2013",
    "value": 0.0
  },
  {
    "name": "p_e",
    "year": "2014",
    "value": 0.0
  },
  {
    "name": "p_e",
    "year": "2015",
    "value": 0.0
  },
  {
    "name": "p_e",
    "year": "2016",
    "value": 0.0
  },
  {
    "name": "p_e",
    "year": "2017",
    "value": 27.3730639541
  },
  {
    "name": "p_e",
    "year": "2018",
    "value": 11.0786202307
  },
  {
    "name": "p_e",
    "year": "2019",
    "value": 10.6104951959
  },
  {
    "name": "p_e",
    "year": "2020",
    "value": 8.95975609756
  },
  {
    "name": "p_e",
    "year": "2021",
    "value": 13.849790795
  },
  {
    "name": "p_e",
    "year": "2022",
    "value": 5.18057332386
  },
  {
    "name": "p_e",
    "year": "2023",
    "value": 10.5156994048
  },
  {
    "name": "p_e",
    "year": "LTM",
    "value": 1.234375
  },
  {
    "name": "p_s",
    "year": "2013",
    "value": 0.0
  },
  {
    "name": "p_s",
    "year": "2014",
    "value": 0.0
  },
  {
    "name": "p_s",
    "year": "2015",
    "value": 0.0
  },
  {
    "name": "p_s",
    "year": "2016",
    "value": 0.0
  },
  {
    "name": "p_s",
    "year": "2017",
    "value": 0.431476331796
  },
  {
    "name": "p_s",
    "year": "2018",
    "value": 0.234531616226
  },
  {
    "name": "p_s",
    "year": "2019",
    "value": 0.279844054581
  },
  {
    "name": "p_s",
    "year": "2020",
    "value": 0.348199052133
  },
  {
    "name": "p_s",
    "year": "2021",
    "value": 0.706720042701
  },
  {
    "name": "p_s",
    "year": "2022",
    "value": 0.449406058613
  },
  {
    "name": "p_s",
    "year": "2023",
    "value": 0.725394354149
  },
  {
    "name": "p_s",
    "year": "LTM",
    "value": 0.08514970059880239
  },
  {
    "name": "p_bv",
    "year": "2013",
    "value": 0.0
  },
  {
    "name": "p_bv",
    "year": "2014",
    "value": 0.0
  },
  {
    "name": "p_bv",
    "year": "2015",
    "value": 0.0
  },
  {
    "name": "p_bv",
    "year": "2016",
    "value": 0.0
  },
  {
    "name": "p_bv",
    "year": "2017",
    "value": 1.63554126664
  },
  {
    "name": "p_bv",
    "year": "2018",
    "value": 2.04648281246
  },
  {
    "name": "p_bv",
    "year": "2019",
    "value": 2.70663650075
  },
  {
    "name": "p_bv",
    "year": "2020",
    "value": 3.41720930233
  },
  {
    "name": "p_bv",
    "year": "2021",
    "value": 4.24882470919
  },
  {
    "name": "p_bv",
    "year": "2022",
    "value": 3.04133518776
  },
  {
    "name": "p_bv",
    "year": "2023",
    "value": 5.33660163625
  },
  {
    "name": "p_bv",
    "year": "LTM",
    "value": 0.626431718061674
  },
  {
    "name": "ev_ebitda",
    "year": "2013",
    "value": 1.69080021775
  },
  {
    "name": "ev_ebitda",
    "year": "2014",
    "value": 2.76690211907
  },
  {
    "name": "ev_ebitda",
    "year": "2015",
    "value": 2.52616984402
  },
  {
    "name": "ev_ebitda",
    "year": "2016",
    "value": 2.49937849596
  },
  {
    "name": "ev_ebitda",
    "year": "2017",
    "value": 7.25196182207
  },
  {
    "name": "ev_ebitda",
    "year": "2018",
    "value": 5.17154833968
  },
  {
    "name": "ev_ebitda",
    "year": "2019",
    "value": 4.90700538876
  },
  {
    "name": "ev_ebitda",
    "year": "2020",
    "value": 4.0925
  },
  {
    "name": "ev_ebitda",
    "year": "2021",
    "value": 6.37566510918
  },
  {
    "name": "ev_ebitda",
    "year": "2022",
    "value": 3.23135515096
  },
  {
    "name": "ev_ebitda",
    "year": "2023",
    "value": 5.13255186722
  },
  {
    "name": "ev_ebitda",
    "year": "LTM",
    "value": 1.2505705394190871
  },
  {
    "name": "debt_ebitda",
    "year": "2013",
    "value": 1.69080021775
  },
  {
    "name": "debt_ebitda",
    "year": "2014",
    "value": 2.76690211907
  },
  {
    "name": "debt_ebitda",
    "year": "2015",
    "value": 2.52616984402
  },
  {
    "name": "debt_ebitda",
    "year": "2016",
    "value": 2.49937849596
  },
  {
    "name": "debt_ebitda",
    "year": "2017",
    "value": 2.81186206897
  },
  {
    "name": "debt_ebitda",
    "year": "2018",
    "value": 2.77652317102
  },
  {
    "name": "debt_ebitda",
    "year": "2019",
    "value": 2.69668976135
  },
  {
    "name": "debt_ebitda",
    "year": "2020",
    "value": 1.69673913043
  },
  {
    "name": "debt_ebitda",
    "year": "2021",
    "value": 1.32545055783
  },
  {
    "name": "debt_ebitda",
    "year": "2022",
    "value": 0.711511869094
  },
  {
    "name": "debt_ebitda",
    "year": "2023",
    "value": 0.734284232365
  },
  {
    "name": "debt_ebitda",
    "year": "LTM",
    "value": 0.7342842323651452
  },
  {
    "name": "employees",
    "year": "2020",
    "value": 10000.0
  },
  {
    "name": "employees",
    "year": "LTM",
    "value": null
  },
  {
    "name": "labour_productivity",
    "year": "2020",
    "value": 6.33
  },
  {
    "name": "labour_productivity",
    "year": "LTM",
    "value": null
  },
  {
    "name": "expenses_per_employee",
    "year": "2020",
    "value": 836.0
  },
  {
    "name": "expenses_per_employee",
    "year": "LTM",
    "value": null
  },
  {
    "name": "r_and_d_capex",
    "year": "2016",
    "value": 0.0
  },
  {
    "name": "r_and_d_capex",
    "year": "2017",
    "value": 0.0
  },
  {
    "name": "r_and_d_capex",
    "year": "2018",
    "value": 0.0
  },
  {
    "name": "r_and_d_capex",
    "year": "2019",
    "value": 0.0
  },
  {
    "name": "r_and_d_capex",
    "year": "2020",
    "value": 0.0
  },
  {
    "name": "r_and_d_capex",
    "year": "2021",
    "value": 0.0
  },
  {
    "name": "r_and_d_capex",
    "year": "2022",
    "value": 0.0
  },
  {
    "name": "r_and_d_capex",
    "year": "2023",
    "value": 0.0
  },
  {
    "name": "r_and_d_capex",
    "year": "LTM",
    "value": 0.0
  },
  {
    "name": "capex_revenue",
    "year": "2013",
    "value": 0.0
  },
  {
    "name": "capex_revenue",
    "year": "2014",
    "value": 0.0
  },
  {
    "name": "capex_revenue",
    "year": "2015",
    "value": 0.0
  },
  {
    "name": "capex_revenue",
    "year": "2016",
    "value": 1.34807676239
  },
  {
    "name": "capex_revenue",
    "year": "2017",
    "value": 1.95426641289
  },
  {
    "name": "capex_revenue",
    "year": "2018",
    "value": 5.0286793669800005
  },
  {
    "name": "capex_revenue",
    "year": "2019",
    "value": 4.276803118909999
  },
  {
    "name": "capex_revenue",
    "year": "2020",
    "value": 3.9494470774100003
  },
  {
    "name": "capex_revenue",
    "year": "2021",
    "value": 4.003202562049999
  },
  {
    "name": "capex_revenue",
    "year": "2022",
    "value": 3.52254511077
  },
  {
    "name": "capex_revenue",
    "year": "2023",
    "value": 2.54918733961
  },
  {
    "name": "capex_revenue",
    "year": "LTM",
    "value": 2.549187339606501
  }
]