[{"name":"date","year":"2020Q4","value":"23.03.2021"},{"name":"date","year":"2021Q4","value":"10.04.2023"},{"name":"date","year":"2022Q1","value":"16.05.2023"},{"name":"date","year":"2022Q4","value":"10.04.2023"},{"name":"date","year":"2023Q1","value":"16.05.2023"},{"name":"date","year":"LTM\n?","value":"16.05.2023"},{"name":"currency","year":"2020Q4","value":"RUB"},{"name":"currency","year":"2021Q4","value":"RUB"},{"name":"currency","year":"2022Q1","value":"RUB"},{"name":"currency","year":"2022Q4","value":"RUB"},{"name":"currency","year":"2023Q1","value":"RUB"},{"name":"currency","year":"LTM\n?","value":"RUB"},{"name":"report_url","year":"2020Q4","value":"https://e-disclosure.ru/portal/FileLoad.ashx?Fileid=1685213"},{"name":"report_url","year":"2021Q4","value":""},{"name":"report_url","year":"2022Q1","value":""},{"name":"report_url","year":"2022Q4","value":"https://www.e-disclosure.ru/portal/FileLoad.ashx?Fileid=1787185"},{"name":"report_url","year":"2023Q1","value":"https://www.e-disclosure.ru/portal/FileLoad.ashx?Fileid=1792950"},{"name":"report_url","year":"LTM\n?","value":"https://www.e-disclosure.ru/portal/FileLoad.ashx?Fileid=1792950"},{"name":"net_operating_income","year":"2020Q4","value":""},{"name":"net_operating_income","year":"2021Q4","value":""},{"name":"net_operating_income","year":"2022Q1","value":""},{"name":"net_operating_income","year":"2022Q4","value":""},{"name":"net_operating_income","year":"2023Q1","value":"0.893"},{"name":"net_operating_income","year":"LTM\n?","value":"0.893"},{"name":"commission_income","year":"2020Q4","value":""},{"name":"commission_income","year":"2021Q4","value":""},{"name":"commission_income","year":"2022Q1","value":""},{"name":"commission_income","year":"2022Q4","value":""},{"name":"commission_income","year":"2023Q1","value":"1.33"},{"name":"commission_income","year":"LTM\n?","value":"1.33"},{"name":"net_income","year":"2020Q4","value":""},{"name":"net_income","year":"2021Q4","value":""},{"name":"net_income","year":"2022Q1","value":""},{"name":"net_income","year":"2022Q4","value":""},{"name":"net_income","year":"2023Q1","value":"2.42"},{"name":"net_income","year":"LTM\n?","value":"2.42"},{"name":"dividend_payout","year":"2020Q4","value":"1.50"},{"name":"dividend_payout","year":"2021Q4","value":""},{"name":"dividend_payout","year":"2022Q1","value":""},{"name":"dividend_payout","year":"2022Q4","value":"2.10"},{"name":"dividend_payout","year":"2023Q1","value":""},{"name":"dividend_payout","year":"LTM\n?","value":"2.10"},{"name":"dividend","year":"2020Q4","value":"18.59"},{"name":"dividend","year":"2021Q4","value":""},{"name":"dividend","year":"2022Q1","value":""},{"name":"dividend","year":"2022Q4","value":"26.02"},{"name":"dividend","year":"2023Q1","value":""},{"name":"dividend","year":"LTM\n?","value":"26.02"},{"name":"div_yield","year":"2020Q4","value":"1.8%"},{"name":"div_yield","year":"2021Q4","value":"0.0%"},{"name":"div_yield","year":"2022Q1","value":"0.0%"},{"name":"div_yield","year":"2022Q4","value":"2.5%"},{"name":"div_yield","year":"2023Q1","value":"0.0%"},{"name":"div_yield","year":"LTM\n?","value":"3.5%"},{"name":"div_payout_ratio","year":"2020Q4","value":""},{"name":"div_payout_ratio","year":"2021Q4","value":""},{"name":"div_payout_ratio","year":"2022Q1","value":""},{"name":"div_payout_ratio","year":"2022Q4","value":""},{"name":"div_payout_ratio","year":"2023Q1","value":"0%"},{"name":"div_payout_ratio","year":"LTM\n?","value":"87%"},{"name":"cash","year":"2020Q4","value":"6.10"},{"name":"cash","year":"2021Q4","value":"5.67"},{"name":"cash","year":"2022Q1","value":""},{"name":"cash","year":"2022Q4","value":"10.9"},{"name":"cash","year":"2023Q1","value":"12.3"},{"name":"cash","year":"LTM\n?","value":"12.3"},{"name":"net_debt","year":"2020Q4","value":"-6.10"},{"name":"net_debt","year":"2021Q4","value":"-5.67"},{"name":"net_debt","year":"2022Q1","value":"0.00"},{"name":"net_debt","year":"2022Q4","value":"-10.9"},{"name":"net_debt","year":"2023Q1","value":"-12.3"},{"name":"net_debt","year":"LTM\n?","value":"-12.3"},{"name":"bank_assets","year":"2020Q4","value":"132.0"},{"name":"bank_assets","year":"2021Q4","value":"134.0"},{"name":"bank_assets","year":"2022Q1","value":""},{"name":"bank_assets","year":"2022Q4","value":"136.0"},{"name":"bank_assets","year":"2023Q1","value":"141.6"},{"name":"bank_assets","year":"LTM\n?","value":"141.6"},{"name":"capital","year":"2020Q4","value":"25.0"},{"name":"capital","year":"2021Q4","value":"24.0"},{"name":"capital","year":"2022Q1","value":""},{"name":"capital","year":"2022Q4","value":"26.2"},{"name":"capital","year":"2023Q1","value":"25.5"},{"name":"capital","year":"LTM\n?","value":"25.5"},{"name":"loan_portfolio","year":"2020Q4","value":"58.0"},{"name":"loan_portfolio","year":"2021Q4","value":"65.9"},{"name":"loan_portfolio","year":"2022Q1","value":""},{"name":"loan_portfolio","year":"2022Q4","value":"74.2"},{"name":"loan_portfolio","year":"2023Q1","value":"76.9"},{"name":"loan_portfolio","year":"LTM\n?","value":"76.9"},{"name":"deposits","year":"2020Q4","value":"83.0"},{"name":"deposits","year":"2021Q4","value":"104.5"},{"name":"deposits","year":"2022Q1","value":""},{"name":"deposits","year":"2022Q4","value":"105.6"},{"name":"deposits","year":"2023Q1","value":"112.2"},{"name":"deposits","year":"LTM\n?","value":"112.2"},{"name":"loan_to_deposit_ratio","year":"2020Q4","value":"70%"},{"name":"loan_to_deposit_ratio","year":"2021Q4","value":"63%"},{"name":"loan_to_deposit_ratio","year":"2022Q1","value":""},{"name":"loan_to_deposit_ratio","year":"2022Q4","value":"70%"},{"name":"loan_to_deposit_ratio","year":"2023Q1","value":"69%"},{"name":"loan_to_deposit_ratio","year":"LTM\n?","value":"69%"},{"name":"common_share","year":"2020Q4","value":"1 035"},{"name":"common_share","year":"2021Q4","value":"1 025"},{"name":"common_share","year":"2022Q1","value":"875.0"},{"name":"common_share","year":"2022Q4","value":"1 025"},{"name":"common_share","year":"2023Q1","value":"1 135"},{"name":"common_share","year":"LTM\n?","value":"741.0"},{"name":"number_of_shares","year":"2020Q4","value":"80.7"},{"name":"number_of_shares","year":"2021Q4","value":"80.7"},{"name":"number_of_shares","year":"2022Q1","value":"80.7"},{"name":"number_of_shares","year":"2022Q4","value":"80.7"},{"name":"number_of_shares","year":"2023Q1","value":"80.7"},{"name":"number_of_shares","year":"LTM\n?","value":"80.7"},{"name":"market_cap","year":"2020Q4","value":"83.5"},{"name":"market_cap","year":"2021Q4","value":"82.7"},{"name":"market_cap","year":"2022Q1","value":"70.6"},{"name":"market_cap","year":"2022Q4","value":"82.7"},{"name":"market_cap","year":"2023Q1","value":"91.6"},{"name":"market_cap","year":"LTM\n?","value":"59.8"},{"name":"ev","year":"2020Q4","value":"77.4"},{"name":"ev","year":"2021Q4","value":"77.0"},{"name":"ev","year":"2022Q1","value":"70.6"},{"name":"ev","year":"2022Q4","value":"71.8"},{"name":"ev","year":"2023Q1","value":"79.3"},{"name":"ev","year":"LTM\n?","value":"47.5"},{"name":"eps","year":"2020Q4","value":"0.00"},{"name":"eps","year":"2021Q4","value":"0.00"},{"name":"eps","year":"2022Q1","value":"0.00"},{"name":"eps","year":"2022Q4","value":"0.00"},{"name":"eps","year":"2023Q1","value":"30.0"},{"name":"eps","year":"LTM\n?","value":"30.0"},{"name":"fcf_yield","year":"2020Q4","value":"0.0%"},{"name":"fcf_yield","year":"2021Q4","value":"0.0%"},{"name":"fcf_yield","year":"2022Q1","value":"0.0%"},{"name":"fcf_yield","year":"2022Q4","value":"0.0%"},{"name":"fcf_yield","year":"2023Q1","value":"0.0%"},{"name":"fcf_yield","year":"LTM\n?","value":"0"},{"name":"bank_margin","year":"2020Q4","value":""},{"name":"bank_margin","year":"2021Q4","value":""},{"name":"bank_margin","year":"2022Q1","value":""},{"name":"bank_margin","year":"2022Q4","value":""},{"name":"bank_margin","year":"2023Q1","value":"271.0%"},{"name":"bank_margin","year":"LTM\n?","value":"271.0%"},{"name":"p_e","year":"2020Q4","value":""},{"name":"p_e","year":"2021Q4","value":""},{"name":"p_e","year":"2022Q1","value":""},{"name":"p_e","year":"2022Q4","value":""},{"name":"p_e","year":"2023Q1","value":"37.8"},{"name":"p_e","year":"LTM\n?","value":"24.7"},{"name":"p_b","year":"2020Q4","value":"3.34"},{"name":"p_b","year":"2021Q4","value":"3.45"},{"name":"p_b","year":"2022Q1","value":""},{"name":"p_b","year":"2022Q4","value":"3.16"},{"name":"p_b","year":"2023Q1","value":"3.59"},{"name":"p_b","year":"LTM\n?","value":"2.35"}]