[{"name":"date","year":"2023Q1","value":"29.08.2023"},{"name":"date","year":"2023Q2","value":"29.08.2023"},{"name":"date","year":"2023Q3","value":"13.12.2023"},{"name":"date","year":"2023Q4","value":"08.04.2024"},{"name":"date","year":"2024Q1","value":"16.07.2024"},{"name":"date","year":"LTM\n?","value":"16.07.2024"},{"name":"currency","year":"2023Q1","value":"RUB"},{"name":"currency","year":"2023Q2","value":"RUB"},{"name":"currency","year":"2023Q3","value":"RUB"},{"name":"currency","year":"2023Q4","value":"RUB"},{"name":"currency","year":"2024Q1","value":"RUB"},{"name":"currency","year":"LTM\n?","value":"RUB"},{"name":"report_url","year":"2023Q1","value":""},{"name":"report_url","year":"2023Q2","value":"https://www.e-disclosure.ru/portal/FileLoad.ashx?Fileid=1809048"},{"name":"report_url","year":"2023Q3","value":"https://sistema.ru/upload/iblock/0c4/1e84l913s69vo4hiw51kmabf4856lscf/Briefing-Book-3Q-2023-RUS.pdf"},{"name":"report_url","year":"2023Q4","value":"https://sistema.ru/upload/iblock/925/cswk04bk2mij7blsfpnazedtngj4008t/AFK-Sistema-IFRS-Cons-SP-FS-23.pdf"},{"name":"report_url","year":"2024Q1","value":""},{"name":"report_url","year":"LTM\n?","value":""},{"name":"presentation_url","year":"2023Q1","value":"https://sistema.ru/upload/iblock/a76/j1ugemzdfk7ai3jometp4gvllqq6zib6/Presentation-1Q-2023-RUS.pdf"},{"name":"presentation_url","year":"2023Q2","value":"https://sistema.ru/upload/iblock/adf/q7daqy63ifcrtyzc7h4p27fkscx7btil/Presentation-2Q-2023-RUS_FINAL.pdf"},{"name":"presentation_url","year":"2023Q3","value":"https://sistema.ru/upload/iblock/adf/q7daqy63ifcrtyzc7h4p27fkscx7btil/Presentation-2Q-2023-RUS_FINAL.pdf"},{"name":"presentation_url","year":"2023Q4","value":"https://sistema.ru/upload/iblock/1f7/l87pt1dubi3xo7bom3cc85zuuhyvix0l/Presentation-4Q-2023-RUS.pdf"},{"name":"presentation_url","year":"2024Q1","value":""},{"name":"presentation_url","year":"LTM\n?","value":""},{"name":"revenue","year":"2023Q1","value":"221.1"},{"name":"revenue","year":"2023Q2","value":"245.7"},{"name":"revenue","year":"2023Q3","value":"280.8"},{"name":"revenue","year":"2023Q4","value":"298.4"},{"name":"revenue","year":"2024Q1","value":"272.9"},{"name":"revenue","year":"LTM\n?","value":"1 098"},{"name":"operating_income","year":"2023Q1","value":""},{"name":"operating_income","year":"2023Q2","value":"83.1"},{"name":"operating_income","year":"2023Q3","value":""},{"name":"operating_income","year":"2023Q4","value":"33.2"},{"name":"operating_income","year":"2024Q1","value":""},{"name":"operating_income","year":"LTM\n?","value":"116.3"},{"name":"ebitda","year":"2023Q1","value":"82.4"},{"name":"ebitda","year":"2023Q2","value":"75.2"},{"name":"ebitda","year":"2023Q3","value":"74.9"},{"name":"ebitda","year":"2023Q4","value":"31.8"},{"name":"ebitda","year":"2024Q1","value":"69.7"},{"name":"ebitda","year":"LTM\n?","value":"251.6"},{"name":"net_income","year":"2023Q1","value":"16.5"},{"name":"net_income","year":"2023Q2","value":"2.10"},{"name":"net_income","year":"2023Q3","value":"4.30"},{"name":"net_income","year":"2023Q4","value":"-32.0"},{"name":"net_income","year":"2024Q1","value":"1.50"},{"name":"net_income","year":"LTM\n?","value":"-24.1"},{"name":"ocf","year":"2023Q1","value":""},{"name":"ocf","year":"2023Q2","value":"8.90"},{"name":"ocf","year":"2023Q3","value":""},{"name":"ocf","year":"2023Q4","value":"65.2"},{"name":"ocf","year":"2024Q1","value":""},{"name":"ocf","year":"LTM\n?","value":"74.1"},{"name":"capex","year":"2023Q1","value":""},{"name":"capex","year":"2023Q2","value":"55.7"},{"name":"capex","year":"2023Q3","value":"35.8"},{"name":"capex","year":"2023Q4","value":"57.8"},{"name":"capex","year":"2024Q1","value":""},{"name":"capex","year":"LTM\n?","value":"149.3"},{"name":"fcf","year":"2023Q1","value":""},{"name":"fcf","year":"2023Q2","value":"-54.9"},{"name":"fcf","year":"2023Q3","value":""},{"name":"fcf","year":"2023Q4","value":"-44.5"},{"name":"fcf","year":"2024Q1","value":""},{"name":"fcf","year":"LTM\n?","value":"-99.4"},{"name":"dividend_payout","year":"2023Q1","value":""},{"name":"dividend_payout","year":"2023Q2","value":""},{"name":"dividend_payout","year":"2023Q3","value":""},{"name":"dividend_payout","year":"2023Q4","value":"5.02"},{"name":"dividend_payout","year":"2024Q1","value":""},{"name":"dividend_payout","year":"LTM\n?","value":"5.02"},{"name":"dividend","year":"2023Q1","value":""},{"name":"dividend","year":"2023Q2","value":""},{"name":"dividend","year":"2023Q3","value":""},{"name":"dividend","year":"2023Q4","value":"0.52"},{"name":"dividend","year":"2024Q1","value":""},{"name":"dividend","year":"LTM\n?","value":"0.52"},{"name":"div_yield","year":"2023Q1","value":"0.0%"},{"name":"div_yield","year":"2023Q2","value":"0.0%"},{"name":"div_yield","year":"2023Q3","value":"0.0%"},{"name":"div_yield","year":"2023Q4","value":"3.2%"},{"name":"div_yield","year":"2024Q1","value":"0.0%"},{"name":"div_yield","year":"LTM\n?","value":"3.2%"},{"name":"div_payout_ratio","year":"2023Q1","value":"0%"},{"name":"div_payout_ratio","year":"2023Q2","value":"0%"},{"name":"div_payout_ratio","year":"2023Q3","value":"0%"},{"name":"div_payout_ratio","year":"2023Q4","value":"0%"},{"name":"div_payout_ratio","year":"2024Q1","value":"0%"},{"name":"div_payout_ratio","year":"LTM\n?","value":"-21%"},{"name":"opex","year":"2023Q1","value":""},{"name":"opex","year":"2023Q2","value":"177.9"},{"name":"opex","year":"2023Q3","value":""},{"name":"opex","year":"2023Q4","value":"212.8"},{"name":"opex","year":"2024Q1","value":""},{"name":"opex","year":"LTM\n?","value":"390.7"},{"name":"cost_of_production","year":"2023Q1","value":""},{"name":"cost_of_production","year":"2023Q2","value":"233.3"},{"name":"cost_of_production","year":"2023Q3","value":""},{"name":"cost_of_production","year":"2023Q4","value":"310.2"},{"name":"cost_of_production","year":"2024Q1","value":""},{"name":"cost_of_production","year":"LTM\n?","value":"543.5"},{"name":"amortization","year":"2023Q1","value":""},{"name":"amortization","year":"2023Q2","value":"74.5"},{"name":"amortization","year":"2023Q3","value":""},{"name":"amortization","year":"2023Q4","value":"73.5"},{"name":"amortization","year":"2024Q1","value":""},{"name":"amortization","year":"LTM\n?","value":"148.0"},{"name":"interest_expenses","year":"2023Q1","value":""},{"name":"interest_expenses","year":"2023Q2","value":"56.4"},{"name":"interest_expenses","year":"2023Q3","value":""},{"name":"interest_expenses","year":"2023Q4","value":"73.9"},{"name":"interest_expenses","year":"2024Q1","value":""},{"name":"interest_expenses","year":"LTM\n?","value":"130.3"},{"name":"assets","year":"2023Q1","value":""},{"name":"assets","year":"2023Q2","value":"2 167"},{"name":"assets","year":"2023Q3","value":""},{"name":"assets","year":"2023Q4","value":"2 358"},{"name":"assets","year":"2024Q1","value":""},{"name":"assets","year":"LTM\n?","value":""},{"name":"net_assets","year":"2023Q1","value":""},{"name":"net_assets","year":"2023Q2","value":"193.7"},{"name":"net_assets","year":"2023Q3","value":""},{"name":"net_assets","year":"2023Q4","value":"148.6"},{"name":"net_assets","year":"2024Q1","value":""},{"name":"net_assets","year":"LTM\n?","value":""},{"name":"debt","year":"2023Q1","value":""},{"name":"debt","year":"2023Q2","value":"1 064"},{"name":"debt","year":"2023Q3","value":""},{"name":"debt","year":"2023Q4","value":"1 199"},{"name":"debt","year":"2024Q1","value":""},{"name":"debt","year":"LTM\n?","value":""},{"name":"cash","year":"2023Q1","value":""},{"name":"cash","year":"2023Q2","value":"109.4"},{"name":"cash","year":"2023Q3","value":""},{"name":"cash","year":"2023Q4","value":"137.5"},{"name":"cash","year":"2024Q1","value":""},{"name":"cash","year":"LTM\n?","value":""},{"name":"net_debt","year":"2023Q1","value":"0.00"},{"name":"net_debt","year":"2023Q2","value":"954.4"},{"name":"net_debt","year":"2023Q3","value":"0.00"},{"name":"net_debt","year":"2023Q4","value":"1 062"},{"name":"net_debt","year":"2024Q1","value":"0.00"},{"name":"net_debt","year":"LTM\n?","value":"0"},{"name":"common_share","year":"2023Q1","value":"14.6"},{"name":"common_share","year":"2023Q2","value":"17.4"},{"name":"common_share","year":"2023Q3","value":"17.2"},{"name":"common_share","year":"2023Q4","value":"16.0"},{"name":"common_share","year":"2024Q1","value":"22.5"},{"name":"common_share","year":"LTM\n?","value":"16.0"},{"name":"number_of_shares","year":"2023Q1","value":"9 650"},{"name":"number_of_shares","year":"2023Q2","value":"9 650"},{"name":"number_of_shares","year":"2023Q3","value":"9 650"},{"name":"number_of_shares","year":"2023Q4","value":"9 650"},{"name":"number_of_shares","year":"2024Q1","value":"9 650"},{"name":"number_of_shares","year":"LTM\n?","value":"9 650"},{"name":"market_cap","year":"2023Q1","value":"140.5"},{"name":"market_cap","year":"2023Q2","value":"167.7"},{"name":"market_cap","year":"2023Q3","value":"165.6"},{"name":"market_cap","year":"2023Q4","value":"154.6"},{"name":"market_cap","year":"2024Q1","value":"216.7"},{"name":"market_cap","year":"LTM\n?","value":"154.6"},{"name":"ev","year":"2023Q1","value":"140.5"},{"name":"ev","year":"2023Q2","value":"1 122"},{"name":"ev","year":"2023Q3","value":"165.6"},{"name":"ev","year":"2023Q4","value":"1 216"},{"name":"ev","year":"2024Q1","value":"216.7"},{"name":"ev","year":"LTM\n?","value":"154.6"},{"name":"book_value","year":"2023Q1","value":"0.00"},{"name":"book_value","year":"2023Q2","value":"-72.8"},{"name":"book_value","year":"2023Q3","value":"0.00"},{"name":"book_value","year":"2023Q4","value":"-109.9"},{"name":"book_value","year":"2024Q1","value":"0.00"},{"name":"book_value","year":"LTM\n?","value":"0"},{"name":"eps","year":"2023Q1","value":"1.71"},{"name":"eps","year":"2023Q2","value":"0.22"},{"name":"eps","year":"2023Q3","value":"0.45"},{"name":"eps","year":"2023Q4","value":"-3.31"},{"name":"eps","year":"2024Q1","value":"0.16"},{"name":"eps","year":"LTM\n?","value":"-2.49"},{"name":"fcf_share","year":"2023Q1","value":"0.00"},{"name":"fcf_share","year":"2023Q2","value":"-5.69"},{"name":"fcf_share","year":"2023Q3","value":"0.00"},{"name":"fcf_share","year":"2023Q4","value":"-4.61"},{"name":"fcf_share","year":"2024Q1","value":"0.00"},{"name":"fcf_share","year":"LTM\n?","value":"-10.3"},{"name":"bv_share","year":"2023Q1","value":"0.00"},{"name":"bv_share","year":"2023Q2","value":"-7.54"},{"name":"bv_share","year":"2023Q3","value":"0.00"},{"name":"bv_share","year":"2023Q4","value":"-11.4"},{"name":"bv_share","year":"2024Q1","value":"0.00"},{"name":"bv_share","year":"LTM\n?","value":"0"},{"name":"ebitda_margin","year":"2023Q1","value":"37.3%"},{"name":"ebitda_margin","year":"2023Q2","value":"30.6%"},{"name":"ebitda_margin","year":"2023Q3","value":"26.7%"},{"name":"ebitda_margin","year":"2023Q4","value":"10.7%"},{"name":"ebitda_margin","year":"2024Q1","value":"25.5%"},{"name":"ebitda_margin","year":"LTM\n?","value":"22.9%"},{"name":"net_margin","year":"2023Q1","value":"7.5%"},{"name":"net_margin","year":"2023Q2","value":"0.9%"},{"name":"net_margin","year":"2023Q3","value":"1.5%"},{"name":"net_margin","year":"2023Q4","value":"-10.7%"},{"name":"net_margin","year":"2024Q1","value":"0.5%"},{"name":"net_margin","year":"LTM\n?","value":"-2.2%"},{"name":"fcf_yield","year":"2023Q1","value":"-12.6%"},{"name":"fcf_yield","year":"2023Q2","value":"-47.5%"},{"name":"fcf_yield","year":"2023Q3","value":"-48.1%"},{"name":"fcf_yield","year":"2023Q4","value":"-64.3%"},{"name":"fcf_yield","year":"2024Q1","value":"-45.8%"},{"name":"fcf_yield","year":"LTM\n?","value":"-64.3%"},{"name":"roe","year":"2023Q1","value":""},{"name":"roe","year":"2023Q2","value":"30.6%"},{"name":"roe","year":"2023Q3","value":""},{"name":"roe","year":"2023Q4","value":"-6.1%"},{"name":"roe","year":"2024Q1","value":""},{"name":"roe","year":"LTM\n?","value":""},{"name":"roa","year":"2023Q1","value":""},{"name":"roa","year":"2023Q2","value":"2.7%"},{"name":"roa","year":"2023Q3","value":""},{"name":"roa","year":"2023Q4","value":"-0.4%"},{"name":"roa","year":"2024Q1","value":""},{"name":"roa","year":"LTM\n?","value":""},{"name":"p_e","year":"2023Q1","value":"3.02"},{"name":"p_e","year":"2023Q2","value":"2.82"},{"name":"p_e","year":"2023Q3","value":"2.60"},{"name":"p_e","year":"2023Q4","value":"-17.1"},{"name":"p_e","year":"2024Q1","value":"-9.01"},{"name":"p_e","year":"LTM\n?","value":"-6.43"},{"name":"p_fcf","year":"2023Q1","value":""},{"name":"p_fcf","year":"2023Q2","value":"-2.11"},{"name":"p_fcf","year":"2023Q3","value":""},{"name":"p_fcf","year":"2023Q4","value":"-1.56"},{"name":"p_fcf","year":"2024Q1","value":"-2.18"},{"name":"p_fcf","year":"LTM\n?","value":"-1.56"},{"name":"p_s","year":"2023Q1","value":"0.15"},{"name":"p_s","year":"2023Q2","value":"0.17"},{"name":"p_s","year":"2023Q3","value":"0.17"},{"name":"p_s","year":"2023Q4","value":"0.15"},{"name":"p_s","year":"2024Q1","value":"0.20"},{"name":"p_s","year":"LTM\n?","value":"0.14"},{"name":"p_bv","year":"2023Q1","value":""},{"name":"p_bv","year":"2023Q2","value":"-2.30"},{"name":"p_bv","year":"2023Q3","value":""},{"name":"p_bv","year":"2023Q4","value":"-1.41"},{"name":"p_bv","year":"2024Q1","value":""},{"name":"p_bv","year":"LTM\n?","value":""},{"name":"ev_ebitda","year":"2023Q1","value":"0.44"},{"name":"ev_ebitda","year":"2023Q2","value":"3.63"},{"name":"ev_ebitda","year":"2023Q3","value":"0.53"},{"name":"ev_ebitda","year":"2023Q4","value":"4.60"},{"name":"ev_ebitda","year":"2024Q1","value":"0.86"},{"name":"ev_ebitda","year":"LTM\n?","value":"0.61"},{"name":"debt_ebitda","year":"2023Q1","value":"0.00"},{"name":"debt_ebitda","year":"2023Q2","value":"3.09"},{"name":"debt_ebitda","year":"2023Q3","value":"0.00"},{"name":"debt_ebitda","year":"2023Q4","value":"4.02"},{"name":"debt_ebitda","year":"2024Q1","value":"0.00"},{"name":"debt_ebitda","year":"LTM\n?","value":"0"},{"name":"employees","year":"2023Q1","value":""},{"name":"employees","year":"2023Q2","value":""},{"name":"employees","year":"2023Q3","value":""},{"name":"employees","year":"2023Q4","value":"251"},{"name":"employees","year":"2024Q1","value":""},{"name":"employees","year":"LTM\n?","value":""},{"name":"expenses_per_employee","year":"2023Q1","value":""},{"name":"expenses_per_employee","year":"2023Q2","value":""},{"name":"expenses_per_employee","year":"2023Q3","value":""},{"name":"expenses_per_employee","year":"2023Q4","value":"0.00"},{"name":"expenses_per_employee","year":"2024Q1","value":""},{"name":"expenses_per_employee","year":"LTM\n?","value":""},{"name":"r_and_d_capex","year":"2023Q1","value":""},{"name":"r_and_d_capex","year":"2023Q2","value":"0.00%"},{"name":"r_and_d_capex","year":"2023Q3","value":"0.00%"},{"name":"r_and_d_capex","year":"2023Q4","value":"0.00%"},{"name":"r_and_d_capex","year":"2024Q1","value":""},{"name":"r_and_d_capex","year":"LTM\n?","value":"0"},{"name":"capex_revenue","year":"2023Q1","value":"0%"},{"name":"capex_revenue","year":"2023Q2","value":"23%"},{"name":"capex_revenue","year":"2023Q3","value":"13%"},{"name":"capex_revenue","year":"2023Q4","value":"19%"},{"name":"capex_revenue","year":"2024Q1","value":"0%"},{"name":"capex_revenue","year":"LTM\n?","value":"14%"}]