[{"name":"P/E","year":"2023","value":"3.4"},{"name":"P/E","year":"2022","value":"1.59"},{"name":"P/E","year":"2021","value":"0.77"},{"name":"P/E","year":"2020","value":"6.71"},{"name":"P/E","year":"2019","value":"1.61"},{"name":"P/B","year":"2023","value":"0.86"},{"name":"P/B","year":"2022","value":"0.48"},{"name":"P/B","year":"2021","value":"0.44"},{"name":"P/B","year":"2020","value":"0.41"},{"name":"P/B","year":"2019","value":"0.3"},{"name":"P/S","year":"2023","value":"0.71"},{"name":"P/S","year":"2022","value":"0.32"},{"name":"P/S","year":"2021","value":"0.22"},{"name":"P/S","year":"2020","value":"0.15"},{"name":"P/S","year":"2019","value":"0.09"},{"name":"P/CF","year":"2023","value":"4.3"},{"name":"P/CF","year":"2022","value":"1.37"},{"name":"P/CF","year":"2021","value":"1.22"},{"name":"P/CF","year":"2020","value":"1.12"},{"name":"P/CF","year":"2019","value":"0.8"},{"name":"P/FCF","year":"2023","value":"4.8"},{"name":"P/FCF","year":"2022","value":"1.45"},{"name":"P/FCF","year":"2021","value":"1.3"},{"name":"P/FCF","year":"2020","value":"1.28"},{"name":"P/FCF","year":"2019","value":"0.96"},{"name":"EV/S","year":"2023","value":"0.61"},{"name":"EV/S","year":"2022","value":"0.11"},{"name":"EV/S","year":"2021","value":"0.22"},{"name":"EV/S","year":"2020","value":"0.21"},{"name":"EV/S","year":"2019","value":"0.21"},{"name":"EV/EBITDA","year":"2023","value":"2.43"},{"name":"EV/EBITDA","year":"2022","value":"0.43"},{"name":"EV/EBITDA","year":"2021","value":"0.58"},{"name":"EV/EBITDA","year":"2020","value":"2.06"},{"name":"EV/EBITDA","year":"2019","value":"2.47"},{"name":"EV/EBIT","year":"2023","value":"2.63"},{"name":"EV/EBIT","year":"2022","value":"0.47"},{"name":"EV/EBIT","year":"2021","value":"0.6"},{"name":"EV/EBIT","year":"2020","value":"2.95"},{"name":"EV/EBIT","year":"2019","value":"3.85"},{"name":"Коэффициент долга","year":"2023","value":"0.24"},{"name":"Коэффициент долга","year":"2022","value":"0.26"},{"name":"Коэффициент долга","year":"2021","value":"0.35"},{"name":"Коэффициент долга","year":"2020","value":"0.51"},{"name":"Коэффициент долга","year":"2019","value":"0.52"},{"name":"D/E","year":"2023","value":"0.32"},{"name":"D/E","year":"2022","value":"0.35"},{"name":"D/E","year":"2021","value":"0.53"},{"name":"D/E","year":"2020","value":"1.03"},{"name":"D/E","year":"2019","value":"1.07"},{"name":"CAPEX/Выручка","year":"2023","value":"1.72"},{"name":"CAPEX/Выручка","year":"2022","value":"1.37"},{"name":"CAPEX/Выручка","year":"2021","value":"1.21"},{"name":"CAPEX/Выручка","year":"2020","value":"1.62"},{"name":"CAPEX/Выручка","year":"2019","value":"1.91"},{"name":"NetDebt/EBITDA","year":"2023","value":"-0.4"},{"name":"NetDebt/EBITDA","year":"2022","value":"-0.83"},{"name":"NetDebt/EBITDA","year":"2021","value":"-0.01"},{"name":"NetDebt/EBITDA","year":"2020","value":"0.64"},{"name":"NetDebt/EBITDA","year":"2019","value":"1.42"},{"name":"Долг/EBITDA","year":"2023","value":"0.12"},{"name":"Долг/EBITDA","year":"2022","value":"0.13"},{"name":"Долг/EBITDA","year":"2021","value":"0.28"},{"name":"Долг/EBITDA","year":"2020","value":"2.14"},{"name":"Долг/EBITDA","year":"2019","value":"2.28"},{"name":"ROE","year":"2023","value":"25.23"},{"name":"ROE","year":"2022","value":"30.07"},{"name":"ROE","year":"2021","value":"57.23"},{"name":"ROE","year":"2020","value":"6.16"},{"name":"ROE","year":"2019","value":"18.64"},{"name":"ROA","year":"2023","value":"19.14"},{"name":"ROA","year":"2022","value":"22.32"},{"name":"ROA","year":"2021","value":"37.42"},{"name":"ROA","year":"2020","value":"3.03"},{"name":"ROA","year":"2019","value":"9"},{"name":"Return on Sales","year":"2023","value":"23.17"},{"name":"Return on Sales","year":"2022","value":"23.22"},{"name":"Return on Sales","year":"2021","value":"36.59"},{"name":"Return on Sales","year":"2020","value":"7.23"},{"name":"Return on Sales","year":"2019","value":"5.54"},{"name":"ROIC","year":"2023","value":"20.29"},{"name":"ROIC","year":"2022","value":"25.41"},{"name":"ROIC","year":"2021","value":"46.64"},{"name":"ROIC","year":"2020","value":"11.08"},{"name":"ROIC","year":"2019","value":"9.54"},{"name":"ROCE","year":"2023","value":"26.71"},{"name":"ROCE","year":"2022","value":"31.96"},{"name":"ROCE","year":"2021","value":"59.58"},{"name":"ROCE","year":"2020","value":"13.59"},{"name":"ROCE","year":"2019","value":"11.83"},{"name":"Net Margin","year":"2023","value":"20.9"},{"name":"Net Margin","year":"2022","value":"20.21"},{"name":"Net Margin","year":"2021","value":"29.13"},{"name":"Net Margin","year":"2020","value":"2.19"},{"name":"Net Margin","year":"2019","value":"5.65"},{"name":"Операционная маржа","year":"2023","value":"23.17"},{"name":"Операционная маржа","year":"2022","value":"23.22"},{"name":"Операционная маржа","year":"2021","value":"36.59"},{"name":"Операционная маржа","year":"2020","value":"7.23"},{"name":"Операционная маржа","year":"2019","value":"5.54"},{"name":"EBITDA рентабельность","year":"2023","value":"25.15"},{"name":"EBITDA рентабельность","year":"2022","value":"25.42"},{"name":"EBITDA рентабельность","year":"2021","value":"38.07"},{"name":"EBITDA рентабельность","year":"2020","value":"10.36"},{"name":"EBITDA рентабельность","year":"2019","value":"8.65"},{"name":"Тек. ливкидность","year":"2023","value":"3.63"},{"name":"Тек. ливкидность","year":"2022","value":"3.38"},{"name":"Тек. ливкидность","year":"2021","value":"2.75"},{"name":"Тек. ливкидность","year":"2020","value":"2.01"},{"name":"Тек. ливкидность","year":"2019","value":"1.95"},{"name":"Валовая маржа","year":"2023","value":"31.46"},{"name":"Валовая маржа","year":"2022","value":"30.34"},{"name":"Валовая маржа","year":"2021","value":"31.62"},{"name":"Валовая маржа","year":"2020","value":"16.67"},{"name":"Валовая маржа","year":"2019","value":"15.8"}]