{"date":"Дата отчета","currency":"Валюта отчета","report_url":"Финансовый отчет","revenue":"Выручка, млрд руб","net_income":"Чистая прибыль, млрд руб","dividend_payout":"Див.выплата, млрд руб","dividend":"Дивиденд, руб/акцию","div_yield":"Див доход, ао, %","div_payout_ratio":"Дивиденды/прибыль, %","cost_of_production":"Себестоимость, млрд руб","assets":"Активы, млрд руб","net_assets":"Чистые активы, млрд руб","debt":"Долг, млрд руб","cash":"Наличность, млрд руб","net_debt":"Чистый долг, млрд руб","common_share":"Цена акции ао, руб","number_of_shares":"Число акций ао, млн","market_cap":"Капитализация, млрд руб","ev":"EV, млрд руб","book_value":"Баланс стоимость, млрд руб","eps":"EPS, руб","fcf_share":"FCF/акцию, руб","bv_share":"BV/акцию, руб","ebitda_margin":"Рентаб EBITDA, %","net_margin":"Чистая рентаб, %","fcf_yield":"Доходность FCF, %","roe":"ROE, %","roa":"ROA, %","p_e":"P/E","p_s":"P/S","p_bv":"P/BV","capex_revenue":"CAPEX/Выручка, %"}