[
  {
    "name": "revenue",
    "year": "2018",
    "value": 8.23
  },
  {
    "name": "revenue",
    "year": "2019",
    "value": 9.66
  },
  {
    "name": "revenue",
    "year": "2020",
    "value": 16.19
  },
  {
    "name": "revenue",
    "year": "2021",
    "value": 21.61
  },
  {
    "name": "revenue",
    "year": "2022",
    "value": 25.7
  },
  {
    "name": "revenue",
    "year": "2023",
    "value": 32.0
  },
  {
    "name": "revenue",
    "year": "LTM",
    "value": 32.0
  },
  {
    "name": "operating_income",
    "year": "2018",
    "value": 1.88
  },
  {
    "name": "operating_income",
    "year": "2019",
    "value": 2.22
  },
  {
    "name": "operating_income",
    "year": "2020",
    "value": 2.34
  },
  {
    "name": "operating_income",
    "year": "2021",
    "value": 3.8
  },
  {
    "name": "operating_income",
    "year": "2022",
    "value": 3.25
  },
  {
    "name": "operating_income",
    "year": "2023",
    "value": 3.83
  },
  {
    "name": "operating_income",
    "year": "LTM",
    "value": 3.83
  },
  {
    "name": "ebitda",
    "year": "2018",
    "value": 3.36
  },
  {
    "name": "ebitda",
    "year": "2019",
    "value": 3.92
  },
  {
    "name": "ebitda",
    "year": "2020",
    "value": 5.51
  },
  {
    "name": "ebitda",
    "year": "2021",
    "value": 7.35
  },
  {
    "name": "ebitda",
    "year": "2022",
    "value": 7.27
  },
  {
    "name": "ebitda",
    "year": "2023",
    "value": 8.13
  },
  {
    "name": "ebitda",
    "year": "LTM",
    "value": 8.13
  },
  {
    "name": "net_income",
    "year": "2018",
    "value": 1.82
  },
  {
    "name": "net_income",
    "year": "2019",
    "value": 2.28
  },
  {
    "name": "net_income",
    "year": "2020",
    "value": 0.98
  },
  {
    "name": "net_income",
    "year": "2021",
    "value": 2.17
  },
  {
    "name": "net_income",
    "year": "2022",
    "value": 2.51
  },
  {
    "name": "net_income",
    "year": "2023",
    "value": 2.15
  },
  {
    "name": "net_income",
    "year": "LTM",
    "value": 2.15
  },
  {
    "name": "ocf",
    "year": "2018",
    "value": 1.9
  },
  {
    "name": "ocf",
    "year": "2019",
    "value": 3.3
  },
  {
    "name": "ocf",
    "year": "2020",
    "value": 4.14
  },
  {
    "name": "ocf",
    "year": "2021",
    "value": 3.08
  },
  {
    "name": "ocf",
    "year": "2022",
    "value": 3.83
  },
  {
    "name": "ocf",
    "year": "2023",
    "value": 7.91
  },
  {
    "name": "ocf",
    "year": "LTM",
    "value": 7.91
  },
  {
    "name": "capex",
    "year": "2018",
    "value": 1.05
  },
  {
    "name": "capex",
    "year": "2019",
    "value": 0.89
  },
  {
    "name": "capex",
    "year": "2020",
    "value": 1.59
  },
  {
    "name": "capex",
    "year": "2021",
    "value": 3.22
  },
  {
    "name": "capex",
    "year": "2022",
    "value": 2.48
  },
  {
    "name": "capex",
    "year": "2023",
    "value": 3.0
  },
  {
    "name": "capex",
    "year": "LTM",
    "value": 3.0
  },
  {
    "name": "fcf",
    "year": "2018",
    "value": 1.9
  },
  {
    "name": "fcf",
    "year": "2019",
    "value": 2.8
  },
  {
    "name": "fcf",
    "year": "2020",
    "value": 3.24
  },
  {
    "name": "fcf",
    "year": "2021",
    "value": 0.253
  },
  {
    "name": "fcf",
    "year": "2022",
    "value": 1.463
  },
  {
    "name": "fcf",
    "year": "2023",
    "value": 5.85
  },
  {
    "name": "fcf",
    "year": "LTM",
    "value": 5.85
  },
  {
    "name": "opex",
    "year": "2018",
    "value": 6.35
  },
  {
    "name": "opex",
    "year": "2019",
    "value": 7.44
  },
  {
    "name": "opex",
    "year": "2020",
    "value": 13.85
  },
  {
    "name": "opex",
    "year": "2021",
    "value": 17.81
  },
  {
    "name": "opex",
    "year": "2022",
    "value": 22.46
  },
  {
    "name": "opex",
    "year": "2023",
    "value": 28.14
  },
  {
    "name": "opex",
    "year": "LTM",
    "value": 28.14
  },
  {
    "name": "amortization",
    "year": "2021",
    "value": 3.55
  },
  {
    "name": "amortization",
    "year": "2022",
    "value": 4.0
  },
  {
    "name": "amortization",
    "year": "2023",
    "value": 4.3
  },
  {
    "name": "amortization",
    "year": "LTM",
    "value": 4.3
  },
  {
    "name": "employment_expenses",
    "year": "2018",
    "value": 2.2
  },
  {
    "name": "employment_expenses",
    "year": "2019",
    "value": 2.76
  },
  {
    "name": "employment_expenses",
    "year": "2020",
    "value": 3.5
  },
  {
    "name": "employment_expenses",
    "year": "2021",
    "value": 5.23
  },
  {
    "name": "employment_expenses",
    "year": "2022",
    "value": 6.6
  },
  {
    "name": "employment_expenses",
    "year": "2023",
    "value": 7.2
  },
  {
    "name": "employment_expenses",
    "year": "LTM",
    "value": 7.2
  },
  {
    "name": "interest_expenses",
    "year": "2018",
    "value": 0.015
  },
  {
    "name": "interest_expenses",
    "year": "2019",
    "value": 0.066
  },
  {
    "name": "interest_expenses",
    "year": "2020",
    "value": 0.73
  },
  {
    "name": "interest_expenses",
    "year": "2021",
    "value": 0.33
  },
  {
    "name": "interest_expenses",
    "year": "2022",
    "value": 0.23
  },
  {
    "name": "interest_expenses",
    "year": "2023",
    "value": 0.23
  },
  {
    "name": "interest_expenses",
    "year": "LTM",
    "value": 0.23
  },
  {
    "name": "assets",
    "year": "2018",
    "value": 22.731
  },
  {
    "name": "assets",
    "year": "2019",
    "value": 29.51
  },
  {
    "name": "assets",
    "year": "2020",
    "value": 43.09
  },
  {
    "name": "assets",
    "year": "2021",
    "value": 45.72
  },
  {
    "name": "assets",
    "year": "2022",
    "value": 43.4
  },
  {
    "name": "assets",
    "year": "2023",
    "value": 42.1
  },
  {
    "name": "assets",
    "year": "LTM",
    "value": 42.1
  },
  {
    "name": "net_assets",
    "year": "2018",
    "value": 14.87
  },
  {
    "name": "net_assets",
    "year": "2019",
    "value": 15.24
  },
  {
    "name": "net_assets",
    "year": "2020",
    "value": 16.54
  },
  {
    "name": "net_assets",
    "year": "2021",
    "value": 19.38
  },
  {
    "name": "net_assets",
    "year": "2022",
    "value": 22.1
  },
  {
    "name": "net_assets",
    "year": "2023",
    "value": 25.0
  },
  {
    "name": "net_assets",
    "year": "LTM",
    "value": 25.0
  },
  {
    "name": "debt",
    "year": "2018",
    "value": 4.598
  },
  {
    "name": "debt",
    "year": "2019",
    "value": 9.192
  },
  {
    "name": "debt",
    "year": "2020",
    "value": 14.4
  },
  {
    "name": "debt",
    "year": "2021",
    "value": 11.51
  },
  {
    "name": "debt",
    "year": "2022",
    "value": 9.712
  },
  {
    "name": "debt",
    "year": "2023",
    "value": 6.34
  },
  {
    "name": "debt",
    "year": "LTM",
    "value": 6.34
  },
  {
    "name": "cash",
    "year": "2018",
    "value": 0.365
  },
  {
    "name": "cash",
    "year": "2019",
    "value": 0.436
  },
  {
    "name": "cash",
    "year": "2020",
    "value": 2.5
  },
  {
    "name": "cash",
    "year": "2021",
    "value": 0.988
  },
  {
    "name": "cash",
    "year": "2022",
    "value": 1.172
  },
  {
    "name": "cash",
    "year": "2023",
    "value": 0.37
  },
  {
    "name": "cash",
    "year": "LTM",
    "value": 0.37
  },
  {
    "name": "net_debt",
    "year": "2016",
    "value": 0.0
  },
  {
    "name": "net_debt",
    "year": "2017",
    "value": 0.0
  },
  {
    "name": "net_debt",
    "year": "2018",
    "value": 4.233
  },
  {
    "name": "net_debt",
    "year": "2019",
    "value": 8.756
  },
  {
    "name": "net_debt",
    "year": "2020",
    "value": 11.9
  },
  {
    "name": "net_debt",
    "year": "2021",
    "value": 10.522
  },
  {
    "name": "net_debt",
    "year": "2022",
    "value": 8.54
  },
  {
    "name": "net_debt",
    "year": "2023",
    "value": 5.97
  },
  {
    "name": "net_debt",
    "year": "LTM",
    "value": 5.97
  },
  {
    "name": "common_share",
    "year": "2016",
    "value": 4.22
  },
  {
    "name": "common_share",
    "year": "2017",
    "value": 3.8
  },
  {
    "name": "common_share",
    "year": "2018",
    "value": 4.01
  },
  {
    "name": "common_share",
    "year": "2019",
    "value": 6.11
  },
  {
    "name": "common_share",
    "year": "2020",
    "value": 9.46
  },
  {
    "name": "common_share",
    "year": "2021",
    "value": 11.4
  },
  {
    "name": "common_share",
    "year": "2022",
    "value": 9.31
  },
  {
    "name": "common_share",
    "year": "2023",
    "value": 15.0
  },
  {
    "name": "common_share",
    "year": "LTM",
    "value": 15.0
  },
  {
    "name": "number_of_shares",
    "year": "2016",
    "value": 949.02384
  },
  {
    "name": "number_of_shares",
    "year": "2017",
    "value": 949.02384
  },
  {
    "name": "number_of_shares",
    "year": "2018",
    "value": 949.02384
  },
  {
    "name": "number_of_shares",
    "year": "2019",
    "value": 949.02384
  },
  {
    "name": "number_of_shares",
    "year": "2020",
    "value": 949.02384
  },
  {
    "name": "number_of_shares",
    "year": "2021",
    "value": 949.02384
  },
  {
    "name": "number_of_shares",
    "year": "2022",
    "value": 949.02384
  },
  {
    "name": "number_of_shares",
    "year": "2023",
    "value": 949.02384
  },
  {
    "name": "number_of_shares",
    "year": "LTM",
    "value": 949.02384
  },
  {
    "name": "priv_share",
    "year": "2016",
    "value": 4.22
  },
  {
    "name": "priv_share",
    "year": "2017",
    "value": 3.8
  },
  {
    "name": "priv_share",
    "year": "2018",
    "value": 4.01
  },
  {
    "name": "priv_share",
    "year": "2019",
    "value": 6.11
  },
  {
    "name": "priv_share",
    "year": "2020",
    "value": 9.46
  },
  {
    "name": "priv_share",
    "year": "2021",
    "value": 11.4
  },
  {
    "name": "priv_share",
    "year": "2022",
    "value": 9.31
  },
  {
    "name": "priv_share",
    "year": "2023",
    "value": 14.98
  },
  {
    "name": "priv_share",
    "year": "LTM",
    "value": 9.21
  },
  {
    "name": "number_of_priv_shares",
    "year": "2016",
    "value": 36.16527
  },
  {
    "name": "number_of_priv_shares",
    "year": "2017",
    "value": 36.16527
  },
  {
    "name": "number_of_priv_shares",
    "year": "2018",
    "value": 36.16527
  },
  {
    "name": "number_of_priv_shares",
    "year": "2019",
    "value": 36.16527
  },
  {
    "name": "number_of_priv_shares",
    "year": "2020",
    "value": 36.16527
  },
  {
    "name": "number_of_priv_shares",
    "year": "2021",
    "value": 36.16527
  },
  {
    "name": "number_of_priv_shares",
    "year": "2022",
    "value": 36.16527
  },
  {
    "name": "number_of_priv_shares",
    "year": "2023",
    "value": 36.16527
  },
  {
    "name": "number_of_priv_shares",
    "year": "LTM",
    "value": 36.16527
  },
  {
    "name": "market_cap",
    "year": "2016",
    "value": 4.1574980442
  },
  {
    "name": "market_cap",
    "year": "2017",
    "value": 3.743718618
  },
  {
    "name": "market_cap",
    "year": "2018",
    "value": 3.9506083310999998
  },
  {
    "name": "market_cap",
    "year": "2019",
    "value": 6.019505462100001
  },
  {
    "name": "market_cap",
    "year": "2020",
    "value": 9.3198889806
  },
  {
    "name": "market_cap",
    "year": "2021",
    "value": 11.231155854
  },
  {
    "name": "market_cap",
    "year": "2022",
    "value": 9.172110614100001
  },
  {
    "name": "market_cap",
    "year": "2023",
    "value": 14.7771133446
  },
  {
    "name": "market_cap",
    "year": "LTM",
    "value": 14.5684397367
  },
  {
    "name": "ev",
    "year": "2016",
    "value": 4.1574980442
  },
  {
    "name": "ev",
    "year": "2017",
    "value": 3.743718618
  },
  {
    "name": "ev",
    "year": "2018",
    "value": 8.1836083311
  },
  {
    "name": "ev",
    "year": "2019",
    "value": 14.7755054621
  },
  {
    "name": "ev",
    "year": "2020",
    "value": 21.219888980599997
  },
  {
    "name": "ev",
    "year": "2021",
    "value": 21.753155854
  },
  {
    "name": "ev",
    "year": "2022",
    "value": 17.7121106141
  },
  {
    "name": "ev",
    "year": "2023",
    "value": 20.7471133446
  },
  {
    "name": "ev",
    "year": "LTM",
    "value": 20.5384397367
  },
  {
    "name": "book_value",
    "year": "2016",
    "value": 0.0
  },
  {
    "name": "book_value",
    "year": "2017",
    "value": 0.0
  },
  {
    "name": "book_value",
    "year": "2018",
    "value": 10.72
  },
  {
    "name": "book_value",
    "year": "2019",
    "value": 7.56
  },
  {
    "name": "book_value",
    "year": "2020",
    "value": 4.35
  },
  {
    "name": "book_value",
    "year": "2021",
    "value": 8.53
  },
  {
    "name": "book_value",
    "year": "2022",
    "value": 12.28
  },
  {
    "name": "book_value",
    "year": "2023",
    "value": 15.43
  },
  {
    "name": "book_value",
    "year": "LTM",
    "value": 15.43
  },
  {
    "name": "eps",
    "year": "2016",
    "value": 0.0
  },
  {
    "name": "eps",
    "year": "2017",
    "value": 0.0
  },
  {
    "name": "eps",
    "year": "2018",
    "value": 1.91776004278
  },
  {
    "name": "eps",
    "year": "2019",
    "value": 2.40246862502
  },
  {
    "name": "eps",
    "year": "2020",
    "value": 1.03264002304
  },
  {
    "name": "eps",
    "year": "2021",
    "value": 2.28656005101
  },
  {
    "name": "eps",
    "year": "2022",
    "value": 2.64482291615
  },
  {
    "name": "eps",
    "year": "2023",
    "value": 2.26548576483
  },
  {
    "name": "eps",
    "year": "LTM",
    "value": 2.265485764825465
  },
  {
    "name": "fcf_share",
    "year": "2016",
    "value": 0.0
  },
  {
    "name": "fcf_share",
    "year": "2017",
    "value": 0.0
  },
  {
    "name": "fcf_share",
    "year": "2018",
    "value": 2.00205718752
  },
  {
    "name": "fcf_share",
    "year": "2019",
    "value": 2.95040006582
  },
  {
    "name": "fcf_share",
    "year": "2020",
    "value": 3.41403436188
  },
  {
    "name": "fcf_share",
    "year": "2021",
    "value": 0.266589720233
  },
  {
    "name": "fcf_share",
    "year": "2022",
    "value": 1.54158403439
  },
  {
    "name": "fcf_share",
    "year": "2023",
    "value": 6.16422870894
  },
  {
    "name": "fcf_share",
    "year": "LTM",
    "value": 6.164228708943708
  },
  {
    "name": "bv_share",
    "year": "2016",
    "value": 0.0
  },
  {
    "name": "bv_share",
    "year": "2017",
    "value": 0.0
  },
  {
    "name": "bv_share",
    "year": "2018",
    "value": 11.2958173949
  },
  {
    "name": "bv_share",
    "year": "2019",
    "value": 7.96608017771
  },
  {
    "name": "bv_share",
    "year": "2020",
    "value": 4.58365724511
  },
  {
    "name": "bv_share",
    "year": "2021",
    "value": 8.98818305766
  },
  {
    "name": "bv_share",
    "year": "2022",
    "value": 12.9396117172
  },
  {
    "name": "bv_share",
    "year": "2023",
    "value": 16.2588117913
  },
  {
    "name": "bv_share",
    "year": "LTM",
    "value": 16.258811791282294
  },
  {
    "name": "ebitda_margin",
    "year": "2018",
    "value": 40.8262454435
  },
  {
    "name": "ebitda_margin",
    "year": "2019",
    "value": 40.5797101449
  },
  {
    "name": "ebitda_margin",
    "year": "2020",
    "value": 34.0333539222
  },
  {
    "name": "ebitda_margin",
    "year": "2021",
    "value": 34.0120314669
  },
  {
    "name": "ebitda_margin",
    "year": "2022",
    "value": 28.287937743199997
  },
  {
    "name": "ebitda_margin",
    "year": "2023",
    "value": 25.406250000000004
  },
  {
    "name": "ebitda_margin",
    "year": "LTM",
    "value": 25.406250000000004
  },
  {
    "name": "net_margin",
    "year": "2018",
    "value": 22.1142162819
  },
  {
    "name": "net_margin",
    "year": "2019",
    "value": 23.602484472
  },
  {
    "name": "net_margin",
    "year": "2020",
    "value": 6.05311920939
  },
  {
    "name": "net_margin",
    "year": "2021",
    "value": 10.0416473855
  },
  {
    "name": "net_margin",
    "year": "2022",
    "value": 9.766536964979998
  },
  {
    "name": "net_margin",
    "year": "2023",
    "value": 6.71875
  },
  {
    "name": "net_margin",
    "year": "LTM",
    "value": 6.71875
  },
  {
    "name": "fcf_yield",
    "year": "2016",
    "value": 0.0
  },
  {
    "name": "fcf_yield",
    "year": "2017",
    "value": 0.0
  },
  {
    "name": "fcf_yield",
    "year": "2018",
    "value": 49.9266131551
  },
  {
    "name": "fcf_yield",
    "year": "2019",
    "value": 48.2880534504
  },
  {
    "name": "fcf_yield",
    "year": "2020",
    "value": 36.0891581594
  },
  {
    "name": "fcf_yield",
    "year": "2021",
    "value": 2.3385063178300003
  },
  {
    "name": "fcf_yield",
    "year": "2022",
    "value": 16.558367716299998
  },
  {
    "name": "fcf_yield",
    "year": "2023",
    "value": 41.0948580596
  },
  {
    "name": "fcf_yield",
    "year": "LTM",
    "value": 41.09485805962472
  },
  {
    "name": "roe",
    "year": "2018",
    "value": 12.2394082044
  },
  {
    "name": "roe",
    "year": "2019",
    "value": 14.9606299213
  },
  {
    "name": "roe",
    "year": "2020",
    "value": 5.92503022975
  },
  {
    "name": "roe",
    "year": "2021",
    "value": 11.1971104231
  },
  {
    "name": "roe",
    "year": "2022",
    "value": 11.357466063299999
  },
  {
    "name": "roe",
    "year": "2023",
    "value": 8.6
  },
  {
    "name": "roe",
    "year": "LTM",
    "value": 8.6
  },
  {
    "name": "roa",
    "year": "2018",
    "value": 8.00668690335
  },
  {
    "name": "roa",
    "year": "2019",
    "value": 7.726194510339999
  },
  {
    "name": "roa",
    "year": "2020",
    "value": 2.27430958459
  },
  {
    "name": "roa",
    "year": "2021",
    "value": 4.74628171479
  },
  {
    "name": "roa",
    "year": "2022",
    "value": 5.78341013825
  },
  {
    "name": "roa",
    "year": "2023",
    "value": 5.10688836105
  },
  {
    "name": "roa",
    "year": "LTM",
    "value": 5.10688836104513
  },
  {
    "name": "p_e",
    "year": "2018",
    "value": 2.17066391819
  },
  {
    "name": "p_e",
    "year": "2019",
    "value": 2.64013397461
  },
  {
    "name": "p_e",
    "year": "2020",
    "value": 9.51009079653
  },
  {
    "name": "p_e",
    "year": "2021",
    "value": 5.17564785899
  },
  {
    "name": "p_e",
    "year": "2022",
    "value": 3.65422733629
  },
  {
    "name": "p_e",
    "year": "2023",
    "value": 6.87307597423
  },
  {
    "name": "p_e",
    "year": "LTM",
    "value": 6.776018482186047
  },
  {
    "name": "p_fcf",
    "year": "2018",
    "value": 2.07926754268
  },
  {
    "name": "p_fcf",
    "year": "2019",
    "value": 2.14982337932
  },
  {
    "name": "p_fcf",
    "year": "2020",
    "value": 2.87650894463
  },
  {
    "name": "p_fcf",
    "year": "2021",
    "value": 44.3919203715
  },
  {
    "name": "p_fcf",
    "year": "2022",
    "value": 6.26938524545
  },
  {
    "name": "p_fcf",
    "year": "2023",
    "value": 2.52600228113
  },
  {
    "name": "p_fcf",
    "year": "LTM",
    "value": 2.490331578923077
  },
  {
    "name": "p_s",
    "year": "2018",
    "value": 0.480025313621
  },
  {
    "name": "p_s",
    "year": "2019",
    "value": 0.623137211398
  },
  {
    "name": "p_s",
    "year": "2020",
    "value": 0.575657132835
  },
  {
    "name": "p_s",
    "year": "2021",
    "value": 0.519720307913
  },
  {
    "name": "p_s",
    "year": "2022",
    "value": 0.356891463584
  },
  {
    "name": "p_s",
    "year": "2023",
    "value": 0.461784792019
  },
  {
    "name": "p_s",
    "year": "LTM",
    "value": 0.455263741771875
  },
  {
    "name": "p_bv",
    "year": "2018",
    "value": 0.368526896558
  },
  {
    "name": "p_bv",
    "year": "2019",
    "value": 0.79623088123
  },
  {
    "name": "p_bv",
    "year": "2020",
    "value": 2.14250321393
  },
  {
    "name": "p_bv",
    "year": "2021",
    "value": 1.31666539906
  },
  {
    "name": "p_bv",
    "year": "2022",
    "value": 0.746914545122
  },
  {
    "name": "p_bv",
    "year": "2023",
    "value": 0.957687190188
  },
  {
    "name": "p_bv",
    "year": "LTM",
    "value": 0.9441633011471161
  },
  {
    "name": "ev_ebitda",
    "year": "2018",
    "value": 2.43559771759
  },
  {
    "name": "ev_ebitda",
    "year": "2019",
    "value": 3.76926159747
  },
  {
    "name": "ev_ebitda",
    "year": "2020",
    "value": 3.85115952461
  },
  {
    "name": "ev_ebitda",
    "year": "2021",
    "value": 2.95961304136
  },
  {
    "name": "ev_ebitda",
    "year": "2022",
    "value": 2.43632883275
  },
  {
    "name": "ev_ebitda",
    "year": "2023",
    "value": 2.55192046059
  },
  {
    "name": "ev_ebitda",
    "year": "LTM",
    "value": 2.5262533501476017
  },
  {
    "name": "debt_ebitda",
    "year": "2018",
    "value": 1.25982142857
  },
  {
    "name": "debt_ebitda",
    "year": "2019",
    "value": 2.23367346939
  },
  {
    "name": "debt_ebitda",
    "year": "2020",
    "value": 2.15970961887
  },
  {
    "name": "debt_ebitda",
    "year": "2021",
    "value": 1.43156462585
  },
  {
    "name": "debt_ebitda",
    "year": "2022",
    "value": 1.17469050894
  },
  {
    "name": "debt_ebitda",
    "year": "2023",
    "value": 0.734317343173
  },
  {
    "name": "debt_ebitda",
    "year": "LTM",
    "value": 0.7343173431734318
  },
  {
    "name": "r_and_d_capex",
    "year": "2018",
    "value": 0.0
  },
  {
    "name": "r_and_d_capex",
    "year": "2019",
    "value": 0.0
  },
  {
    "name": "r_and_d_capex",
    "year": "2020",
    "value": 0.0
  },
  {
    "name": "r_and_d_capex",
    "year": "2021",
    "value": 0.0
  },
  {
    "name": "r_and_d_capex",
    "year": "2022",
    "value": 0.0
  },
  {
    "name": "r_and_d_capex",
    "year": "2023",
    "value": 0.0
  },
  {
    "name": "r_and_d_capex",
    "year": "LTM",
    "value": 0.0
  },
  {
    "name": "capex_revenue",
    "year": "2018",
    "value": 12.758201701099999
  },
  {
    "name": "capex_revenue",
    "year": "2019",
    "value": 9.213250517599999
  },
  {
    "name": "capex_revenue",
    "year": "2020",
    "value": 9.82087708462
  },
  {
    "name": "capex_revenue",
    "year": "2021",
    "value": 14.9005090236
  },
  {
    "name": "capex_revenue",
    "year": "2022",
    "value": 9.64980544747
  },
  {
    "name": "capex_revenue",
    "year": "2023",
    "value": 9.375
  },
  {
    "name": "capex_revenue",
    "year": "LTM",
    "value": 9.375
  }
]