[{"name":"date","year":"2019","value":"28.01.2021"},{"name":"date","year":"2020","value":"31.03.2021"},{"name":"date","year":"2021","value":"31.03.2022"},{"name":"date","year":"2022","value":"14.04.2023"},{"name":"date","year":"2023","value":"01.04.2024"},{"name":"date","year":"LTM\n?","value":"01.04.2024"},{"name":"currency","year":"2019","value":"RUB"},{"name":"currency","year":"2020","value":"RUB"},{"name":"currency","year":"2021","value":"RUB"},{"name":"currency","year":"2022","value":"RUB"},{"name":"currency","year":"2023","value":"RUB"},{"name":"currency","year":"LTM\n?","value":"RUB"},{"name":"report_url","year":"2019","value":"https://e-disclosure.ru/portal/FileLoad.ashx?Fileid=1678640"},{"name":"report_url","year":"2020","value":"https://e-disclosure.ru/portal/FileLoad.ashx?Fileid=1688299"},{"name":"report_url","year":"2021","value":"https://www.e-disclosure.ru/portal/FileLoad.ashx?Fileid=1741842"},{"name":"report_url","year":"2022","value":"http://rostelecom-rb.ru/A&amp;I/2022/IFRS_bis%2012%D0%BC2022%20%D0%B8%D0%BD%D1%82%D0%B5%D1%80%D1%84%D0%B0%D0%BA%D1%81.pdf"},{"name":"report_url","year":"2023","value":"https://www.e-disclosure.ru/portal/FileLoad.ashx?Fileid=1828815"},{"name":"report_url","year":"LTM\n?","value":"https://www.e-disclosure.ru/portal/FileLoad.ashx?Fileid=1828815"},{"name":"year_report_url","year":"2019","value":"https://www.e-disclosure.ru/portal/FileLoad.ashx?Fileid=1660868"},{"name":"year_report_url","year":"2020","value":"https://www.e-disclosure.ru/portal/FileLoad.ashx?Fileid=1710499"},{"name":"year_report_url","year":"2021","value":"https://www.e-disclosure.ru/portal/FileLoad.ashx?Fileid=1758495"},{"name":"year_report_url","year":"2022","value":"https://www.e-disclosure.ru/portal/FileLoad.ashx?Fileid=1800801"},{"name":"year_report_url","year":"2023","value":"https://www.e-disclosure.ru/portal/FileLoad.ashx?Fileid=1844459"},{"name":"year_report_url","year":"LTM\n?","value":""},{"name":"revenue","year":"2019","value":"9.66"},{"name":"revenue","year":"2020","value":"16.2"},{"name":"revenue","year":"2021","value":"21.6"},{"name":"revenue","year":"2022","value":"25.7"},{"name":"revenue","year":"2023","value":"32.0"},{"name":"revenue","year":"LTM\n?","value":"32.0"},{"name":"operating_income","year":"2019","value":"2.22"},{"name":"operating_income","year":"2020","value":"2.34"},{"name":"operating_income","year":"2021","value":"3.80"},{"name":"operating_income","year":"2022","value":"3.25"},{"name":"operating_income","year":"2023","value":"3.83"},{"name":"operating_income","year":"LTM\n?","value":"3.83"},{"name":"ebitda","year":"2019","value":"3.92"},{"name":"ebitda","year":"2020","value":"5.51"},{"name":"ebitda","year":"2021","value":"7.35"},{"name":"ebitda","year":"2022","value":"7.27"},{"name":"ebitda","year":"2023","value":"8.13"},{"name":"ebitda","year":"LTM\n?","value":"8.13"},{"name":"net_income","year":"2019","value":"2.28"},{"name":"net_income","year":"2020","value":"0.980"},{"name":"net_income","year":"2021","value":"2.17"},{"name":"net_income","year":"2022","value":"2.51"},{"name":"net_income","year":"2023","value":"2.15"},{"name":"net_income","year":"LTM\n?","value":"2.15"},{"name":"ocf","year":"2019","value":"3.30"},{"name":"ocf","year":"2020","value":"4.14"},{"name":"ocf","year":"2021","value":"3.08"},{"name":"ocf","year":"2022","value":"3.83"},{"name":"ocf","year":"2023","value":"7.91"},{"name":"ocf","year":"LTM\n?","value":"7.91"},{"name":"capex","year":"2019","value":"0.890"},{"name":"capex","year":"2020","value":"1.59"},{"name":"capex","year":"2021","value":"3.22"},{"name":"capex","year":"2022","value":"2.48"},{"name":"capex","year":"2023","value":"3.00"},{"name":"capex","year":"LTM\n?","value":"3.00"},{"name":"fcf","year":"2019","value":"2.80"},{"name":"fcf","year":"2020","value":"3.24"},{"name":"fcf","year":"2021","value":"0.253"},{"name":"fcf","year":"2022","value":"1.46"},{"name":"fcf","year":"2023","value":"5.85"},{"name":"fcf","year":"LTM\n?","value":"5.85"},{"name":"dividend_payout","year":"2019","value":"0.840"},{"name":"dividend_payout","year":"2020","value":"0.320"},{"name":"dividend_payout","year":"2021","value":"2.52"},{"name":"dividend_payout","year":"2022","value":"0.381"},{"name":"dividend_payout","year":"2023","value":"0.024"},{"name":"dividend_payout","year":"LTM\n?","value":"0.024"},{"name":"dividend","year":"2019","value":"0.854"},{"name":"dividend","year":"2020","value":"0.332"},{"name":"dividend","year":"2021","value":"2.6029"},{"name":"dividend","year":"2022","value":"0.3805"},{"name":"dividend","year":"2023","value":""},{"name":"dividend","year":"LTM\n?","value":""},{"name":"div_yield","year":"2019","value":"14.0%"},{"name":"div_yield","year":"2020","value":"3.5%"},{"name":"div_yield","year":"2021","value":"22.8%"},{"name":"div_yield","year":"2022","value":"4.1%"},{"name":"div_yield","year":"2023","value":"0.0%"},{"name":"div_yield","year":"LTM\n?","value":"0"},{"name":"dividend_pr","year":"2019","value":"0.782"},{"name":"dividend_pr","year":"2020","value":"0.264"},{"name":"dividend_pr","year":"2021","value":"1.4288"},{"name":"dividend_pr","year":"2022","value":"0.542"},{"name":"dividend_pr","year":"2023","value":"0.67"},{"name":"dividend_pr","year":"LTM\n?","value":"0.67"},{"name":"div_yield_priv","year":"2019","value":"12.8%"},{"name":"div_yield_priv","year":"2020","value":"2.8%"},{"name":"div_yield_priv","year":"2021","value":"12.5%"},{"name":"div_yield_priv","year":"2022","value":"5.8%"},{"name":"div_yield_priv","year":"2023","value":"4.5%"},{"name":"div_yield_priv","year":"LTM\n?","value":"7.3%"},{"name":"div_payout_ratio","year":"2019","value":"37%"},{"name":"div_payout_ratio","year":"2020","value":"33%"},{"name":"div_payout_ratio","year":"2021","value":"116%"},{"name":"div_payout_ratio","year":"2022","value":"15%"},{"name":"div_payout_ratio","year":"2023","value":"1%"},{"name":"div_payout_ratio","year":"LTM\n?","value":"1%"},{"name":"opex","year":"2019","value":"7.44"},{"name":"opex","year":"2020","value":"13.9"},{"name":"opex","year":"2021","value":"17.8"},{"name":"opex","year":"2022","value":"22.5"},{"name":"opex","year":"2023","value":"28.1"},{"name":"opex","year":"LTM\n?","value":"28.1"},{"name":"amortization","year":"2019","value":""},{"name":"amortization","year":"2020","value":""},{"name":"amortization","year":"2021","value":"3.6"},{"name":"amortization","year":"2022","value":"4.0"},{"name":"amortization","year":"2023","value":"4.3"},{"name":"amortization","year":"LTM\n?","value":"4.3"},{"name":"employment_expenses","year":"2019","value":"2.76"},{"name":"employment_expenses","year":"2020","value":"3.50"},{"name":"employment_expenses","year":"2021","value":"5.23"},{"name":"employment_expenses","year":"2022","value":"6.60"},{"name":"employment_expenses","year":"2023","value":"7.20"},{"name":"employment_expenses","year":"LTM\n?","value":"7.20"},{"name":"interest_expenses","year":"2019","value":"0.066"},{"name":"interest_expenses","year":"2020","value":"0.730"},{"name":"interest_expenses","year":"2021","value":"0.330"},{"name":"interest_expenses","year":"2022","value":"0.230"},{"name":"interest_expenses","year":"2023","value":"0.230"},{"name":"interest_expenses","year":"LTM\n?","value":"0.230"},{"name":"assets","year":"2019","value":"29.5"},{"name":"assets","year":"2020","value":"43.1"},{"name":"assets","year":"2021","value":"45.7"},{"name":"assets","year":"2022","value":"43.4"},{"name":"assets","year":"2023","value":"42.1"},{"name":"assets","year":"LTM\n?","value":"42.1"},{"name":"net_assets","year":"2019","value":"15.2"},{"name":"net_assets","year":"2020","value":"16.5"},{"name":"net_assets","year":"2021","value":"19.4"},{"name":"net_assets","year":"2022","value":"22.1"},{"name":"net_assets","year":"2023","value":"25.0"},{"name":"net_assets","year":"LTM\n?","value":"25.0"},{"name":"debt","year":"2019","value":"9.19"},{"name":"debt","year":"2020","value":"14.4"},{"name":"debt","year":"2021","value":"11.5"},{"name":"debt","year":"2022","value":"9.71"},{"name":"debt","year":"2023","value":"6.34"},{"name":"debt","year":"LTM\n?","value":"6.34"},{"name":"cash","year":"2019","value":"0.436"},{"name":"cash","year":"2020","value":"2.50"},{"name":"cash","year":"2021","value":"0.988"},{"name":"cash","year":"2022","value":"1.17"},{"name":"cash","year":"2023","value":"0.370"},{"name":"cash","year":"LTM\n?","value":"0.370"},{"name":"net_debt","year":"2019","value":"8.76"},{"name":"net_debt","year":"2020","value":"11.9"},{"name":"net_debt","year":"2021","value":"10.5"},{"name":"net_debt","year":"2022","value":"8.54"},{"name":"net_debt","year":"2023","value":"5.97"},{"name":"net_debt","year":"LTM\n?","value":"5.97"},{"name":"common_share","year":"2019","value":"6.11"},{"name":"common_share","year":"2020","value":"9.46"},{"name":"common_share","year":"2021","value":"11.4"},{"name":"common_share","year":"2022","value":"9.31"},{"name":"common_share","year":"2023","value":"15.0"},{"name":"common_share","year":"LTM\n?","value":"15.0"},{"name":"number_of_shares","year":"2019","value":"949.0"},{"name":"number_of_shares","year":"2020","value":"949.0"},{"name":"number_of_shares","year":"2021","value":"949.0"},{"name":"number_of_shares","year":"2022","value":"949.0"},{"name":"number_of_shares","year":"2023","value":"949.0"},{"name":"number_of_shares","year":"LTM\n?","value":"949.0"},{"name":"priv_share","year":"2019","value":"6.11"},{"name":"priv_share","year":"2020","value":"9.46"},{"name":"priv_share","year":"2021","value":"11.4"},{"name":"priv_share","year":"2022","value":"9.31"},{"name":"priv_share","year":"2023","value":"15.0"},{"name":"priv_share","year":"LTM\n?","value":"9.18"},{"name":"number_of_priv_shares","year":"2019","value":"36.2"},{"name":"number_of_priv_shares","year":"2020","value":"36.2"},{"name":"number_of_priv_shares","year":"2021","value":"36.2"},{"name":"number_of_priv_shares","year":"2022","value":"36.2"},{"name":"number_of_priv_shares","year":"2023","value":"36.2"},{"name":"number_of_priv_shares","year":"LTM\n?","value":"36.2"},{"name":"market_cap","year":"2019","value":"6.02"},{"name":"market_cap","year":"2020","value":"9.32"},{"name":"market_cap","year":"2021","value":"11.2"},{"name":"market_cap","year":"2022","value":"9.17"},{"name":"market_cap","year":"2023","value":"14.8"},{"name":"market_cap","year":"LTM\n?","value":"14.6"},{"name":"ev","year":"2019","value":"14.8"},{"name":"ev","year":"2020","value":"21.2"},{"name":"ev","year":"2021","value":"21.8"},{"name":"ev","year":"2022","value":"17.7"},{"name":"ev","year":"2023","value":"20.7"},{"name":"ev","year":"LTM\n?","value":"20.5"},{"name":"book_value","year":"2019","value":"7.56"},{"name":"book_value","year":"2020","value":"4.35"},{"name":"book_value","year":"2021","value":"8.53"},{"name":"book_value","year":"2022","value":"12.3"},{"name":"book_value","year":"2023","value":"15.4"},{"name":"book_value","year":"LTM\n?","value":"15.4"},{"name":"eps","year":"2019","value":"2.40"},{"name":"eps","year":"2020","value":"1.03"},{"name":"eps","year":"2021","value":"2.29"},{"name":"eps","year":"2022","value":"2.64"},{"name":"eps","year":"2023","value":"2.27"},{"name":"eps","year":"LTM\n?","value":"2.27"},{"name":"fcf_share","year":"2019","value":"2.95"},{"name":"fcf_share","year":"2020","value":"3.41"},{"name":"fcf_share","year":"2021","value":"0.27"},{"name":"fcf_share","year":"2022","value":"1.54"},{"name":"fcf_share","year":"2023","value":"6.16"},{"name":"fcf_share","year":"LTM\n?","value":"6.16"},{"name":"bv_share","year":"2019","value":"7.97"},{"name":"bv_share","year":"2020","value":"4.58"},{"name":"bv_share","year":"2021","value":"8.99"},{"name":"bv_share","year":"2022","value":"12.9"},{"name":"bv_share","year":"2023","value":"16.3"},{"name":"bv_share","year":"LTM\n?","value":"16.3"},{"name":"ebitda_margin","year":"2019","value":"40.6%"},{"name":"ebitda_margin","year":"2020","value":"34.0%"},{"name":"ebitda_margin","year":"2021","value":"34.0%"},{"name":"ebitda_margin","year":"2022","value":"28.3%"},{"name":"ebitda_margin","year":"2023","value":"25.4%"},{"name":"ebitda_margin","year":"LTM\n?","value":"25.4%"},{"name":"net_margin","year":"2019","value":"23.6%"},{"name":"net_margin","year":"2020","value":"6.1%"},{"name":"net_margin","year":"2021","value":"10.0%"},{"name":"net_margin","year":"2022","value":"9.8%"},{"name":"net_margin","year":"2023","value":"6.7%"},{"name":"net_margin","year":"LTM\n?","value":"6.7%"},{"name":"fcf_yield","year":"2019","value":"48.3%"},{"name":"fcf_yield","year":"2020","value":"36.1%"},{"name":"fcf_yield","year":"2021","value":"2.3%"},{"name":"fcf_yield","year":"2022","value":"16.6%"},{"name":"fcf_yield","year":"2023","value":"41.1%"},{"name":"fcf_yield","year":"LTM\n?","value":"41.1%"},{"name":"roe","year":"2019","value":"15.0%"},{"name":"roe","year":"2020","value":"5.9%"},{"name":"roe","year":"2021","value":"11.2%"},{"name":"roe","year":"2022","value":"11.4%"},{"name":"roe","year":"2023","value":"8.6%"},{"name":"roe","year":"LTM\n?","value":"8.6%"},{"name":"roa","year":"2019","value":"7.7%"},{"name":"roa","year":"2020","value":"2.3%"},{"name":"roa","year":"2021","value":"4.7%"},{"name":"roa","year":"2022","value":"5.8%"},{"name":"roa","year":"2023","value":"5.1%"},{"name":"roa","year":"LTM\n?","value":"5.1%"},{"name":"p_e","year":"2019","value":"2.64"},{"name":"p_e","year":"2020","value":"9.51"},{"name":"p_e","year":"2021","value":"5.18"},{"name":"p_e","year":"2022","value":"3.65"},{"name":"p_e","year":"2023","value":"6.87"},{"name":"p_e","year":"LTM\n?","value":"6.78"},{"name":"p_fcf","year":"2019","value":"2.15"},{"name":"p_fcf","year":"2020","value":"2.88"},{"name":"p_fcf","year":"2021","value":"44.4"},{"name":"p_fcf","year":"2022","value":"6.27"},{"name":"p_fcf","year":"2023","value":"2.53"},{"name":"p_fcf","year":"LTM\n?","value":"2.49"},{"name":"p_s","year":"2019","value":"0.62"},{"name":"p_s","year":"2020","value":"0.58"},{"name":"p_s","year":"2021","value":"0.52"},{"name":"p_s","year":"2022","value":"0.36"},{"name":"p_s","year":"2023","value":"0.46"},{"name":"p_s","year":"LTM\n?","value":"0.46"},{"name":"p_bv","year":"2019","value":"0.80"},{"name":"p_bv","year":"2020","value":"2.14"},{"name":"p_bv","year":"2021","value":"1.32"},{"name":"p_bv","year":"2022","value":"0.75"},{"name":"p_bv","year":"2023","value":"0.96"},{"name":"p_bv","year":"LTM\n?","value":"0.94"},{"name":"ev_ebitda","year":"2019","value":"3.77"},{"name":"ev_ebitda","year":"2020","value":"3.85"},{"name":"ev_ebitda","year":"2021","value":"2.96"},{"name":"ev_ebitda","year":"2022","value":"2.44"},{"name":"ev_ebitda","year":"2023","value":"2.55"},{"name":"ev_ebitda","year":"LTM\n?","value":"2.53"},{"name":"debt_ebitda","year":"2019","value":"2.23"},{"name":"debt_ebitda","year":"2020","value":"2.16"},{"name":"debt_ebitda","year":"2021","value":"1.43"},{"name":"debt_ebitda","year":"2022","value":"1.17"},{"name":"debt_ebitda","year":"2023","value":"0.73"},{"name":"debt_ebitda","year":"LTM\n?","value":"0.73"},{"name":"r_and_d_capex","year":"2019","value":"0.00%"},{"name":"r_and_d_capex","year":"2020","value":"0.00%"},{"name":"r_and_d_capex","year":"2021","value":"0.00%"},{"name":"r_and_d_capex","year":"2022","value":"0.00%"},{"name":"r_and_d_capex","year":"2023","value":"0.00%"},{"name":"r_and_d_capex","year":"LTM\n?","value":"0"},{"name":"capex_revenue","year":"2019","value":"9%"},{"name":"capex_revenue","year":"2020","value":"10%"},{"name":"capex_revenue","year":"2021","value":"15%"},{"name":"capex_revenue","year":"2022","value":"10%"},{"name":"capex_revenue","year":"2023","value":"9%"},{"name":"capex_revenue","year":"LTM\n?","value":"9%"}]