[{"name":"date","year":"2023Q1","value":"26.06.2024"},{"name":"date","year":"2023Q2","value":"29.08.2023"},{"name":"date","year":"2023Q3","value":"27.11.2023"},{"name":"date","year":"2023Q4","value":"02.05.2024"},{"name":"date","year":"2024Q1","value":"26.06.2024"},{"name":"currency","year":"2023Q1","value":"RUB"},{"name":"currency","year":"2023Q2","value":"RUB"},{"name":"currency","year":"2023Q3","value":"RUB"},{"name":"currency","year":"2023Q4","value":"RUB"},{"name":"currency","year":"2024Q1","value":"RUB"},{"name":"report_url","year":"2023Q1","value":""},{"name":"report_url","year":"2023Q2","value":"https://www.e-disclosure.ru/portal/FileLoad.ashx?Fileid=1808914"},{"name":"report_url","year":"2023Q3","value":"https://www.e-disclosure.ru/portal/FileLoad.ashx?Fileid=1816505"},{"name":"report_url","year":"2023Q4","value":"https://www.e-disclosure.ru/portal/FileLoad.ashx?Fileid=1835143"},{"name":"report_url","year":"2024Q1","value":"https://www.e-disclosure.ru/portal/FileLoad.ashx?Fileid=1844113"},{"name":"revenue","year":"2023Q1","value":""},{"name":"revenue","year":"2023Q2","value":"0.000"},{"name":"revenue","year":"2023Q3","value":"0.000"},{"name":"revenue","year":"2023Q4","value":""},{"name":"revenue","year":"2024Q1","value":""},{"name":"net_income","year":"2023Q1","value":"0.343"},{"name":"net_income","year":"2023Q2","value":"-0.020"},{"name":"net_income","year":"2023Q3","value":"1.71"},{"name":"net_income","year":"2023Q4","value":"0.421"},{"name":"net_income","year":"2024Q1","value":"0.364"},{"name":"div_yield","year":"2023Q1","value":"0.0%"},{"name":"div_yield","year":"2023Q2","value":"0.0%"},{"name":"div_yield","year":"2023Q3","value":"0.0%"},{"name":"div_yield","year":"2023Q4","value":"0.0%"},{"name":"div_yield","year":"2024Q1","value":"0.0%"},{"name":"div_payout_ratio","year":"2023Q1","value":"0%"},{"name":"div_payout_ratio","year":"2023Q2","value":"0%"},{"name":"div_payout_ratio","year":"2023Q3","value":"0%"},{"name":"div_payout_ratio","year":"2023Q4","value":"0%"},{"name":"div_payout_ratio","year":"2024Q1","value":"0%"},{"name":"assets","year":"2023Q1","value":""},{"name":"assets","year":"2023Q2","value":"17.5"},{"name":"assets","year":"2023Q3","value":"18.0"},{"name":"assets","year":"2023Q4","value":"17.9"},{"name":"assets","year":"2024Q1","value":"18.3"},{"name":"net_assets","year":"2023Q1","value":""},{"name":"net_assets","year":"2023Q2","value":"15.9"},{"name":"net_assets","year":"2023Q3","value":"17.8"},{"name":"net_assets","year":"2023Q4","value":"17.6"},{"name":"net_assets","year":"2024Q1","value":"18.0"},{"name":"net_debt","year":"2023Q1","value":"0.00"},{"name":"net_debt","year":"2023Q2","value":"0.00"},{"name":"net_debt","year":"2023Q3","value":"0.00"},{"name":"net_debt","year":"2023Q4","value":"0.00"},{"name":"net_debt","year":"2024Q1","value":"0.00"},{"name":"common_share","year":"2023Q1","value":"1 262"},{"name":"common_share","year":"2023Q2","value":"1 179"},{"name":"common_share","year":"2023Q3","value":"1 623"},{"name":"common_share","year":"2023Q4","value":"1 514"},{"name":"common_share","year":"2024Q1","value":"1 591"},{"name":"number_of_shares","year":"2023Q1","value":"7.03"},{"name":"number_of_shares","year":"2023Q2","value":"7.03"},{"name":"number_of_shares","year":"2023Q3","value":"7.03"},{"name":"number_of_shares","year":"2023Q4","value":"7.03"},{"name":"number_of_shares","year":"2024Q1","value":"7.03"},{"name":"number_of_priv_shares","year":"2023Q1","value":"0.413"},{"name":"number_of_priv_shares","year":"2023Q2","value":"0.413"},{"name":"number_of_priv_shares","year":"2023Q3","value":"0.413"},{"name":"number_of_priv_shares","year":"2023Q4","value":"0.413"},{"name":"number_of_priv_shares","year":"2024Q1","value":"0.413"},{"name":"market_cap","year":"2023Q1","value":"8.87"},{"name":"market_cap","year":"2023Q2","value":"8.29"},{"name":"market_cap","year":"2023Q3","value":"11.4"},{"name":"market_cap","year":"2023Q4","value":"10.6"},{"name":"market_cap","year":"2024Q1","value":"11.2"},{"name":"ev","year":"2023Q1","value":"8.87"},{"name":"ev","year":"2023Q2","value":"8.29"},{"name":"ev","year":"2023Q3","value":"11.4"},{"name":"ev","year":"2023Q4","value":"10.6"},{"name":"ev","year":"2024Q1","value":"11.2"},{"name":"book_value","year":"2023Q1","value":"0.00"},{"name":"book_value","year":"2023Q2","value":"15.9"},{"name":"book_value","year":"2023Q3","value":"17.8"},{"name":"book_value","year":"2023Q4","value":"17.6"},{"name":"book_value","year":"2024Q1","value":"18.0"},{"name":"eps","year":"2023Q1","value":"48.8"},{"name":"eps","year":"2023Q2","value":"-2.85"},{"name":"eps","year":"2023Q3","value":"242.6"},{"name":"eps","year":"2023Q4","value":"59.9"},{"name":"eps","year":"2024Q1","value":"51.8"},{"name":"fcf_share","year":"2023Q1","value":"0.00"},{"name":"fcf_share","year":"2023Q2","value":"0.00"},{"name":"fcf_share","year":"2023Q3","value":"0.00"},{"name":"fcf_share","year":"2023Q4","value":"0.00"},{"name":"fcf_share","year":"2024Q1","value":"0.00"},{"name":"bv_share","year":"2023Q1","value":"0.00"},{"name":"bv_share","year":"2023Q2","value":"2 255"},{"name":"bv_share","year":"2023Q3","value":"2 532"},{"name":"bv_share","year":"2023Q4","value":"2 510"},{"name":"bv_share","year":"2024Q1","value":"2 561"},{"name":"fcf_yield","year":"2023Q1","value":"0.0%"},{"name":"fcf_yield","year":"2023Q2","value":"0.0%"},{"name":"fcf_yield","year":"2023Q3","value":"0.0%"},{"name":"fcf_yield","year":"2023Q4","value":"0.0%"},{"name":"fcf_yield","year":"2024Q1","value":"0.0%"},{"name":"roe","year":"2023Q1","value":""},{"name":"roe","year":"2023Q2","value":"-3.0%"},{"name":"roe","year":"2023Q3","value":"11.4%"},{"name":"roe","year":"2023Q4","value":"13.9%"},{"name":"roe","year":"2024Q1","value":"13.7%"},{"name":"roa","year":"2023Q1","value":""},{"name":"roa","year":"2023Q2","value":"-2.8%"},{"name":"roa","year":"2023Q3","value":"11.3%"},{"name":"roa","year":"2023Q4","value":"13.7%"},{"name":"roa","year":"2024Q1","value":"13.5%"},{"name":"p_e","year":"2023Q1","value":"-28.5"},{"name":"p_e","year":"2023Q2","value":"-17.2"},{"name":"p_e","year":"2023Q3","value":"5.62"},{"name":"p_e","year":"2023Q4","value":"4.34"},{"name":"p_e","year":"2024Q1","value":"4.53"},{"name":"p_bv","year":"2023Q1","value":""},{"name":"p_bv","year":"2023Q2","value":"0.52"},{"name":"p_bv","year":"2023Q3","value":"0.64"},{"name":"p_bv","year":"2023Q4","value":"0.60"},{"name":"p_bv","year":"2024Q1","value":"0.62"}]