{"date":"Дата отчета","currency":"Валюта отчета","report_url":"Финансовый отчет","presentation_url":"Презентация","net_interest_income":"Чист. проц. доходы, млрд руб","commission_income":"Чист. комисс. доход, млрд руб","interest_income_on_securities":"Доходы по цб, млрд руб","net_income":"Чистая прибыль, млрд руб","dividend_payout":"Див.выплата, млрд руб","dividend":"Дивиденд, руб/акцию","div_yield":"Див доход, ао, %","dividend_pr":"Дивиденд ап, руб/акцию","div_yield_priv":"Див доход, ап, %","div_payout_ratio":"Дивиденды/прибыль, %","opex":"Опер. расходы, млрд руб","net_debt":"Чистый долг, млрд руб","bank_assets":"Активы банка, млрд руб","capital":"Капитал, млрд руб","loan_portfolio":"Кредитный портфель, млрд руб","deposits":"Депозиты, млрд руб","retail_deposits":"Депозиты физлиц, млрд руб","loan_to_deposit_ratio":"Loan-to-deposit ratio, %","common_share":"Цена акции ао, руб","number_of_shares":"Число акций ао, млн","priv_share":"Цена акции ап, руб","number_of_priv_shares":"Число акций ап, млн","market_cap":"Капитализация, млрд руб","ev":"EV, млрд руб","eps":"EPS, руб","fcf_yield":"Доходность FCF, %","p_e":"P/E","p_b":"P/B"}