[{"name":"date","year":"2021","value":"29.04.2022"},{"name":"date","year":"2022","value":"30.05.2023"},{"name":"date","year":"2023","value":"03.04.2024"},{"name":"date","year":"LTM\n?","value":"03.04.2024"},{"name":"currency","year":"2021","value":"RUB"},{"name":"currency","year":"2022","value":"RUB"},{"name":"currency","year":"2023","value":"RUB"},{"name":"currency","year":"LTM\n?","value":"RUB"},{"name":"report_url","year":"2021","value":"https://www.e-disclosure.ru/portal/FileLoad.ashx?Fileid=1748183"},{"name":"report_url","year":"2022","value":"https://www.e-disclosure.ru/portal/FileLoad.ashx?Fileid=1795870"},{"name":"report_url","year":"2023","value":"https://www.e-disclosure.ru/portal/FileLoad.ashx?Fileid=1829983"},{"name":"report_url","year":"LTM\n?","value":"https://www.e-disclosure.ru/portal/FileLoad.ashx?Fileid=1829983"},{"name":"year_report_url","year":"2021","value":"https://www.e-disclosure.ru/portal/FileLoad.ashx?Fileid=1748296"},{"name":"year_report_url","year":"2022","value":"https://www.e-disclosure.ru/portal/FileLoad.ashx?Fileid=1790326"},{"name":"year_report_url","year":"2023","value":"https://www.e-disclosure.ru/portal/FileLoad.ashx?Fileid=1835641"},{"name":"year_report_url","year":"LTM\n?","value":""},{"name":"presentation_url","year":"2021","value":""},{"name":"presentation_url","year":"2022","value":""},{"name":"presentation_url","year":"2023","value":"https://smarttechgroup.pro/documents/investoram/finansovyye-pokazateli-pao-stg-po-msfo-za-2023g-03.04.2024-055928.pdf"},{"name":"presentation_url","year":"LTM\n?","value":"https://smarttechgroup.pro/documents/investoram/finansovyye-pokazateli-pao-stg-po-msfo-za-2023g-03.04.2024-055928.pdf"},{"name":"net_operating_income","year":"2021","value":"2.02"},{"name":"net_operating_income","year":"2022","value":"1.96"},{"name":"net_operating_income","year":"2023","value":"2.51"},{"name":"net_operating_income","year":"LTM\n?","value":"2.51"},{"name":"net_interest_income","year":"2021","value":"1.36"},{"name":"net_interest_income","year":"2022","value":"1.28"},{"name":"net_interest_income","year":"2023","value":"1.86"},{"name":"net_interest_income","year":"LTM\n?","value":"1.86"},{"name":"net_income","year":"2021","value":"0.250"},{"name":"net_income","year":"2022","value":"0.390"},{"name":"net_income","year":"2023","value":"0.647"},{"name":"net_income","year":"LTM\n?","value":"0.647"},{"name":"net_income_ns","year":"2021","value":""},{"name":"net_income_ns","year":"2022","value":""},{"name":"net_income_ns","year":"2023","value":""},{"name":"net_income_ns","year":"LTM\n?","value":"0.239"},{"name":"ocf","year":"2021","value":"-0.230"},{"name":"ocf","year":"2022","value":"0.087"},{"name":"ocf","year":"2023","value":"0.286"},{"name":"ocf","year":"LTM\n?","value":"0.286"},{"name":"div_yield","year":"2021","value":"0.0%"},{"name":"div_yield","year":"2022","value":"0.0%"},{"name":"div_yield","year":"2023","value":"0.0%"},{"name":"div_yield","year":"LTM\n?","value":"0.0%"},{"name":"div_payout_ratio","year":"2021","value":"0%"},{"name":"div_payout_ratio","year":"2022","value":"0%"},{"name":"div_payout_ratio","year":"2023","value":"0%"},{"name":"div_payout_ratio","year":"LTM\n?","value":"0"},{"name":"opex","year":"2021","value":"1.000"},{"name":"opex","year":"2022","value":"0.880"},{"name":"opex","year":"2023","value":"1.18"},{"name":"opex","year":"LTM\n?","value":"1.18"},{"name":"employment_expenses","year":"2021","value":""},{"name":"employment_expenses","year":"2022","value":"0.371"},{"name":"employment_expenses","year":"2023","value":"0.411"},{"name":"employment_expenses","year":"LTM\n?","value":""},{"name":"interest_expenses","year":"2021","value":"0.440"},{"name":"interest_expenses","year":"2022","value":"0.470"},{"name":"interest_expenses","year":"2023","value":"0.400"},{"name":"interest_expenses","year":"LTM\n?","value":"0.400"},{"name":"creation_of_provision_for_loan_impairment","year":"2021","value":"0.660"},{"name":"creation_of_provision_for_loan_impairment","year":"2022","value":"0.690"},{"name":"creation_of_provision_for_loan_impairment","year":"2023","value":"0.650"},{"name":"creation_of_provision_for_loan_impairment","year":"LTM\n?","value":"0.650"},{"name":"debt","year":"2021","value":"6.85"},{"name":"debt","year":"2022","value":"7.37"},{"name":"debt","year":"2023","value":"7.62"},{"name":"debt","year":"LTM\n?","value":"7.62"},{"name":"cash","year":"2021","value":"0.150"},{"name":"cash","year":"2022","value":"0.200"},{"name":"cash","year":"2023","value":"0.330"},{"name":"cash","year":"LTM\n?","value":"0.330"},{"name":"net_debt","year":"2021","value":"6.70"},{"name":"net_debt","year":"2022","value":"7.17"},{"name":"net_debt","year":"2023","value":"7.29"},{"name":"net_debt","year":"LTM\n?","value":"7.29"},{"name":"bank_assets","year":"2021","value":"4.76"},{"name":"bank_assets","year":"2022","value":"5.25"},{"name":"bank_assets","year":"2023","value":"6.48"},{"name":"bank_assets","year":"LTM\n?","value":"6.48"},{"name":"capital","year":"2021","value":"1.81"},{"name":"capital","year":"2022","value":"2.14"},{"name":"capital","year":"2023","value":"3.70"},{"name":"capital","year":"LTM\n?","value":"3.70"},{"name":"common_share","year":"2021","value":"3.00"},{"name":"common_share","year":"2022","value":"3.00"},{"name":"common_share","year":"2023","value":"2.26"},{"name":"common_share","year":"LTM\n?","value":"1.70"},{"name":"number_of_shares","year":"2021","value":"1 898"},{"name":"number_of_shares","year":"2022","value":"1 898"},{"name":"number_of_shares","year":"2023","value":"1 898"},{"name":"number_of_shares","year":"LTM\n?","value":"1 898"},{"name":"free_float","year":"2021","value":""},{"name":"free_float","year":"2022","value":""},{"name":"free_float","year":"2023","value":"30.0%"},{"name":"free_float","year":"LTM\n?","value":""},{"name":"market_cap","year":"2021","value":"5.69"},{"name":"market_cap","year":"2022","value":"5.69"},{"name":"market_cap","year":"2023","value":"4.29"},{"name":"market_cap","year":"LTM\n?","value":"3.22"},{"name":"ev","year":"2021","value":"12.4"},{"name":"ev","year":"2022","value":"12.9"},{"name":"ev","year":"2023","value":"11.6"},{"name":"ev","year":"LTM\n?","value":"10.5"},{"name":"eps","year":"2021","value":"0.13"},{"name":"eps","year":"2022","value":"0.21"},{"name":"eps","year":"2023","value":"0.34"},{"name":"eps","year":"LTM\n?","value":"0.34"},{"name":"fcf_yield","year":"2021","value":"0.0%"},{"name":"fcf_yield","year":"2022","value":"0.0%"},{"name":"fcf_yield","year":"2023","value":"0.0%"},{"name":"fcf_yield","year":"LTM\n?","value":"0.0%"},{"name":"roa","year":"2021","value":""},{"name":"roa","year":"2022","value":""},{"name":"roa","year":"2023","value":"9.4%"},{"name":"roa","year":"LTM\n?","value":""},{"name":"bank_margin","year":"2021","value":"12.4%"},{"name":"bank_margin","year":"2022","value":"19.9%"},{"name":"bank_margin","year":"2023","value":"25.8%"},{"name":"bank_margin","year":"LTM\n?","value":"25.8%"},{"name":"p_e","year":"2021","value":"22.8"},{"name":"p_e","year":"2022","value":"14.6"},{"name":"p_e","year":"2023","value":"6.64"},{"name":"p_e","year":"LTM\n?","value":"4.98"},{"name":"p_b","year":"2021","value":"3.15"},{"name":"p_b","year":"2022","value":"2.66"},{"name":"p_b","year":"2023","value":"1.16"},{"name":"p_b","year":"LTM\n?","value":"0.87"},{"name":"employees","year":"2021","value":""},{"name":"employees","year":"2022","value":"292"},{"name":"employees","year":"2023","value":"303"},{"name":"employees","year":"LTM\n?","value":"303"},{"name":"labour_productivity","year":"2021","value":""},{"name":"labour_productivity","year":"2022","value":"6.71"},{"name":"labour_productivity","year":"2023","value":"8.28"},{"name":"labour_productivity","year":"LTM\n?","value":"8.28"},{"name":"expenses_per_employee","year":"2021","value":""},{"name":"expenses_per_employee","year":"2022","value":"1 271"},{"name":"expenses_per_employee","year":"2023","value":"1 356"},{"name":"expenses_per_employee","year":"LTM\n?","value":"0"},{"name":"irr","year":"2021","value":""},{"name":"irr","year":"2022","value":""},{"name":"irr","year":"2023","value":"5.0"},{"name":"irr","year":"LTM\n?","value":"5.0"},{"name":"ir_fs_quality","year":"2021","value":""},{"name":"ir_fs_quality","year":"2022","value":""},{"name":"ir_fs_quality","year":"2023","value":"5"},{"name":"ir_fs_quality","year":"LTM\n?","value":"5"},{"name":"ir_investor_presentations","year":"2021","value":""},{"name":"ir_investor_presentations","year":"2022","value":""},{"name":"ir_investor_presentations","year":"2023","value":"5"},{"name":"ir_investor_presentations","year":"LTM\n?","value":"5"},{"name":"ir_annual_report","year":"2021","value":""},{"name":"ir_annual_report","year":"2022","value":""},{"name":"ir_annual_report","year":"2023","value":"5"},{"name":"ir_annual_report","year":"LTM\n?","value":"5"},{"name":"ir_investor_site","year":"2021","value":""},{"name":"ir_investor_site","year":"2022","value":""},{"name":"ir_investor_site","year":"2023","value":"5"},{"name":"ir_investor_site","year":"LTM\n?","value":"5"},{"name":"ir_investor_calendar","year":"2021","value":""},{"name":"ir_investor_calendar","year":"2022","value":""},{"name":"ir_investor_calendar","year":"2023","value":"5"},{"name":"ir_investor_calendar","year":"LTM\n?","value":"5"},{"name":"ir_feedback","year":"2021","value":""},{"name":"ir_feedback","year":"2022","value":""},{"name":"ir_feedback","year":"2023","value":"5"},{"name":"ir_feedback","year":"LTM\n?","value":"5"}]