[
  {
    "name": "revenue",
    "year": "2013",
    "value": 4.84
  },
  {
    "name": "revenue",
    "year": "2014",
    "value": 5.35
  },
  {
    "name": "revenue",
    "year": "2015",
    "value": 6.39
  },
  {
    "name": "revenue",
    "year": "2016",
    "value": 7.438
  },
  {
    "name": "revenue",
    "year": "2017",
    "value": 7.376
  },
  {
    "name": "revenue",
    "year": "2018",
    "value": 8.534
  },
  {
    "name": "revenue",
    "year": "2019",
    "value": 9.189
  },
  {
    "name": "revenue",
    "year": "2020",
    "value": 10.05
  },
  {
    "name": "revenue",
    "year": "2021",
    "value": 11.6
  },
  {
    "name": "revenue",
    "year": "2022",
    "value": 13.81
  },
  {
    "name": "revenue",
    "year": "2023",
    "value": 14.06
  },
  {
    "name": "revenue",
    "year": "LTM",
    "value": 14.06
  },
  {
    "name": "operating_income",
    "year": "2016",
    "value": 1.02
  },
  {
    "name": "operating_income",
    "year": "2017",
    "value": 1.365
  },
  {
    "name": "operating_income",
    "year": "2018",
    "value": 1.57
  },
  {
    "name": "operating_income",
    "year": "2019",
    "value": 1.73
  },
  {
    "name": "operating_income",
    "year": "2020",
    "value": 1.72
  },
  {
    "name": "operating_income",
    "year": "2021",
    "value": 2.23
  },
  {
    "name": "operating_income",
    "year": "2022",
    "value": 2.74
  },
  {
    "name": "operating_income",
    "year": "2023",
    "value": 1.67
  },
  {
    "name": "operating_income",
    "year": "LTM",
    "value": 1.67
  },
  {
    "name": "ebitda",
    "year": "2016",
    "value": 1.25
  },
  {
    "name": "ebitda",
    "year": "2017",
    "value": 1.61
  },
  {
    "name": "ebitda",
    "year": "2018",
    "value": 1.82
  },
  {
    "name": "ebitda",
    "year": "2019",
    "value": 2.21
  },
  {
    "name": "ebitda",
    "year": "2020",
    "value": 2.07
  },
  {
    "name": "ebitda",
    "year": "2021",
    "value": 2.93
  },
  {
    "name": "ebitda",
    "year": "2022",
    "value": 3.38
  },
  {
    "name": "ebitda",
    "year": "2023",
    "value": 2.9
  },
  {
    "name": "ebitda",
    "year": "LTM",
    "value": 2.9
  },
  {
    "name": "net_income",
    "year": "2013",
    "value": 0.64
  },
  {
    "name": "net_income",
    "year": "2014",
    "value": 0.04
  },
  {
    "name": "net_income",
    "year": "2015",
    "value": 0.12
  },
  {
    "name": "net_income",
    "year": "2016",
    "value": 0.495
  },
  {
    "name": "net_income",
    "year": "2017",
    "value": 0.826
  },
  {
    "name": "net_income",
    "year": "2018",
    "value": 1.091
  },
  {
    "name": "net_income",
    "year": "2019",
    "value": 1.286
  },
  {
    "name": "net_income",
    "year": "2020",
    "value": 1.1
  },
  {
    "name": "net_income",
    "year": "2021",
    "value": 1.35
  },
  {
    "name": "net_income",
    "year": "2022",
    "value": 1.75
  },
  {
    "name": "net_income",
    "year": "2023",
    "value": 1.28
  },
  {
    "name": "net_income",
    "year": "LTM",
    "value": 1.28
  },
  {
    "name": "ocf",
    "year": "2017",
    "value": 0.21
  },
  {
    "name": "ocf",
    "year": "2018",
    "value": 0.503
  },
  {
    "name": "ocf",
    "year": "2019",
    "value": 1.229
  },
  {
    "name": "ocf",
    "year": "2020",
    "value": 0.419
  },
  {
    "name": "ocf",
    "year": "2021",
    "value": 0.879
  },
  {
    "name": "ocf",
    "year": "2022",
    "value": 0.805
  },
  {
    "name": "ocf",
    "year": "2023",
    "value": -0.56
  },
  {
    "name": "ocf",
    "year": "LTM",
    "value": -0.56
  },
  {
    "name": "capex",
    "year": "2017",
    "value": 0.663
  },
  {
    "name": "capex",
    "year": "2018",
    "value": 0.549
  },
  {
    "name": "capex",
    "year": "2019",
    "value": 1.259
  },
  {
    "name": "capex",
    "year": "2020",
    "value": 0.3
  },
  {
    "name": "capex",
    "year": "2021",
    "value": 0.746
  },
  {
    "name": "capex",
    "year": "2022",
    "value": 1.36
  },
  {
    "name": "capex",
    "year": "2023",
    "value": 1.42
  },
  {
    "name": "capex",
    "year": "LTM",
    "value": 1.42
  },
  {
    "name": "fcf",
    "year": "2017",
    "value": -0.453
  },
  {
    "name": "fcf",
    "year": "2018",
    "value": -0.046
  },
  {
    "name": "fcf",
    "year": "2019",
    "value": -0.027
  },
  {
    "name": "fcf",
    "year": "2020",
    "value": 0.122
  },
  {
    "name": "fcf",
    "year": "2021",
    "value": 0.572
  },
  {
    "name": "fcf",
    "year": "2022",
    "value": -0.672
  },
  {
    "name": "fcf",
    "year": "2023",
    "value": -1.98
  },
  {
    "name": "fcf",
    "year": "LTM",
    "value": -1.98
  },
  {
    "name": "cost_of_production",
    "year": "2013",
    "value": 2.23
  },
  {
    "name": "cost_of_production",
    "year": "2014",
    "value": 2.58
  },
  {
    "name": "cost_of_production",
    "year": "2015",
    "value": 2.77
  },
  {
    "name": "cost_of_production",
    "year": "2016",
    "value": 3.088
  },
  {
    "name": "cost_of_production",
    "year": "2017",
    "value": 3.264
  },
  {
    "name": "cost_of_production",
    "year": "2018",
    "value": 3.995
  },
  {
    "name": "cost_of_production",
    "year": "2019",
    "value": 4.491
  },
  {
    "name": "cost_of_production",
    "year": "2020",
    "value": 5.144
  },
  {
    "name": "cost_of_production",
    "year": "2021",
    "value": 5.99
  },
  {
    "name": "cost_of_production",
    "year": "2022",
    "value": 6.33
  },
  {
    "name": "cost_of_production",
    "year": "2023",
    "value": 7.11
  },
  {
    "name": "cost_of_production",
    "year": "LTM",
    "value": 7.11
  },
  {
    "name": "employment_expenses",
    "year": "2017",
    "value": 1.088
  },
  {
    "name": "employment_expenses",
    "year": "2018",
    "value": 1.146
  },
  {
    "name": "employment_expenses",
    "year": "2019",
    "value": 1.322
  },
  {
    "name": "employment_expenses",
    "year": "2020",
    "value": 1.36
  },
  {
    "name": "employment_expenses",
    "year": "2021",
    "value": 1.197
  },
  {
    "name": "employment_expenses",
    "year": "2022",
    "value": 1.56
  },
  {
    "name": "employment_expenses",
    "year": "LTM",
    "value": 1.1
  },
  {
    "name": "interest_expenses",
    "year": "2017",
    "value": 0.123
  },
  {
    "name": "interest_expenses",
    "year": "2018",
    "value": 0.139
  },
  {
    "name": "interest_expenses",
    "year": "2019",
    "value": 0.35
  },
  {
    "name": "interest_expenses",
    "year": "2020",
    "value": 0.49
  },
  {
    "name": "interest_expenses",
    "year": "2021",
    "value": 0.493
  },
  {
    "name": "interest_expenses",
    "year": "2022",
    "value": 0.627
  },
  {
    "name": "interest_expenses",
    "year": "LTM",
    "value": 0.29
  },
  {
    "name": "assets",
    "year": "2017",
    "value": 12.97
  },
  {
    "name": "assets",
    "year": "2018",
    "value": 14.225
  },
  {
    "name": "assets",
    "year": "2019",
    "value": 15.79
  },
  {
    "name": "assets",
    "year": "2020",
    "value": 20.52
  },
  {
    "name": "assets",
    "year": "2021",
    "value": 21.64
  },
  {
    "name": "assets",
    "year": "2022",
    "value": 24.63
  },
  {
    "name": "assets",
    "year": "2023",
    "value": 27.7
  },
  {
    "name": "assets",
    "year": "LTM",
    "value": 27.7
  },
  {
    "name": "net_assets",
    "year": "2013",
    "value": 3.82
  },
  {
    "name": "net_assets",
    "year": "2014",
    "value": 2.69
  },
  {
    "name": "net_assets",
    "year": "2015",
    "value": 3.32
  },
  {
    "name": "net_assets",
    "year": "2016",
    "value": 6.544
  },
  {
    "name": "net_assets",
    "year": "2017",
    "value": 7.244
  },
  {
    "name": "net_assets",
    "year": "2018",
    "value": 8.143
  },
  {
    "name": "net_assets",
    "year": "2019",
    "value": 9.148
  },
  {
    "name": "net_assets",
    "year": "2020",
    "value": 10.15
  },
  {
    "name": "net_assets",
    "year": "2021",
    "value": 11.23
  },
  {
    "name": "net_assets",
    "year": "2022",
    "value": 12.63
  },
  {
    "name": "net_assets",
    "year": "2023",
    "value": 13.38
  },
  {
    "name": "net_assets",
    "year": "LTM",
    "value": 13.38
  },
  {
    "name": "debt",
    "year": "2013",
    "value": 2.68
  },
  {
    "name": "debt",
    "year": "2014",
    "value": 2.31
  },
  {
    "name": "debt",
    "year": "2015",
    "value": 3.98
  },
  {
    "name": "debt",
    "year": "2016",
    "value": 2.561
  },
  {
    "name": "debt",
    "year": "2017",
    "value": 3.214
  },
  {
    "name": "debt",
    "year": "2018",
    "value": 3.503
  },
  {
    "name": "debt",
    "year": "2019",
    "value": 3.595
  },
  {
    "name": "debt",
    "year": "2020",
    "value": 6.61
  },
  {
    "name": "debt",
    "year": "2021",
    "value": 6.4
  },
  {
    "name": "debt",
    "year": "2022",
    "value": 7.47
  },
  {
    "name": "debt",
    "year": "2023",
    "value": 8.87
  },
  {
    "name": "debt",
    "year": "LTM",
    "value": 8.87
  },
  {
    "name": "cash",
    "year": "2013",
    "value": 0.13
  },
  {
    "name": "cash",
    "year": "2014",
    "value": 0.12
  },
  {
    "name": "cash",
    "year": "2015",
    "value": 0.06
  },
  {
    "name": "cash",
    "year": "2016",
    "value": 0.114
  },
  {
    "name": "cash",
    "year": "2017",
    "value": 0.049
  },
  {
    "name": "cash",
    "year": "2018",
    "value": 0.162
  },
  {
    "name": "cash",
    "year": "2019",
    "value": 0.128
  },
  {
    "name": "cash",
    "year": "2020",
    "value": 0.246
  },
  {
    "name": "cash",
    "year": "2021",
    "value": 0.186
  },
  {
    "name": "cash",
    "year": "2022",
    "value": 0.34
  },
  {
    "name": "cash",
    "year": "2023",
    "value": 0.135
  },
  {
    "name": "cash",
    "year": "LTM",
    "value": 0.135
  },
  {
    "name": "net_debt",
    "year": "2013",
    "value": 2.55
  },
  {
    "name": "net_debt",
    "year": "2014",
    "value": 2.19
  },
  {
    "name": "net_debt",
    "year": "2015",
    "value": 3.92
  },
  {
    "name": "net_debt",
    "year": "2016",
    "value": 2.447
  },
  {
    "name": "net_debt",
    "year": "2017",
    "value": 3.165
  },
  {
    "name": "net_debt",
    "year": "2018",
    "value": 3.341
  },
  {
    "name": "net_debt",
    "year": "2019",
    "value": 3.467
  },
  {
    "name": "net_debt",
    "year": "2020",
    "value": 6.364
  },
  {
    "name": "net_debt",
    "year": "2021",
    "value": 6.214
  },
  {
    "name": "net_debt",
    "year": "2022",
    "value": 7.13
  },
  {
    "name": "net_debt",
    "year": "2023",
    "value": 8.735
  },
  {
    "name": "net_debt",
    "year": "LTM",
    "value": 8.735
  },
  {
    "name": "common_share",
    "year": "2016",
    "value": 100.0
  },
  {
    "name": "common_share",
    "year": "2017",
    "value": 146.0
  },
  {
    "name": "common_share",
    "year": "2018",
    "value": 143.0
  },
  {
    "name": "common_share",
    "year": "2019",
    "value": 139.0
  },
  {
    "name": "common_share",
    "year": "2020",
    "value": 199.5
  },
  {
    "name": "common_share",
    "year": "2021",
    "value": 192.5
  },
  {
    "name": "common_share",
    "year": "2022",
    "value": 191.0
  },
  {
    "name": "common_share",
    "year": "2023",
    "value": 263.8
  },
  {
    "name": "common_share",
    "year": "LTM",
    "value": 196.4
  },
  {
    "name": "number_of_shares",
    "year": "2013",
    "value": 98.000184
  },
  {
    "name": "number_of_shares",
    "year": "2014",
    "value": 98.000184
  },
  {
    "name": "number_of_shares",
    "year": "2015",
    "value": 98.000184
  },
  {
    "name": "number_of_shares",
    "year": "2016",
    "value": 98.000184
  },
  {
    "name": "number_of_shares",
    "year": "2017",
    "value": 98.000184
  },
  {
    "name": "number_of_shares",
    "year": "2018",
    "value": 98.000184
  },
  {
    "name": "number_of_shares",
    "year": "2019",
    "value": 98.000184
  },
  {
    "name": "number_of_shares",
    "year": "2020",
    "value": 98.000184
  },
  {
    "name": "number_of_shares",
    "year": "2021",
    "value": 98.000184
  },
  {
    "name": "number_of_shares",
    "year": "2022",
    "value": 98.000184
  },
  {
    "name": "number_of_shares",
    "year": "2023",
    "value": 98.000184
  },
  {
    "name": "number_of_shares",
    "year": "LTM",
    "value": 98.000184
  },
  {
    "name": "market_cap",
    "year": "2013",
    "value": 0.0
  },
  {
    "name": "market_cap",
    "year": "2014",
    "value": 0.0
  },
  {
    "name": "market_cap",
    "year": "2015",
    "value": 0.0
  },
  {
    "name": "market_cap",
    "year": "2016",
    "value": 9.8000184
  },
  {
    "name": "market_cap",
    "year": "2017",
    "value": 14.308026864
  },
  {
    "name": "market_cap",
    "year": "2018",
    "value": 14.014026312
  },
  {
    "name": "market_cap",
    "year": "2019",
    "value": 13.622025576
  },
  {
    "name": "market_cap",
    "year": "2020",
    "value": 19.551036708
  },
  {
    "name": "market_cap",
    "year": "2021",
    "value": 18.86503542
  },
  {
    "name": "market_cap",
    "year": "2022",
    "value": 18.718035144
  },
  {
    "name": "market_cap",
    "year": "2023",
    "value": 25.8524485392
  },
  {
    "name": "market_cap",
    "year": "LTM",
    "value": 19.2472361376
  },
  {
    "name": "ev",
    "year": "2013",
    "value": 2.55
  },
  {
    "name": "ev",
    "year": "2014",
    "value": 2.19
  },
  {
    "name": "ev",
    "year": "2015",
    "value": 3.92
  },
  {
    "name": "ev",
    "year": "2016",
    "value": 12.2470184
  },
  {
    "name": "ev",
    "year": "2017",
    "value": 17.473026864
  },
  {
    "name": "ev",
    "year": "2018",
    "value": 17.355026312
  },
  {
    "name": "ev",
    "year": "2019",
    "value": 17.089025576
  },
  {
    "name": "ev",
    "year": "2020",
    "value": 25.915036708
  },
  {
    "name": "ev",
    "year": "2021",
    "value": 25.07903542
  },
  {
    "name": "ev",
    "year": "2022",
    "value": 25.848035144
  },
  {
    "name": "ev",
    "year": "2023",
    "value": 34.5874485392
  },
  {
    "name": "ev",
    "year": "LTM",
    "value": 27.9822361376
  },
  {
    "name": "book_value",
    "year": "2013",
    "value": 3.82
  },
  {
    "name": "book_value",
    "year": "2014",
    "value": 2.69
  },
  {
    "name": "book_value",
    "year": "2015",
    "value": 3.32
  },
  {
    "name": "book_value",
    "year": "2016",
    "value": 6.544
  },
  {
    "name": "book_value",
    "year": "2017",
    "value": 7.244
  },
  {
    "name": "book_value",
    "year": "2018",
    "value": 8.143
  },
  {
    "name": "book_value",
    "year": "2019",
    "value": 9.148
  },
  {
    "name": "book_value",
    "year": "2020",
    "value": 10.119
  },
  {
    "name": "book_value",
    "year": "2021",
    "value": 11.18
  },
  {
    "name": "book_value",
    "year": "2022",
    "value": 12.567
  },
  {
    "name": "book_value",
    "year": "2023",
    "value": 13.38
  },
  {
    "name": "book_value",
    "year": "LTM",
    "value": 13.38
  },
  {
    "name": "eps",
    "year": "2013",
    "value": 6.53059998336
  },
  {
    "name": "eps",
    "year": "2014",
    "value": 0.40816249896
  },
  {
    "name": "eps",
    "year": "2015",
    "value": 1.22448749688
  },
  {
    "name": "eps",
    "year": "2016",
    "value": 5.05101092463
  },
  {
    "name": "eps",
    "year": "2017",
    "value": 8.42855560353
  },
  {
    "name": "eps",
    "year": "2018",
    "value": 11.1326321591
  },
  {
    "name": "eps",
    "year": "2019",
    "value": 13.1224243416
  },
  {
    "name": "eps",
    "year": "2020",
    "value": 11.2244687214
  },
  {
    "name": "eps",
    "year": "2021",
    "value": 13.7754843399
  },
  {
    "name": "eps",
    "year": "2022",
    "value": 17.8571093295
  },
  {
    "name": "eps",
    "year": "2023",
    "value": 13.0611999667
  },
  {
    "name": "eps",
    "year": "LTM",
    "value": 13.061199966726592
  },
  {
    "name": "fcf_share",
    "year": "2013",
    "value": 0.0
  },
  {
    "name": "fcf_share",
    "year": "2014",
    "value": 0.0
  },
  {
    "name": "fcf_share",
    "year": "2015",
    "value": 0.0
  },
  {
    "name": "fcf_share",
    "year": "2016",
    "value": 0.0
  },
  {
    "name": "fcf_share",
    "year": "2017",
    "value": -4.62244030072
  },
  {
    "name": "fcf_share",
    "year": "2018",
    "value": -0.469386873804
  },
  {
    "name": "fcf_share",
    "year": "2019",
    "value": -0.275509686798
  },
  {
    "name": "fcf_share",
    "year": "2020",
    "value": 1.24489562183
  },
  {
    "name": "fcf_share",
    "year": "2021",
    "value": 5.83672373513
  },
  {
    "name": "fcf_share",
    "year": "2022",
    "value": -6.85712998253
  },
  {
    "name": "fcf_share",
    "year": "2023",
    "value": -20.2040436985
  },
  {
    "name": "fcf_share",
    "year": "LTM",
    "value": -20.2040436985302
  },
  {
    "name": "bv_share",
    "year": "2013",
    "value": 38.9795186507
  },
  {
    "name": "bv_share",
    "year": "2014",
    "value": 27.4489280551
  },
  {
    "name": "bv_share",
    "year": "2015",
    "value": 33.8774874137
  },
  {
    "name": "bv_share",
    "year": "2016",
    "value": 66.7753848299
  },
  {
    "name": "bv_share",
    "year": "2017",
    "value": 73.9182285617
  },
  {
    "name": "bv_share",
    "year": "2018",
    "value": 83.0916807258
  },
  {
    "name": "bv_share",
    "year": "2019",
    "value": 93.3467635122
  },
  {
    "name": "bv_share",
    "year": "2020",
    "value": 103.254908174
  },
  {
    "name": "bv_share",
    "year": "2021",
    "value": 114.081418459
  },
  {
    "name": "bv_share",
    "year": "2022",
    "value": 128.234453111
  },
  {
    "name": "bv_share",
    "year": "2023",
    "value": 136.530355902
  },
  {
    "name": "bv_share",
    "year": "LTM",
    "value": 136.53035590218892
  },
  {
    "name": "ebitda_margin",
    "year": "2013",
    "value": 0.0
  },
  {
    "name": "ebitda_margin",
    "year": "2014",
    "value": 0.0
  },
  {
    "name": "ebitda_margin",
    "year": "2015",
    "value": 0.0
  },
  {
    "name": "ebitda_margin",
    "year": "2016",
    "value": 16.805592901300002
  },
  {
    "name": "ebitda_margin",
    "year": "2017",
    "value": 21.827548806899998
  },
  {
    "name": "ebitda_margin",
    "year": "2018",
    "value": 21.3264588704
  },
  {
    "name": "ebitda_margin",
    "year": "2019",
    "value": 24.0504951573
  },
  {
    "name": "ebitda_margin",
    "year": "2020",
    "value": 20.5970149254
  },
  {
    "name": "ebitda_margin",
    "year": "2021",
    "value": 25.258620689700003
  },
  {
    "name": "ebitda_margin",
    "year": "2022",
    "value": 24.4750181028
  },
  {
    "name": "ebitda_margin",
    "year": "2023",
    "value": 20.6258890469
  },
  {
    "name": "ebitda_margin",
    "year": "LTM",
    "value": 20.62588904694168
  },
  {
    "name": "net_margin",
    "year": "2013",
    "value": 13.2231404959
  },
  {
    "name": "net_margin",
    "year": "2014",
    "value": 0.747663551402
  },
  {
    "name": "net_margin",
    "year": "2015",
    "value": 1.8779342723
  },
  {
    "name": "net_margin",
    "year": "2016",
    "value": 6.655014788919999
  },
  {
    "name": "net_margin",
    "year": "2017",
    "value": 11.1984815618
  },
  {
    "name": "net_margin",
    "year": "2018",
    "value": 12.784157487700002
  },
  {
    "name": "net_margin",
    "year": "2019",
    "value": 13.994994014600001
  },
  {
    "name": "net_margin",
    "year": "2020",
    "value": 10.9452736318
  },
  {
    "name": "net_margin",
    "year": "2021",
    "value": 11.6379310345
  },
  {
    "name": "net_margin",
    "year": "2022",
    "value": 12.6719768284
  },
  {
    "name": "net_margin",
    "year": "2023",
    "value": 9.10384068279
  },
  {
    "name": "net_margin",
    "year": "LTM",
    "value": 9.103840682788052
  },
  {
    "name": "fcf_yield",
    "year": "2016",
    "value": 0.0
  },
  {
    "name": "fcf_yield",
    "year": "2017",
    "value": -3.1660550005
  },
  {
    "name": "fcf_yield",
    "year": "2018",
    "value": -0.328242569094
  },
  {
    "name": "fcf_yield",
    "year": "2019",
    "value": -0.19820840776799997
  },
  {
    "name": "fcf_yield",
    "year": "2020",
    "value": 0.624007830491
  },
  {
    "name": "fcf_yield",
    "year": "2021",
    "value": 3.03206427799
  },
  {
    "name": "fcf_yield",
    "year": "2022",
    "value": -3.5901204097
  },
  {
    "name": "fcf_yield",
    "year": "2023",
    "value": -7.65884901385
  },
  {
    "name": "fcf_yield",
    "year": "LTM",
    "value": -10.28719129253065
  },
  {
    "name": "roe",
    "year": "2013",
    "value": 16.7539267016
  },
  {
    "name": "roe",
    "year": "2014",
    "value": 1.48698884758
  },
  {
    "name": "roe",
    "year": "2015",
    "value": 3.61445783133
  },
  {
    "name": "roe",
    "year": "2016",
    "value": 7.564180929100001
  },
  {
    "name": "roe",
    "year": "2017",
    "value": 11.402540033100001
  },
  {
    "name": "roe",
    "year": "2018",
    "value": 13.3980105612
  },
  {
    "name": "roe",
    "year": "2019",
    "value": 14.0577175339
  },
  {
    "name": "roe",
    "year": "2020",
    "value": 10.8374384236
  },
  {
    "name": "roe",
    "year": "2021",
    "value": 12.021371326799999
  },
  {
    "name": "roe",
    "year": "2022",
    "value": 13.855898654
  },
  {
    "name": "roe",
    "year": "2023",
    "value": 9.56651718984
  },
  {
    "name": "roe",
    "year": "LTM",
    "value": 9.566517189835576
  },
  {
    "name": "roa",
    "year": "2017",
    "value": 6.36854279106
  },
  {
    "name": "roa",
    "year": "2018",
    "value": 7.66959578207
  },
  {
    "name": "roa",
    "year": "2019",
    "value": 8.14439518683
  },
  {
    "name": "roa",
    "year": "2020",
    "value": 5.360623781679999
  },
  {
    "name": "roa",
    "year": "2021",
    "value": 6.2384473197800006
  },
  {
    "name": "roa",
    "year": "2022",
    "value": 7.10515631344
  },
  {
    "name": "roa",
    "year": "2023",
    "value": 4.62093862816
  },
  {
    "name": "roa",
    "year": "LTM",
    "value": 4.620938628158845
  },
  {
    "name": "p_e",
    "year": "2013",
    "value": 0.0
  },
  {
    "name": "p_e",
    "year": "2014",
    "value": 0.0
  },
  {
    "name": "p_e",
    "year": "2015",
    "value": 0.0
  },
  {
    "name": "p_e",
    "year": "2016",
    "value": 19.7980169697
  },
  {
    "name": "p_e",
    "year": "2017",
    "value": 17.3220664213
  },
  {
    "name": "p_e",
    "year": "2018",
    "value": 12.8451203593
  },
  {
    "name": "p_e",
    "year": "2019",
    "value": 10.5925548802
  },
  {
    "name": "p_e",
    "year": "2020",
    "value": 17.7736697345
  },
  {
    "name": "p_e",
    "year": "2021",
    "value": 13.9741003111
  },
  {
    "name": "p_e",
    "year": "2022",
    "value": 10.6960200823
  },
  {
    "name": "p_e",
    "year": "2023",
    "value": 20.1972254212
  },
  {
    "name": "p_e",
    "year": "LTM",
    "value": 15.036903232500002
  },
  {
    "name": "p_fcf",
    "year": "2017",
    "value": -31.585048264900664
  },
  {
    "name": "p_fcf",
    "year": "2018",
    "value": -304.6527459130435
  },
  {
    "name": "p_fcf",
    "year": "2019",
    "value": -504.5194657777778
  },
  {
    "name": "p_fcf",
    "year": "2020",
    "value": 160.25439924590165
  },
  {
    "name": "p_fcf",
    "year": "2021",
    "value": 32.980831153846154
  },
  {
    "name": "p_fcf",
    "year": "2022",
    "value": -27.8542189643
  },
  {
    "name": "p_fcf",
    "year": "2023",
    "value": -13.0567921915
  },
  {
    "name": "p_fcf",
    "year": "LTM",
    "value": -9.720826332121213
  },
  {
    "name": "p_s",
    "year": "2013",
    "value": 0.0
  },
  {
    "name": "p_s",
    "year": "2014",
    "value": 0.0
  },
  {
    "name": "p_s",
    "year": "2015",
    "value": 0.0
  },
  {
    "name": "p_s",
    "year": "2016",
    "value": 1.31756095725
  },
  {
    "name": "p_s",
    "year": "2017",
    "value": 1.93980841432
  },
  {
    "name": "p_s",
    "year": "2018",
    "value": 1.64214041622
  },
  {
    "name": "p_s",
    "year": "2019",
    "value": 1.48242742148
  },
  {
    "name": "p_s",
    "year": "2020",
    "value": 1.94537678687
  },
  {
    "name": "p_s",
    "year": "2021",
    "value": 1.6262961569
  },
  {
    "name": "p_s",
    "year": "2022",
    "value": 1.35539718639
  },
  {
    "name": "p_s",
    "year": "2023",
    "value": 1.83872322469
  },
  {
    "name": "p_s",
    "year": "LTM",
    "value": 1.3689357139118068
  },
  {
    "name": "p_bv",
    "year": "2013",
    "value": 0.0
  },
  {
    "name": "p_bv",
    "year": "2014",
    "value": 0.0
  },
  {
    "name": "p_bv",
    "year": "2015",
    "value": 0.0
  },
  {
    "name": "p_bv",
    "year": "2016",
    "value": 1.49755782396
  },
  {
    "name": "p_bv",
    "year": "2017",
    "value": 1.97515555826
  },
  {
    "name": "p_bv",
    "year": "2018",
    "value": 1.72099058234
  },
  {
    "name": "p_bv",
    "year": "2019",
    "value": 1.48907144469
  },
  {
    "name": "p_bv",
    "year": "2020",
    "value": 1.93211154343
  },
  {
    "name": "p_bv",
    "year": "2021",
    "value": 1.68739136136
  },
  {
    "name": "p_bv",
    "year": "2022",
    "value": 1.48945930962
  },
  {
    "name": "p_bv",
    "year": "2023",
    "value": 1.93217104179
  },
  {
    "name": "p_bv",
    "year": "LTM",
    "value": 1.438507932556054
  },
  {
    "name": "ev_ebitda",
    "year": "2016",
    "value": 9.79761472
  },
  {
    "name": "ev_ebitda",
    "year": "2017",
    "value": 10.8528117168
  },
  {
    "name": "ev_ebitda",
    "year": "2018",
    "value": 9.53572874286
  },
  {
    "name": "ev_ebitda",
    "year": "2019",
    "value": 7.73259075837
  },
  {
    "name": "ev_ebitda",
    "year": "2020",
    "value": 12.5193414048
  },
  {
    "name": "ev_ebitda",
    "year": "2021",
    "value": 8.55939775427
  },
  {
    "name": "ev_ebitda",
    "year": "2022",
    "value": 7.64734767574
  },
  {
    "name": "ev_ebitda",
    "year": "2023",
    "value": 11.9267063928
  },
  {
    "name": "ev_ebitda",
    "year": "LTM",
    "value": 9.649046944
  },
  {
    "name": "debt_ebitda",
    "year": "2016",
    "value": 1.9576
  },
  {
    "name": "debt_ebitda",
    "year": "2017",
    "value": 1.96583850932
  },
  {
    "name": "debt_ebitda",
    "year": "2018",
    "value": 1.83571428571
  },
  {
    "name": "debt_ebitda",
    "year": "2019",
    "value": 1.56877828054
  },
  {
    "name": "debt_ebitda",
    "year": "2020",
    "value": 3.07439613527
  },
  {
    "name": "debt_ebitda",
    "year": "2021",
    "value": 2.12081911263
  },
  {
    "name": "debt_ebitda",
    "year": "2022",
    "value": 2.10946745562
  },
  {
    "name": "debt_ebitda",
    "year": "2023",
    "value": 3.01206896552
  },
  {
    "name": "debt_ebitda",
    "year": "LTM",
    "value": 3.0120689655172415
  },
  {
    "name": "r_and_d_capex",
    "year": "2017",
    "value": 0.0
  },
  {
    "name": "r_and_d_capex",
    "year": "2018",
    "value": 0.0
  },
  {
    "name": "r_and_d_capex",
    "year": "2019",
    "value": 0.0
  },
  {
    "name": "r_and_d_capex",
    "year": "2020",
    "value": 0.0
  },
  {
    "name": "r_and_d_capex",
    "year": "2021",
    "value": 0.0
  },
  {
    "name": "r_and_d_capex",
    "year": "2022",
    "value": 0.0
  },
  {
    "name": "r_and_d_capex",
    "year": "2023",
    "value": 0.0
  },
  {
    "name": "r_and_d_capex",
    "year": "LTM",
    "value": 0.0
  },
  {
    "name": "capex_revenue",
    "year": "2013",
    "value": 0.0
  },
  {
    "name": "capex_revenue",
    "year": "2014",
    "value": 0.0
  },
  {
    "name": "capex_revenue",
    "year": "2015",
    "value": 0.0
  },
  {
    "name": "capex_revenue",
    "year": "2016",
    "value": 0.0
  },
  {
    "name": "capex_revenue",
    "year": "2017",
    "value": 8.98861171367
  },
  {
    "name": "capex_revenue",
    "year": "2018",
    "value": 6.43309116475
  },
  {
    "name": "capex_revenue",
    "year": "2019",
    "value": 13.7011644357
  },
  {
    "name": "capex_revenue",
    "year": "2020",
    "value": 2.98507462687
  },
  {
    "name": "capex_revenue",
    "year": "2021",
    "value": 6.4310344827599994
  },
  {
    "name": "capex_revenue",
    "year": "2022",
    "value": 9.84793627806
  },
  {
    "name": "capex_revenue",
    "year": "2023",
    "value": 10.0995732575
  },
  {
    "name": "capex_revenue",
    "year": "LTM",
    "value": 10.099573257467995
  }
]