[{"name":"date","year":"2019","value":"14.04.2020"},{"name":"date","year":"2020","value":"30.04.2021"},{"name":"date","year":"2021","value":"28.04.2022"},{"name":"date","year":"2022","value":"21.04.2023"},{"name":"date","year":"2023","value":"02.05.2024"},{"name":"date","year":"LTM\n?","value":"02.05.2024"},{"name":"currency","year":"2019","value":"RUB"},{"name":"currency","year":"2020","value":"RUB"},{"name":"currency","year":"2021","value":"RUB"},{"name":"currency","year":"2022","value":"RUB"},{"name":"currency","year":"2023","value":"RUB"},{"name":"currency","year":"LTM\n?","value":"RUB"},{"name":"report_url","year":"2019","value":"http://www.e-disclosure.ru/portal/FileLoad.ashx?Fileid=1628593"},{"name":"report_url","year":"2020","value":"https://e-disclosure.ru/portal/FileLoad.ashx?Fileid=1698017"},{"name":"report_url","year":"2021","value":"https://www.e-disclosure.ru/portal/FileLoad.ashx?Fileid=1747655"},{"name":"report_url","year":"2022","value":"https://www.e-disclosure.ru/portal/FileLoad.ashx?Fileid=1788984"},{"name":"report_url","year":"2023","value":"https://e-disclosure.ru/portal/FileLoad.ashx?Fileid=1835171"},{"name":"report_url","year":"LTM\n?","value":"https://e-disclosure.ru/portal/FileLoad.ashx?Fileid=1835171"},{"name":"year_report_url","year":"2019","value":"https://e-disclosure.ru/portal/FileLoad.ashx?Fileid=1663945"},{"name":"year_report_url","year":"2020","value":"https://www.e-disclosure.ru/portal/FileLoad.ashx?Fileid=1711919"},{"name":"year_report_url","year":"2021","value":"https://www.e-disclosure.ru/portal/FileLoad.ashx?Fileid=1757696"},{"name":"year_report_url","year":"2022","value":"https://www.e-disclosure.ru/portal/FileLoad.ashx?Fileid=1802963"},{"name":"year_report_url","year":"2023","value":"https://www.e-disclosure.ru/portal/FileLoad.ashx?Fileid=1845686"},{"name":"year_report_url","year":"LTM\n?","value":""},{"name":"revenue","year":"2019","value":"9.19"},{"name":"revenue","year":"2020","value":"10.1"},{"name":"revenue","year":"2021","value":"11.6"},{"name":"revenue","year":"2022","value":"13.8"},{"name":"revenue","year":"2023","value":"14.1"},{"name":"revenue","year":"LTM\n?","value":"14.1"},{"name":"operating_income","year":"2019","value":"1.73"},{"name":"operating_income","year":"2020","value":"1.72"},{"name":"operating_income","year":"2021","value":"2.23"},{"name":"operating_income","year":"2022","value":"2.74"},{"name":"operating_income","year":"2023","value":"1.67"},{"name":"operating_income","year":"LTM\n?","value":"1.67"},{"name":"ebitda","year":"2019","value":"2.21"},{"name":"ebitda","year":"2020","value":"2.07"},{"name":"ebitda","year":"2021","value":"2.93"},{"name":"ebitda","year":"2022","value":"3.38"},{"name":"ebitda","year":"2023","value":"2.90"},{"name":"ebitda","year":"LTM\n?","value":"2.90"},{"name":"net_income","year":"2019","value":"1.29"},{"name":"net_income","year":"2020","value":"1.10"},{"name":"net_income","year":"2021","value":"1.35"},{"name":"net_income","year":"2022","value":"1.75"},{"name":"net_income","year":"2023","value":"1.28"},{"name":"net_income","year":"LTM\n?","value":"1.28"},{"name":"ocf","year":"2019","value":"1.23"},{"name":"ocf","year":"2020","value":"0.419"},{"name":"ocf","year":"2021","value":"0.879"},{"name":"ocf","year":"2022","value":"0.805"},{"name":"ocf","year":"2023","value":"-0.560"},{"name":"ocf","year":"LTM\n?","value":"-0.560"},{"name":"capex","year":"2019","value":"1.26"},{"name":"capex","year":"2020","value":"0.300"},{"name":"capex","year":"2021","value":"0.746"},{"name":"capex","year":"2022","value":"1.36"},{"name":"capex","year":"2023","value":"1.42"},{"name":"capex","year":"LTM\n?","value":"1.42"},{"name":"fcf","year":"2019","value":"-0.027"},{"name":"fcf","year":"2020","value":"0.122"},{"name":"fcf","year":"2021","value":"0.572"},{"name":"fcf","year":"2022","value":"-0.672"},{"name":"fcf","year":"2023","value":"-1.98"},{"name":"fcf","year":"LTM\n?","value":"-1.98"},{"name":"dividend_payout","year":"2019","value":"0.100"},{"name":"dividend_payout","year":"2020","value":"0.280"},{"name":"dividend_payout","year":"2021","value":"0.337"},{"name":"dividend_payout","year":"2022","value":"0.019"},{"name":"dividend_payout","year":"2023","value":"0.922"},{"name":"dividend_payout","year":"LTM\n?","value":"0.922"},{"name":"dividend","year":"2019","value":"1.03"},{"name":"dividend","year":"2020","value":"2.86"},{"name":"dividend","year":"2021","value":"3.44"},{"name":"dividend","year":"2022","value":"0.19"},{"name":"dividend","year":"2023","value":"9.41"},{"name":"dividend","year":"LTM\n?","value":"9.41"},{"name":"div_yield","year":"2019","value":"0.7%"},{"name":"div_yield","year":"2020","value":"1.4%"},{"name":"div_yield","year":"2021","value":"1.8%"},{"name":"div_yield","year":"2022","value":"0.1%"},{"name":"div_yield","year":"2023","value":"3.6%"},{"name":"div_yield","year":"LTM\n?","value":"4.7%"},{"name":"div_payout_ratio","year":"2019","value":"8%"},{"name":"div_payout_ratio","year":"2020","value":"25%"},{"name":"div_payout_ratio","year":"2021","value":"25%"},{"name":"div_payout_ratio","year":"2022","value":"1%"},{"name":"div_payout_ratio","year":"2023","value":"72%"},{"name":"div_payout_ratio","year":"LTM\n?","value":"72%"},{"name":"opex","year":"2019","value":"2.01"},{"name":"opex","year":"2020","value":"0.410"},{"name":"opex","year":"2021","value":"1.65"},{"name":"opex","year":"2022","value":"2.74"},{"name":"opex","year":"2023","value":""},{"name":"opex","year":"LTM\n?","value":""},{"name":"cost_of_production","year":"2019","value":"4.49"},{"name":"cost_of_production","year":"2020","value":"5.14"},{"name":"cost_of_production","year":"2021","value":"5.99"},{"name":"cost_of_production","year":"2022","value":"6.33"},{"name":"cost_of_production","year":"2023","value":"7.11"},{"name":"cost_of_production","year":"LTM\n?","value":"7.11"},{"name":"amortization","year":"2019","value":""},{"name":"amortization","year":"2020","value":""},{"name":"amortization","year":"2021","value":""},{"name":"amortization","year":"2022","value":""},{"name":"amortization","year":"2023","value":""},{"name":"amortization","year":"LTM\n?","value":"0.4"},{"name":"employment_expenses","year":"2019","value":"1.32"},{"name":"employment_expenses","year":"2020","value":"1.36"},{"name":"employment_expenses","year":"2021","value":"1.20"},{"name":"employment_expenses","year":"2022","value":"1.56"},{"name":"employment_expenses","year":"2023","value":""},{"name":"employment_expenses","year":"LTM\n?","value":"1.10"},{"name":"interest_expenses","year":"2019","value":"0.350"},{"name":"interest_expenses","year":"2020","value":"0.490"},{"name":"interest_expenses","year":"2021","value":"0.493"},{"name":"interest_expenses","year":"2022","value":"0.627"},{"name":"interest_expenses","year":"2023","value":""},{"name":"interest_expenses","year":"LTM\n?","value":"0.290"},{"name":"assets","year":"2019","value":"15.8"},{"name":"assets","year":"2020","value":"20.5"},{"name":"assets","year":"2021","value":"21.6"},{"name":"assets","year":"2022","value":"24.6"},{"name":"assets","year":"2023","value":"27.7"},{"name":"assets","year":"LTM\n?","value":"27.7"},{"name":"net_assets","year":"2019","value":"9.15"},{"name":"net_assets","year":"2020","value":"10.2"},{"name":"net_assets","year":"2021","value":"11.2"},{"name":"net_assets","year":"2022","value":"12.6"},{"name":"net_assets","year":"2023","value":"13.4"},{"name":"net_assets","year":"LTM\n?","value":"13.4"},{"name":"debt","year":"2019","value":"3.60"},{"name":"debt","year":"2020","value":"6.61"},{"name":"debt","year":"2021","value":"6.40"},{"name":"debt","year":"2022","value":"7.47"},{"name":"debt","year":"2023","value":"8.87"},{"name":"debt","year":"LTM\n?","value":"8.87"},{"name":"cash","year":"2019","value":"0.128"},{"name":"cash","year":"2020","value":"0.246"},{"name":"cash","year":"2021","value":"0.186"},{"name":"cash","year":"2022","value":"0.340"},{"name":"cash","year":"2023","value":"0.135"},{"name":"cash","year":"LTM\n?","value":"0.135"},{"name":"net_debt","year":"2019","value":"3.47"},{"name":"net_debt","year":"2020","value":"6.36"},{"name":"net_debt","year":"2021","value":"6.21"},{"name":"net_debt","year":"2022","value":"7.13"},{"name":"net_debt","year":"2023","value":"8.74"},{"name":"net_debt","year":"LTM\n?","value":"8.74"},{"name":"common_share","year":"2019","value":"139.0"},{"name":"common_share","year":"2020","value":"199.5"},{"name":"common_share","year":"2021","value":"192.5"},{"name":"common_share","year":"2022","value":"191.0"},{"name":"common_share","year":"2023","value":"263.8"},{"name":"common_share","year":"LTM\n?","value":"200.8"},{"name":"number_of_shares","year":"2019","value":"98.0"},{"name":"number_of_shares","year":"2020","value":"98.0"},{"name":"number_of_shares","year":"2021","value":"98.0"},{"name":"number_of_shares","year":"2022","value":"98.0"},{"name":"number_of_shares","year":"2023","value":"98.0"},{"name":"number_of_shares","year":"LTM\n?","value":"98.0"},{"name":"market_cap","year":"2019","value":"13.6"},{"name":"market_cap","year":"2020","value":"19.6"},{"name":"market_cap","year":"2021","value":"18.9"},{"name":"market_cap","year":"2022","value":"18.7"},{"name":"market_cap","year":"2023","value":"25.9"},{"name":"market_cap","year":"LTM\n?","value":"19.7"},{"name":"ev","year":"2019","value":"17.1"},{"name":"ev","year":"2020","value":"25.9"},{"name":"ev","year":"2021","value":"25.1"},{"name":"ev","year":"2022","value":"25.8"},{"name":"ev","year":"2023","value":"34.6"},{"name":"ev","year":"LTM\n?","value":"28.4"},{"name":"book_value","year":"2019","value":"9.15"},{"name":"book_value","year":"2020","value":"10.1"},{"name":"book_value","year":"2021","value":"11.2"},{"name":"book_value","year":"2022","value":"12.6"},{"name":"book_value","year":"2023","value":"13.4"},{"name":"book_value","year":"LTM\n?","value":"13.4"},{"name":"eps","year":"2019","value":"13.1"},{"name":"eps","year":"2020","value":"11.2"},{"name":"eps","year":"2021","value":"13.8"},{"name":"eps","year":"2022","value":"17.9"},{"name":"eps","year":"2023","value":"13.1"},{"name":"eps","year":"LTM\n?","value":"13.1"},{"name":"fcf_share","year":"2019","value":"-0.28"},{"name":"fcf_share","year":"2020","value":"1.24"},{"name":"fcf_share","year":"2021","value":"5.84"},{"name":"fcf_share","year":"2022","value":"-6.86"},{"name":"fcf_share","year":"2023","value":"-20.2"},{"name":"fcf_share","year":"LTM\n?","value":"-20.2"},{"name":"bv_share","year":"2019","value":"93.3"},{"name":"bv_share","year":"2020","value":"103.3"},{"name":"bv_share","year":"2021","value":"114.1"},{"name":"bv_share","year":"2022","value":"128.2"},{"name":"bv_share","year":"2023","value":"136.5"},{"name":"bv_share","year":"LTM\n?","value":"136.5"},{"name":"ebitda_margin","year":"2019","value":"24.1%"},{"name":"ebitda_margin","year":"2020","value":"20.6%"},{"name":"ebitda_margin","year":"2021","value":"25.3%"},{"name":"ebitda_margin","year":"2022","value":"24.5%"},{"name":"ebitda_margin","year":"2023","value":"20.6%"},{"name":"ebitda_margin","year":"LTM\n?","value":"20.6%"},{"name":"net_margin","year":"2019","value":"14.0%"},{"name":"net_margin","year":"2020","value":"10.9%"},{"name":"net_margin","year":"2021","value":"11.6%"},{"name":"net_margin","year":"2022","value":"12.7%"},{"name":"net_margin","year":"2023","value":"9.1%"},{"name":"net_margin","year":"LTM\n?","value":"9.1%"},{"name":"fcf_yield","year":"2019","value":"-0.2%"},{"name":"fcf_yield","year":"2020","value":"0.6%"},{"name":"fcf_yield","year":"2021","value":"3.0%"},{"name":"fcf_yield","year":"2022","value":"-3.6%"},{"name":"fcf_yield","year":"2023","value":"-7.7%"},{"name":"fcf_yield","year":"LTM\n?","value":"-10.1%"},{"name":"roe","year":"2019","value":"14.1%"},{"name":"roe","year":"2020","value":"10.8%"},{"name":"roe","year":"2021","value":"12.0%"},{"name":"roe","year":"2022","value":"13.9%"},{"name":"roe","year":"2023","value":"9.6%"},{"name":"roe","year":"LTM\n?","value":"9.6%"},{"name":"roa","year":"2019","value":"8.1%"},{"name":"roa","year":"2020","value":"5.4%"},{"name":"roa","year":"2021","value":"6.2%"},{"name":"roa","year":"2022","value":"7.1%"},{"name":"roa","year":"2023","value":"4.6%"},{"name":"roa","year":"LTM\n?","value":"4.6%"},{"name":"p_e","year":"2019","value":"10.6"},{"name":"p_e","year":"2020","value":"17.8"},{"name":"p_e","year":"2021","value":"14.0"},{"name":"p_e","year":"2022","value":"10.7"},{"name":"p_e","year":"2023","value":"20.2"},{"name":"p_e","year":"LTM\n?","value":"15.4"},{"name":"p_fcf","year":"2019","value":"-504.5"},{"name":"p_fcf","year":"2020","value":"160.3"},{"name":"p_fcf","year":"2021","value":"33.0"},{"name":"p_fcf","year":"2022","value":"-27.9"},{"name":"p_fcf","year":"2023","value":"-13.1"},{"name":"p_fcf","year":"LTM\n?","value":"-9.94"},{"name":"p_s","year":"2019","value":"1.48"},{"name":"p_s","year":"2020","value":"1.95"},{"name":"p_s","year":"2021","value":"1.63"},{"name":"p_s","year":"2022","value":"1.36"},{"name":"p_s","year":"2023","value":"1.84"},{"name":"p_s","year":"LTM\n?","value":"1.40"},{"name":"p_bv","year":"2019","value":"1.49"},{"name":"p_bv","year":"2020","value":"1.93"},{"name":"p_bv","year":"2021","value":"1.69"},{"name":"p_bv","year":"2022","value":"1.49"},{"name":"p_bv","year":"2023","value":"1.93"},{"name":"p_bv","year":"LTM\n?","value":"1.47"},{"name":"ev_ebitda","year":"2019","value":"7.73"},{"name":"ev_ebitda","year":"2020","value":"12.5"},{"name":"ev_ebitda","year":"2021","value":"8.56"},{"name":"ev_ebitda","year":"2022","value":"7.65"},{"name":"ev_ebitda","year":"2023","value":"11.9"},{"name":"ev_ebitda","year":"LTM\n?","value":"9.80"},{"name":"debt_ebitda","year":"2019","value":"1.57"},{"name":"debt_ebitda","year":"2020","value":"3.07"},{"name":"debt_ebitda","year":"2021","value":"2.12"},{"name":"debt_ebitda","year":"2022","value":"2.11"},{"name":"debt_ebitda","year":"2023","value":"3.01"},{"name":"debt_ebitda","year":"LTM\n?","value":"3.01"},{"name":"r_and_d_capex","year":"2019","value":"0.00%"},{"name":"r_and_d_capex","year":"2020","value":"0.00%"},{"name":"r_and_d_capex","year":"2021","value":"0.00%"},{"name":"r_and_d_capex","year":"2022","value":"0.00%"},{"name":"r_and_d_capex","year":"2023","value":"0.00%"},{"name":"r_and_d_capex","year":"LTM\n?","value":"0"},{"name":"capex_revenue","year":"2019","value":"14%"},{"name":"capex_revenue","year":"2020","value":"3%"},{"name":"capex_revenue","year":"2021","value":"6%"},{"name":"capex_revenue","year":"2022","value":"10%"},{"name":"capex_revenue","year":"2023","value":"10%"},{"name":"capex_revenue","year":"LTM\n?","value":"10%"}]