[{"name":"Выручка","year":"2023","value":"140472000000"},{"name":"Выручка","year":"2022","value":"113301000000"},{"name":"Выручка","year":"2021","value":"94869000000"},{"name":"Выручка","year":"2020","value":"82043000000"},{"name":"Выручка","year":"2019","value":"60681000000"},{"name":"Процентные доходы","year":"2023","value":"421070000000"},{"name":"Процентные доходы","year":"2022","value":"299244000000"},{"name":"Процентные доходы","year":"2021","value":"182260000000"},{"name":"Процентные доходы","year":"2020","value":"156414000000"},{"name":"Процентные доходы","year":"2019","value":"147352000000"},{"name":"Процентные расходы","year":"2023","value":"304886000000"},{"name":"Процентные расходы","year":"2022","value":"238811000000"},{"name":"Процентные расходы","year":"2021","value":"102671000000"},{"name":"Процентные расходы","year":"2020","value":"97166000000"},{"name":"Процентные расходы","year":"2019","value":"102069000000"},{"name":"Чистые процентные доходы/расходы","year":"2023","value":"116184000000"},{"name":"Чистые процентные доходы/расходы","year":"2022","value":"60433000000"},{"name":"Чистые процентные доходы/расходы","year":"2021","value":"79589000000"},{"name":"Чистые процентные доходы/расходы","year":"2020","value":"59248000000"},{"name":"Чистые процентные доходы/расходы","year":"2019","value":"45283000000"},{"name":"Операционный доход","year":"2023","value":"113541000000"},{"name":"Расходы на персонал","year":"2023","value":"38004000000"},{"name":"Расходы на персонал","year":"2022","value":"32806000000"},{"name":"Расходы на персонал","year":"2021","value":"27535000000"},{"name":"Расходы на персонал","year":"2020","value":"19903000000"},{"name":"Расходы на персонал","year":"2019","value":"19322000000"},{"name":"Прибыль до налогов","year":"2023","value":"73271000000"},{"name":"Прибыль до налогов","year":"2022","value":"8453000000"},{"name":"Прибыль до налогов","year":"2021","value":"32495000000"},{"name":"Прибыль до налогов","year":"2020","value":"37526000000"},{"name":"Прибыль до налогов","year":"2019","value":"15113000000"},{"name":"Чистая прибыль","year":"2023","value":"59778000000"},{"name":"Чистая прибыль","year":"2022","value":"7467000000"},{"name":"Чистая прибыль","year":"2021","value":"26199000000"},{"name":"Чистая прибыль","year":"2020","value":"30009000000"},{"name":"Чистая прибыль","year":"2019","value":"11957000000"},{"name":"Капитал на акционеров","year":"2023","value":"347932000000"},{"name":"Капитал на акционеров","year":"2022","value":"273776000000"},{"name":"Капитал на акционеров","year":"2021","value":"281413000000"},{"name":"Капитал на акционеров","year":"2020","value":"234496000000"},{"name":"Капитал на акционеров","year":"2019","value":"210432000000"},{"name":"Активы","year":"2023","value":"4667018000000"},{"name":"Активы","year":"2022","value":"3973074000000"},{"name":"Активы","year":"2021","value":"3419535000000"},{"name":"Активы","year":"2020","value":"2916465000000"},{"name":"Активы","year":"2019","value":"2423497000000"},{"name":"Денежные средства и их эквиваленты","year":"2023","value":"1379038000000"},{"name":"Денежные средства и их эквиваленты","year":"2022","value":"1519463000000"},{"name":"Денежные средства и их эквиваленты","year":"2021","value":"1530766000000"},{"name":"Денежные средства и их эквиваленты","year":"2020","value":"683283000000"},{"name":"Денежные средства и их эквиваленты","year":"2019","value":"953645000000"},{"name":"Обязательства","year":"2023","value":"4319086000000"},{"name":"Обязательства","year":"2022","value":"3699298000000"},{"name":"Обязательства","year":"2021","value":"3138122000000"},{"name":"Обязательства","year":"2020","value":"2681969000000"},{"name":"Обязательства","year":"2019","value":"2213065000000"},{"name":"Собственный капитал","year":"2023","value":"347932000000"},{"name":"Собственный капитал","year":"2022","value":"273776000000"},{"name":"Собственный капитал","year":"2021","value":"281413000000"},{"name":"Собственный капитал","year":"2020","value":"234496000000"},{"name":"Собственный капитал","year":"2019","value":"210432000000"},{"name":"Капитал на акционеров","year":"2023","value":"59778000000"},{"name":"Капитал на акционеров","year":"2022","value":"7467000000"},{"name":"Капитал на акционеров","year":"2021","value":"26199000000"},{"name":"Капитал на акционеров","year":"2020","value":"30009000000"},{"name":"Капитал на акционеров","year":"2019","value":"11957000000"},{"name":"Собственный капитал","year":"2023","value":"3001.1467"},{"name":"Собственный капитал","year":"2022","value":"3027.5107"},{"name":"Собственный капитал","year":"2021","value":"3068.1536"},{"name":"Собственный капитал","year":"2020","value":"2476.6918"},{"name":"Собственный капитал","year":"2019","value":"2832.503"},{"name":"CFO операционные денежные потоки","year":"2021","value":"682499000000"},{"name":"CFO операционные денежные потоки","year":"2020","value":"-189044000000"},{"name":"CFO операционные денежные потоки","year":"2019","value":"-233099000000"},{"name":"CFO операционные денежные потоки","year":"2018","value":"297792000000"},{"name":"CFO операционные денежные потоки","year":"2017","value":"469180000000"},{"name":"FCF на акцию","year":"2021","value":"682066000000"},{"name":"FCF на акцию","year":"2020","value":"-189789000000"},{"name":"FCF на акцию","year":"2019","value":"-234441000000"},{"name":"FCF на акцию","year":"2018","value":"296447000000"},{"name":"FCF на акцию","year":"2017","value":"467200000000"},{"name":"Инвестиционный денежный поток","year":"2021","value":"16128000000"},{"name":"Инвестиционный денежный поток","year":"2020","value":"-51344000000"},{"name":"Инвестиционный денежный поток","year":"2019","value":"-34381000000"},{"name":"Инвестиционный денежный поток","year":"2018","value":"-105499000000"},{"name":"Инвестиционный денежный поток","year":"2017","value":"16387000000"},{"name":"CFF Денежный поток от финансовой деятельности","year":"2021","value":"148311000000"},{"name":"CFF Денежный поток от финансовой деятельности","year":"2020","value":"-62677000000"},{"name":"CFF Денежный поток от финансовой деятельности","year":"2019","value":"90217000000"},{"name":"CFF Денежный поток от финансовой деятельности","year":"2018","value":"-40763000000"},{"name":"CFF Денежный поток от финансовой деятельности","year":"2017","value":"87985000000"},{"name":"Чистые комиссионные доходы","year":"2023","value":"16562000000"},{"name":"Чистые комиссионные доходы","year":"2022","value":"12675000000"},{"name":"Чистые комиссионные доходы","year":"2021","value":"17279000000"},{"name":"Чистые комиссионные доходы","year":"2020","value":"15438000000"},{"name":"Чистые комиссионные доходы","year":"2019","value":"11534000000"},{"name":"Общий долг","year":"2019","value":"731845000000"},{"name":"Общий долг","year":"2018","value":"-1057474000000"},{"name":"Общий долг","year":"2017","value":"-817753000000"},{"name":"Общий долг","year":"2016","value":"-236123099000"},{"name":"Общий долг","year":"2015","value":"-16859821000"},{"name":"Долгосрочные кредиты","year":"2019","value":"168549000000"},{"name":"Долгосрочные кредиты","year":"2018","value":"105305000000"},{"name":"Долгосрочные кредиты","year":"2017","value":"116280000000"},{"name":"Долгосрочные кредиты","year":"2016","value":"137203416000"},{"name":"Долгосрочные кредиты","year":"2015","value":"121154765000"},{"name":"Чистый долг","year":"2019","value":"168549000000"},{"name":"Чистый долг","year":"2018","value":"105305000000"},{"name":"Чистый долг","year":"2017","value":"116280000000"},{"name":"Чистый долг","year":"2016","value":"137203416000"},{"name":"Чистый долг","year":"2015","value":"121154765000"}]