[{"name":"Выручка","year":"2023","value":"46542202000"},{"name":"Выручка","year":"2022","value":"43126744000"},{"name":"Выручка","year":"2021","value":"40073262000"},{"name":"Выручка","year":"2020","value":"24587850000"},{"name":"Выручка","year":"2019","value":"27051721000"},{"name":"Валовая прибыль","year":"2023","value":"14642232000"},{"name":"Валовая прибыль","year":"2022","value":"13086145000"},{"name":"Валовая прибыль","year":"2021","value":"12670392000"},{"name":"Валовая прибыль","year":"2020","value":"4098773000"},{"name":"Валовая прибыль","year":"2019","value":"4274354000"},{"name":"EBITDA","year":"2023","value":"11705097000"},{"name":"EBITDA","year":"2022","value":"10961621000"},{"name":"EBITDA","year":"2021","value":"15256784000"},{"name":"EBITDA","year":"2020","value":"2546407000"},{"name":"EBITDA","year":"2019","value":"2340465000"},{"name":"EBIT","year":"2023","value":"10784963000"},{"name":"EBIT","year":"2022","value":"10013898000"},{"name":"EBIT","year":"2021","value":"14663067000"},{"name":"EBIT","year":"2020","value":"1778573000"},{"name":"EBIT","year":"2019","value":"1499591000"},{"name":"Процентные доходы","year":"2023","value":"2189092000"},{"name":"Процентные доходы","year":"2022","value":"1226985000"},{"name":"Процентные доходы","year":"2021","value":"507404000"},{"name":"Процентные доходы","year":"2020","value":"191076000"},{"name":"Процентные доходы","year":"2019","value":"720521000"},{"name":"Процентные расходы","year":"2023","value":"166872000"},{"name":"Процентные расходы","year":"2022","value":"276806000"},{"name":"Процентные расходы","year":"2021","value":"259565000"},{"name":"Процентные расходы","year":"2020","value":"1308955000"},{"name":"Процентные расходы","year":"2019","value":"322732000"},{"name":"Чистые процентные доходы/расходы","year":"2023","value":"2022220000"},{"name":"Чистые процентные доходы/расходы","year":"2022","value":"950179000"},{"name":"Чистые процентные доходы/расходы","year":"2021","value":"247839000"},{"name":"Чистые процентные доходы/расходы","year":"2020","value":"-1117879000"},{"name":"Чистые процентные доходы/расходы","year":"2019","value":"397789000"},{"name":"Операционный доход","year":"2023","value":"10784963000"},{"name":"Операционный доход","year":"2022","value":"10013898000"},{"name":"Операционный доход","year":"2021","value":"14663067000"},{"name":"Операционный доход","year":"2020","value":"1778573000"},{"name":"Операционный доход","year":"2019","value":"1499591000"},{"name":"Расходы на персонал","year":"2023","value":"3469353000"},{"name":"Расходы на персонал","year":"2022","value":"2968859000"},{"name":"Расходы на персонал","year":"2021","value":"2633290000"},{"name":"Расходы на персонал","year":"2020","value":"2269732000"},{"name":"Расходы на персонал","year":"2019","value":"2240176000"},{"name":"Прибыль до налогов","year":"2023","value":"12807183000"},{"name":"Прибыль до налогов","year":"2022","value":"10964077000"},{"name":"Прибыль до налогов","year":"2021","value":"14910906000"},{"name":"Прибыль до налогов","year":"2020","value":"660694000"},{"name":"Прибыль до налогов","year":"2019","value":"1897380000"},{"name":"Чистая прибыль","year":"2023","value":"9728754000"},{"name":"Чистая прибыль","year":"2022","value":"8715435000"},{"name":"Чистая прибыль","year":"2021","value":"11674237000"},{"name":"Чистая прибыль","year":"2020","value":"538578000"},{"name":"Чистая прибыль","year":"2019","value":"1529259000"},{"name":"Капитал на акционеров","year":"2023","value":"38563831000"},{"name":"Капитал на акционеров","year":"2022","value":"28985817000"},{"name":"Капитал на акционеров","year":"2021","value":"20399338000"},{"name":"Капитал на акционеров","year":"2020","value":"8748612000"},{"name":"Капитал на акционеров","year":"2019","value":"8205381000"},{"name":"Активы","year":"2023","value":"50823952000"},{"name":"Активы","year":"2022","value":"39048226000"},{"name":"Активы","year":"2021","value":"31198700000"},{"name":"Активы","year":"2020","value":"17791809000"},{"name":"Активы","year":"2019","value":"16986357000"},{"name":"CA Оборотные активы","year":"2023","value":"37867740000"},{"name":"CA Оборотные активы","year":"2022","value":"26071956000"},{"name":"CA Оборотные активы","year":"2021","value":"18099009000"},{"name":"CA Оборотные активы","year":"2020","value":"9445739000"},{"name":"CA Оборотные активы","year":"2019","value":"8412609000"},{"name":"Денежные средства и их эквиваленты","year":"2023","value":"6109948000"},{"name":"Денежные средства и их эквиваленты","year":"2022","value":"10508359000"},{"name":"Денежные средства и их эквиваленты","year":"2021","value":"4332365000"},{"name":"Денежные средства и их эквиваленты","year":"2020","value":"3811606000"},{"name":"Денежные средства и их эквиваленты","year":"2019","value":"2028188000"},{"name":"Обязательства","year":"2023","value":"12260121000"},{"name":"Обязательства","year":"2022","value":"10062409000"},{"name":"Обязательства","year":"2021","value":"10799362000"},{"name":"Обязательства","year":"2020","value":"9043197000"},{"name":"Обязательства","year":"2019","value":"8780976000"},{"name":"Собственный капитал","year":"2023","value":"38563831000"},{"name":"Собственный капитал","year":"2022","value":"28985817000"},{"name":"Собственный капитал","year":"2021","value":"20399338000"},{"name":"Собственный капитал","year":"2020","value":"8748612000"},{"name":"Собственный капитал","year":"2019","value":"8205381000"},{"name":"Капитал на акционеров","year":"2023","value":"9728754000"},{"name":"Капитал на акционеров","year":"2022","value":"8715435000"},{"name":"Капитал на акционеров","year":"2021","value":"11674237000"},{"name":"Капитал на акционеров","year":"2020","value":"538578000"},{"name":"Капитал на акционеров","year":"2019","value":"1529259000"},{"name":"Внеоборотные активы","year":"2023","value":"12956212000"},{"name":"Внеоборотные активы","year":"2022","value":"12976270000"},{"name":"Внеоборотные активы","year":"2021","value":"13099691000"},{"name":"Внеоборотные активы","year":"2020","value":"8346070000"},{"name":"Внеоборотные активы","year":"2019","value":"8573748000"},{"name":"Собственный капитал","year":"2023","value":"370.7462"},{"name":"Собственный капитал","year":"2022","value":"187.8427"},{"name":"Собственный капитал","year":"2021","value":"119.644"},{"name":"Собственный капитал","year":"2020","value":"48.7859"},{"name":"Собственный капитал","year":"2019","value":"39.6371"},{"name":"CFO операционные денежные потоки","year":"2023","value":"7693282000"},{"name":"CFO операционные денежные потоки","year":"2022","value":"10133374000"},{"name":"CFO операционные денежные потоки","year":"2021","value":"7336604000"},{"name":"CFO операционные денежные потоки","year":"2020","value":"3228873000"},{"name":"CFO операционные денежные потоки","year":"2019","value":"3066881000"},{"name":"FCF на акцию","year":"2023","value":"6894512000"},{"name":"FCF на акцию","year":"2022","value":"9542024000"},{"name":"FCF на акцию","year":"2021","value":"6852918000"},{"name":"FCF на акцию","year":"2020","value":"2829345000"},{"name":"FCF на акцию","year":"2019","value":"2551199000"},{"name":"Инвестиционный денежный поток","year":"2023","value":"-11935919000"},{"name":"Инвестиционный денежный поток","year":"2022","value":"-885514000"},{"name":"Инвестиционный денежный поток","year":"2021","value":"-5747709000"},{"name":"Инвестиционный денежный поток","year":"2020","value":"-519451000"},{"name":"Инвестиционный денежный поток","year":"2019","value":"-408818000"},{"name":"CFF Денежный поток от финансовой деятельности","year":"2023","value":"-150740000"},{"name":"CFF Денежный поток от финансовой деятельности","year":"2022","value":"-3060088000"},{"name":"CFF Денежный поток от финансовой деятельности","year":"2021","value":"-1009706000"},{"name":"CFF Денежный поток от финансовой деятельности","year":"2020","value":"-1004921000"},{"name":"CFF Денежный поток от финансовой деятельности","year":"2019","value":"-894716000"},{"name":"CB Текущие кредиты","year":"2023","value":"507465000"},{"name":"CB Текущие кредиты","year":"2022","value":"46708000"},{"name":"CB Текущие кредиты","year":"2021","value":"997910000"},{"name":"CB Текущие кредиты","year":"2020","value":"1112507000"},{"name":"CB Текущие кредиты","year":"2019","value":"876350000"},{"name":"Общий долг","year":"2023","value":"-4702483000"},{"name":"Общий долг","year":"2022","value":"-9117677000"},{"name":"Общий долг","year":"2021","value":"-84446000"},{"name":"Общий долг","year":"2020","value":"1637820000"},{"name":"Общий долг","year":"2019","value":"3316067000"},{"name":"Текущие обязательства","year":"2023","value":"10444970000"},{"name":"Текущие обязательства","year":"2022","value":"7717093000"},{"name":"Текущие обязательства","year":"2021","value":"6586912000"},{"name":"Текущие обязательства","year":"2020","value":"4706278000"},{"name":"Текущие обязательства","year":"2019","value":"4313071000"},{"name":"Долгосрочные кредиты","year":"2023","value":"900000000"},{"name":"Долгосрочные кредиты","year":"2022","value":"1343974000"},{"name":"Долгосрочные кредиты","year":"2021","value":"3250009000"},{"name":"Долгосрочные кредиты","year":"2020","value":"4336919000"},{"name":"Долгосрочные кредиты","year":"2019","value":"4467905000"},{"name":"Долгосрочные обязательства","year":"2023","value":"1815151000"},{"name":"Долгосрочные обязательства","year":"2022","value":"2345316000"},{"name":"Долгосрочные обязательства","year":"2021","value":"4212450000"},{"name":"Долгосрочные обязательства","year":"2020","value":"4336919000"},{"name":"Долгосрочные обязательства","year":"2019","value":"4467905000"},{"name":"Чистый долг","year":"2023","value":"1407465000"},{"name":"Чистый долг","year":"2022","value":"1390682000"},{"name":"Чистый долг","year":"2021","value":"4247919000"},{"name":"Чистый долг","year":"2020","value":"5449426000"},{"name":"Чистый долг","year":"2019","value":"5344255000"},{"name":"Общие расходы","year":"2023","value":"3857269000"},{"name":"Общие расходы","year":"2022","value":"3072247000"},{"name":"Общие расходы","year":"2021","value":"1992675000"},{"name":"Общие расходы","year":"2020","value":"2320200000"},{"name":"Общие расходы","year":"2019","value":"2774763000"}]