[{"name":"date","year":"2023Q2","value":"28.08.2023"},{"name":"date","year":"2023Q3","value":"28.11.2023"},{"name":"date","year":"2023Q4","value":"29.03.2024"},{"name":"date","year":"2024Q1","value":"22.05.2024"},{"name":"date","year":"2024Q2","value":"27.08.2024"},{"name":"date","year":"LTM\n?","value":"27.08.2024"},{"name":"currency","year":"2023Q2","value":"RUB"},{"name":"currency","year":"2023Q3","value":"RUB"},{"name":"currency","year":"2023Q4","value":"RUB"},{"name":"currency","year":"2024Q1","value":"RUB"},{"name":"currency","year":"2024Q2","value":"RUB"},{"name":"currency","year":"LTM\n?","value":"RUB"},{"name":"report_url","year":"2023Q2","value":"https://www.e-disclosure.ru/portal/FileLoad.ashx?Fileid=1808726"},{"name":"report_url","year":"2023Q3","value":"https://www.e-disclosure.ru/portal/FileLoad.ashx?Fileid=1816579"},{"name":"report_url","year":"2023Q4","value":"https://www.e-disclosure.ru/portal/FileLoad.ashx?Fileid=1828209"},{"name":"report_url","year":"2024Q1","value":"https://www.e-disclosure.ru/portal/FileLoad.ashx?Fileid=1838179"},{"name":"report_url","year":"2024Q2","value":"https://www.acron.ru/upload/iblock/2e7/jwz2av917n7fpo9wb7028dlm02qk2s5c/Acron_IFRS_2kv_2024_RUS_obedinennaya_dlya-sayta.pdf"},{"name":"report_url","year":"LTM\n?","value":"https://www.acron.ru/upload/iblock/2e7/jwz2av917n7fpo9wb7028dlm02qk2s5c/Acron_IFRS_2kv_2024_RUS_obedinennaya_dlya-sayta.pdf"},{"name":"fertilizers_production","year":"2023Q2","value":"2.11"},{"name":"fertilizers_production","year":"2023Q3","value":"1.97"},{"name":"fertilizers_production","year":"2023Q4","value":"2.11"},{"name":"fertilizers_production","year":"2024Q1","value":"2.11"},{"name":"fertilizers_production","year":"2024Q2","value":"2.03"},{"name":"fertilizers_production","year":"LTM\n?","value":"8.22"},{"name":"fertilizers_sales","year":"2023Q2","value":"2.10"},{"name":"fertilizers_sales","year":"2023Q3","value":"2.13"},{"name":"fertilizers_sales","year":"2023Q4","value":"1.97"},{"name":"fertilizers_sales","year":"2024Q1","value":"2.26"},{"name":"fertilizers_sales","year":"2024Q2","value":"2.03"},{"name":"fertilizers_sales","year":"LTM\n?","value":"8.39"},{"name":"export_share","year":"2023Q2","value":""},{"name":"export_share","year":"2023Q3","value":""},{"name":"export_share","year":"2023Q4","value":""},{"name":"export_share","year":"2024Q1","value":""},{"name":"export_share","year":"2024Q2","value":"79.0%"},{"name":"export_share","year":"LTM\n?","value":"79.0%"},{"name":"revenue","year":"2023Q2","value":"35.0"},{"name":"revenue","year":"2023Q3","value":"42.6"},{"name":"revenue","year":"2023Q4","value":"48.9"},{"name":"revenue","year":"2024Q1","value":"51.4"},{"name":"revenue","year":"2024Q2","value":"44.4"},{"name":"revenue","year":"LTM\n?","value":"187.3"},{"name":"operating_income","year":"2023Q2","value":"18.3"},{"name":"operating_income","year":"2023Q3","value":"22.8"},{"name":"operating_income","year":"2023Q4","value":"6.43"},{"name":"operating_income","year":"2024Q1","value":"11.5"},{"name":"operating_income","year":"2024Q2","value":"8.63"},{"name":"operating_income","year":"LTM\n?","value":"49.4"},{"name":"ebitda","year":"2023Q2","value":"36.8"},{"name":"ebitda","year":"2023Q3","value":"15.0"},{"name":"ebitda","year":"2023Q4","value":"17.0"},{"name":"ebitda","year":"2024Q1","value":"13.7"},{"name":"ebitda","year":"2024Q2","value":"17.5"},{"name":"ebitda","year":"LTM\n?","value":"63.2"},{"name":"net_income","year":"2023Q2","value":"3.16"},{"name":"net_income","year":"2023Q3","value":"6.60"},{"name":"net_income","year":"2023Q4","value":"10.0"},{"name":"net_income","year":"2024Q1","value":"6.48"},{"name":"net_income","year":"2024Q2","value":"12.1"},{"name":"net_income","year":"LTM\n?","value":"35.2"},{"name":"ocf","year":"2023Q2","value":"8.37"},{"name":"ocf","year":"2023Q3","value":"10.5"},{"name":"ocf","year":"2023Q4","value":"20.4"},{"name":"ocf","year":"2024Q1","value":"-0.720"},{"name":"ocf","year":"2024Q2","value":"1.59"},{"name":"ocf","year":"LTM\n?","value":"31.8"},{"name":"capex","year":"2023Q2","value":"9.49"},{"name":"capex","year":"2023Q3","value":"11.1"},{"name":"capex","year":"2023Q4","value":"16.7"},{"name":"capex","year":"2024Q1","value":"10.7"},{"name":"capex","year":"2024Q2","value":"11.3"},{"name":"capex","year":"LTM\n?","value":"49.8"},{"name":"fcf","year":"2023Q2","value":"-1.37"},{"name":"fcf","year":"2023Q3","value":"-0.120"},{"name":"fcf","year":"2023Q4","value":"3.15"},{"name":"fcf","year":"2024Q1","value":"-10.9"},{"name":"fcf","year":"2024Q2","value":"-9.15"},{"name":"fcf","year":"LTM\n?","value":"-17.0"},{"name":"dividend_payout","year":"2023Q2","value":""},{"name":"dividend_payout","year":"2023Q3","value":""},{"name":"dividend_payout","year":"2023Q4","value":"15.7"},{"name":"dividend_payout","year":"2024Q1","value":""},{"name":"dividend_payout","year":"2024Q2","value":""},{"name":"dividend_payout","year":"LTM\n?","value":"15.7"},{"name":"dividend","year":"2023Q2","value":""},{"name":"dividend","year":"2023Q3","value":""},{"name":"dividend","year":"2023Q4","value":"427"},{"name":"dividend","year":"2024Q1","value":""},{"name":"dividend","year":"2024Q2","value":""},{"name":"dividend","year":"LTM\n?","value":"427"},{"name":"div_yield","year":"2023Q2","value":"0.0%"},{"name":"div_yield","year":"2023Q3","value":"0.0%"},{"name":"div_yield","year":"2023Q4","value":"2.3%"},{"name":"div_yield","year":"2024Q1","value":"0.0%"},{"name":"div_yield","year":"2024Q2","value":"0.0%"},{"name":"div_yield","year":"LTM\n?","value":"2.8%"},{"name":"div_payout_ratio","year":"2023Q2","value":"0%"},{"name":"div_payout_ratio","year":"2023Q3","value":"0%"},{"name":"div_payout_ratio","year":"2023Q4","value":"156%"},{"name":"div_payout_ratio","year":"2024Q1","value":"0%"},{"name":"div_payout_ratio","year":"2024Q2","value":"0%"},{"name":"div_payout_ratio","year":"LTM\n?","value":"45%"},{"name":"cost_of_production","year":"2023Q2","value":"21.2"},{"name":"cost_of_production","year":"2023Q3","value":"22.4"},{"name":"cost_of_production","year":"2023Q4","value":"24.2"},{"name":"cost_of_production","year":"2024Q1","value":"26.3"},{"name":"cost_of_production","year":"2024Q2","value":"21.2"},{"name":"cost_of_production","year":"LTM\n?","value":"94.1"},{"name":"amortization","year":"2023Q2","value":"6.4"},{"name":"amortization","year":"2023Q3","value":"3.2"},{"name":"amortization","year":"2023Q4","value":"2.9"},{"name":"amortization","year":"2024Q1","value":"3.1"},{"name":"amortization","year":"2024Q2","value":"3.4"},{"name":"amortization","year":"LTM\n?","value":"12.6"},{"name":"interest_expenses","year":"2023Q2","value":"0.990"},{"name":"interest_expenses","year":"2023Q3","value":"3.19"},{"name":"interest_expenses","year":"2023Q4","value":"1.51"},{"name":"interest_expenses","year":"2024Q1","value":"2.09"},{"name":"interest_expenses","year":"2024Q2","value":"2.98"},{"name":"interest_expenses","year":"LTM\n?","value":"9.77"},{"name":"assets","year":"2023Q2","value":"353.1"},{"name":"assets","year":"2023Q3","value":"395.3"},{"name":"assets","year":"2023Q4","value":"387.7"},{"name":"assets","year":"2024Q1","value":"370.7"},{"name":"assets","year":"2024Q2","value":"386.7"},{"name":"assets","year":"LTM\n?","value":"386.7"},{"name":"net_assets","year":"2023Q2","value":"188.8"},{"name":"net_assets","year":"2023Q3","value":"196.6"},{"name":"net_assets","year":"2023Q4","value":"203.5"},{"name":"net_assets","year":"2024Q1","value":"198.3"},{"name":"net_assets","year":"2024Q2","value":"190.6"},{"name":"net_assets","year":"LTM\n?","value":"190.6"},{"name":"debt","year":"2023Q2","value":"90.8"},{"name":"debt","year":"2023Q3","value":"112.9"},{"name":"debt","year":"2023Q4","value":"103.5"},{"name":"debt","year":"2024Q1","value":"107.6"},{"name":"debt","year":"2024Q2","value":"136.2"},{"name":"debt","year":"LTM\n?","value":"136.2"},{"name":"cash","year":"2023Q2","value":"58.8"},{"name":"cash","year":"2023Q3","value":"79.3"},{"name":"cash","year":"2023Q4","value":"78.4"},{"name":"cash","year":"2024Q1","value":"42.0"},{"name":"cash","year":"2024Q2","value":"43.0"},{"name":"cash","year":"LTM\n?","value":"43.0"},{"name":"net_debt","year":"2023Q2","value":"32.0"},{"name":"net_debt","year":"2023Q3","value":"33.6"},{"name":"net_debt","year":"2023Q4","value":"25.1"},{"name":"net_debt","year":"2024Q1","value":"65.6"},{"name":"net_debt","year":"2024Q2","value":"93.2"},{"name":"net_debt","year":"LTM\n?","value":"93.2"},{"name":"common_share","year":"2023Q2","value":"18 968"},{"name":"common_share","year":"2023Q3","value":"19 048"},{"name":"common_share","year":"2023Q4","value":"18 848"},{"name":"common_share","year":"2024Q1","value":"17 298"},{"name":"common_share","year":"2024Q2","value":"15 650"},{"name":"common_share","year":"LTM\n?","value":"15 078"},{"name":"number_of_shares","year":"2023Q2","value":"36.8"},{"name":"number_of_shares","year":"2023Q3","value":"36.8"},{"name":"number_of_shares","year":"2023Q4","value":"36.8"},{"name":"number_of_shares","year":"2024Q1","value":"36.8"},{"name":"number_of_shares","year":"2024Q2","value":"36.8"},{"name":"number_of_shares","year":"LTM\n?","value":"36.8"},{"name":"market_cap","year":"2023Q2","value":"697.3"},{"name":"market_cap","year":"2023Q3","value":"700.2"},{"name":"market_cap","year":"2023Q4","value":"692.9"},{"name":"market_cap","year":"2024Q1","value":"635.9"},{"name":"market_cap","year":"2024Q2","value":"575.3"},{"name":"market_cap","year":"LTM\n?","value":"554.3"},{"name":"ev","year":"2023Q2","value":"729.3"},{"name":"ev","year":"2023Q3","value":"733.8"},{"name":"ev","year":"2023Q4","value":"718.0"},{"name":"ev","year":"2024Q1","value":"701.4"},{"name":"ev","year":"2024Q2","value":"668.5"},{"name":"ev","year":"LTM\n?","value":"647.5"},{"name":"book_value","year":"2023Q2","value":"188.8"},{"name":"book_value","year":"2023Q3","value":"196.6"},{"name":"book_value","year":"2023Q4","value":"203.5"},{"name":"book_value","year":"2024Q1","value":"198.3"},{"name":"book_value","year":"2024Q2","value":"190.6"},{"name":"book_value","year":"LTM\n?","value":"190.6"},{"name":"eps","year":"2023Q2","value":"86.0"},{"name":"eps","year":"2023Q3","value":"179.5"},{"name":"eps","year":"2023Q4","value":"273.1"},{"name":"eps","year":"2024Q1","value":"176.3"},{"name":"eps","year":"2024Q2","value":"329.2"},{"name":"eps","year":"LTM\n?","value":"958.1"},{"name":"fcf_share","year":"2023Q2","value":"-37.3"},{"name":"fcf_share","year":"2023Q3","value":"-3.26"},{"name":"fcf_share","year":"2023Q4","value":"85.7"},{"name":"fcf_share","year":"2024Q1","value":"-295.2"},{"name":"fcf_share","year":"2024Q2","value":"-249.0"},{"name":"fcf_share","year":"LTM\n?","value":"-461.8"},{"name":"bv_share","year":"2023Q2","value":"5 135"},{"name":"bv_share","year":"2023Q3","value":"5 348"},{"name":"bv_share","year":"2023Q4","value":"5 536"},{"name":"bv_share","year":"2024Q1","value":"5 396"},{"name":"bv_share","year":"2024Q2","value":"5 185"},{"name":"bv_share","year":"LTM\n?","value":"5 185"},{"name":"ebitda_margin","year":"2023Q2","value":"105.1%"},{"name":"ebitda_margin","year":"2023Q3","value":"35.2%"},{"name":"ebitda_margin","year":"2023Q4","value":"34.7%"},{"name":"ebitda_margin","year":"2024Q1","value":"26.7%"},{"name":"ebitda_margin","year":"2024Q2","value":"39.4%"},{"name":"ebitda_margin","year":"LTM\n?","value":"33.7%"},{"name":"net_margin","year":"2023Q2","value":"9.0%"},{"name":"net_margin","year":"2023Q3","value":"15.5%"},{"name":"net_margin","year":"2023Q4","value":"20.5%"},{"name":"net_margin","year":"2024Q1","value":"12.6%"},{"name":"net_margin","year":"2024Q2","value":"27.3%"},{"name":"net_margin","year":"LTM\n?","value":"18.8%"},{"name":"fcf_yield","year":"2023Q2","value":"5.1%"},{"name":"fcf_yield","year":"2023Q3","value":"3.1%"},{"name":"fcf_yield","year":"2023Q4","value":"2.4%"},{"name":"fcf_yield","year":"2024Q1","value":"-1.4%"},{"name":"fcf_yield","year":"2024Q2","value":"-3.0%"},{"name":"fcf_yield","year":"LTM\n?","value":"-3.1%"},{"name":"roe","year":"2023Q2","value":"18.6%"},{"name":"roe","year":"2023Q3","value":"15.1%"},{"name":"roe","year":"2023Q4","value":"17.5%"},{"name":"roe","year":"2024Q1","value":"13.2%"},{"name":"roe","year":"2024Q2","value":"18.5%"},{"name":"roe","year":"LTM\n?","value":"18.5%"},{"name":"roa","year":"2023Q2","value":"9.9%"},{"name":"roa","year":"2023Q3","value":"7.5%"},{"name":"roa","year":"2023Q4","value":"9.2%"},{"name":"roa","year":"2024Q1","value":"7.1%"},{"name":"roa","year":"2024Q2","value":"9.1%"},{"name":"roa","year":"LTM\n?","value":"9.1%"},{"name":"p_e","year":"2023Q2","value":"19.9"},{"name":"p_e","year":"2023Q3","value":"23.6"},{"name":"p_e","year":"2023Q4","value":"19.4"},{"name":"p_e","year":"2024Q1","value":"24.2"},{"name":"p_e","year":"2024Q2","value":"16.3"},{"name":"p_e","year":"LTM\n?","value":"15.7"},{"name":"p_fcf","year":"2023Q2","value":"19.5"},{"name":"p_fcf","year":"2023Q3","value":"32.3"},{"name":"p_fcf","year":"2023Q4","value":"41.8"},{"name":"p_fcf","year":"2024Q1","value":"-69.2"},{"name":"p_fcf","year":"2024Q2","value":"-33.9"},{"name":"p_fcf","year":"LTM\n?","value":"-32.7"},{"name":"p_s","year":"2023Q2","value":"3.53"},{"name":"p_s","year":"2023Q3","value":"3.68"},{"name":"p_s","year":"2023Q4","value":"3.86"},{"name":"p_s","year":"2024Q1","value":"3.57"},{"name":"p_s","year":"2024Q2","value":"3.07"},{"name":"p_s","year":"LTM\n?","value":"2.96"},{"name":"p_bv","year":"2023Q2","value":"3.69"},{"name":"p_bv","year":"2023Q3","value":"3.56"},{"name":"p_bv","year":"2023Q4","value":"3.40"},{"name":"p_bv","year":"2024Q1","value":"3.21"},{"name":"p_bv","year":"2024Q2","value":"3.02"},{"name":"p_bv","year":"LTM\n?","value":"2.91"},{"name":"ev_ebitda","year":"2023Q2","value":"6.19"},{"name":"ev_ebitda","year":"2023Q3","value":"6.77"},{"name":"ev_ebitda","year":"2023Q4","value":"7.57"},{"name":"ev_ebitda","year":"2024Q1","value":"8.51"},{"name":"ev_ebitda","year":"2024Q2","value":"10.6"},{"name":"ev_ebitda","year":"LTM\n?","value":"10.3"},{"name":"debt_ebitda","year":"2023Q2","value":"0.27"},{"name":"debt_ebitda","year":"2023Q3","value":"0.31"},{"name":"debt_ebitda","year":"2023Q4","value":"0.26"},{"name":"debt_ebitda","year":"2024Q1","value":"0.80"},{"name":"debt_ebitda","year":"2024Q2","value":"1.48"},{"name":"debt_ebitda","year":"LTM\n?","value":"1.48"},{"name":"r_and_d_capex","year":"2023Q2","value":"0.00%"},{"name":"r_and_d_capex","year":"2023Q3","value":"0.00%"},{"name":"r_and_d_capex","year":"2023Q4","value":"0.00%"},{"name":"r_and_d_capex","year":"2024Q1","value":"0.00%"},{"name":"r_and_d_capex","year":"2024Q2","value":"0.00%"},{"name":"r_and_d_capex","year":"LTM\n?","value":"0"},{"name":"capex_revenue","year":"2023Q2","value":"27%"},{"name":"capex_revenue","year":"2023Q3","value":"26%"},{"name":"capex_revenue","year":"2023Q4","value":"34%"},{"name":"capex_revenue","year":"2024Q1","value":"21%"},{"name":"capex_revenue","year":"2024Q2","value":"25%"},{"name":"capex_revenue","year":"LTM\n?","value":"27%"},{"name":"irr","year":"2023Q2","value":""},{"name":"irr","year":"2023Q3","value":""},{"name":"irr","year":"2023Q4","value":"1.9"},{"name":"irr","year":"2024Q1","value":"1.9"},{"name":"irr","year":"2024Q2","value":"2.7"},{"name":"irr","year":"LTM\n?","value":"2.7"},{"name":"ir_fs_quality","year":"2023Q2","value":""},{"name":"ir_fs_quality","year":"2023Q3","value":""},{"name":"ir_fs_quality","year":"2023Q4","value":"1"},{"name":"ir_fs_quality","year":"2024Q1","value":"1"},{"name":"ir_fs_quality","year":"2024Q2","value":"4"},{"name":"ir_fs_quality","year":"LTM\n?","value":"4"},{"name":"ir_investor_presentations","year":"2023Q2","value":""},{"name":"ir_investor_presentations","year":"2023Q3","value":""},{"name":"ir_investor_presentations","year":"2023Q4","value":"1"},{"name":"ir_investor_presentations","year":"2024Q1","value":"1"},{"name":"ir_investor_presentations","year":"2024Q2","value":"1"},{"name":"ir_investor_presentations","year":"LTM\n?","value":"1"},{"name":"ir_annual_report","year":"2023Q2","value":""},{"name":"ir_annual_report","year":"2023Q3","value":""},{"name":"ir_annual_report","year":"2023Q4","value":"1"},{"name":"ir_annual_report","year":"2024Q1","value":"1"},{"name":"ir_annual_report","year":"2024Q2","value":"5"},{"name":"ir_annual_report","year":"LTM\n?","value":"5"},{"name":"ir_investor_site","year":"2023Q2","value":""},{"name":"ir_investor_site","year":"2023Q3","value":""},{"name":"ir_investor_site","year":"2023Q4","value":"5"},{"name":"ir_investor_site","year":"2024Q1","value":"5"},{"name":"ir_investor_site","year":"2024Q2","value":"4"},{"name":"ir_investor_site","year":"LTM\n?","value":"4"},{"name":"ir_investor_calendar","year":"2023Q2","value":""},{"name":"ir_investor_calendar","year":"2023Q3","value":""},{"name":"ir_investor_calendar","year":"2023Q4","value":"1"},{"name":"ir_investor_calendar","year":"2024Q1","value":"1"},{"name":"ir_investor_calendar","year":"2024Q2","value":"1"},{"name":"ir_investor_calendar","year":"LTM\n?","value":"1"},{"name":"ir_feedback","year":"2023Q2","value":""},{"name":"ir_feedback","year":"2023Q3","value":""},{"name":"ir_feedback","year":"2023Q4","value":"3"},{"name":"ir_feedback","year":"2024Q1","value":"3"},{"name":"ir_feedback","year":"2024Q2","value":"3"},{"name":"ir_feedback","year":"LTM\n?","value":"3"}]