[{"name":"P/E","year":"2023","value":"3.91"},{"name":"P/E","year":"2022","value":"13.35"},{"name":"P/E","year":"2021","value":"3.87"},{"name":"P/E","year":"2020","value":"4.7"},{"name":"P/E","year":"2019","value":"8.98"},{"name":"P/B","year":"2023","value":"0.9"},{"name":"P/B","year":"2022","value":"0.58"},{"name":"P/B","year":"2021","value":"1.08"},{"name":"P/B","year":"2020","value":"0.91"},{"name":"P/B","year":"2019","value":"0.83"},{"name":"P/S","year":"2023","value":"0.65"},{"name":"P/S","year":"2022","value":"0.38"},{"name":"P/S","year":"2021","value":"0.72"},{"name":"P/S","year":"2020","value":"0.72"},{"name":"P/S","year":"2019","value":"0.64"},{"name":"P/CF","year":"2023","value":"3.41"},{"name":"P/CF","year":"2022","value":"20.42"},{"name":"P/CF","year":"2021","value":"5.22"},{"name":"P/CF","year":"2020","value":"9.44"},{"name":"P/CF","year":"2019","value":"4.16"},{"name":"P/FCF","year":"2023","value":"5.28"},{"name":"P/FCF","year":"2019","value":"15.07"},{"name":"P/FCF","year":"2017","value":"163.88"},{"name":"P/FCF","year":"2015","value":"28.15"},{"name":"EV/S","year":"2023","value":"0.88"},{"name":"EV/S","year":"2022","value":"0.79"},{"name":"EV/S","year":"2021","value":"1.05"},{"name":"EV/S","year":"2020","value":"1.15"},{"name":"EV/S","year":"2019","value":"1.08"},{"name":"EV/EBITDA","year":"2023","value":"4.39"},{"name":"EV/EBITDA","year":"2022","value":"4.22"},{"name":"EV/EBITDA","year":"2021","value":"4.86"},{"name":"EV/EBITDA","year":"2020","value":"5.73"},{"name":"EV/EBITDA","year":"2019","value":"7.48"},{"name":"EV/EBIT","year":"2023","value":"4.63"},{"name":"EV/EBIT","year":"2022","value":"27.65"},{"name":"EV/EBIT","year":"2021","value":"5.59"},{"name":"EV/EBIT","year":"2020","value":"8.35"},{"name":"EV/EBIT","year":"2019","value":"17.38"},{"name":"Коэффициент долга","year":"2023","value":"0.47"},{"name":"Коэффициент долга","year":"2022","value":"0.64"},{"name":"Коэффициент долга","year":"2021","value":"0.59"},{"name":"Коэффициент долга","year":"2020","value":"0.54"},{"name":"Коэффициент долга","year":"2019","value":"0.55"},{"name":"D/E","year":"2023","value":"0.89"},{"name":"D/E","year":"2022","value":"1.8"},{"name":"D/E","year":"2021","value":"1.45"},{"name":"D/E","year":"2020","value":"1.19"},{"name":"D/E","year":"2019","value":"1.24"},{"name":"CAPEX/Выручка","year":"2023","value":"6.71"},{"name":"CAPEX/Выручка","year":"2022","value":"5.26"},{"name":"CAPEX/Выручка","year":"2021","value":"19.32"},{"name":"CAPEX/Выручка","year":"2020","value":"8.07"},{"name":"CAPEX/Выручка","year":"2019","value":"11.09"},{"name":"NetDebt/EBITDA","year":"2023","value":"1.18"},{"name":"NetDebt/EBITDA","year":"2022","value":"2.22"},{"name":"NetDebt/EBITDA","year":"2021","value":"1.53"},{"name":"NetDebt/EBITDA","year":"2020","value":"2.15"},{"name":"NetDebt/EBITDA","year":"2019","value":"3.08"},{"name":"Долг/EBITDA","year":"2023","value":"2.25"},{"name":"Долг/EBITDA","year":"2022","value":"5.18"},{"name":"Долг/EBITDA","year":"2021","value":"3.59"},{"name":"Долг/EBITDA","year":"2020","value":"3.59"},{"name":"Долг/EBITDA","year":"2019","value":"4.88"},{"name":"ROE","year":"2023","value":"22.44"},{"name":"ROE","year":"2022","value":"4.39"},{"name":"ROE","year":"2021","value":"28.02"},{"name":"ROE","year":"2020","value":"19.28"},{"name":"ROE","year":"2019","value":"9.09"},{"name":"ROA","year":"2023","value":"11.85"},{"name":"ROA","year":"2022","value":"1.57"},{"name":"ROA","year":"2021","value":"11.44"},{"name":"ROA","year":"2020","value":"8.8"},{"name":"ROA","year":"2019","value":"4.05"},{"name":"Return on Sales","year":"2023","value":"19.12"},{"name":"Return on Sales","year":"2022","value":"2.86"},{"name":"Return on Sales","year":"2021","value":"18.77"},{"name":"Return on Sales","year":"2020","value":"13.82"},{"name":"Return on Sales","year":"2019","value":"6.24"},{"name":"ROIC","year":"2023","value":"13.86"},{"name":"ROIC","year":"2022","value":"6.57"},{"name":"ROIC","year":"2021","value":"17.16"},{"name":"ROIC","year":"2020","value":"11.72"},{"name":"ROIC","year":"2019","value":"4.5"},{"name":"ROCE","year":"2023","value":"18.13"},{"name":"ROCE","year":"2022","value":"2.93"},{"name":"ROCE","year":"2021","value":"18.31"},{"name":"ROCE","year":"2020","value":"10.81"},{"name":"ROCE","year":"2019","value":"4.64"},{"name":"Net Margin","year":"2023","value":"17.33"},{"name":"Net Margin","year":"2022","value":"2.83"},{"name":"Net Margin","year":"2021","value":"18.59"},{"name":"Net Margin","year":"2020","value":"15.28"},{"name":"Net Margin","year":"2019","value":"7.03"},{"name":"Операционная маржа","year":"2023","value":"17.05"},{"name":"Операционная маржа","year":"2022","value":"7.93"},{"name":"Операционная маржа","year":"2021","value":"19.09"},{"name":"Операционная маржа","year":"2020","value":"14.99"},{"name":"Операционная маржа","year":"2019","value":"6.5"},{"name":"EBITDA рентабельность","year":"2023","value":"20.13"},{"name":"EBITDA рентабельность","year":"2022","value":"18.74"},{"name":"EBITDA рентабельность","year":"2021","value":"21.56"},{"name":"EBITDA рентабельность","year":"2020","value":"20.12"},{"name":"EBITDA рентабельность","year":"2019","value":"14.51"},{"name":"Тек. ливкидность","year":"2023","value":"1.74"},{"name":"Тек. ливкидность","year":"2022","value":"1.22"},{"name":"Тек. ливкидность","year":"2021","value":"1.29"},{"name":"Тек. ливкидность","year":"2020","value":"1.63"},{"name":"Тек. ливкидность","year":"2019","value":"1.68"},{"name":"Валовая маржа","year":"2023","value":"27.06"},{"name":"Валовая маржа","year":"2022","value":"19.67"},{"name":"Валовая маржа","year":"2021","value":"25.61"},{"name":"Валовая маржа","year":"2020","value":"27.51"},{"name":"Валовая маржа","year":"2019","value":"17.07"}]