[{"name":"date","year":"2019","value":"03.02.2020"},{"name":"date","year":"2020","value":"04.02.2021"},{"name":"date","year":"2021","value":"11.02.2022"},{"name":"date","year":"2022","value":"16.02.2024"},{"name":"date","year":"2023","value":"16.02.2024"},{"name":"date","year":"LTM\n?","value":"06.05.2024"},{"name":"currency","year":"2019","value":"RUB"},{"name":"currency","year":"2020","value":"RUB"},{"name":"currency","year":"2021","value":"RUB"},{"name":"currency","year":"2022","value":"RUB"},{"name":"currency","year":"2023","value":"RUB"},{"name":"currency","year":"LTM\n?","value":"RUB"},{"name":"report_url","year":"2019","value":"https://ir.aeroflot.ru/fileadmin/user_upload/files/rus/reports/rsbu/2019/ras2019.pdf"},{"name":"report_url","year":"2020","value":"https://ir.aeroflot.ru/fileadmin/user_upload/files/rus/reports/rsbu/2020/ras_12m2020.pdf"},{"name":"report_url","year":"2021","value":"https://www.e-disclosure.ru/portal/FileLoad.ashx?Fileid=1734561"},{"name":"report_url","year":"2022","value":""},{"name":"report_url","year":"2023","value":"https://www.e-disclosure.ru/portal/FileLoad.ashx?Fileid=1822927"},{"name":"report_url","year":"LTM\n?","value":"https://www.e-disclosure.ru/portal/FileLoad.ashx?Fileid=1836027"},{"name":"presentation_url","year":"2019","value":"https://ir.aeroflot.ru/fileadmin/user_upload/files/eng/presentations/2019/2020-03-03_Q4_12M_2019_IFRS_Results_web.pdf"},{"name":"presentation_url","year":"2020","value":"https://ir.aeroflot.ru/fileadmin/user_upload/files/eng/presentations/2020/2021-03-11__Q4_and_12M_2020_IFRS_Results_vF_website1.pdf"},{"name":"presentation_url","year":"2021","value":"https://ir.aeroflot.ru/fileadmin/user_upload/files/eng/presentations/2022/2022-03-02__12M_2021_IFRS_Results_vF.pdf"},{"name":"presentation_url","year":"2022","value":""},{"name":"presentation_url","year":"2023","value":"https://ir.aeroflot.ru/fileadmin/user_upload/files/mfso23/Q4_2023_Presentation_vP.pdf"},{"name":"presentation_url","year":"LTM\n?","value":"https://ir.aeroflot.ru/fileadmin/user_upload/files/rus/reports/msfo/Q1_2024_Presentation.pdf"},{"name":"passenger_traffic_total","year":"2019","value":"60.7"},{"name":"passenger_traffic_total","year":"2020","value":"30.2"},{"name":"passenger_traffic_total","year":"2021","value":"45.8"},{"name":"passenger_traffic_total","year":"2022","value":"40.7"},{"name":"passenger_traffic_total","year":"2023","value":"47.3"},{"name":"passenger_traffic_total","year":"LTM\n?","value":"11.5"},{"name":"passenger_traffic_internal","year":"2019","value":"33.6"},{"name":"passenger_traffic_internal","year":"2020","value":"24.2"},{"name":"passenger_traffic_internal","year":"2021","value":"37.3"},{"name":"passenger_traffic_internal","year":"2022","value":"35.3"},{"name":"passenger_traffic_internal","year":"2023","value":"37.7"},{"name":"passenger_traffic_internal","year":"LTM\n?","value":"8.64"},{"name":"passenger_traffic_world","year":"2019","value":"27.1"},{"name":"passenger_traffic_world","year":"2020","value":"5.98"},{"name":"passenger_traffic_world","year":"2021","value":"8.47"},{"name":"passenger_traffic_world","year":"2022","value":"5.35"},{"name":"passenger_traffic_world","year":"2023","value":"9.59"},{"name":"passenger_traffic_world","year":"LTM\n?","value":"2.88"},{"name":"chairs_employed","year":"2019","value":"81.9%"},{"name":"chairs_employed","year":"2020","value":"73.6%"},{"name":"chairs_employed","year":"2021","value":"80.3%"},{"name":"chairs_employed","year":"2022","value":"83.6%"},{"name":"chairs_employed","year":"2023","value":"87.5%"},{"name":"chairs_employed","year":"LTM\n?","value":"88.3%"},{"name":"turnover","year":"2019","value":"1 314"},{"name":"turnover","year":"2020","value":"1 062"},{"name":"turnover","year":"2021","value":"1 295"},{"name":"turnover","year":"2022","value":"854.4"},{"name":"turnover","year":"2023","value":"989.4"},{"name":"turnover","year":"LTM\n?","value":"786.5"},{"name":"flight_hours","year":"2019","value":"1 225 785"},{"name":"flight_hours","year":"2020","value":"637 129"},{"name":"flight_hours","year":"2021","value":"838 466"},{"name":"flight_hours","year":"2022","value":"785 313"},{"name":"flight_hours","year":"2023","value":"893 694"},{"name":"flight_hours","year":"LTM\n?","value":""},{"name":"aircraft_number","year":"2019","value":"358"},{"name":"aircraft_number","year":"2020","value":"364"},{"name":"aircraft_number","year":"2021","value":"356"},{"name":"aircraft_number","year":"2022","value":""},{"name":"aircraft_number","year":"2023","value":"349"},{"name":"aircraft_number","year":"LTM\n?","value":"349"},{"name":"revenue","year":"2019","value":"551.8"},{"name":"revenue","year":"2020","value":"229.8"},{"name":"revenue","year":"2021","value":"378.7"},{"name":"revenue","year":"2022","value":"332.8"},{"name":"revenue","year":"2023","value":"497.5"},{"name":"revenue","year":"LTM\n?","value":"550.6"},{"name":"operating_income","year":"2019","value":"-36.8"},{"name":"operating_income","year":"2020","value":"-130.6"},{"name":"operating_income","year":"2021","value":"-69.5"},{"name":"operating_income","year":"2022","value":"-72.8"},{"name":"operating_income","year":"2023","value":"-9.76"},{"name":"operating_income","year":"LTM\n?","value":"2.72"},{"name":"net_income","year":"2019","value":"5.29"},{"name":"net_income","year":"2020","value":"-96.5"},{"name":"net_income","year":"2021","value":"-45.6"},{"name":"net_income","year":"2022","value":"-14.3"},{"name":"net_income","year":"2023","value":"-29.5"},{"name":"net_income","year":"LTM\n?","value":"-2.74"},{"name":"ocf","year":"2019","value":""},{"name":"ocf","year":"2020","value":"23.0"},{"name":"ocf","year":"2021","value":""},{"name":"ocf","year":"2022","value":"35.3"},{"name":"ocf","year":"2023","value":"32.6"},{"name":"ocf","year":"LTM\n?","value":""},{"name":"capex","year":"2019","value":"1.98"},{"name":"capex","year":"2020","value":"0.460"},{"name":"capex","year":"2021","value":"0.170"},{"name":"capex","year":"2022","value":"35.5"},{"name":"capex","year":"2023","value":"1.80"},{"name":"capex","year":"LTM\n?","value":""},{"name":"fcf","year":"2019","value":""},{"name":"fcf","year":"2020","value":""},{"name":"fcf","year":"2021","value":""},{"name":"fcf","year":"2022","value":"-0.200"},{"name":"fcf","year":"2023","value":"30.8"},{"name":"fcf","year":"LTM\n?","value":""},{"name":"dividend_payout","year":"2019","value":"0.000"},{"name":"dividend_payout","year":"2020","value":"0.000"},{"name":"dividend_payout","year":"2021","value":"0.000"},{"name":"dividend_payout","year":"2022","value":"0.000"},{"name":"dividend_payout","year":"2023","value":"0.000"},{"name":"dividend_payout","year":"LTM\n?","value":""},{"name":"dividend","year":"2019","value":"0"},{"name":"dividend","year":"2020","value":"0"},{"name":"dividend","year":"2021","value":"0"},{"name":"dividend","year":"2022","value":"0"},{"name":"dividend","year":"2023","value":"0"},{"name":"dividend","year":"LTM\n?","value":""},{"name":"div_yield","year":"2019","value":"0.0%"},{"name":"div_yield","year":"2020","value":"0.0%"},{"name":"div_yield","year":"2021","value":"0.0%"},{"name":"div_yield","year":"2022","value":"0.0%"},{"name":"div_yield","year":"2023","value":"0.0%"},{"name":"div_yield","year":"LTM\n?","value":"0.0%"},{"name":"div_payout_ratio","year":"2019","value":"0%"},{"name":"div_payout_ratio","year":"2020","value":"0%"},{"name":"div_payout_ratio","year":"2021","value":"0%"},{"name":"div_payout_ratio","year":"2022","value":"0%"},{"name":"div_payout_ratio","year":"2023","value":"0%"},{"name":"div_payout_ratio","year":"LTM\n?","value":"0"},{"name":"opex","year":"2019","value":"45.6"},{"name":"opex","year":"2020","value":"28.6"},{"name":"opex","year":"2021","value":"33.8"},{"name":"opex","year":"2022","value":"22.8"},{"name":"opex","year":"2023","value":"17.0"},{"name":"opex","year":"LTM\n?","value":"12.4"},{"name":"cost_of_production","year":"2019","value":"543.0"},{"name":"cost_of_production","year":"2020","value":"331.7"},{"name":"cost_of_production","year":"2021","value":"414.3"},{"name":"cost_of_production","year":"2022","value":"382.7"},{"name":"cost_of_production","year":"2023","value":"490.2"},{"name":"cost_of_production","year":"LTM\n?","value":"535.9"},{"name":"employment_expenses","year":"2019","value":"56.9"},{"name":"employment_expenses","year":"2020","value":"42.1"},{"name":"employment_expenses","year":"2021","value":"40.6"},{"name":"employment_expenses","year":"2022","value":"31.6"},{"name":"employment_expenses","year":"2023","value":"27.4"},{"name":"employment_expenses","year":"LTM\n?","value":""},{"name":"interest_expenses","year":"2019","value":"0.162"},{"name":"interest_expenses","year":"2020","value":"3.46"},{"name":"interest_expenses","year":"2021","value":"6.37"},{"name":"interest_expenses","year":"2022","value":"10.1"},{"name":"interest_expenses","year":"2023","value":"7.63"},{"name":"interest_expenses","year":"LTM\n?","value":""},{"name":"assets","year":"2019","value":"198.9"},{"name":"assets","year":"2020","value":"271.0"},{"name":"assets","year":"2021","value":"262.9"},{"name":"assets","year":"2022","value":"785.0"},{"name":"assets","year":"2023","value":"934.3"},{"name":"assets","year":"LTM\n?","value":"931.2"},{"name":"net_assets","year":"2019","value":"69.7"},{"name":"net_assets","year":"2020","value":"53.3"},{"name":"net_assets","year":"2021","value":"7.70"},{"name":"net_assets","year":"2022","value":"-67.8"},{"name":"net_assets","year":"2023","value":"-97.3"},{"name":"net_assets","year":"LTM\n?","value":"-104.0"},{"name":"debt","year":"2019","value":"12.5"},{"name":"debt","year":"2020","value":"78.7"},{"name":"debt","year":"2021","value":"122.8"},{"name":"debt","year":"2022","value":"106.1"},{"name":"debt","year":"2023","value":"84.1"},{"name":"debt","year":"LTM\n?","value":"74.3"},{"name":"cash","year":"2019","value":"7.34"},{"name":"cash","year":"2020","value":"76.2"},{"name":"cash","year":"2021","value":"70.7"},{"name":"cash","year":"2022","value":"74.5"},{"name":"cash","year":"2023","value":"75.9"},{"name":"cash","year":"LTM\n?","value":"62.4"},{"name":"net_debt","year":"2019","value":"5.18"},{"name":"net_debt","year":"2020","value":"2.55"},{"name":"net_debt","year":"2021","value":"52.0"},{"name":"net_debt","year":"2022","value":"31.6"},{"name":"net_debt","year":"2023","value":"8.20"},{"name":"net_debt","year":"LTM\n?","value":"11.9"},{"name":"common_share","year":"2019","value":"103.5"},{"name":"common_share","year":"2020","value":"71.4"},{"name":"common_share","year":"2021","value":"58.9"},{"name":"common_share","year":"2022","value":"24.6"},{"name":"common_share","year":"2023","value":"34.9"},{"name":"common_share","year":"LTM\n?","value":"47.2"},{"name":"number_of_shares","year":"2019","value":"1 111"},{"name":"number_of_shares","year":"2020","value":"2 445"},{"name":"number_of_shares","year":"2021","value":"2 445"},{"name":"number_of_shares","year":"2022","value":"3 976"},{"name":"number_of_shares","year":"2023","value":"3 976"},{"name":"number_of_shares","year":"LTM\n?","value":"3 976"},{"name":"free_float","year":"2019","value":""},{"name":"free_float","year":"2020","value":"40.7%"},{"name":"free_float","year":"2021","value":"41.0%"},{"name":"free_float","year":"2022","value":""},{"name":"free_float","year":"2023","value":"25.0%"},{"name":"free_float","year":"LTM\n?","value":""},{"name":"market_cap","year":"2019","value":"114.9"},{"name":"market_cap","year":"2020","value":"174.6"},{"name":"market_cap","year":"2021","value":"144.1"},{"name":"market_cap","year":"2022","value":"97.7"},{"name":"market_cap","year":"2023","value":"138.9"},{"name":"market_cap","year":"LTM\n?","value":"187.5"},{"name":"ev","year":"2019","value":"120.1"},{"name":"ev","year":"2020","value":"177.2"},{"name":"ev","year":"2021","value":"196.1"},{"name":"ev","year":"2022","value":"129.3"},{"name":"ev","year":"2023","value":"147.1"},{"name":"ev","year":"LTM\n?","value":"199.3"},{"name":"book_value","year":"2019","value":"69.7"},{"name":"book_value","year":"2020","value":"53.3"},{"name":"book_value","year":"2021","value":"7.70"},{"name":"book_value","year":"2022","value":"-68.2"},{"name":"book_value","year":"2023","value":"-99.2"},{"name":"book_value","year":"LTM\n?","value":"-106.5"},{"name":"eps","year":"2019","value":"4.76"},{"name":"eps","year":"2020","value":"-39.5"},{"name":"eps","year":"2021","value":"-18.7"},{"name":"eps","year":"2022","value":"-3.60"},{"name":"eps","year":"2023","value":"-7.42"},{"name":"eps","year":"LTM\n?","value":"-0.69"},{"name":"fcf_share","year":"2019","value":"0.00"},{"name":"fcf_share","year":"2020","value":"0.00"},{"name":"fcf_share","year":"2021","value":"0.00"},{"name":"fcf_share","year":"2022","value":"-0.05"},{"name":"fcf_share","year":"2023","value":"7.74"},{"name":"fcf_share","year":"LTM\n?","value":"0"},{"name":"bv_share","year":"2019","value":"62.8"},{"name":"bv_share","year":"2020","value":"21.8"},{"name":"bv_share","year":"2021","value":"3.15"},{"name":"bv_share","year":"2022","value":"-17.2"},{"name":"bv_share","year":"2023","value":"-25.0"},{"name":"bv_share","year":"LTM\n?","value":"-26.8"},{"name":"ebitda_margin","year":"2019","value":"0.0%"},{"name":"ebitda_margin","year":"2020","value":"0.0%"},{"name":"ebitda_margin","year":"2021","value":"0.0%"},{"name":"ebitda_margin","year":"2022","value":"0.0%"},{"name":"ebitda_margin","year":"2023","value":"0.0%"},{"name":"ebitda_margin","year":"LTM\n?","value":"0"},{"name":"net_margin","year":"2019","value":"1.0%"},{"name":"net_margin","year":"2020","value":"-42.0%"},{"name":"net_margin","year":"2021","value":"-12.1%"},{"name":"net_margin","year":"2022","value":"-4.3%"},{"name":"net_margin","year":"2023","value":"-5.9%"},{"name":"net_margin","year":"LTM\n?","value":"-0.5%"},{"name":"fcf_yield","year":"2019","value":"0.0%"},{"name":"fcf_yield","year":"2020","value":"0.0%"},{"name":"fcf_yield","year":"2021","value":"0.0%"},{"name":"fcf_yield","year":"2022","value":"-0.2%"},{"name":"fcf_yield","year":"2023","value":"22.1%"},{"name":"fcf_yield","year":"LTM\n?","value":"0.0%"},{"name":"roe","year":"2019","value":"7.6%"},{"name":"roe","year":"2020","value":"-181.2%"},{"name":"roe","year":"2021","value":"-592.7%"},{"name":"roe","year":"2022","value":"21.1%"},{"name":"roe","year":"2023","value":"30.3%"},{"name":"roe","year":"LTM\n?","value":"2.6%"},{"name":"roa","year":"2019","value":"2.7%"},{"name":"roa","year":"2020","value":"-35.6%"},{"name":"roa","year":"2021","value":"-17.4%"},{"name":"roa","year":"2022","value":"-1.8%"},{"name":"roa","year":"2023","value":"-3.2%"},{"name":"roa","year":"LTM\n?","value":"-0.3%"},{"name":"p_e","year":"2019","value":"21.7"},{"name":"p_e","year":"2020","value":"-1.81"},{"name":"p_e","year":"2021","value":"-3.16"},{"name":"p_e","year":"2022","value":"-6.83"},{"name":"p_e","year":"2023","value":"-4.71"},{"name":"p_e","year":"LTM\n?","value":"-68.4"},{"name":"p_fcf","year":"2019","value":""},{"name":"p_fcf","year":"2020","value":""},{"name":"p_fcf","year":"2021","value":""},{"name":"p_fcf","year":"2022","value":"-488.7"},{"name":"p_fcf","year":"2023","value":"4.52"},{"name":"p_fcf","year":"LTM\n?","value":""},{"name":"p_s","year":"2019","value":"0.21"},{"name":"p_s","year":"2020","value":"0.76"},{"name":"p_s","year":"2021","value":"0.38"},{"name":"p_s","year":"2022","value":"0.29"},{"name":"p_s","year":"2023","value":"0.28"},{"name":"p_s","year":"LTM\n?","value":"0.34"},{"name":"p_bv","year":"2019","value":"1.65"},{"name":"p_bv","year":"2020","value":"3.28"},{"name":"p_bv","year":"2021","value":"18.7"},{"name":"p_bv","year":"2022","value":"-1.43"},{"name":"p_bv","year":"2023","value":"-1.40"},{"name":"p_bv","year":"LTM\n?","value":"-1.76"},{"name":"employees","year":"2019","value":"41 296"},{"name":"employees","year":"2020","value":"36 600"},{"name":"employees","year":"2021","value":"36 100"},{"name":"employees","year":"2022","value":"32 300"},{"name":"employees","year":"2023","value":"31 500"},{"name":"employees","year":"LTM\n?","value":""},{"name":"labour_productivity","year":"2019","value":"13.4"},{"name":"labour_productivity","year":"2020","value":"6.28"},{"name":"labour_productivity","year":"2021","value":"10.5"},{"name":"labour_productivity","year":"2022","value":"10.3"},{"name":"labour_productivity","year":"2023","value":"15.8"},{"name":"labour_productivity","year":"LTM\n?","value":""},{"name":"expenses_per_employee","year":"2019","value":"1 379"},{"name":"expenses_per_employee","year":"2020","value":"1 150"},{"name":"expenses_per_employee","year":"2021","value":"1 124"},{"name":"expenses_per_employee","year":"2022","value":"978.3"},{"name":"expenses_per_employee","year":"2023","value":"869.8"},{"name":"expenses_per_employee","year":"LTM\n?","value":""},{"name":"r_and_d_capex","year":"2019","value":"0.00%"},{"name":"r_and_d_capex","year":"2020","value":"0.00%"},{"name":"r_and_d_capex","year":"2021","value":"0.00%"},{"name":"r_and_d_capex","year":"2022","value":"0.00%"},{"name":"r_and_d_capex","year":"2023","value":"0.00%"},{"name":"r_and_d_capex","year":"LTM\n?","value":""},{"name":"capex_revenue","year":"2019","value":"0%"},{"name":"capex_revenue","year":"2020","value":"0%"},{"name":"capex_revenue","year":"2021","value":"0%"},{"name":"capex_revenue","year":"2022","value":"11%"},{"name":"capex_revenue","year":"2023","value":"0%"},{"name":"capex_revenue","year":"LTM\n?","value":"0"}]