[
  {
    "name": "passenger_traffic_total",
    "year": "2015",
    "value": 39.393
  },
  {
    "name": "passenger_traffic_total",
    "year": "2016",
    "value": 43.44
  },
  {
    "name": "passenger_traffic_total",
    "year": "2017",
    "value": 50.129
  },
  {
    "name": "passenger_traffic_total",
    "year": "2018",
    "value": 55.71
  },
  {
    "name": "passenger_traffic_total",
    "year": "2019",
    "value": 60.72
  },
  {
    "name": "passenger_traffic_total",
    "year": "2020",
    "value": 30.16
  },
  {
    "name": "passenger_traffic_total",
    "year": "2021",
    "value": 45.81
  },
  {
    "name": "passenger_traffic_total",
    "year": "2022",
    "value": 40.69
  },
  {
    "name": "passenger_traffic_total",
    "year": "2023",
    "value": 47.33
  },
  {
    "name": "passenger_traffic_total",
    "year": "LTM",
    "value": 11.52
  },
  {
    "name": "passenger_traffic_internal",
    "year": "2015",
    "value": 23.365
  },
  {
    "name": "passenger_traffic_internal",
    "year": "2016",
    "value": 25.152
  },
  {
    "name": "passenger_traffic_internal",
    "year": "2017",
    "value": 27.579
  },
  {
    "name": "passenger_traffic_internal",
    "year": "2018",
    "value": 30.973
  },
  {
    "name": "passenger_traffic_internal",
    "year": "2019",
    "value": 33.6
  },
  {
    "name": "passenger_traffic_internal",
    "year": "2020",
    "value": 24.17
  },
  {
    "name": "passenger_traffic_internal",
    "year": "2021",
    "value": 37.34
  },
  {
    "name": "passenger_traffic_internal",
    "year": "2022",
    "value": 35.344
  },
  {
    "name": "passenger_traffic_internal",
    "year": "2023",
    "value": 37.743
  },
  {
    "name": "passenger_traffic_internal",
    "year": "LTM",
    "value": 8.64
  },
  {
    "name": "passenger_traffic_world",
    "year": "2015",
    "value": 16.028
  },
  {
    "name": "passenger_traffic_world",
    "year": "2016",
    "value": 18.289
  },
  {
    "name": "passenger_traffic_world",
    "year": "2017",
    "value": 22.55
  },
  {
    "name": "passenger_traffic_world",
    "year": "2018",
    "value": 24.737
  },
  {
    "name": "passenger_traffic_world",
    "year": "2019",
    "value": 27.118
  },
  {
    "name": "passenger_traffic_world",
    "year": "2020",
    "value": 5.98
  },
  {
    "name": "passenger_traffic_world",
    "year": "2021",
    "value": 8.47
  },
  {
    "name": "passenger_traffic_world",
    "year": "2022",
    "value": 5.346
  },
  {
    "name": "passenger_traffic_world",
    "year": "2023",
    "value": 9.59
  },
  {
    "name": "passenger_traffic_world",
    "year": "LTM",
    "value": 2.88
  },
  {
    "name": "chairs_employed",
    "year": "2015",
    "value": 78.3
  },
  {
    "name": "chairs_employed",
    "year": "2016",
    "value": 81.5
  },
  {
    "name": "chairs_employed",
    "year": "2017",
    "value": 82.8
  },
  {
    "name": "chairs_employed",
    "year": "2018",
    "value": 82.69999999999999
  },
  {
    "name": "chairs_employed",
    "year": "2019",
    "value": 81.89999999999999
  },
  {
    "name": "chairs_employed",
    "year": "2020",
    "value": 73.6
  },
  {
    "name": "chairs_employed",
    "year": "2021",
    "value": 80.30000000000001
  },
  {
    "name": "chairs_employed",
    "year": "2022",
    "value": 83.6
  },
  {
    "name": "chairs_employed",
    "year": "2023",
    "value": 87.5
  },
  {
    "name": "chairs_employed",
    "year": "LTM",
    "value": 88.3
  },
  {
    "name": "turnover",
    "year": "2015",
    "value": 663.0
  },
  {
    "name": "turnover",
    "year": "2016",
    "value": 918.0
  },
  {
    "name": "turnover",
    "year": "2017",
    "value": 1231.0
  },
  {
    "name": "turnover",
    "year": "2018",
    "value": 1300.0
  },
  {
    "name": "turnover",
    "year": "2019",
    "value": 1314.0
  },
  {
    "name": "turnover",
    "year": "2020",
    "value": 1062.0
  },
  {
    "name": "turnover",
    "year": "2021",
    "value": 1295.0
  },
  {
    "name": "turnover",
    "year": "2022",
    "value": 854.4
  },
  {
    "name": "turnover",
    "year": "2023",
    "value": 989.4
  },
  {
    "name": "turnover",
    "year": "LTM",
    "value": 786.5
  },
  {
    "name": "flight_hours",
    "year": "2015",
    "value": 859605.0
  },
  {
    "name": "flight_hours",
    "year": "2016",
    "value": 911776.0
  },
  {
    "name": "flight_hours",
    "year": "2017",
    "value": 1009108.0
  },
  {
    "name": "flight_hours",
    "year": "2018",
    "value": 1123546.0
  },
  {
    "name": "flight_hours",
    "year": "2019",
    "value": 1225785.0
  },
  {
    "name": "flight_hours",
    "year": "2020",
    "value": 637129.0
  },
  {
    "name": "flight_hours",
    "year": "2021",
    "value": 838466.0
  },
  {
    "name": "flight_hours",
    "year": "2022",
    "value": 785313.0
  },
  {
    "name": "flight_hours",
    "year": "2023",
    "value": 893694.0
  },
  {
    "name": "flight_hours",
    "year": "LTM",
    "value": null
  },
  {
    "name": "aircraft_number",
    "year": "2015",
    "value": 258.0
  },
  {
    "name": "aircraft_number",
    "year": "2016",
    "value": 291.0
  },
  {
    "name": "aircraft_number",
    "year": "2017",
    "value": 325.0
  },
  {
    "name": "aircraft_number",
    "year": "2018",
    "value": 366.0
  },
  {
    "name": "aircraft_number",
    "year": "2019",
    "value": 358.0
  },
  {
    "name": "aircraft_number",
    "year": "2020",
    "value": 364.0
  },
  {
    "name": "aircraft_number",
    "year": "2021",
    "value": 356.0
  },
  {
    "name": "aircraft_number",
    "year": "2022",
    "value": null
  },
  {
    "name": "aircraft_number",
    "year": "2023",
    "value": 349.0
  },
  {
    "name": "aircraft_number",
    "year": "LTM",
    "value": 349.0
  },
  {
    "name": "revenue",
    "year": "2015",
    "value": 366.307
  },
  {
    "name": "revenue",
    "year": "2016",
    "value": 427.9
  },
  {
    "name": "revenue",
    "year": "2017",
    "value": 446.649
  },
  {
    "name": "revenue",
    "year": "2018",
    "value": 504.697
  },
  {
    "name": "revenue",
    "year": "2019",
    "value": 551.767
  },
  {
    "name": "revenue",
    "year": "2020",
    "value": 229.766
  },
  {
    "name": "revenue",
    "year": "2021",
    "value": 378.66
  },
  {
    "name": "revenue",
    "year": "2022",
    "value": 332.75
  },
  {
    "name": "revenue",
    "year": "2023",
    "value": 497.5
  },
  {
    "name": "revenue",
    "year": "LTM",
    "value": 550.6
  },
  {
    "name": "operating_income",
    "year": "2016",
    "value": 12.6
  },
  {
    "name": "operating_income",
    "year": "2017",
    "value": -1.53
  },
  {
    "name": "operating_income",
    "year": "2018",
    "value": -38.61
  },
  {
    "name": "operating_income",
    "year": "2019",
    "value": -36.8
  },
  {
    "name": "operating_income",
    "year": "2020",
    "value": -130.6
  },
  {
    "name": "operating_income",
    "year": "2021",
    "value": -69.48
  },
  {
    "name": "operating_income",
    "year": "2022",
    "value": -72.75
  },
  {
    "name": "operating_income",
    "year": "2023",
    "value": -9.76
  },
  {
    "name": "operating_income",
    "year": "LTM",
    "value": 2.72
  },
  {
    "name": "net_income",
    "year": "2015",
    "value": -18.928
  },
  {
    "name": "net_income",
    "year": "2016",
    "value": 30.617
  },
  {
    "name": "net_income",
    "year": "2017",
    "value": 28.443
  },
  {
    "name": "net_income",
    "year": "2018",
    "value": 2.796
  },
  {
    "name": "net_income",
    "year": "2019",
    "value": 5.287
  },
  {
    "name": "net_income",
    "year": "2020",
    "value": -96.527
  },
  {
    "name": "net_income",
    "year": "2021",
    "value": -45.64
  },
  {
    "name": "net_income",
    "year": "2022",
    "value": -14.3
  },
  {
    "name": "net_income",
    "year": "2023",
    "value": -29.5
  },
  {
    "name": "net_income",
    "year": "LTM",
    "value": -2.74
  },
  {
    "name": "opex",
    "year": "2016",
    "value": 43.64
  },
  {
    "name": "opex",
    "year": "2017",
    "value": 47.9
  },
  {
    "name": "opex",
    "year": "2018",
    "value": 43.63
  },
  {
    "name": "opex",
    "year": "2019",
    "value": 45.59
  },
  {
    "name": "opex",
    "year": "2020",
    "value": 28.633
  },
  {
    "name": "opex",
    "year": "2021",
    "value": 33.82
  },
  {
    "name": "opex",
    "year": "2022",
    "value": 22.8
  },
  {
    "name": "opex",
    "year": "2023",
    "value": 17.0
  },
  {
    "name": "opex",
    "year": "LTM",
    "value": 12.38
  },
  {
    "name": "cost_of_production",
    "year": "2015",
    "value": 316.357
  },
  {
    "name": "cost_of_production",
    "year": "2016",
    "value": 371.563
  },
  {
    "name": "cost_of_production",
    "year": "2017",
    "value": 400.269
  },
  {
    "name": "cost_of_production",
    "year": "2018",
    "value": 499.683
  },
  {
    "name": "cost_of_production",
    "year": "2019",
    "value": 542.976
  },
  {
    "name": "cost_of_production",
    "year": "2020",
    "value": 331.734
  },
  {
    "name": "cost_of_production",
    "year": "2021",
    "value": 414.31
  },
  {
    "name": "cost_of_production",
    "year": "2022",
    "value": 382.7
  },
  {
    "name": "cost_of_production",
    "year": "2023",
    "value": 490.2
  },
  {
    "name": "cost_of_production",
    "year": "LTM",
    "value": 535.9
  },
  {
    "name": "employment_expenses",
    "year": "2015",
    "value": 28.78
  },
  {
    "name": "employment_expenses",
    "year": "2016",
    "value": 41.4
  },
  {
    "name": "employment_expenses",
    "year": "2017",
    "value": 46.24
  },
  {
    "name": "employment_expenses",
    "year": "2018",
    "value": 54.96
  },
  {
    "name": "employment_expenses",
    "year": "2019",
    "value": 56.94
  },
  {
    "name": "employment_expenses",
    "year": "2020",
    "value": 42.1
  },
  {
    "name": "employment_expenses",
    "year": "2021",
    "value": 40.56
  },
  {
    "name": "employment_expenses",
    "year": "2022",
    "value": 31.6
  },
  {
    "name": "employment_expenses",
    "year": "2023",
    "value": 27.4
  },
  {
    "name": "employment_expenses",
    "year": "LTM",
    "value": null
  },
  {
    "name": "assets",
    "year": "2017",
    "value": 184.51
  },
  {
    "name": "assets",
    "year": "2018",
    "value": 171.65
  },
  {
    "name": "assets",
    "year": "2019",
    "value": 198.93
  },
  {
    "name": "assets",
    "year": "2020",
    "value": 271.03
  },
  {
    "name": "assets",
    "year": "2021",
    "value": 262.92
  },
  {
    "name": "assets",
    "year": "2022",
    "value": 785.0
  },
  {
    "name": "assets",
    "year": "2023",
    "value": 934.3
  },
  {
    "name": "assets",
    "year": "LTM",
    "value": 931.2
  },
  {
    "name": "net_assets",
    "year": "2014",
    "value": 68.524
  },
  {
    "name": "net_assets",
    "year": "2015",
    "value": 49.755
  },
  {
    "name": "net_assets",
    "year": "2016",
    "value": 80.391
  },
  {
    "name": "net_assets",
    "year": "2017",
    "value": 78.72
  },
  {
    "name": "net_assets",
    "year": "2018",
    "value": 60.26
  },
  {
    "name": "net_assets",
    "year": "2019",
    "value": 69.73
  },
  {
    "name": "net_assets",
    "year": "2020",
    "value": 53.28
  },
  {
    "name": "net_assets",
    "year": "2021",
    "value": 7.7
  },
  {
    "name": "net_assets",
    "year": "2022",
    "value": -67.8
  },
  {
    "name": "net_assets",
    "year": "2023",
    "value": -97.3
  },
  {
    "name": "net_assets",
    "year": "LTM",
    "value": -104.0
  },
  {
    "name": "debt",
    "year": "2016",
    "value": 17.17
  },
  {
    "name": "debt",
    "year": "2017",
    "value": 0.0
  },
  {
    "name": "debt",
    "year": "2018",
    "value": 0.0
  },
  {
    "name": "debt",
    "year": "2019",
    "value": 12.52
  },
  {
    "name": "debt",
    "year": "2020",
    "value": 78.74
  },
  {
    "name": "debt",
    "year": "2021",
    "value": 122.75
  },
  {
    "name": "debt",
    "year": "2022",
    "value": 106.1
  },
  {
    "name": "debt",
    "year": "2023",
    "value": 84.1
  },
  {
    "name": "debt",
    "year": "LTM",
    "value": 74.26
  },
  {
    "name": "cash",
    "year": "2017",
    "value": 34.1
  },
  {
    "name": "cash",
    "year": "2018",
    "value": 9.87
  },
  {
    "name": "cash",
    "year": "2019",
    "value": 7.34
  },
  {
    "name": "cash",
    "year": "2020",
    "value": 76.19
  },
  {
    "name": "cash",
    "year": "2021",
    "value": 70.72
  },
  {
    "name": "cash",
    "year": "2022",
    "value": 74.5
  },
  {
    "name": "cash",
    "year": "2023",
    "value": 75.9
  },
  {
    "name": "cash",
    "year": "LTM",
    "value": 62.4
  },
  {
    "name": "net_debt",
    "year": "2014",
    "value": 0.0
  },
  {
    "name": "net_debt",
    "year": "2015",
    "value": 0.0
  },
  {
    "name": "net_debt",
    "year": "2016",
    "value": 17.17
  },
  {
    "name": "net_debt",
    "year": "2017",
    "value": -34.1
  },
  {
    "name": "net_debt",
    "year": "2018",
    "value": -9.87
  },
  {
    "name": "net_debt",
    "year": "2019",
    "value": 5.18
  },
  {
    "name": "net_debt",
    "year": "2020",
    "value": 2.55
  },
  {
    "name": "net_debt",
    "year": "2021",
    "value": 52.03
  },
  {
    "name": "net_debt",
    "year": "2022",
    "value": 31.6
  },
  {
    "name": "net_debt",
    "year": "2023",
    "value": 8.2
  },
  {
    "name": "net_debt",
    "year": "LTM",
    "value": 11.86
  },
  {
    "name": "common_share",
    "year": "2014",
    "value": 32.23
  },
  {
    "name": "common_share",
    "year": "2015",
    "value": 56.1
  },
  {
    "name": "common_share",
    "year": "2016",
    "value": 153.0
  },
  {
    "name": "common_share",
    "year": "2017",
    "value": 138.45
  },
  {
    "name": "common_share",
    "year": "2018",
    "value": 101.18
  },
  {
    "name": "common_share",
    "year": "2019",
    "value": 103.5
  },
  {
    "name": "common_share",
    "year": "2020",
    "value": 71.44
  },
  {
    "name": "common_share",
    "year": "2021",
    "value": 58.94
  },
  {
    "name": "common_share",
    "year": "2022",
    "value": 24.58
  },
  {
    "name": "common_share",
    "year": "2023",
    "value": 34.93
  },
  {
    "name": "common_share",
    "year": "LTM",
    "value": 47.85
  },
  {
    "name": "number_of_shares",
    "year": "2014",
    "value": 1110.6
  },
  {
    "name": "number_of_shares",
    "year": "2015",
    "value": 1110.6
  },
  {
    "name": "number_of_shares",
    "year": "2016",
    "value": 1110.6
  },
  {
    "name": "number_of_shares",
    "year": "2017",
    "value": 1110.616
  },
  {
    "name": "number_of_shares",
    "year": "2018",
    "value": 1110.616
  },
  {
    "name": "number_of_shares",
    "year": "2019",
    "value": 1110.616
  },
  {
    "name": "number_of_shares",
    "year": "2020",
    "value": 2444.535
  },
  {
    "name": "number_of_shares",
    "year": "2021",
    "value": 2444.535
  },
  {
    "name": "number_of_shares",
    "year": "2022",
    "value": 3976.0
  },
  {
    "name": "number_of_shares",
    "year": "2023",
    "value": 3976.0
  },
  {
    "name": "number_of_shares",
    "year": "LTM",
    "value": 3976.0
  },
  {
    "name": "market_cap",
    "year": "2014",
    "value": 35.794638
  },
  {
    "name": "market_cap",
    "year": "2015",
    "value": 62.30466
  },
  {
    "name": "market_cap",
    "year": "2016",
    "value": 169.9218
  },
  {
    "name": "market_cap",
    "year": "2017",
    "value": 153.7647852
  },
  {
    "name": "market_cap",
    "year": "2018",
    "value": 112.37212688
  },
  {
    "name": "market_cap",
    "year": "2019",
    "value": 114.948756
  },
  {
    "name": "market_cap",
    "year": "2020",
    "value": 174.6375804
  },
  {
    "name": "market_cap",
    "year": "2021",
    "value": 144.0808929
  },
  {
    "name": "market_cap",
    "year": "2022",
    "value": 97.73008
  },
  {
    "name": "market_cap",
    "year": "2023",
    "value": 138.88168
  },
  {
    "name": "market_cap",
    "year": "LTM",
    "value": 190.2516
  },
  {
    "name": "ev",
    "year": "2014",
    "value": 35.794638
  },
  {
    "name": "ev",
    "year": "2015",
    "value": 62.30466
  },
  {
    "name": "ev",
    "year": "2016",
    "value": 187.0918
  },
  {
    "name": "ev",
    "year": "2017",
    "value": 119.6647852
  },
  {
    "name": "ev",
    "year": "2018",
    "value": 102.50212688
  },
  {
    "name": "ev",
    "year": "2019",
    "value": 120.128756
  },
  {
    "name": "ev",
    "year": "2020",
    "value": 177.1875804
  },
  {
    "name": "ev",
    "year": "2021",
    "value": 196.1108929
  },
  {
    "name": "ev",
    "year": "2022",
    "value": 129.33008
  },
  {
    "name": "ev",
    "year": "2023",
    "value": 147.08168
  },
  {
    "name": "ev",
    "year": "LTM",
    "value": 202.1116
  },
  {
    "name": "book_value",
    "year": "2014",
    "value": 68.524
  },
  {
    "name": "book_value",
    "year": "2015",
    "value": 49.755
  },
  {
    "name": "book_value",
    "year": "2016",
    "value": 80.391
  },
  {
    "name": "book_value",
    "year": "2017",
    "value": 78.72
  },
  {
    "name": "book_value",
    "year": "2018",
    "value": 60.26
  },
  {
    "name": "book_value",
    "year": "2019",
    "value": 69.73
  },
  {
    "name": "book_value",
    "year": "2020",
    "value": 53.28
  },
  {
    "name": "book_value",
    "year": "2021",
    "value": 7.7
  },
  {
    "name": "book_value",
    "year": "2022",
    "value": -68.23
  },
  {
    "name": "book_value",
    "year": "2023",
    "value": -99.21
  },
  {
    "name": "book_value",
    "year": "LTM",
    "value": -106.5
  },
  {
    "name": "eps",
    "year": "2014",
    "value": 0.0
  },
  {
    "name": "eps",
    "year": "2015",
    "value": -17.0430397983
  },
  {
    "name": "eps",
    "year": "2016",
    "value": 27.5679812714
  },
  {
    "name": "eps",
    "year": "2017",
    "value": 25.6101118658
  },
  {
    "name": "eps",
    "year": "2018",
    "value": 2.51752180772
  },
  {
    "name": "eps",
    "year": "2019",
    "value": 4.76042124371
  },
  {
    "name": "eps",
    "year": "2020",
    "value": -39.4868553733
  },
  {
    "name": "eps",
    "year": "2021",
    "value": -18.6702174442
  },
  {
    "name": "eps",
    "year": "2022",
    "value": -3.59657947686
  },
  {
    "name": "eps",
    "year": "2023",
    "value": -7.41951710262
  },
  {
    "name": "eps",
    "year": "LTM",
    "value": -0.6891348088531187
  },
  {
    "name": "fcf_share",
    "year": "2014",
    "value": 0.0
  },
  {
    "name": "fcf_share",
    "year": "2015",
    "value": 0.0
  },
  {
    "name": "fcf_share",
    "year": "2016",
    "value": 0.0
  },
  {
    "name": "fcf_share",
    "year": "2017",
    "value": 0.0
  },
  {
    "name": "fcf_share",
    "year": "2018",
    "value": 0.0
  },
  {
    "name": "fcf_share",
    "year": "2019",
    "value": 0.0
  },
  {
    "name": "fcf_share",
    "year": "2020",
    "value": 0.0
  },
  {
    "name": "fcf_share",
    "year": "2021",
    "value": 0.0
  },
  {
    "name": "fcf_share",
    "year": "2022",
    "value": -0.0503018108652
  },
  {
    "name": "fcf_share",
    "year": "2023",
    "value": 7.73641851107
  },
  {
    "name": "fcf_share",
    "year": "LTM",
    "value": 0.0
  },
  {
    "name": "bv_share",
    "year": "2014",
    "value": 61.6999819917
  },
  {
    "name": "bv_share",
    "year": "2015",
    "value": 44.8001080497
  },
  {
    "name": "bv_share",
    "year": "2016",
    "value": 72.3851971907
  },
  {
    "name": "bv_share",
    "year": "2017",
    "value": 70.8795839426
  },
  {
    "name": "bv_share",
    "year": "2018",
    "value": 54.2581774439
  },
  {
    "name": "bv_share",
    "year": "2019",
    "value": 62.7849769857
  },
  {
    "name": "bv_share",
    "year": "2020",
    "value": 21.7955562101
  },
  {
    "name": "bv_share",
    "year": "2021",
    "value": 3.14988331114
  },
  {
    "name": "bv_share",
    "year": "2022",
    "value": -17.1604627767
  },
  {
    "name": "bv_share",
    "year": "2023",
    "value": -24.9522132797
  },
  {
    "name": "bv_share",
    "year": "LTM",
    "value": -26.785714285714285
  },
  {
    "name": "ebitda_margin",
    "year": "2015",
    "value": 0.0
  },
  {
    "name": "ebitda_margin",
    "year": "2016",
    "value": 0.0
  },
  {
    "name": "ebitda_margin",
    "year": "2017",
    "value": 0.0
  },
  {
    "name": "ebitda_margin",
    "year": "2018",
    "value": 0.0
  },
  {
    "name": "ebitda_margin",
    "year": "2019",
    "value": 0.0
  },
  {
    "name": "ebitda_margin",
    "year": "2020",
    "value": 0.0
  },
  {
    "name": "ebitda_margin",
    "year": "2021",
    "value": 0.0
  },
  {
    "name": "ebitda_margin",
    "year": "2022",
    "value": 0.0
  },
  {
    "name": "ebitda_margin",
    "year": "2023",
    "value": 0.0
  },
  {
    "name": "ebitda_margin",
    "year": "LTM",
    "value": 0.0
  },
  {
    "name": "net_margin",
    "year": "2015",
    "value": -5.16725042109
  },
  {
    "name": "net_margin",
    "year": "2016",
    "value": 7.15517644309
  },
  {
    "name": "net_margin",
    "year": "2017",
    "value": 6.36808769302
  },
  {
    "name": "net_margin",
    "year": "2018",
    "value": 0.553995763795
  },
  {
    "name": "net_margin",
    "year": "2019",
    "value": 0.95819431028
  },
  {
    "name": "net_margin",
    "year": "2020",
    "value": -42.0110024982
  },
  {
    "name": "net_margin",
    "year": "2021",
    "value": -12.0530291026
  },
  {
    "name": "net_margin",
    "year": "2022",
    "value": -4.29752066116
  },
  {
    "name": "net_margin",
    "year": "2023",
    "value": -5.92964824121
  },
  {
    "name": "net_margin",
    "year": "LTM",
    "value": -0.497638939338903
  },
  {
    "name": "fcf_yield",
    "year": "2014",
    "value": 0.0
  },
  {
    "name": "fcf_yield",
    "year": "2015",
    "value": 0.0
  },
  {
    "name": "fcf_yield",
    "year": "2016",
    "value": 0.0
  },
  {
    "name": "fcf_yield",
    "year": "2017",
    "value": 0.0
  },
  {
    "name": "fcf_yield",
    "year": "2018",
    "value": 0.0
  },
  {
    "name": "fcf_yield",
    "year": "2019",
    "value": 0.0
  },
  {
    "name": "fcf_yield",
    "year": "2020",
    "value": 0.0
  },
  {
    "name": "fcf_yield",
    "year": "2021",
    "value": 0.0
  },
  {
    "name": "fcf_yield",
    "year": "2022",
    "value": -0.204645284236
  },
  {
    "name": "fcf_yield",
    "year": "2023",
    "value": 22.1483495879
  },
  {
    "name": "fcf_yield",
    "year": "LTM",
    "value": 0.0
  },
  {
    "name": "roe",
    "year": "2014",
    "value": 0.0
  },
  {
    "name": "roe",
    "year": "2015",
    "value": -38.0424077982
  },
  {
    "name": "roe",
    "year": "2016",
    "value": 38.0851090296
  },
  {
    "name": "roe",
    "year": "2017",
    "value": 36.1318597561
  },
  {
    "name": "roe",
    "year": "2018",
    "value": 4.63989379356
  },
  {
    "name": "roe",
    "year": "2019",
    "value": 7.58210239495
  },
  {
    "name": "roe",
    "year": "2020",
    "value": -181.169294294
  },
  {
    "name": "roe",
    "year": "2021",
    "value": -592.727272727
  },
  {
    "name": "roe",
    "year": "2022",
    "value": 21.091445427700002
  },
  {
    "name": "roe",
    "year": "2023",
    "value": 30.318602261
  },
  {
    "name": "roe",
    "year": "LTM",
    "value": 2.6346153846153846
  },
  {
    "name": "roa",
    "year": "2017",
    "value": 15.415424638200001
  },
  {
    "name": "roa",
    "year": "2018",
    "value": 1.6288960093200002
  },
  {
    "name": "roa",
    "year": "2019",
    "value": 2.65771879556
  },
  {
    "name": "roa",
    "year": "2020",
    "value": -35.6148765819
  },
  {
    "name": "roa",
    "year": "2021",
    "value": -17.358892438799998
  },
  {
    "name": "roa",
    "year": "2022",
    "value": -1.8216560509600002
  },
  {
    "name": "roa",
    "year": "2023",
    "value": -3.15744407578
  },
  {
    "name": "roa",
    "year": "LTM",
    "value": -0.29424398625429554
  },
  {
    "name": "p_e",
    "year": "2015",
    "value": -3.29166631445
  },
  {
    "name": "p_e",
    "year": "2016",
    "value": 5.54991671294
  },
  {
    "name": "p_e",
    "year": "2017",
    "value": 5.40606775657
  },
  {
    "name": "p_e",
    "year": "2018",
    "value": 40.190317196
  },
  {
    "name": "p_e",
    "year": "2019",
    "value": 21.7417734065
  },
  {
    "name": "p_e",
    "year": "2020",
    "value": -1.80920965533
  },
  {
    "name": "p_e",
    "year": "2021",
    "value": -3.15689949387
  },
  {
    "name": "p_e",
    "year": "2022",
    "value": -6.83427132867
  },
  {
    "name": "p_e",
    "year": "2023",
    "value": -4.70785355932
  },
  {
    "name": "p_e",
    "year": "LTM",
    "value": -69.4348905109489
  },
  {
    "name": "p_s",
    "year": "2015",
    "value": 0.170088641495
  },
  {
    "name": "p_s",
    "year": "2016",
    "value": 0.397106333255
  },
  {
    "name": "p_s",
    "year": "2017",
    "value": 0.344263135482
  },
  {
    "name": "p_s",
    "year": "2018",
    "value": 0.222652654722
  },
  {
    "name": "p_s",
    "year": "2019",
    "value": 0.208328435735
  },
  {
    "name": "p_s",
    "year": "2020",
    "value": 0.760067113498
  },
  {
    "name": "p_s",
    "year": "2021",
    "value": 0.380502014736
  },
  {
    "name": "p_s",
    "year": "2022",
    "value": 0.293704222389
  },
  {
    "name": "p_s",
    "year": "2023",
    "value": 0.279159155779
  },
  {
    "name": "p_s",
    "year": "LTM",
    "value": 0.34553505266981477
  },
  {
    "name": "p_bv",
    "year": "2014",
    "value": 0.522366440955
  },
  {
    "name": "p_bv",
    "year": "2015",
    "value": 1.2522291227
  },
  {
    "name": "p_bv",
    "year": "2016",
    "value": 2.11369183118
  },
  {
    "name": "p_bv",
    "year": "2017",
    "value": 1.95331282012
  },
  {
    "name": "p_bv",
    "year": "2018",
    "value": 1.86478803319
  },
  {
    "name": "p_bv",
    "year": "2019",
    "value": 1.64848352216
  },
  {
    "name": "p_bv",
    "year": "2020",
    "value": 3.27773236486
  },
  {
    "name": "p_bv",
    "year": "2021",
    "value": 18.7118042727
  },
  {
    "name": "p_bv",
    "year": "2022",
    "value": -1.43236230397
  },
  {
    "name": "p_bv",
    "year": "2023",
    "value": -1.39987581897
  },
  {
    "name": "p_bv",
    "year": "LTM",
    "value": -1.7864
  },
  {
    "name": "employees",
    "year": "2014",
    "value": 32200.0
  },
  {
    "name": "employees",
    "year": "2015",
    "value": 34000.0
  },
  {
    "name": "employees",
    "year": "2016",
    "value": 36600.0
  },
  {
    "name": "employees",
    "year": "2017",
    "value": 38900.0
  },
  {
    "name": "employees",
    "year": "2018",
    "value": 41111.0
  },
  {
    "name": "employees",
    "year": "2019",
    "value": 41296.0
  },
  {
    "name": "employees",
    "year": "2020",
    "value": 36600.0
  },
  {
    "name": "employees",
    "year": "2021",
    "value": 36100.0
  },
  {
    "name": "employees",
    "year": "2022",
    "value": 32300.0
  },
  {
    "name": "employees",
    "year": "2023",
    "value": 31500.0
  },
  {
    "name": "employees",
    "year": "LTM",
    "value": null
  },
  {
    "name": "labour_productivity",
    "year": "2014",
    "value": 0.0
  },
  {
    "name": "labour_productivity",
    "year": "2015",
    "value": 10.7737352941
  },
  {
    "name": "labour_productivity",
    "year": "2016",
    "value": 11.6912568306
  },
  {
    "name": "labour_productivity",
    "year": "2017",
    "value": 11.4819794344
  },
  {
    "name": "labour_productivity",
    "year": "2018",
    "value": 12.2764466931
  },
  {
    "name": "labour_productivity",
    "year": "2019",
    "value": 13.3612698566
  },
  {
    "name": "labour_productivity",
    "year": "2020",
    "value": 6.27775956284
  },
  {
    "name": "labour_productivity",
    "year": "2021",
    "value": 10.489196675899999
  },
  {
    "name": "labour_productivity",
    "year": "2022",
    "value": 10.3018575851
  },
  {
    "name": "labour_productivity",
    "year": "2023",
    "value": 15.7936507937
  },
  {
    "name": "labour_productivity",
    "year": "LTM",
    "value": null
  },
  {
    "name": "expenses_per_employee",
    "year": "2014",
    "value": 0.0
  },
  {
    "name": "expenses_per_employee",
    "year": "2015",
    "value": 846.470588235
  },
  {
    "name": "expenses_per_employee",
    "year": "2016",
    "value": 1131.14754098
  },
  {
    "name": "expenses_per_employee",
    "year": "2017",
    "value": 1188.68894602
  },
  {
    "name": "expenses_per_employee",
    "year": "2018",
    "value": 1336.86847802
  },
  {
    "name": "expenses_per_employee",
    "year": "2019",
    "value": 1378.82603642
  },
  {
    "name": "expenses_per_employee",
    "year": "2020",
    "value": 1150.27322404
  },
  {
    "name": "expenses_per_employee",
    "year": "2021",
    "value": 1123.54570637
  },
  {
    "name": "expenses_per_employee",
    "year": "2022",
    "value": 978.328173375
  },
  {
    "name": "expenses_per_employee",
    "year": "2023",
    "value": 869.841269841
  },
  {
    "name": "expenses_per_employee",
    "year": "LTM",
    "value": null
  },
  {
    "name": "capex_revenue",
    "year": "2015",
    "value": 0.0
  },
  {
    "name": "capex_revenue",
    "year": "2016",
    "value": 1.13811638233
  },
  {
    "name": "capex_revenue",
    "year": "2017",
    "value": 1.16422515219
  },
  {
    "name": "capex_revenue",
    "year": "2018",
    "value": 0.560732479091
  },
  {
    "name": "capex_revenue",
    "year": "2019",
    "value": 0.358847122064
  },
  {
    "name": "capex_revenue",
    "year": "2020",
    "value": 0.200203685489
  },
  {
    "name": "capex_revenue",
    "year": "2021",
    "value": 0.0448951566049
  },
  {
    "name": "capex_revenue",
    "year": "2022",
    "value": 10.6686701728
  },
  {
    "name": "capex_revenue",
    "year": "2023",
    "value": 0.361809045226
  },
  {
    "name": "capex_revenue",
    "year": "LTM",
    "value": 0.0
  }
]