[{"name":"date","year":"2019","value":"23.03.2020"},{"name":"date","year":"2020","value":"19.03.2021"},{"name":"date","year":"2021","value":""},{"name":"date","year":"2022","value":"29.03.2024"},{"name":"date","year":"2023","value":"29.03.2024"},{"name":"date","year":"LTM\n?","value":"27.08.2024"},{"name":"currency","year":"2019","value":"RUB"},{"name":"currency","year":"2020","value":"RUB"},{"name":"currency","year":"2021","value":"RUB"},{"name":"currency","year":"2022","value":"RUB"},{"name":"currency","year":"2023","value":"RUB"},{"name":"currency","year":"LTM\n?","value":"RUB"},{"name":"report_url","year":"2019","value":"https://acron.ru/upload/iblock/f3c/Acron_IFRS_2019_RUS_FINAL_full.pdf"},{"name":"report_url","year":"2020","value":"https://www.acron.ru/upload/iblock/5ec/Acron_IFRS_2020_RUS_FINAL-FULL-secured.pdf"},{"name":"report_url","year":"2021","value":""},{"name":"report_url","year":"2022","value":""},{"name":"report_url","year":"2023","value":"https://www.e-disclosure.ru/portal/FileLoad.ashx?Fileid=1828209"},{"name":"report_url","year":"LTM\n?","value":"https://www.acron.ru/upload/iblock/2e7/jwz2av917n7fpo9wb7028dlm02qk2s5c/Acron_IFRS_2kv_2024_RUS_obedinennaya_dlya-sayta.pdf"},{"name":"year_report_url","year":"2019","value":"http://www.e-disclosure.ru/portal/FileLoad.ashx?Fileid=1639634"},{"name":"year_report_url","year":"2020","value":"https://www.acron.ru/upload/iblock/c92/Acron_2020_Annual_Report_ru.pdf"},{"name":"year_report_url","year":"2021","value":""},{"name":"year_report_url","year":"2022","value":""},{"name":"year_report_url","year":"2023","value":"https://www.e-disclosure.ru/portal/FileLoad.ashx?Fileid=1836967"},{"name":"year_report_url","year":"LTM\n?","value":""},{"name":"presentation_url","year":"2019","value":"https://acron.ru/upload/iblock/e3e/Presentation-2020_03-RUS-web.pdf"},{"name":"presentation_url","year":"2020","value":""},{"name":"presentation_url","year":"2021","value":""},{"name":"presentation_url","year":"2022","value":""},{"name":"presentation_url","year":"2023","value":""},{"name":"presentation_url","year":"LTM\n?","value":""},{"name":"fertilizers_production","year":"2019","value":""},{"name":"fertilizers_production","year":"2020","value":""},{"name":"fertilizers_production","year":"2021","value":""},{"name":"fertilizers_production","year":"2022","value":"8.34"},{"name":"fertilizers_production","year":"2023","value":"8.38"},{"name":"fertilizers_production","year":"LTM\n?","value":"8.22"},{"name":"fertilizers_sales","year":"2019","value":""},{"name":"fertilizers_sales","year":"2020","value":""},{"name":"fertilizers_sales","year":"2021","value":""},{"name":"fertilizers_sales","year":"2022","value":"8.57"},{"name":"fertilizers_sales","year":"2023","value":"8.31"},{"name":"fertilizers_sales","year":"LTM\n?","value":"8.39"},{"name":"export_share","year":"2019","value":""},{"name":"export_share","year":"2020","value":""},{"name":"export_share","year":"2021","value":""},{"name":"export_share","year":"2022","value":""},{"name":"export_share","year":"2023","value":""},{"name":"export_share","year":"LTM\n?","value":"79.0%"},{"name":"revenue","year":"2019","value":"114.8"},{"name":"revenue","year":"2020","value":"119.9"},{"name":"revenue","year":"2021","value":""},{"name":"revenue","year":"2022","value":"257.2"},{"name":"revenue","year":"2023","value":"179.5"},{"name":"revenue","year":"LTM\n?","value":"187.3"},{"name":"operating_income","year":"2019","value":""},{"name":"operating_income","year":"2020","value":""},{"name":"operating_income","year":"2021","value":""},{"name":"operating_income","year":"2022","value":"120.3"},{"name":"operating_income","year":"2023","value":"73.1"},{"name":"operating_income","year":"LTM\n?","value":"49.4"},{"name":"ebitda","year":"2019","value":"35.7"},{"name":"ebitda","year":"2020","value":"35.3"},{"name":"ebitda","year":"2021","value":""},{"name":"ebitda","year":"2022","value":"136.3"},{"name":"ebitda","year":"2023","value":"68.7"},{"name":"ebitda","year":"LTM\n?","value":"63.2"},{"name":"net_income","year":"2019","value":"24.2"},{"name":"net_income","year":"2020","value":"3.84"},{"name":"net_income","year":"2021","value":""},{"name":"net_income","year":"2022","value":"90.4"},{"name":"net_income","year":"2023","value":"35.7"},{"name":"net_income","year":"LTM\n?","value":"35.2"},{"name":"ocf","year":"2019","value":""},{"name":"ocf","year":"2020","value":""},{"name":"ocf","year":"2021","value":""},{"name":"ocf","year":"2022","value":"65.5"},{"name":"ocf","year":"2023","value":"62.4"},{"name":"ocf","year":"LTM\n?","value":"31.8"},{"name":"capex","year":"2019","value":"19.0"},{"name":"capex","year":"2020","value":"18.0"},{"name":"capex","year":"2021","value":""},{"name":"capex","year":"2022","value":"29.5"},{"name":"capex","year":"2023","value":"45.3"},{"name":"capex","year":"LTM\n?","value":"49.8"},{"name":"fcf","year":"2019","value":""},{"name":"fcf","year":"2020","value":""},{"name":"fcf","year":"2021","value":""},{"name":"fcf","year":"2022","value":"36.0"},{"name":"fcf","year":"2023","value":"16.6"},{"name":"fcf","year":"LTM\n?","value":"-17.0"},{"name":"dividend_payout","year":"2019","value":"21.6"},{"name":"dividend_payout","year":"2020","value":"1.22"},{"name":"dividend_payout","year":"2021","value":"40.1"},{"name":"dividend_payout","year":"2022","value":""},{"name":"dividend_payout","year":"2023","value":"15.7"},{"name":"dividend_payout","year":"LTM\n?","value":"15.7"},{"name":"dividend","year":"2019","value":"533"},{"name":"dividend","year":"2020","value":"30"},{"name":"dividend","year":"2021","value":"990"},{"name":"dividend","year":"2022","value":""},{"name":"dividend","year":"2023","value":"427"},{"name":"dividend","year":"LTM\n?","value":"427"},{"name":"div_yield","year":"2019","value":"11.1%"},{"name":"div_yield","year":"2020","value":"0.5%"},{"name":"div_yield","year":"2021","value":"8.0%"},{"name":"div_yield","year":"2022","value":"0.0%"},{"name":"div_yield","year":"2023","value":"2.3%"},{"name":"div_yield","year":"LTM\n?","value":"2.8%"},{"name":"div_payout_ratio","year":"2019","value":"89%"},{"name":"div_payout_ratio","year":"2020","value":"32%"},{"name":"div_payout_ratio","year":"2021","value":""},{"name":"div_payout_ratio","year":"2022","value":"0%"},{"name":"div_payout_ratio","year":"2023","value":"44%"},{"name":"div_payout_ratio","year":"LTM\n?","value":"45%"},{"name":"opex","year":"2019","value":""},{"name":"opex","year":"2020","value":""},{"name":"opex","year":"2021","value":""},{"name":"opex","year":"2022","value":"45.5"},{"name":"opex","year":"2023","value":"15.8"},{"name":"opex","year":"LTM\n?","value":""},{"name":"cost_of_production","year":"2019","value":"59.8"},{"name":"cost_of_production","year":"2020","value":"65.8"},{"name":"cost_of_production","year":"2021","value":""},{"name":"cost_of_production","year":"2022","value":"91.5"},{"name":"cost_of_production","year":"2023","value":"90.5"},{"name":"cost_of_production","year":"LTM\n?","value":"94.1"},{"name":"amortization","year":"2019","value":""},{"name":"amortization","year":"2020","value":""},{"name":"amortization","year":"2021","value":""},{"name":"amortization","year":"2022","value":"12.0"},{"name":"amortization","year":"2023","value":"12.5"},{"name":"amortization","year":"LTM\n?","value":"12.6"},{"name":"employment_expenses","year":"2019","value":"12.0"},{"name":"employment_expenses","year":"2020","value":"13.1"},{"name":"employment_expenses","year":"2021","value":""},{"name":"employment_expenses","year":"2022","value":"16.8"},{"name":"employment_expenses","year":"2023","value":"20.3"},{"name":"employment_expenses","year":"LTM\n?","value":""},{"name":"interest_expenses","year":"2019","value":"4.34"},{"name":"interest_expenses","year":"2020","value":"4.60"},{"name":"interest_expenses","year":"2021","value":""},{"name":"interest_expenses","year":"2022","value":"2.10"},{"name":"interest_expenses","year":"2023","value":"6.30"},{"name":"interest_expenses","year":"LTM\n?","value":"9.77"},{"name":"assets","year":"2019","value":"200.4"},{"name":"assets","year":"2020","value":"220.0"},{"name":"assets","year":"2021","value":""},{"name":"assets","year":"2022","value":"320.8"},{"name":"assets","year":"2023","value":"387.7"},{"name":"assets","year":"LTM\n?","value":"386.7"},{"name":"net_assets","year":"2019","value":"61.0"},{"name":"net_assets","year":"2020","value":"42.7"},{"name":"net_assets","year":"2021","value":""},{"name":"net_assets","year":"2022","value":"168.2"},{"name":"net_assets","year":"2023","value":"203.5"},{"name":"net_assets","year":"LTM\n?","value":"190.6"},{"name":"debt","year":"2019","value":"86.5"},{"name":"debt","year":"2020","value":"115.1"},{"name":"debt","year":"2021","value":""},{"name":"debt","year":"2022","value":"77.9"},{"name":"debt","year":"2023","value":"103.5"},{"name":"debt","year":"LTM\n?","value":"136.2"},{"name":"cash","year":"2019","value":"11.4"},{"name":"cash","year":"2020","value":"15.5"},{"name":"cash","year":"2021","value":""},{"name":"cash","year":"2022","value":"38.5"},{"name":"cash","year":"2023","value":"78.4"},{"name":"cash","year":"LTM\n?","value":"43.0"},{"name":"net_debt","year":"2019","value":"75.2"},{"name":"net_debt","year":"2020","value":"99.6"},{"name":"net_debt","year":"2021","value":"0.00"},{"name":"net_debt","year":"2022","value":"39.4"},{"name":"net_debt","year":"2023","value":"25.1"},{"name":"net_debt","year":"LTM\n?","value":"93.2"},{"name":"common_share","year":"2019","value":"4 790"},{"name":"common_share","year":"2020","value":"5 940"},{"name":"common_share","year":"2021","value":"12 342"},{"name":"common_share","year":"2022","value":"18 210"},{"name":"common_share","year":"2023","value":"18 848"},{"name":"common_share","year":"LTM\n?","value":"15 078"},{"name":"number_of_shares","year":"2019","value":"40.5"},{"name":"number_of_shares","year":"2020","value":"40.5"},{"name":"number_of_shares","year":"2021","value":"39.3"},{"name":"number_of_shares","year":"2022","value":"36.8"},{"name":"number_of_shares","year":"2023","value":"36.8"},{"name":"number_of_shares","year":"LTM\n?","value":"36.8"},{"name":"free_float","year":"2019","value":""},{"name":"free_float","year":"2020","value":"3.60%"},{"name":"free_float","year":"2021","value":"4.70%"},{"name":"free_float","year":"2022","value":""},{"name":"free_float","year":"2023","value":""},{"name":"free_float","year":"LTM\n?","value":""},{"name":"market_cap","year":"2019","value":"194.2"},{"name":"market_cap","year":"2020","value":"240.8"},{"name":"market_cap","year":"2021","value":"484.7"},{"name":"market_cap","year":"2022","value":"669.4"},{"name":"market_cap","year":"2023","value":"692.9"},{"name":"market_cap","year":"LTM\n?","value":"554.3"},{"name":"ev","year":"2019","value":"269.3"},{"name":"ev","year":"2020","value":"340.4"},{"name":"ev","year":"2021","value":"484.7"},{"name":"ev","year":"2022","value":"708.8"},{"name":"ev","year":"2023","value":"718.0"},{"name":"ev","year":"LTM\n?","value":"647.5"},{"name":"book_value","year":"2019","value":"61.0"},{"name":"book_value","year":"2020","value":"42.7"},{"name":"book_value","year":"2021","value":"0.00"},{"name":"book_value","year":"2022","value":"163.9"},{"name":"book_value","year":"2023","value":"203.5"},{"name":"book_value","year":"LTM\n?","value":"190.6"},{"name":"eps","year":"2019","value":"597.5"},{"name":"eps","year":"2020","value":"94.7"},{"name":"eps","year":"2021","value":"0.00"},{"name":"eps","year":"2022","value":"2 459"},{"name":"eps","year":"2023","value":"971.2"},{"name":"eps","year":"LTM\n?","value":"958.1"},{"name":"fcf_share","year":"2019","value":"0.00"},{"name":"fcf_share","year":"2020","value":"0.00"},{"name":"fcf_share","year":"2021","value":"0.00"},{"name":"fcf_share","year":"2022","value":"979.3"},{"name":"fcf_share","year":"2023","value":"451.8"},{"name":"fcf_share","year":"LTM\n?","value":"-461.8"},{"name":"bv_share","year":"2019","value":"1 505"},{"name":"bv_share","year":"2020","value":"1 053"},{"name":"bv_share","year":"2021","value":"0.00"},{"name":"bv_share","year":"2022","value":"4 460"},{"name":"bv_share","year":"2023","value":"5 536"},{"name":"bv_share","year":"LTM\n?","value":"5 185"},{"name":"ebitda_margin","year":"2019","value":"31.1%"},{"name":"ebitda_margin","year":"2020","value":"29.5%"},{"name":"ebitda_margin","year":"2021","value":""},{"name":"ebitda_margin","year":"2022","value":"53.0%"},{"name":"ebitda_margin","year":"2023","value":"38.3%"},{"name":"ebitda_margin","year":"LTM\n?","value":"33.7%"},{"name":"net_margin","year":"2019","value":"21.1%"},{"name":"net_margin","year":"2020","value":"3.2%"},{"name":"net_margin","year":"2021","value":""},{"name":"net_margin","year":"2022","value":"35.1%"},{"name":"net_margin","year":"2023","value":"19.9%"},{"name":"net_margin","year":"LTM\n?","value":"18.8%"},{"name":"fcf_yield","year":"2019","value":"0.0%"},{"name":"fcf_yield","year":"2020","value":"0.0%"},{"name":"fcf_yield","year":"2021","value":"0.0%"},{"name":"fcf_yield","year":"2022","value":"5.4%"},{"name":"fcf_yield","year":"2023","value":"2.4%"},{"name":"fcf_yield","year":"LTM\n?","value":"-3.1%"},{"name":"roe","year":"2019","value":"39.7%"},{"name":"roe","year":"2020","value":"9.0%"},{"name":"roe","year":"2021","value":""},{"name":"roe","year":"2022","value":"53.7%"},{"name":"roe","year":"2023","value":"17.5%"},{"name":"roe","year":"LTM\n?","value":"18.5%"},{"name":"roa","year":"2019","value":"12.1%"},{"name":"roa","year":"2020","value":"1.7%"},{"name":"roa","year":"2021","value":""},{"name":"roa","year":"2022","value":"28.2%"},{"name":"roa","year":"2023","value":"9.2%"},{"name":"roa","year":"LTM\n?","value":"9.1%"},{"name":"p_e","year":"2019","value":"8.02"},{"name":"p_e","year":"2020","value":"62.7"},{"name":"p_e","year":"2021","value":""},{"name":"p_e","year":"2022","value":"7.40"},{"name":"p_e","year":"2023","value":"19.4"},{"name":"p_e","year":"LTM\n?","value":"15.7"},{"name":"p_fcf","year":"2019","value":""},{"name":"p_fcf","year":"2020","value":""},{"name":"p_fcf","year":"2021","value":""},{"name":"p_fcf","year":"2022","value":"18.6"},{"name":"p_fcf","year":"2023","value":"41.7"},{"name":"p_fcf","year":"LTM\n?","value":"-32.7"},{"name":"p_s","year":"2019","value":"1.69"},{"name":"p_s","year":"2020","value":"2.01"},{"name":"p_s","year":"2021","value":""},{"name":"p_s","year":"2022","value":"2.60"},{"name":"p_s","year":"2023","value":"3.86"},{"name":"p_s","year":"LTM\n?","value":"2.96"},{"name":"p_bv","year":"2019","value":"3.18"},{"name":"p_bv","year":"2020","value":"5.64"},{"name":"p_bv","year":"2021","value":""},{"name":"p_bv","year":"2022","value":"4.08"},{"name":"p_bv","year":"2023","value":"3.40"},{"name":"p_bv","year":"LTM\n?","value":"2.91"},{"name":"ev_ebitda","year":"2019","value":"7.53"},{"name":"ev_ebitda","year":"2020","value":"9.64"},{"name":"ev_ebitda","year":"2021","value":""},{"name":"ev_ebitda","year":"2022","value":"5.20"},{"name":"ev_ebitda","year":"2023","value":"10.4"},{"name":"ev_ebitda","year":"LTM\n?","value":"10.3"},{"name":"debt_ebitda","year":"2019","value":"2.10"},{"name":"debt_ebitda","year":"2020","value":"2.82"},{"name":"debt_ebitda","year":"2021","value":""},{"name":"debt_ebitda","year":"2022","value":"0.29"},{"name":"debt_ebitda","year":"2023","value":"0.37"},{"name":"debt_ebitda","year":"LTM\n?","value":"1.48"},{"name":"employees","year":"2019","value":"11 205"},{"name":"employees","year":"2020","value":"11 429"},{"name":"employees","year":"2021","value":""},{"name":"employees","year":"2022","value":""},{"name":"employees","year":"2023","value":""},{"name":"employees","year":"LTM\n?","value":""},{"name":"labour_productivity","year":"2019","value":"10.2"},{"name":"labour_productivity","year":"2020","value":"10.5"},{"name":"labour_productivity","year":"2021","value":""},{"name":"labour_productivity","year":"2022","value":""},{"name":"labour_productivity","year":"2023","value":""},{"name":"labour_productivity","year":"LTM\n?","value":""},{"name":"expenses_per_employee","year":"2019","value":"1 071"},{"name":"expenses_per_employee","year":"2020","value":"1 144"},{"name":"expenses_per_employee","year":"2021","value":""},{"name":"expenses_per_employee","year":"2022","value":""},{"name":"expenses_per_employee","year":"2023","value":""},{"name":"expenses_per_employee","year":"LTM\n?","value":""},{"name":"r_and_d_capex","year":"2019","value":"0.00%"},{"name":"r_and_d_capex","year":"2020","value":"0.00%"},{"name":"r_and_d_capex","year":"2021","value":""},{"name":"r_and_d_capex","year":"2022","value":"0.00%"},{"name":"r_and_d_capex","year":"2023","value":"0.00%"},{"name":"r_and_d_capex","year":"LTM\n?","value":"0"},{"name":"capex_revenue","year":"2019","value":"17%"},{"name":"capex_revenue","year":"2020","value":"15%"},{"name":"capex_revenue","year":"2021","value":""},{"name":"capex_revenue","year":"2022","value":"11%"},{"name":"capex_revenue","year":"2023","value":"25%"},{"name":"capex_revenue","year":"LTM\n?","value":"27%"},{"name":"irr","year":"2019","value":""},{"name":"irr","year":"2020","value":""},{"name":"irr","year":"2021","value":"1.9"},{"name":"irr","year":"2022","value":"1.9"},{"name":"irr","year":"2023","value":"1.9"},{"name":"irr","year":"LTM\n?","value":"2.7"},{"name":"ir_fs_quality","year":"2019","value":""},{"name":"ir_fs_quality","year":"2020","value":""},{"name":"ir_fs_quality","year":"2021","value":"1"},{"name":"ir_fs_quality","year":"2022","value":"1"},{"name":"ir_fs_quality","year":"2023","value":"1"},{"name":"ir_fs_quality","year":"LTM\n?","value":"4"},{"name":"ir_investor_presentations","year":"2019","value":""},{"name":"ir_investor_presentations","year":"2020","value":""},{"name":"ir_investor_presentations","year":"2021","value":"1"},{"name":"ir_investor_presentations","year":"2022","value":"1"},{"name":"ir_investor_presentations","year":"2023","value":"1"},{"name":"ir_investor_presentations","year":"LTM\n?","value":"1"},{"name":"ir_annual_report","year":"2019","value":""},{"name":"ir_annual_report","year":"2020","value":""},{"name":"ir_annual_report","year":"2021","value":"1"},{"name":"ir_annual_report","year":"2022","value":"1"},{"name":"ir_annual_report","year":"2023","value":"1"},{"name":"ir_annual_report","year":"LTM\n?","value":"5"},{"name":"ir_investor_site","year":"2019","value":""},{"name":"ir_investor_site","year":"2020","value":""},{"name":"ir_investor_site","year":"2021","value":"5"},{"name":"ir_investor_site","year":"2022","value":"5"},{"name":"ir_investor_site","year":"2023","value":"5"},{"name":"ir_investor_site","year":"LTM\n?","value":"4"},{"name":"ir_investor_calendar","year":"2019","value":""},{"name":"ir_investor_calendar","year":"2020","value":""},{"name":"ir_investor_calendar","year":"2021","value":"1"},{"name":"ir_investor_calendar","year":"2022","value":"1"},{"name":"ir_investor_calendar","year":"2023","value":"1"},{"name":"ir_investor_calendar","year":"LTM\n?","value":"1"},{"name":"ir_feedback","year":"2019","value":""},{"name":"ir_feedback","year":"2020","value":""},{"name":"ir_feedback","year":"2021","value":"3"},{"name":"ir_feedback","year":"2022","value":"3"},{"name":"ir_feedback","year":"2023","value":"3"},{"name":"ir_feedback","year":"LTM\n?","value":"3"}]