[
  {
    "name": "fertilizers_production",
    "year": "2022",
    "value": 8.34
  },
  {
    "name": "fertilizers_production",
    "year": "2023",
    "value": 8.38
  },
  {
    "name": "fertilizers_production",
    "year": "LTM",
    "value": 8.215
  },
  {
    "name": "fertilizers_sales",
    "year": "2022",
    "value": 8.57
  },
  {
    "name": "fertilizers_sales",
    "year": "2023",
    "value": 8.31
  },
  {
    "name": "fertilizers_sales",
    "year": "LTM",
    "value": 8.39
  },
  {
    "name": "revenue",
    "year": "2013",
    "value": 67.904
  },
  {
    "name": "revenue",
    "year": "2014",
    "value": 74.631
  },
  {
    "name": "revenue",
    "year": "2015",
    "value": 92.019
  },
  {
    "name": "revenue",
    "year": "2016",
    "value": 89.359
  },
  {
    "name": "revenue",
    "year": "2017",
    "value": 94.342
  },
  {
    "name": "revenue",
    "year": "2018",
    "value": 108.062
  },
  {
    "name": "revenue",
    "year": "2019",
    "value": 114.835
  },
  {
    "name": "revenue",
    "year": "2020",
    "value": 119.86
  },
  {
    "name": "revenue",
    "year": "2021",
    "value": null
  },
  {
    "name": "revenue",
    "year": "2022",
    "value": 257.2
  },
  {
    "name": "revenue",
    "year": "2023",
    "value": 179.5
  },
  {
    "name": "revenue",
    "year": "LTM",
    "value": 187.25
  },
  {
    "name": "operating_income",
    "year": "2022",
    "value": 120.26
  },
  {
    "name": "operating_income",
    "year": "2023",
    "value": 73.12
  },
  {
    "name": "operating_income",
    "year": "LTM",
    "value": 49.38
  },
  {
    "name": "ebitda",
    "year": "2013",
    "value": 15.386
  },
  {
    "name": "ebitda",
    "year": "2014",
    "value": 20.249
  },
  {
    "name": "ebitda",
    "year": "2015",
    "value": 40.978
  },
  {
    "name": "ebitda",
    "year": "2016",
    "value": 29.856
  },
  {
    "name": "ebitda",
    "year": "2017",
    "value": 29.817
  },
  {
    "name": "ebitda",
    "year": "2018",
    "value": 37.053
  },
  {
    "name": "ebitda",
    "year": "2019",
    "value": 35.749
  },
  {
    "name": "ebitda",
    "year": "2020",
    "value": 35.3
  },
  {
    "name": "ebitda",
    "year": "2021",
    "value": null
  },
  {
    "name": "ebitda",
    "year": "2022",
    "value": 136.3
  },
  {
    "name": "ebitda",
    "year": "2023",
    "value": 68.74
  },
  {
    "name": "ebitda",
    "year": "LTM",
    "value": 63.15
  },
  {
    "name": "net_income",
    "year": "2013",
    "value": 13.019
  },
  {
    "name": "net_income",
    "year": "2014",
    "value": 6.904
  },
  {
    "name": "net_income",
    "year": "2015",
    "value": 16.706
  },
  {
    "name": "net_income",
    "year": "2016",
    "value": 13.775
  },
  {
    "name": "net_income",
    "year": "2017",
    "value": 13.122
  },
  {
    "name": "net_income",
    "year": "2018",
    "value": 12.768
  },
  {
    "name": "net_income",
    "year": "2019",
    "value": 24.219
  },
  {
    "name": "net_income",
    "year": "2020",
    "value": 3.84
  },
  {
    "name": "net_income",
    "year": "2021",
    "value": null
  },
  {
    "name": "net_income",
    "year": "2022",
    "value": 90.4
  },
  {
    "name": "net_income",
    "year": "2023",
    "value": 35.7
  },
  {
    "name": "net_income",
    "year": "LTM",
    "value": 35.22
  },
  {
    "name": "ocf",
    "year": "2022",
    "value": 65.45
  },
  {
    "name": "ocf",
    "year": "2023",
    "value": 62.38
  },
  {
    "name": "ocf",
    "year": "LTM",
    "value": 31.78
  },
  {
    "name": "capex",
    "year": "2015",
    "value": 15.107
  },
  {
    "name": "capex",
    "year": "2016",
    "value": 12.128
  },
  {
    "name": "capex",
    "year": "2017",
    "value": 11.299
  },
  {
    "name": "capex",
    "year": "2018",
    "value": 14.542
  },
  {
    "name": "capex",
    "year": "2019",
    "value": 19.03
  },
  {
    "name": "capex",
    "year": "2020",
    "value": 17.95
  },
  {
    "name": "capex",
    "year": "2021",
    "value": null
  },
  {
    "name": "capex",
    "year": "2022",
    "value": 29.5
  },
  {
    "name": "capex",
    "year": "2023",
    "value": 45.3
  },
  {
    "name": "capex",
    "year": "LTM",
    "value": 49.76
  },
  {
    "name": "fcf",
    "year": "2022",
    "value": 36.0
  },
  {
    "name": "fcf",
    "year": "2023",
    "value": 16.61
  },
  {
    "name": "fcf",
    "year": "LTM",
    "value": -16.974
  },
  {
    "name": "cost_of_production",
    "year": "2013",
    "value": 42.0
  },
  {
    "name": "cost_of_production",
    "year": "2014",
    "value": 42.684
  },
  {
    "name": "cost_of_production",
    "year": "2015",
    "value": 37.777
  },
  {
    "name": "cost_of_production",
    "year": "2016",
    "value": 45.311
  },
  {
    "name": "cost_of_production",
    "year": "2017",
    "value": 51.909
  },
  {
    "name": "cost_of_production",
    "year": "2018",
    "value": 54.444
  },
  {
    "name": "cost_of_production",
    "year": "2019",
    "value": 59.784
  },
  {
    "name": "cost_of_production",
    "year": "2020",
    "value": 65.8
  },
  {
    "name": "cost_of_production",
    "year": "2021",
    "value": null
  },
  {
    "name": "cost_of_production",
    "year": "2022",
    "value": 91.5
  },
  {
    "name": "cost_of_production",
    "year": "2023",
    "value": 90.5
  },
  {
    "name": "cost_of_production",
    "year": "LTM",
    "value": 94.05
  },
  {
    "name": "amortization",
    "year": "2022",
    "value": 12.0
  },
  {
    "name": "amortization",
    "year": "2023",
    "value": 12.5
  },
  {
    "name": "amortization",
    "year": "LTM",
    "value": 12.56
  },
  {
    "name": "interest_expenses",
    "year": "2015",
    "value": 5.214
  },
  {
    "name": "interest_expenses",
    "year": "2016",
    "value": 5.772
  },
  {
    "name": "interest_expenses",
    "year": "2017",
    "value": 4.935
  },
  {
    "name": "interest_expenses",
    "year": "2018",
    "value": 4.866
  },
  {
    "name": "interest_expenses",
    "year": "2019",
    "value": 4.344
  },
  {
    "name": "interest_expenses",
    "year": "2020",
    "value": 4.6
  },
  {
    "name": "interest_expenses",
    "year": "2021",
    "value": null
  },
  {
    "name": "interest_expenses",
    "year": "2022",
    "value": 2.1
  },
  {
    "name": "interest_expenses",
    "year": "2023",
    "value": 6.3
  },
  {
    "name": "interest_expenses",
    "year": "LTM",
    "value": 9.772
  },
  {
    "name": "assets",
    "year": "2015",
    "value": 226.774
  },
  {
    "name": "assets",
    "year": "2016",
    "value": 194.287
  },
  {
    "name": "assets",
    "year": "2017",
    "value": 186.894
  },
  {
    "name": "assets",
    "year": "2018",
    "value": 186.784
  },
  {
    "name": "assets",
    "year": "2019",
    "value": 200.355
  },
  {
    "name": "assets",
    "year": "2020",
    "value": 220.0
  },
  {
    "name": "assets",
    "year": "2021",
    "value": null
  },
  {
    "name": "assets",
    "year": "2022",
    "value": 320.83
  },
  {
    "name": "assets",
    "year": "2023",
    "value": 387.7
  },
  {
    "name": "assets",
    "year": "LTM",
    "value": 386.7
  },
  {
    "name": "net_assets",
    "year": "2013",
    "value": 79.477
  },
  {
    "name": "net_assets",
    "year": "2014",
    "value": 93.773
  },
  {
    "name": "net_assets",
    "year": "2015",
    "value": 84.986
  },
  {
    "name": "net_assets",
    "year": "2016",
    "value": 67.156
  },
  {
    "name": "net_assets",
    "year": "2017",
    "value": 70.3
  },
  {
    "name": "net_assets",
    "year": "2018",
    "value": 57.593
  },
  {
    "name": "net_assets",
    "year": "2019",
    "value": 61.001
  },
  {
    "name": "net_assets",
    "year": "2020",
    "value": 42.7
  },
  {
    "name": "net_assets",
    "year": "2021",
    "value": null
  },
  {
    "name": "net_assets",
    "year": "2022",
    "value": 168.24
  },
  {
    "name": "net_assets",
    "year": "2023",
    "value": 203.5
  },
  {
    "name": "net_assets",
    "year": "LTM",
    "value": 190.6
  },
  {
    "name": "debt",
    "year": "2013",
    "value": 50.187
  },
  {
    "name": "debt",
    "year": "2014",
    "value": 80.561
  },
  {
    "name": "debt",
    "year": "2015",
    "value": 81.606
  },
  {
    "name": "debt",
    "year": "2016",
    "value": 79.117
  },
  {
    "name": "debt",
    "year": "2017",
    "value": 74.523
  },
  {
    "name": "debt",
    "year": "2018",
    "value": 84.485
  },
  {
    "name": "debt",
    "year": "2019",
    "value": 86.541
  },
  {
    "name": "debt",
    "year": "2020",
    "value": 115.12
  },
  {
    "name": "debt",
    "year": "2021",
    "value": null
  },
  {
    "name": "debt",
    "year": "2022",
    "value": 77.9
  },
  {
    "name": "debt",
    "year": "2023",
    "value": 103.5
  },
  {
    "name": "debt",
    "year": "LTM",
    "value": 136.19
  },
  {
    "name": "cash",
    "year": "2013",
    "value": 12.787
  },
  {
    "name": "cash",
    "year": "2014",
    "value": 24.773
  },
  {
    "name": "cash",
    "year": "2015",
    "value": 30.421
  },
  {
    "name": "cash",
    "year": "2016",
    "value": 27.168
  },
  {
    "name": "cash",
    "year": "2017",
    "value": 14.302
  },
  {
    "name": "cash",
    "year": "2018",
    "value": 10.46
  },
  {
    "name": "cash",
    "year": "2019",
    "value": 11.356
  },
  {
    "name": "cash",
    "year": "2020",
    "value": 15.5
  },
  {
    "name": "cash",
    "year": "2021",
    "value": null
  },
  {
    "name": "cash",
    "year": "2022",
    "value": 38.5
  },
  {
    "name": "cash",
    "year": "2023",
    "value": 78.4
  },
  {
    "name": "cash",
    "year": "LTM",
    "value": 43.0
  },
  {
    "name": "net_debt",
    "year": "2010",
    "value": 0.0
  },
  {
    "name": "net_debt",
    "year": "2011",
    "value": 0.0
  },
  {
    "name": "net_debt",
    "year": "2012",
    "value": 0.0
  },
  {
    "name": "net_debt",
    "year": "2013",
    "value": 37.4
  },
  {
    "name": "net_debt",
    "year": "2014",
    "value": 55.788
  },
  {
    "name": "net_debt",
    "year": "2015",
    "value": 51.185
  },
  {
    "name": "net_debt",
    "year": "2016",
    "value": 51.949
  },
  {
    "name": "net_debt",
    "year": "2017",
    "value": 60.221
  },
  {
    "name": "net_debt",
    "year": "2018",
    "value": 74.025
  },
  {
    "name": "net_debt",
    "year": "2019",
    "value": 75.185
  },
  {
    "name": "net_debt",
    "year": "2020",
    "value": 99.62
  },
  {
    "name": "net_debt",
    "year": "2021",
    "value": 0.0
  },
  {
    "name": "net_debt",
    "year": "2022",
    "value": 39.4
  },
  {
    "name": "net_debt",
    "year": "2023",
    "value": 25.1
  },
  {
    "name": "net_debt",
    "year": "LTM",
    "value": 93.19
  },
  {
    "name": "common_share",
    "year": "2013",
    "value": 1124.0
  },
  {
    "name": "common_share",
    "year": "2014",
    "value": 1799.0
  },
  {
    "name": "common_share",
    "year": "2015",
    "value": 3779.0
  },
  {
    "name": "common_share",
    "year": "2016",
    "value": 3575.0
  },
  {
    "name": "common_share",
    "year": "2017",
    "value": 3870.0
  },
  {
    "name": "common_share",
    "year": "2018",
    "value": 4710.0
  },
  {
    "name": "common_share",
    "year": "2019",
    "value": 4790.0
  },
  {
    "name": "common_share",
    "year": "2020",
    "value": 5940.0
  },
  {
    "name": "common_share",
    "year": "2021",
    "value": 12342.0
  },
  {
    "name": "common_share",
    "year": "2022",
    "value": 18210.0
  },
  {
    "name": "common_share",
    "year": "2023",
    "value": 18848.0
  },
  {
    "name": "common_share",
    "year": "LTM",
    "value": 15064.0
  },
  {
    "name": "number_of_shares",
    "year": "2010",
    "value": 40.534
  },
  {
    "name": "number_of_shares",
    "year": "2011",
    "value": 40.534
  },
  {
    "name": "number_of_shares",
    "year": "2012",
    "value": 40.534
  },
  {
    "name": "number_of_shares",
    "year": "2013",
    "value": 40.534
  },
  {
    "name": "number_of_shares",
    "year": "2014",
    "value": 40.534
  },
  {
    "name": "number_of_shares",
    "year": "2015",
    "value": 40.534
  },
  {
    "name": "number_of_shares",
    "year": "2016",
    "value": 40.534
  },
  {
    "name": "number_of_shares",
    "year": "2017",
    "value": 40.534
  },
  {
    "name": "number_of_shares",
    "year": "2018",
    "value": 40.534
  },
  {
    "name": "number_of_shares",
    "year": "2019",
    "value": 40.534
  },
  {
    "name": "number_of_shares",
    "year": "2020",
    "value": 40.534
  },
  {
    "name": "number_of_shares",
    "year": "2021",
    "value": 39.275
  },
  {
    "name": "number_of_shares",
    "year": "2022",
    "value": 36.76
  },
  {
    "name": "number_of_shares",
    "year": "2023",
    "value": 36.76
  },
  {
    "name": "number_of_shares",
    "year": "LTM",
    "value": 36.76
  },
  {
    "name": "market_cap",
    "year": "2010",
    "value": 0.0
  },
  {
    "name": "market_cap",
    "year": "2011",
    "value": 0.0
  },
  {
    "name": "market_cap",
    "year": "2012",
    "value": 0.0
  },
  {
    "name": "market_cap",
    "year": "2013",
    "value": 45.560216
  },
  {
    "name": "market_cap",
    "year": "2014",
    "value": 72.920666
  },
  {
    "name": "market_cap",
    "year": "2015",
    "value": 153.177986
  },
  {
    "name": "market_cap",
    "year": "2016",
    "value": 144.90905
  },
  {
    "name": "market_cap",
    "year": "2017",
    "value": 156.86658
  },
  {
    "name": "market_cap",
    "year": "2018",
    "value": 190.91514
  },
  {
    "name": "market_cap",
    "year": "2019",
    "value": 194.15786
  },
  {
    "name": "market_cap",
    "year": "2020",
    "value": 240.77196
  },
  {
    "name": "market_cap",
    "year": "2021",
    "value": 484.73205
  },
  {
    "name": "market_cap",
    "year": "2022",
    "value": 669.3996
  },
  {
    "name": "market_cap",
    "year": "2023",
    "value": 692.85248
  },
  {
    "name": "market_cap",
    "year": "LTM",
    "value": 553.75264
  },
  {
    "name": "ev",
    "year": "2010",
    "value": 0.0
  },
  {
    "name": "ev",
    "year": "2011",
    "value": 0.0
  },
  {
    "name": "ev",
    "year": "2012",
    "value": 0.0
  },
  {
    "name": "ev",
    "year": "2013",
    "value": 82.960216
  },
  {
    "name": "ev",
    "year": "2014",
    "value": 128.708666
  },
  {
    "name": "ev",
    "year": "2015",
    "value": 204.362986
  },
  {
    "name": "ev",
    "year": "2016",
    "value": 196.85805
  },
  {
    "name": "ev",
    "year": "2017",
    "value": 217.08758
  },
  {
    "name": "ev",
    "year": "2018",
    "value": 264.94014
  },
  {
    "name": "ev",
    "year": "2019",
    "value": 269.34286
  },
  {
    "name": "ev",
    "year": "2020",
    "value": 340.39196
  },
  {
    "name": "ev",
    "year": "2021",
    "value": 484.73205
  },
  {
    "name": "ev",
    "year": "2022",
    "value": 708.7996
  },
  {
    "name": "ev",
    "year": "2023",
    "value": 717.95248
  },
  {
    "name": "ev",
    "year": "LTM",
    "value": 646.94264
  },
  {
    "name": "book_value",
    "year": "2010",
    "value": 0.0
  },
  {
    "name": "book_value",
    "year": "2011",
    "value": 0.0
  },
  {
    "name": "book_value",
    "year": "2012",
    "value": 0.0
  },
  {
    "name": "book_value",
    "year": "2013",
    "value": 79.477
  },
  {
    "name": "book_value",
    "year": "2014",
    "value": 93.773
  },
  {
    "name": "book_value",
    "year": "2015",
    "value": 83.719
  },
  {
    "name": "book_value",
    "year": "2016",
    "value": 65.889
  },
  {
    "name": "book_value",
    "year": "2017",
    "value": 69.033
  },
  {
    "name": "book_value",
    "year": "2018",
    "value": 57.593
  },
  {
    "name": "book_value",
    "year": "2019",
    "value": 61.001
  },
  {
    "name": "book_value",
    "year": "2020",
    "value": 42.7
  },
  {
    "name": "book_value",
    "year": "2021",
    "value": 0.0
  },
  {
    "name": "book_value",
    "year": "2022",
    "value": 163.94
  },
  {
    "name": "book_value",
    "year": "2023",
    "value": 203.5
  },
  {
    "name": "book_value",
    "year": "LTM",
    "value": 190.6
  },
  {
    "name": "eps",
    "year": "2010",
    "value": 0.0
  },
  {
    "name": "eps",
    "year": "2011",
    "value": 0.0
  },
  {
    "name": "eps",
    "year": "2012",
    "value": 0.0
  },
  {
    "name": "eps",
    "year": "2013",
    "value": 321.187151527
  },
  {
    "name": "eps",
    "year": "2014",
    "value": 170.326145952
  },
  {
    "name": "eps",
    "year": "2015",
    "value": 412.147826516
  },
  {
    "name": "eps",
    "year": "2016",
    "value": 339.838160557
  },
  {
    "name": "eps",
    "year": "2017",
    "value": 323.728228154
  },
  {
    "name": "eps",
    "year": "2018",
    "value": 314.994819164
  },
  {
    "name": "eps",
    "year": "2019",
    "value": 597.498396408
  },
  {
    "name": "eps",
    "year": "2020",
    "value": 94.7352839591
  },
  {
    "name": "eps",
    "year": "2021",
    "value": 0.0
  },
  {
    "name": "eps",
    "year": "2022",
    "value": 2459.19477693
  },
  {
    "name": "eps",
    "year": "2023",
    "value": 971.164309032
  },
  {
    "name": "eps",
    "year": "LTM",
    "value": 958.1066376496192
  },
  {
    "name": "fcf_share",
    "year": "2010",
    "value": 0.0
  },
  {
    "name": "fcf_share",
    "year": "2011",
    "value": 0.0
  },
  {
    "name": "fcf_share",
    "year": "2012",
    "value": 0.0
  },
  {
    "name": "fcf_share",
    "year": "2013",
    "value": 0.0
  },
  {
    "name": "fcf_share",
    "year": "2014",
    "value": 0.0
  },
  {
    "name": "fcf_share",
    "year": "2015",
    "value": 0.0
  },
  {
    "name": "fcf_share",
    "year": "2016",
    "value": 0.0
  },
  {
    "name": "fcf_share",
    "year": "2017",
    "value": 0.0
  },
  {
    "name": "fcf_share",
    "year": "2018",
    "value": 0.0
  },
  {
    "name": "fcf_share",
    "year": "2019",
    "value": 0.0
  },
  {
    "name": "fcf_share",
    "year": "2020",
    "value": 0.0
  },
  {
    "name": "fcf_share",
    "year": "2021",
    "value": 0.0
  },
  {
    "name": "fcf_share",
    "year": "2022",
    "value": 979.325353645
  },
  {
    "name": "fcf_share",
    "year": "2023",
    "value": 451.849836779
  },
  {
    "name": "fcf_share",
    "year": "LTM",
    "value": -461.7519042437432
  },
  {
    "name": "bv_share",
    "year": "2010",
    "value": 0.0
  },
  {
    "name": "bv_share",
    "year": "2011",
    "value": 0.0
  },
  {
    "name": "bv_share",
    "year": "2012",
    "value": 0.0
  },
  {
    "name": "bv_share",
    "year": "2013",
    "value": 1960.74900084
  },
  {
    "name": "bv_share",
    "year": "2014",
    "value": 2313.44056841
  },
  {
    "name": "bv_share",
    "year": "2015",
    "value": 2065.40188484
  },
  {
    "name": "bv_share",
    "year": "2016",
    "value": 1625.52425125
  },
  {
    "name": "bv_share",
    "year": "2017",
    "value": 1703.08876499
  },
  {
    "name": "bv_share",
    "year": "2018",
    "value": 1420.85656486
  },
  {
    "name": "bv_share",
    "year": "2019",
    "value": 1504.93412937
  },
  {
    "name": "bv_share",
    "year": "2020",
    "value": 1053.43662111
  },
  {
    "name": "bv_share",
    "year": "2021",
    "value": 0.0
  },
  {
    "name": "bv_share",
    "year": "2022",
    "value": 4459.73884657
  },
  {
    "name": "bv_share",
    "year": "2023",
    "value": 5535.9085963
  },
  {
    "name": "bv_share",
    "year": "LTM",
    "value": 5184.983677910773
  },
  {
    "name": "ebitda_margin",
    "year": "2013",
    "value": 22.6584590009
  },
  {
    "name": "ebitda_margin",
    "year": "2014",
    "value": 27.132156878500002
  },
  {
    "name": "ebitda_margin",
    "year": "2015",
    "value": 44.5321074995
  },
  {
    "name": "ebitda_margin",
    "year": "2016",
    "value": 33.4112960082
  },
  {
    "name": "ebitda_margin",
    "year": "2017",
    "value": 31.6052235484
  },
  {
    "name": "ebitda_margin",
    "year": "2018",
    "value": 34.2886491088
  },
  {
    "name": "ebitda_margin",
    "year": "2019",
    "value": 31.1307528193
  },
  {
    "name": "ebitda_margin",
    "year": "2020",
    "value": 29.451026197199997
  },
  {
    "name": "ebitda_margin",
    "year": "2021",
    "value": null
  },
  {
    "name": "ebitda_margin",
    "year": "2022",
    "value": 52.993779160200006
  },
  {
    "name": "ebitda_margin",
    "year": "2023",
    "value": 38.295264624000005
  },
  {
    "name": "ebitda_margin",
    "year": "LTM",
    "value": 33.72496662216288
  },
  {
    "name": "net_margin",
    "year": "2013",
    "value": 19.1726555137
  },
  {
    "name": "net_margin",
    "year": "2014",
    "value": 9.25084750305
  },
  {
    "name": "net_margin",
    "year": "2015",
    "value": 18.1549462611
  },
  {
    "name": "net_margin",
    "year": "2016",
    "value": 15.4153470831
  },
  {
    "name": "net_margin",
    "year": "2017",
    "value": 13.908969494
  },
  {
    "name": "net_margin",
    "year": "2018",
    "value": 11.8154392849
  },
  {
    "name": "net_margin",
    "year": "2019",
    "value": 21.090259938200003
  },
  {
    "name": "net_margin",
    "year": "2020",
    "value": 3.20373769398
  },
  {
    "name": "net_margin",
    "year": "2021",
    "value": null
  },
  {
    "name": "net_margin",
    "year": "2022",
    "value": 35.1477449456
  },
  {
    "name": "net_margin",
    "year": "2023",
    "value": 19.8885793872
  },
  {
    "name": "net_margin",
    "year": "LTM",
    "value": 18.809078771695596
  },
  {
    "name": "fcf_yield",
    "year": "2013",
    "value": 0.0
  },
  {
    "name": "fcf_yield",
    "year": "2014",
    "value": 0.0
  },
  {
    "name": "fcf_yield",
    "year": "2015",
    "value": 0.0
  },
  {
    "name": "fcf_yield",
    "year": "2016",
    "value": 0.0
  },
  {
    "name": "fcf_yield",
    "year": "2017",
    "value": 0.0
  },
  {
    "name": "fcf_yield",
    "year": "2018",
    "value": 0.0
  },
  {
    "name": "fcf_yield",
    "year": "2019",
    "value": 0.0
  },
  {
    "name": "fcf_yield",
    "year": "2020",
    "value": 0.0
  },
  {
    "name": "fcf_yield",
    "year": "2021",
    "value": 0.0
  },
  {
    "name": "fcf_yield",
    "year": "2022",
    "value": 5.377953616939999
  },
  {
    "name": "fcf_yield",
    "year": "2023",
    "value": 2.3973357214499997
  },
  {
    "name": "fcf_yield",
    "year": "LTM",
    "value": -3.0652675533971268
  },
  {
    "name": "roe",
    "year": "2013",
    "value": 16.3808397398
  },
  {
    "name": "roe",
    "year": "2014",
    "value": 7.362460409710001
  },
  {
    "name": "roe",
    "year": "2015",
    "value": 19.6573553291
  },
  {
    "name": "roe",
    "year": "2016",
    "value": 20.511942343199998
  },
  {
    "name": "roe",
    "year": "2017",
    "value": 18.6657183499
  },
  {
    "name": "roe",
    "year": "2018",
    "value": 22.1693608598
  },
  {
    "name": "roe",
    "year": "2019",
    "value": 39.7026278258
  },
  {
    "name": "roe",
    "year": "2020",
    "value": 8.99297423888
  },
  {
    "name": "roe",
    "year": "2021",
    "value": null
  },
  {
    "name": "roe",
    "year": "2022",
    "value": 53.732762719899995
  },
  {
    "name": "roe",
    "year": "2023",
    "value": 17.542997543
  },
  {
    "name": "roe",
    "year": "LTM",
    "value": 18.478488982161593
  },
  {
    "name": "roa",
    "year": "2015",
    "value": 7.36680571847
  },
  {
    "name": "roa",
    "year": "2016",
    "value": 7.09002661012
  },
  {
    "name": "roa",
    "year": "2017",
    "value": 7.02109216989
  },
  {
    "name": "roa",
    "year": "2018",
    "value": 6.83570327223
  },
  {
    "name": "roa",
    "year": "2019",
    "value": 12.0880437224
  },
  {
    "name": "roa",
    "year": "2020",
    "value": 1.74545454545
  },
  {
    "name": "roa",
    "year": "2021",
    "value": null
  },
  {
    "name": "roa",
    "year": "2022",
    "value": 28.176916123799998
  },
  {
    "name": "roa",
    "year": "2023",
    "value": 9.20815063193
  },
  {
    "name": "roa",
    "year": "LTM",
    "value": 9.107835531419706
  },
  {
    "name": "p_e",
    "year": "2013",
    "value": 3.49951732084
  },
  {
    "name": "p_e",
    "year": "2014",
    "value": 10.5620895133
  },
  {
    "name": "p_e",
    "year": "2015",
    "value": 9.16904022507
  },
  {
    "name": "p_e",
    "year": "2016",
    "value": 10.5197132486
  },
  {
    "name": "p_e",
    "year": "2017",
    "value": 11.9544718793
  },
  {
    "name": "p_e",
    "year": "2018",
    "value": 14.9526268797
  },
  {
    "name": "p_e",
    "year": "2019",
    "value": 8.01675791734
  },
  {
    "name": "p_e",
    "year": "2020",
    "value": 62.70103125
  },
  {
    "name": "p_e",
    "year": "2021",
    "value": null
  },
  {
    "name": "p_e",
    "year": "2022",
    "value": 7.40486283186
  },
  {
    "name": "p_e",
    "year": "2023",
    "value": 19.407632493
  },
  {
    "name": "p_e",
    "year": "LTM",
    "value": 15.722675752413402
  },
  {
    "name": "p_fcf",
    "year": "2022",
    "value": 18.5944333333
  },
  {
    "name": "p_fcf",
    "year": "2023",
    "value": 41.7129729079
  },
  {
    "name": "p_fcf",
    "year": "LTM",
    "value": -32.62357959231766
  },
  {
    "name": "p_s",
    "year": "2013",
    "value": 0.670950400566
  },
  {
    "name": "p_s",
    "year": "2014",
    "value": 0.977082794013
  },
  {
    "name": "p_s",
    "year": "2015",
    "value": 1.66463432552
  },
  {
    "name": "p_s",
    "year": "2016",
    "value": 1.62165030943
  },
  {
    "name": "p_s",
    "year": "2017",
    "value": 1.66274384686
  },
  {
    "name": "p_s",
    "year": "2018",
    "value": 1.76671855046
  },
  {
    "name": "p_s",
    "year": "2019",
    "value": 1.69075508338
  },
  {
    "name": "p_s",
    "year": "2020",
    "value": 2.00877657267
  },
  {
    "name": "p_s",
    "year": "2021",
    "value": null
  },
  {
    "name": "p_s",
    "year": "2022",
    "value": 2.60264230171
  },
  {
    "name": "p_s",
    "year": "2023",
    "value": 3.85990239554
  },
  {
    "name": "p_s",
    "year": "LTM",
    "value": 2.95729046728972
  },
  {
    "name": "p_bv",
    "year": "2013",
    "value": 0.573250323993
  },
  {
    "name": "p_bv",
    "year": "2014",
    "value": 0.777629658857
  },
  {
    "name": "p_bv",
    "year": "2015",
    "value": 1.8296681279
  },
  {
    "name": "p_bv",
    "year": "2016",
    "value": 2.19929047337
  },
  {
    "name": "p_bv",
    "year": "2017",
    "value": 2.27234192343
  },
  {
    "name": "p_bv",
    "year": "2018",
    "value": 3.31490181098
  },
  {
    "name": "p_bv",
    "year": "2019",
    "value": 3.18286355961
  },
  {
    "name": "p_bv",
    "year": "2020",
    "value": 5.63868758782
  },
  {
    "name": "p_bv",
    "year": "2021",
    "value": null
  },
  {
    "name": "p_bv",
    "year": "2022",
    "value": 4.08319873124
  },
  {
    "name": "p_bv",
    "year": "2023",
    "value": 3.4046804914
  },
  {
    "name": "p_bv",
    "year": "LTM",
    "value": 2.905312906610703
  },
  {
    "name": "ev_ebitda",
    "year": "2013",
    "value": 5.39192876641
  },
  {
    "name": "ev_ebitda",
    "year": "2014",
    "value": 6.3562973974
  },
  {
    "name": "ev_ebitda",
    "year": "2015",
    "value": 4.98713909903
  },
  {
    "name": "ev_ebitda",
    "year": "2016",
    "value": 6.59358420418
  },
  {
    "name": "ev_ebitda",
    "year": "2017",
    "value": 7.28066472147
  },
  {
    "name": "ev_ebitda",
    "year": "2018",
    "value": 7.15030199984
  },
  {
    "name": "ev_ebitda",
    "year": "2019",
    "value": 7.53427676299
  },
  {
    "name": "ev_ebitda",
    "year": "2020",
    "value": 9.64283172805
  },
  {
    "name": "ev_ebitda",
    "year": "2021",
    "value": null
  },
  {
    "name": "ev_ebitda",
    "year": "2022",
    "value": 5.20029053558
  },
  {
    "name": "ev_ebitda",
    "year": "2023",
    "value": 10.4444643585
  },
  {
    "name": "ev_ebitda",
    "year": "LTM",
    "value": 10.244539034045923
  },
  {
    "name": "debt_ebitda",
    "year": "2013",
    "value": 2.43078122969
  },
  {
    "name": "debt_ebitda",
    "year": "2014",
    "value": 2.75509901724
  },
  {
    "name": "debt_ebitda",
    "year": "2015",
    "value": 1.24908487481
  },
  {
    "name": "debt_ebitda",
    "year": "2016",
    "value": 1.73998526259
  },
  {
    "name": "debt_ebitda",
    "year": "2017",
    "value": 2.01968675588
  },
  {
    "name": "debt_ebitda",
    "year": "2018",
    "value": 1.99781394219
  },
  {
    "name": "debt_ebitda",
    "year": "2019",
    "value": 2.10313575205
  },
  {
    "name": "debt_ebitda",
    "year": "2020",
    "value": 2.82209631728
  },
  {
    "name": "debt_ebitda",
    "year": "2021",
    "value": null
  },
  {
    "name": "debt_ebitda",
    "year": "2022",
    "value": 0.289068231842
  },
  {
    "name": "debt_ebitda",
    "year": "2023",
    "value": 0.365144020949
  },
  {
    "name": "debt_ebitda",
    "year": "LTM",
    "value": 1.4756927949327
  },
  {
    "name": "employees",
    "year": "2015",
    "value": 13261.0
  },
  {
    "name": "employees",
    "year": "2016",
    "value": 11201.0
  },
  {
    "name": "employees",
    "year": "2017",
    "value": 10883.0
  },
  {
    "name": "employees",
    "year": "2018",
    "value": 10696.0
  },
  {
    "name": "employees",
    "year": "2019",
    "value": 11205.0
  },
  {
    "name": "employees",
    "year": "2020",
    "value": 11429.0
  },
  {
    "name": "employees",
    "year": "LTM",
    "value": null
  },
  {
    "name": "labour_productivity",
    "year": "2015",
    "value": 6.93906945178
  },
  {
    "name": "labour_productivity",
    "year": "2016",
    "value": 7.97776984198
  },
  {
    "name": "labour_productivity",
    "year": "2017",
    "value": 8.66874942571
  },
  {
    "name": "labour_productivity",
    "year": "2018",
    "value": 10.103029169800001
  },
  {
    "name": "labour_productivity",
    "year": "2019",
    "value": 10.248549754599999
  },
  {
    "name": "labour_productivity",
    "year": "2020",
    "value": 10.4873567241
  },
  {
    "name": "labour_productivity",
    "year": "LTM",
    "value": null
  },
  {
    "name": "expenses_per_employee",
    "year": "2015",
    "value": 659.527939069
  },
  {
    "name": "expenses_per_employee",
    "year": "2016",
    "value": 957.5930720470001
  },
  {
    "name": "expenses_per_employee",
    "year": "2017",
    "value": 890.011945236
  },
  {
    "name": "expenses_per_employee",
    "year": "2018",
    "value": 971.391174271
  },
  {
    "name": "expenses_per_employee",
    "year": "2019",
    "value": 1071.48594378
  },
  {
    "name": "expenses_per_employee",
    "year": "2020",
    "value": 1144.10709598
  },
  {
    "name": "expenses_per_employee",
    "year": "LTM",
    "value": null
  },
  {
    "name": "r_and_d_capex",
    "year": "2015",
    "value": 0.0
  },
  {
    "name": "r_and_d_capex",
    "year": "2016",
    "value": 0.21437994723
  },
  {
    "name": "r_and_d_capex",
    "year": "2017",
    "value": 0.0
  },
  {
    "name": "r_and_d_capex",
    "year": "2018",
    "value": 0.0
  },
  {
    "name": "r_and_d_capex",
    "year": "2019",
    "value": 0.0
  },
  {
    "name": "r_and_d_capex",
    "year": "2020",
    "value": 0.0
  },
  {
    "name": "r_and_d_capex",
    "year": "2021",
    "value": null
  },
  {
    "name": "r_and_d_capex",
    "year": "2022",
    "value": 0.0
  },
  {
    "name": "r_and_d_capex",
    "year": "2023",
    "value": 0.0
  },
  {
    "name": "r_and_d_capex",
    "year": "LTM",
    "value": 0.0
  },
  {
    "name": "capex_revenue",
    "year": "2013",
    "value": 0.0
  },
  {
    "name": "capex_revenue",
    "year": "2014",
    "value": 0.0
  },
  {
    "name": "capex_revenue",
    "year": "2015",
    "value": 16.417261652500002
  },
  {
    "name": "capex_revenue",
    "year": "2016",
    "value": 13.5722199219
  },
  {
    "name": "capex_revenue",
    "year": "2017",
    "value": 11.9766381887
  },
  {
    "name": "capex_revenue",
    "year": "2018",
    "value": 13.457089448599998
  },
  {
    "name": "capex_revenue",
    "year": "2019",
    "value": 16.571602734400003
  },
  {
    "name": "capex_revenue",
    "year": "2020",
    "value": 14.975805106000001
  },
  {
    "name": "capex_revenue",
    "year": "2021",
    "value": null
  },
  {
    "name": "capex_revenue",
    "year": "2022",
    "value": 11.4696734059
  },
  {
    "name": "capex_revenue",
    "year": "2023",
    "value": 25.2367688022
  },
  {
    "name": "capex_revenue",
    "year": "LTM",
    "value": 26.574098798397866
  },
  {
    "name": "irr",
    "year": "2014",
    "value": 1.85714
  },
  {
    "name": "irr",
    "year": "2015",
    "value": 1.85714
  },
  {
    "name": "irr",
    "year": "2016",
    "value": null
  },
  {
    "name": "irr",
    "year": "2017",
    "value": null
  },
  {
    "name": "irr",
    "year": "2018",
    "value": null
  },
  {
    "name": "irr",
    "year": "2019",
    "value": null
  },
  {
    "name": "irr",
    "year": "2020",
    "value": null
  },
  {
    "name": "irr",
    "year": "2021",
    "value": 1.85714
  },
  {
    "name": "irr",
    "year": "2022",
    "value": 1.85714
  },
  {
    "name": "irr",
    "year": "2023",
    "value": 1.85714
  },
  {
    "name": "irr",
    "year": "LTM",
    "value": 2.7142857142857144
  },
  {
    "name": "ir_fs_quality",
    "year": "2014",
    "value": 1.0
  },
  {
    "name": "ir_fs_quality",
    "year": "2015",
    "value": 1.0
  },
  {
    "name": "ir_fs_quality",
    "year": "2016",
    "value": null
  },
  {
    "name": "ir_fs_quality",
    "year": "2017",
    "value": null
  },
  {
    "name": "ir_fs_quality",
    "year": "2018",
    "value": null
  },
  {
    "name": "ir_fs_quality",
    "year": "2019",
    "value": null
  },
  {
    "name": "ir_fs_quality",
    "year": "2020",
    "value": null
  },
  {
    "name": "ir_fs_quality",
    "year": "2021",
    "value": 1.0
  },
  {
    "name": "ir_fs_quality",
    "year": "2022",
    "value": 1.0
  },
  {
    "name": "ir_fs_quality",
    "year": "2023",
    "value": 1.0
  },
  {
    "name": "ir_fs_quality",
    "year": "LTM",
    "value": 4.0
  },
  {
    "name": "ir_investor_presentations",
    "year": "2014",
    "value": 1.0
  },
  {
    "name": "ir_investor_presentations",
    "year": "2015",
    "value": 1.0
  },
  {
    "name": "ir_investor_presentations",
    "year": "2016",
    "value": null
  },
  {
    "name": "ir_investor_presentations",
    "year": "2017",
    "value": null
  },
  {
    "name": "ir_investor_presentations",
    "year": "2018",
    "value": null
  },
  {
    "name": "ir_investor_presentations",
    "year": "2019",
    "value": null
  },
  {
    "name": "ir_investor_presentations",
    "year": "2020",
    "value": null
  },
  {
    "name": "ir_investor_presentations",
    "year": "2021",
    "value": 1.0
  },
  {
    "name": "ir_investor_presentations",
    "year": "2022",
    "value": 1.0
  },
  {
    "name": "ir_investor_presentations",
    "year": "2023",
    "value": 1.0
  },
  {
    "name": "ir_investor_presentations",
    "year": "LTM",
    "value": 1.0
  },
  {
    "name": "ir_annual_report",
    "year": "2014",
    "value": 1.0
  },
  {
    "name": "ir_annual_report",
    "year": "2015",
    "value": 1.0
  },
  {
    "name": "ir_annual_report",
    "year": "2016",
    "value": null
  },
  {
    "name": "ir_annual_report",
    "year": "2017",
    "value": null
  },
  {
    "name": "ir_annual_report",
    "year": "2018",
    "value": null
  },
  {
    "name": "ir_annual_report",
    "year": "2019",
    "value": null
  },
  {
    "name": "ir_annual_report",
    "year": "2020",
    "value": null
  },
  {
    "name": "ir_annual_report",
    "year": "2021",
    "value": 1.0
  },
  {
    "name": "ir_annual_report",
    "year": "2022",
    "value": 1.0
  },
  {
    "name": "ir_annual_report",
    "year": "2023",
    "value": 1.0
  },
  {
    "name": "ir_annual_report",
    "year": "LTM",
    "value": 5.0
  },
  {
    "name": "ir_investor_site",
    "year": "2014",
    "value": 5.0
  },
  {
    "name": "ir_investor_site",
    "year": "2015",
    "value": 5.0
  },
  {
    "name": "ir_investor_site",
    "year": "2016",
    "value": null
  },
  {
    "name": "ir_investor_site",
    "year": "2017",
    "value": null
  },
  {
    "name": "ir_investor_site",
    "year": "2018",
    "value": null
  },
  {
    "name": "ir_investor_site",
    "year": "2019",
    "value": null
  },
  {
    "name": "ir_investor_site",
    "year": "2020",
    "value": null
  },
  {
    "name": "ir_investor_site",
    "year": "2021",
    "value": 5.0
  },
  {
    "name": "ir_investor_site",
    "year": "2022",
    "value": 5.0
  },
  {
    "name": "ir_investor_site",
    "year": "2023",
    "value": 5.0
  },
  {
    "name": "ir_investor_site",
    "year": "LTM",
    "value": 4.0
  },
  {
    "name": "ir_investor_calendar",
    "year": "2014",
    "value": 1.0
  },
  {
    "name": "ir_investor_calendar",
    "year": "2015",
    "value": 1.0
  },
  {
    "name": "ir_investor_calendar",
    "year": "2016",
    "value": null
  },
  {
    "name": "ir_investor_calendar",
    "year": "2017",
    "value": null
  },
  {
    "name": "ir_investor_calendar",
    "year": "2018",
    "value": null
  },
  {
    "name": "ir_investor_calendar",
    "year": "2019",
    "value": null
  },
  {
    "name": "ir_investor_calendar",
    "year": "2020",
    "value": null
  },
  {
    "name": "ir_investor_calendar",
    "year": "2021",
    "value": 1.0
  },
  {
    "name": "ir_investor_calendar",
    "year": "2022",
    "value": 1.0
  },
  {
    "name": "ir_investor_calendar",
    "year": "2023",
    "value": 1.0
  },
  {
    "name": "ir_investor_calendar",
    "year": "LTM",
    "value": 1.0
  },
  {
    "name": "ir_feedback",
    "year": "2014",
    "value": 3.0
  },
  {
    "name": "ir_feedback",
    "year": "2015",
    "value": 3.0
  },
  {
    "name": "ir_feedback",
    "year": "2016",
    "value": null
  },
  {
    "name": "ir_feedback",
    "year": "2017",
    "value": null
  },
  {
    "name": "ir_feedback",
    "year": "2018",
    "value": null
  },
  {
    "name": "ir_feedback",
    "year": "2019",
    "value": null
  },
  {
    "name": "ir_feedback",
    "year": "2020",
    "value": null
  },
  {
    "name": "ir_feedback",
    "year": "2021",
    "value": 3.0
  },
  {
    "name": "ir_feedback",
    "year": "2022",
    "value": 3.0
  },
  {
    "name": "ir_feedback",
    "year": "2023",
    "value": 3.0
  },
  {
    "name": "ir_feedback",
    "year": "LTM",
    "value": 3.0
  }
]