[{"name":"date","year":"2018","value":""},{"name":"date","year":"2019","value":"23.03.2021"},{"name":"date","year":"2020","value":"23.03.2021"},{"name":"date","year":"2021","value":"10.04.2023"},{"name":"date","year":"2022","value":"10.04.2023"},{"name":"date","year":"LTM\n?","value":"16.05.2023"},{"name":"currency","year":"2018","value":"RUB"},{"name":"currency","year":"2019","value":"RUB"},{"name":"currency","year":"2020","value":"RUB"},{"name":"currency","year":"2021","value":"RUB"},{"name":"currency","year":"2022","value":"RUB"},{"name":"currency","year":"LTM\n?","value":"RUB"},{"name":"report_url","year":"2018","value":""},{"name":"report_url","year":"2019","value":""},{"name":"report_url","year":"2020","value":"https://e-disclosure.ru/portal/FileLoad.ashx?Fileid=1685213"},{"name":"report_url","year":"2021","value":""},{"name":"report_url","year":"2022","value":"https://www.e-disclosure.ru/portal/FileLoad.ashx?Fileid=1787185"},{"name":"report_url","year":"LTM\n?","value":"https://www.e-disclosure.ru/portal/FileLoad.ashx?Fileid=1792950"},{"name":"net_operating_income","year":"2018","value":""},{"name":"net_operating_income","year":"2019","value":""},{"name":"net_operating_income","year":"2020","value":""},{"name":"net_operating_income","year":"2021","value":""},{"name":"net_operating_income","year":"2022","value":""},{"name":"net_operating_income","year":"LTM\n?","value":"0.893"},{"name":"net_interest_income","year":"2018","value":""},{"name":"net_interest_income","year":"2019","value":"5.50"},{"name":"net_interest_income","year":"2020","value":"4.40"},{"name":"net_interest_income","year":"2021","value":"4.22"},{"name":"net_interest_income","year":"2022","value":"4.25"},{"name":"net_interest_income","year":"LTM\n?","value":""},{"name":"commission_income","year":"2018","value":""},{"name":"commission_income","year":"2019","value":"8.50"},{"name":"commission_income","year":"2020","value":"6.20"},{"name":"commission_income","year":"2021","value":"6.80"},{"name":"commission_income","year":"2022","value":"6.91"},{"name":"commission_income","year":"LTM\n?","value":"1.33"},{"name":"interest_income_on_securities","year":"2018","value":""},{"name":"interest_income_on_securities","year":"2019","value":"-3.50"},{"name":"interest_income_on_securities","year":"2020","value":"6.00"},{"name":"interest_income_on_securities","year":"2021","value":""},{"name":"interest_income_on_securities","year":"2022","value":""},{"name":"interest_income_on_securities","year":"LTM\n?","value":""},{"name":"net_income","year":"2018","value":""},{"name":"net_income","year":"2019","value":"7.06"},{"name":"net_income","year":"2020","value":"5.40"},{"name":"net_income","year":"2021","value":"4.11"},{"name":"net_income","year":"2022","value":"3.59"},{"name":"net_income","year":"LTM\n?","value":"2.42"},{"name":"dividend_payout","year":"2018","value":"2.00"},{"name":"dividend_payout","year":"2019","value":"3.60"},{"name":"dividend_payout","year":"2020","value":"6.00"},{"name":"dividend_payout","year":"2021","value":"3.50"},{"name":"dividend_payout","year":"2022","value":"6.66"},{"name":"dividend_payout","year":"LTM\n?","value":"2.10"},{"name":"dividend","year":"2018","value":"24.78"},{"name":"dividend","year":"2019","value":"44.61"},{"name":"dividend","year":"2020","value":"74.41"},{"name":"dividend","year":"2021","value":"43.37"},{"name":"dividend","year":"2022","value":"82.56"},{"name":"dividend","year":"LTM\n?","value":"26.02"},{"name":"div_yield","year":"2018","value":"3.9%"},{"name":"div_yield","year":"2019","value":"7.0%"},{"name":"div_yield","year":"2020","value":"7.2%"},{"name":"div_yield","year":"2021","value":"4.2%"},{"name":"div_yield","year":"2022","value":"8.1%"},{"name":"div_yield","year":"LTM\n?","value":"3.5%"},{"name":"div_payout_ratio","year":"2018","value":""},{"name":"div_payout_ratio","year":"2019","value":"51%"},{"name":"div_payout_ratio","year":"2020","value":"111%"},{"name":"div_payout_ratio","year":"2021","value":"85%"},{"name":"div_payout_ratio","year":"2022","value":"186%"},{"name":"div_payout_ratio","year":"LTM\n?","value":"87%"},{"name":"cash","year":"2018","value":""},{"name":"cash","year":"2019","value":"5.30"},{"name":"cash","year":"2020","value":"6.10"},{"name":"cash","year":"2021","value":"5.67"},{"name":"cash","year":"2022","value":"10.9"},{"name":"cash","year":"LTM\n?","value":"12.3"},{"name":"net_debt","year":"2018","value":"0.00"},{"name":"net_debt","year":"2019","value":"-5.30"},{"name":"net_debt","year":"2020","value":"-6.10"},{"name":"net_debt","year":"2021","value":"-5.67"},{"name":"net_debt","year":"2022","value":"-10.9"},{"name":"net_debt","year":"LTM\n?","value":"-12.3"},{"name":"bank_assets","year":"2018","value":"249.4"},{"name":"bank_assets","year":"2019","value":"116.0"},{"name":"bank_assets","year":"2020","value":"132.0"},{"name":"bank_assets","year":"2021","value":"134.0"},{"name":"bank_assets","year":"2022","value":"136.0"},{"name":"bank_assets","year":"LTM\n?","value":"141.6"},{"name":"capital","year":"2018","value":"22.7"},{"name":"capital","year":"2019","value":"26.0"},{"name":"capital","year":"2020","value":"25.0"},{"name":"capital","year":"2021","value":"24.0"},{"name":"capital","year":"2022","value":"26.2"},{"name":"capital","year":"LTM\n?","value":"25.5"},{"name":"loan_portfolio","year":"2018","value":""},{"name":"loan_portfolio","year":"2019","value":"72.0"},{"name":"loan_portfolio","year":"2020","value":"58.0"},{"name":"loan_portfolio","year":"2021","value":"65.9"},{"name":"loan_portfolio","year":"2022","value":"74.2"},{"name":"loan_portfolio","year":"LTM\n?","value":"76.9"},{"name":"deposits","year":"2018","value":""},{"name":"deposits","year":"2019","value":"99.0"},{"name":"deposits","year":"2020","value":"83.0"},{"name":"deposits","year":"2021","value":"104.5"},{"name":"deposits","year":"2022","value":"105.6"},{"name":"deposits","year":"LTM\n?","value":"112.2"},{"name":"loan_to_deposit_ratio","year":"2018","value":""},{"name":"loan_to_deposit_ratio","year":"2019","value":"73%"},{"name":"loan_to_deposit_ratio","year":"2020","value":"70%"},{"name":"loan_to_deposit_ratio","year":"2021","value":"63%"},{"name":"loan_to_deposit_ratio","year":"2022","value":"70%"},{"name":"loan_to_deposit_ratio","year":"LTM\n?","value":"69%"},{"name":"common_share","year":"2018","value":"640.0"},{"name":"common_share","year":"2019","value":"640.0"},{"name":"common_share","year":"2020","value":"1 035"},{"name":"common_share","year":"2021","value":"1 025"},{"name":"common_share","year":"2022","value":"1 025"},{"name":"common_share","year":"LTM\n?","value":"741.0"},{"name":"number_of_shares","year":"2018","value":"80.7"},{"name":"number_of_shares","year":"2019","value":"80.7"},{"name":"number_of_shares","year":"2020","value":"80.7"},{"name":"number_of_shares","year":"2021","value":"80.7"},{"name":"number_of_shares","year":"2022","value":"80.7"},{"name":"number_of_shares","year":"LTM\n?","value":"80.7"},{"name":"market_cap","year":"2018","value":"51.6"},{"name":"market_cap","year":"2019","value":"51.6"},{"name":"market_cap","year":"2020","value":"83.5"},{"name":"market_cap","year":"2021","value":"82.7"},{"name":"market_cap","year":"2022","value":"82.7"},{"name":"market_cap","year":"LTM\n?","value":"59.8"},{"name":"ev","year":"2018","value":"51.6"},{"name":"ev","year":"2019","value":"46.3"},{"name":"ev","year":"2020","value":"77.4"},{"name":"ev","year":"2021","value":"77.0"},{"name":"ev","year":"2022","value":"71.8"},{"name":"ev","year":"LTM\n?","value":"47.5"},{"name":"eps","year":"2018","value":"0.00"},{"name":"eps","year":"2019","value":"87.5"},{"name":"eps","year":"2020","value":"66.9"},{"name":"eps","year":"2021","value":"50.9"},{"name":"eps","year":"2022","value":"44.5"},{"name":"eps","year":"LTM\n?","value":"30.0"},{"name":"fcf_yield","year":"2018","value":"0.0%"},{"name":"fcf_yield","year":"2019","value":"0.0%"},{"name":"fcf_yield","year":"2020","value":"0.0%"},{"name":"fcf_yield","year":"2021","value":"0.0%"},{"name":"fcf_yield","year":"2022","value":"0.0%"},{"name":"fcf_yield","year":"LTM\n?","value":"0"},{"name":"bank_margin","year":"2018","value":""},{"name":"bank_margin","year":"2019","value":""},{"name":"bank_margin","year":"2020","value":""},{"name":"bank_margin","year":"2021","value":""},{"name":"bank_margin","year":"2022","value":""},{"name":"bank_margin","year":"LTM\n?","value":"271.0%"},{"name":"p_e","year":"2018","value":""},{"name":"p_e","year":"2019","value":"7.32"},{"name":"p_e","year":"2020","value":"15.5"},{"name":"p_e","year":"2021","value":"20.1"},{"name":"p_e","year":"2022","value":"23.0"},{"name":"p_e","year":"LTM\n?","value":"24.7"},{"name":"p_b","year":"2018","value":"2.28"},{"name":"p_b","year":"2019","value":"1.99"},{"name":"p_b","year":"2020","value":"3.34"},{"name":"p_b","year":"2021","value":"3.45"},{"name":"p_b","year":"2022","value":"3.16"},{"name":"p_b","year":"LTM\n?","value":"2.35"}]