[{"name":"date","year":"2019","value":"27.04.2020"},{"name":"date","year":"2020","value":"20.04.2021"},{"name":"date","year":"2021","value":""},{"name":"date","year":"2022","value":"27.04.2024"},{"name":"date","year":"2023","value":"27.04.2024"},{"name":"date","year":"LTM\n?","value":"27.04.2024"},{"name":"currency","year":"2019","value":"RUB"},{"name":"currency","year":"2020","value":"RUB"},{"name":"currency","year":"2021","value":"RUB"},{"name":"currency","year":"2022","value":"RUB"},{"name":"currency","year":"2023","value":"RUB"},{"name":"currency","year":"LTM\n?","value":"RUB"},{"name":"report_url","year":"2019","value":"http://www.e-disclosure.ru/portal/FileLoad.ashx?Fileid=1630300"},{"name":"report_url","year":"2020","value":"https://e-disclosure.ru/portal/FileLoad.ashx?Fileid=1695935"},{"name":"report_url","year":"2021","value":""},{"name":"report_url","year":"2022","value":""},{"name":"report_url","year":"2023","value":"https://www.e-disclosure.ru/portal/FileLoad.ashx?Fileid=1834446"},{"name":"report_url","year":"LTM\n?","value":"https://www.e-disclosure.ru/portal/FileLoad.ashx?Fileid=1834446"},{"name":"year_report_url","year":"2019","value":"https://e-disclosure.ru/portal/FileLoad.ashx?Fileid=1643877"},{"name":"year_report_url","year":"2020","value":"https://www.e-disclosure.ru/portal/FileLoad.ashx?Fileid=1709411"},{"name":"year_report_url","year":"2021","value":"https://www.e-disclosure.ru/portal/FileLoad.ashx?Fileid=1757017"},{"name":"year_report_url","year":"2022","value":""},{"name":"year_report_url","year":"2023","value":"https://www.e-disclosure.ru/portal/FileLoad.ashx?Fileid=1842476"},{"name":"year_report_url","year":"LTM\n?","value":""},{"name":"revenue","year":"2019","value":"0.006"},{"name":"revenue","year":"2020","value":"0.006"},{"name":"revenue","year":"2021","value":""},{"name":"revenue","year":"2022","value":"0.006"},{"name":"revenue","year":"2023","value":"0.006"},{"name":"revenue","year":"LTM\n?","value":"3.10"},{"name":"operating_income","year":"2019","value":""},{"name":"operating_income","year":"2020","value":""},{"name":"operating_income","year":"2021","value":""},{"name":"operating_income","year":"2022","value":""},{"name":"operating_income","year":"2023","value":""},{"name":"operating_income","year":"LTM\n?","value":"5.07"},{"name":"net_income","year":"2019","value":"0.076"},{"name":"net_income","year":"2020","value":"0.084"},{"name":"net_income","year":"2021","value":""},{"name":"net_income","year":"2022","value":"3.43"},{"name":"net_income","year":"2023","value":"1.11"},{"name":"net_income","year":"LTM\n?","value":"1.11"},{"name":"ocf","year":"2019","value":""},{"name":"ocf","year":"2020","value":""},{"name":"ocf","year":"2021","value":""},{"name":"ocf","year":"2022","value":""},{"name":"ocf","year":"2023","value":""},{"name":"ocf","year":"LTM\n?","value":"-5.50"},{"name":"div_yield","year":"2019","value":"0.0%"},{"name":"div_yield","year":"2020","value":"0.0%"},{"name":"div_yield","year":"2021","value":"0.0%"},{"name":"div_yield","year":"2022","value":"0.0%"},{"name":"div_yield","year":"2023","value":"0.0%"},{"name":"div_yield","year":"LTM\n?","value":"0.0%"},{"name":"div_payout_ratio","year":"2019","value":"0%"},{"name":"div_payout_ratio","year":"2020","value":"0%"},{"name":"div_payout_ratio","year":"2021","value":""},{"name":"div_payout_ratio","year":"2022","value":"0%"},{"name":"div_payout_ratio","year":"2023","value":"0%"},{"name":"div_payout_ratio","year":"LTM\n?","value":"0"},{"name":"opex","year":"2019","value":""},{"name":"opex","year":"2020","value":""},{"name":"opex","year":"2021","value":""},{"name":"opex","year":"2022","value":""},{"name":"opex","year":"2023","value":""},{"name":"opex","year":"LTM\n?","value":"1.90"},{"name":"cost_of_production","year":"2019","value":"0.001"},{"name":"cost_of_production","year":"2020","value":"0.001"},{"name":"cost_of_production","year":"2021","value":""},{"name":"cost_of_production","year":"2022","value":""},{"name":"cost_of_production","year":"2023","value":""},{"name":"cost_of_production","year":"LTM\n?","value":"0.213"},{"name":"assets","year":"2019","value":"7.87"},{"name":"assets","year":"2020","value":"7.95"},{"name":"assets","year":"2021","value":"8.00"},{"name":"assets","year":"2022","value":"12.5"},{"name":"assets","year":"2023","value":"13.7"},{"name":"assets","year":"LTM\n?","value":"13.7"},{"name":"net_assets","year":"2019","value":"7.87"},{"name":"net_assets","year":"2020","value":"7.95"},{"name":"net_assets","year":"2021","value":"8.00"},{"name":"net_assets","year":"2022","value":"12.1"},{"name":"net_assets","year":"2023","value":"13.2"},{"name":"net_assets","year":"LTM\n?","value":"13.2"},{"name":"debt","year":"2019","value":"0.000"},{"name":"debt","year":"2020","value":"0.000"},{"name":"debt","year":"2021","value":"0.000"},{"name":"debt","year":"2022","value":""},{"name":"debt","year":"2023","value":""},{"name":"debt","year":"LTM\n?","value":""},{"name":"cash","year":"2019","value":"0.000"},{"name":"cash","year":"2020","value":"0.000"},{"name":"cash","year":"2021","value":"0.000"},{"name":"cash","year":"2022","value":""},{"name":"cash","year":"2023","value":""},{"name":"cash","year":"LTM\n?","value":""},{"name":"net_debt","year":"2019","value":"0.00"},{"name":"net_debt","year":"2020","value":"0.00"},{"name":"net_debt","year":"2021","value":"0.00"},{"name":"net_debt","year":"2022","value":"0.00"},{"name":"net_debt","year":"2023","value":"0.00"},{"name":"net_debt","year":"LTM\n?","value":"0"},{"name":"common_share","year":"2019","value":"4.00"},{"name":"common_share","year":"2020","value":"5.25"},{"name":"common_share","year":"2021","value":"11.4"},{"name":"common_share","year":"2022","value":"10.1"},{"name":"common_share","year":"2023","value":"28.3"},{"name":"common_share","year":"LTM\n?","value":"18.5"},{"name":"number_of_shares","year":"2019","value":"1 150"},{"name":"number_of_shares","year":"2020","value":"1 150"},{"name":"number_of_shares","year":"2021","value":"1 150"},{"name":"number_of_shares","year":"2022","value":"1 150"},{"name":"number_of_shares","year":"2023","value":"1 150"},{"name":"number_of_shares","year":"LTM\n?","value":"1 150"},{"name":"free_float","year":"2019","value":""},{"name":"free_float","year":"2020","value":"4.70%"},{"name":"free_float","year":"2021","value":""},{"name":"free_float","year":"2022","value":""},{"name":"free_float","year":"2023","value":""},{"name":"free_float","year":"LTM\n?","value":""},{"name":"market_cap","year":"2019","value":"4.60"},{"name":"market_cap","year":"2020","value":"6.04"},{"name":"market_cap","year":"2021","value":"13.1"},{"name":"market_cap","year":"2022","value":"11.6"},{"name":"market_cap","year":"2023","value":"32.5"},{"name":"market_cap","year":"LTM\n?","value":"21.3"},{"name":"ev","year":"2019","value":"4.60"},{"name":"ev","year":"2020","value":"6.04"},{"name":"ev","year":"2021","value":"13.1"},{"name":"ev","year":"2022","value":"11.6"},{"name":"ev","year":"2023","value":"32.5"},{"name":"ev","year":"LTM\n?","value":"21.3"},{"name":"book_value","year":"2019","value":"7.87"},{"name":"book_value","year":"2020","value":"7.95"},{"name":"book_value","year":"2021","value":"8.00"},{"name":"book_value","year":"2022","value":"12.1"},{"name":"book_value","year":"2023","value":"13.2"},{"name":"book_value","year":"LTM\n?","value":"13.2"},{"name":"eps","year":"2019","value":"0.07"},{"name":"eps","year":"2020","value":"0.07"},{"name":"eps","year":"2021","value":"0.00"},{"name":"eps","year":"2022","value":"2.98"},{"name":"eps","year":"2023","value":"0.97"},{"name":"eps","year":"LTM\n?","value":"0.97"},{"name":"fcf_share","year":"2019","value":"0.00"},{"name":"fcf_share","year":"2020","value":"0.00"},{"name":"fcf_share","year":"2021","value":"0.00"},{"name":"fcf_share","year":"2022","value":"0.00"},{"name":"fcf_share","year":"2023","value":"0.00"},{"name":"fcf_share","year":"LTM\n?","value":"0"},{"name":"bv_share","year":"2019","value":"6.84"},{"name":"bv_share","year":"2020","value":"6.91"},{"name":"bv_share","year":"2021","value":"6.96"},{"name":"bv_share","year":"2022","value":"10.5"},{"name":"bv_share","year":"2023","value":"11.5"},{"name":"bv_share","year":"LTM\n?","value":"11.5"},{"name":"ebitda_margin","year":"2019","value":"0.0%"},{"name":"ebitda_margin","year":"2020","value":"0.0%"},{"name":"ebitda_margin","year":"2021","value":""},{"name":"ebitda_margin","year":"2022","value":"0.0%"},{"name":"ebitda_margin","year":"2023","value":"0.0%"},{"name":"ebitda_margin","year":"LTM\n?","value":"0"},{"name":"net_margin","year":"2019","value":"1 266.7%"},{"name":"net_margin","year":"2020","value":"1 400.0%"},{"name":"net_margin","year":"2021","value":""},{"name":"net_margin","year":"2022","value":"57 166.7%"},{"name":"net_margin","year":"2023","value":"17 903.2%"},{"name":"net_margin","year":"LTM\n?","value":"35.8%"},{"name":"fcf_yield","year":"2019","value":"0.0%"},{"name":"fcf_yield","year":"2020","value":"0.0%"},{"name":"fcf_yield","year":"2021","value":"0.0%"},{"name":"fcf_yield","year":"2022","value":"0.0%"},{"name":"fcf_yield","year":"2023","value":"0.0%"},{"name":"fcf_yield","year":"LTM\n?","value":"0.0%"},{"name":"roe","year":"2019","value":"1.0%"},{"name":"roe","year":"2020","value":"1.1%"},{"name":"roe","year":"2021","value":"0.0%"},{"name":"roe","year":"2022","value":"28.4%"},{"name":"roe","year":"2023","value":"8.4%"},{"name":"roe","year":"LTM\n?","value":"8.4%"},{"name":"roa","year":"2019","value":"1.0%"},{"name":"roa","year":"2020","value":"1.1%"},{"name":"roa","year":"2021","value":"0.0%"},{"name":"roa","year":"2022","value":"27.4%"},{"name":"roa","year":"2023","value":"8.1%"},{"name":"roa","year":"LTM\n?","value":"8.1%"},{"name":"p_e","year":"2019","value":"60.5"},{"name":"p_e","year":"2020","value":"71.9"},{"name":"p_e","year":"2021","value":""},{"name":"p_e","year":"2022","value":"3.39"},{"name":"p_e","year":"2023","value":"29.3"},{"name":"p_e","year":"LTM\n?","value":"19.2"},{"name":"p_s","year":"2019","value":"766.3"},{"name":"p_s","year":"2020","value":"1 007"},{"name":"p_s","year":"2021","value":""},{"name":"p_s","year":"2022","value":"1 941"},{"name":"p_s","year":"2023","value":"5 241"},{"name":"p_s","year":"LTM\n?","value":"6.87"},{"name":"p_bv","year":"2019","value":"0.58"},{"name":"p_bv","year":"2020","value":"0.76"},{"name":"p_bv","year":"2021","value":"1.64"},{"name":"p_bv","year":"2022","value":"0.96"},{"name":"p_bv","year":"2023","value":"2.47"},{"name":"p_bv","year":"LTM\n?","value":"1.62"},{"name":"employees","year":"2019","value":"1"},{"name":"employees","year":"2020","value":"1"},{"name":"employees","year":"2021","value":"0"},{"name":"employees","year":"2022","value":""},{"name":"employees","year":"2023","value":""},{"name":"employees","year":"LTM\n?","value":""},{"name":"labour_productivity","year":"2019","value":"6.00"},{"name":"labour_productivity","year":"2020","value":"6.00"},{"name":"labour_productivity","year":"2021","value":""},{"name":"labour_productivity","year":"2022","value":""},{"name":"labour_productivity","year":"2023","value":""},{"name":"labour_productivity","year":"LTM\n?","value":""},{"name":"expenses_per_employee","year":"2019","value":"0.00"},{"name":"expenses_per_employee","year":"2020","value":"0.00"},{"name":"expenses_per_employee","year":"2021","value":""},{"name":"expenses_per_employee","year":"2022","value":""},{"name":"expenses_per_employee","year":"2023","value":""},{"name":"expenses_per_employee","year":"LTM\n?","value":""},{"name":"capex_revenue","year":"2019","value":"0%"},{"name":"capex_revenue","year":"2020","value":"0%"},{"name":"capex_revenue","year":"2021","value":""},{"name":"capex_revenue","year":"2022","value":"0%"},{"name":"capex_revenue","year":"2023","value":"0%"},{"name":"capex_revenue","year":"LTM\n?","value":"0"}]