[{"name":"Выручка","year":"2023","value":"6199000"},{"name":"Выручка","year":"2022","value":"5904000"},{"name":"Выручка","year":"2020","value":"5508000"},{"name":"Выручка","year":"2019","value":"5601000"},{"name":"Выручка","year":"2018","value":"5530000"},{"name":"Валовая прибыль","year":"2023","value":"5775000"},{"name":"Валовая прибыль","year":"2022","value":"5478000"},{"name":"Валовая прибыль","year":"2020","value":"4823000"},{"name":"Валовая прибыль","year":"2019","value":"4898000"},{"name":"Валовая прибыль","year":"2018","value":"3087000"},{"name":"EBITDA","year":"2023","value":"1129815000"},{"name":"EBITDA","year":"2022","value":"3681187000"},{"name":"EBITDA","year":"2020","value":"-815900000"},{"name":"EBITDA","year":"2019","value":"588812000"},{"name":"EBITDA","year":"2018","value":"1548084000"},{"name":"EBIT","year":"2023","value":"1129363000"},{"name":"EBIT","year":"2022","value":"3680736000"},{"name":"EBIT","year":"2020","value":"-816490000"},{"name":"EBIT","year":"2019","value":"587766000"},{"name":"EBIT","year":"2018","value":"1545114000"},{"name":"Процентные доходы","year":"2023","value":"97223000"},{"name":"Процентные доходы","year":"2022","value":"97988000"},{"name":"Процентные доходы","year":"2020","value":"99255000"},{"name":"Процентные доходы","year":"2019","value":"99481000"},{"name":"Процентные доходы","year":"2018","value":"100404000"},{"name":"Процентные расходы","year":"2016","value":"126000000"},{"name":"Процентные расходы","year":"2015","value":"752000000"},{"name":"Процентные расходы","year":"2014","value":"525000000"},{"name":"Процентные расходы","year":"2013","value":"481000000"},{"name":"Процентные расходы","year":"2012","value":"401000000"},{"name":"Чистые процентные доходы/расходы","year":"2023","value":"97223000"},{"name":"Чистые процентные доходы/расходы","year":"2022","value":"97988000"},{"name":"Чистые процентные доходы/расходы","year":"2020","value":"99255000"},{"name":"Чистые процентные доходы/расходы","year":"2019","value":"99481000"},{"name":"Чистые процентные доходы/расходы","year":"2018","value":"100404000"},{"name":"Операционный доход","year":"2023","value":"9546000"},{"name":"Операционный доход","year":"2022","value":"10442000"},{"name":"Операционный доход","year":"2020","value":"7490000"},{"name":"Операционный доход","year":"2019","value":"819000"},{"name":"Операционный доход","year":"2018","value":"13881000"},{"name":"Расходы на персонал","year":"2023","value":"3707000"},{"name":"Расходы на персонал","year":"2022","value":"3354000"},{"name":"Расходы на персонал","year":"2020","value":"3410000"},{"name":"Расходы на персонал","year":"2019","value":"3829000"},{"name":"Расходы на персонал","year":"2018","value":"4102000"},{"name":"Прибыль до налогов","year":"2023","value":"1226586000"},{"name":"Прибыль до налогов","year":"2022","value":"3778724000"},{"name":"Прибыль до налогов","year":"2020","value":"-717235000"},{"name":"Прибыль до налогов","year":"2019","value":"687247000"},{"name":"Прибыль до налогов","year":"2018","value":"1645518000"},{"name":"Чистая прибыль","year":"2023","value":"1105307000"},{"name":"Чистая прибыль","year":"2022","value":"3427667000"},{"name":"Чистая прибыль","year":"2020","value":"-661478000"},{"name":"Чистая прибыль","year":"2019","value":"614744000"},{"name":"Чистая прибыль","year":"2018","value":"1488622000"},{"name":"Капитал на акционеров","year":"2023","value":"13177831000"},{"name":"Капитал на акционеров","year":"2022","value":"12072524000"},{"name":"Капитал на акционеров","year":"2020","value":"5220106000"},{"name":"Капитал на акционеров","year":"2019","value":"5881584000"},{"name":"Капитал на акционеров","year":"2018","value":"5266840000"},{"name":"Активы","year":"2023","value":"13726720000"},{"name":"Активы","year":"2022","value":"12510374000"},{"name":"Активы","year":"2020","value":"5222850000"},{"name":"Активы","year":"2019","value":"5883200000"},{"name":"Активы","year":"2018","value":"5275583000"},{"name":"CA Оборотные активы","year":"2023","value":"2098984000"},{"name":"CA Оборотные активы","year":"2022","value":"2003392000"},{"name":"CA Оборотные активы","year":"2020","value":"1806039000"},{"name":"CA Оборотные активы","year":"2019","value":"1709352000"},{"name":"CA Оборотные активы","year":"2018","value":"1625894000"},{"name":"Денежные средства и их эквиваленты","year":"2023","value":"65000"},{"name":"Денежные средства и их эквиваленты","year":"2022","value":"112000"},{"name":"Денежные средства и их эквиваленты","year":"2020","value":"16000"},{"name":"Денежные средства и их эквиваленты","year":"2019","value":"31000"},{"name":"Денежные средства и их эквиваленты","year":"2018","value":"56000"},{"name":"Обязательства","year":"2023","value":"548889000"},{"name":"Обязательства","year":"2022","value":"437850000"},{"name":"Обязательства","year":"2020","value":"2744000"},{"name":"Обязательства","year":"2019","value":"1616000"},{"name":"Обязательства","year":"2018","value":"8743000"},{"name":"Собственный капитал","year":"2023","value":"13177831000"},{"name":"Собственный капитал","year":"2022","value":"12072524000"},{"name":"Собственный капитал","year":"2020","value":"5220106000"},{"name":"Собственный капитал","year":"2019","value":"5881584000"},{"name":"Собственный капитал","year":"2018","value":"5266840000"},{"name":"Капитал на акционеров","year":"2023","value":"1105307000"},{"name":"Капитал на акционеров","year":"2022","value":"3427667000"},{"name":"Капитал на акционеров","year":"2020","value":"-661478000"},{"name":"Капитал на акционеров","year":"2019","value":"614744000"},{"name":"Капитал на акционеров","year":"2018","value":"1488622000"},{"name":"Внеоборотные активы","year":"2023","value":"11627736000"},{"name":"Внеоборотные активы","year":"2022","value":"10506982000"},{"name":"Внеоборотные активы","year":"2020","value":"3416811000"},{"name":"Внеоборотные активы","year":"2019","value":"4173848000"},{"name":"Внеоборотные активы","year":"2018","value":"3649689000"},{"name":"Собственный капитал","year":"2023","value":"362.7354"},{"name":"Собственный капитал","year":"2022","value":"160.9844"},{"name":"Собственный капитал","year":"2020","value":"82.2766"},{"name":"Собственный капитал","year":"2019","value":"74.4582"},{"name":"Собственный капитал","year":"2018","value":"44.9509"},{"name":"CFO операционные денежные потоки","year":"2023","value":"-8862000"},{"name":"CFO операционные денежные потоки","year":"2022","value":"939000"},{"name":"CFO операционные денежные потоки","year":"2020","value":"-28000"},{"name":"CFO операционные денежные потоки","year":"2019","value":"-102142000"},{"name":"CFO операционные денежные потоки","year":"2018","value":"-124224000"},{"name":"FCF на акцию","year":"2023","value":"-8890000"},{"name":"FCF на акцию","year":"2022","value":"912000"},{"name":"FCF на акцию","year":"2020","value":"-54000"},{"name":"FCF на акцию","year":"2019","value":"-102168000"},{"name":"FCF на акцию","year":"2018","value":"-124247000"},{"name":"Инвестиционный денежный поток","year":"2023","value":"8815000"},{"name":"Инвестиционный денежный поток","year":"2022","value":"-947000"},{"name":"Инвестиционный денежный поток","year":"2020","value":"13000"},{"name":"Инвестиционный денежный поток","year":"2019","value":"102117000"},{"name":"Инвестиционный денежный поток","year":"2018","value":"124235000"},{"name":"CFF Денежный поток от финансовой деятельности","year":"2016","value":"-634000000"},{"name":"CFF Денежный поток от финансовой деятельности","year":"2015","value":"-243000000"},{"name":"CFF Денежный поток от финансовой деятельности","year":"2014","value":"10000000"},{"name":"CFF Денежный поток от финансовой деятельности","year":"2013","value":"2161000000"},{"name":"CFF Денежный поток от финансовой деятельности","year":"2012","value":"-968000000"},{"name":"CB Текущие кредиты","year":"2014","value":"141000000"},{"name":"CB Текущие кредиты","year":"2013","value":"518000000"},{"name":"CB Текущие кредиты","year":"2012","value":"3491000000"},{"name":"Общий долг","year":"2023","value":"-65000"},{"name":"Общий долг","year":"2022","value":"-112000"},{"name":"Общий долг","year":"2020","value":"-16000"},{"name":"Общий долг","year":"2019","value":"-31000"},{"name":"Общий долг","year":"2018","value":"-56000"},{"name":"Текущие обязательства","year":"2023","value":"584000"},{"name":"Текущие обязательства","year":"2022","value":"1361000"},{"name":"Текущие обязательства","year":"2020","value":"2744000"},{"name":"Текущие обязательства","year":"2019","value":"1616000"},{"name":"Текущие обязательства","year":"2018","value":"8743000"},{"name":"CL Текущая аренда","year":"2012","value":"9000000"},{"name":"Долгосрочные кредиты","year":"2015","value":"808000000"},{"name":"Долгосрочные кредиты","year":"2014","value":"5814000000"},{"name":"Долгосрочные кредиты","year":"2013","value":"5276000000"},{"name":"Долгосрочные кредиты","year":"2012","value":"137000000"},{"name":"Долгосрочные обязательства","year":"2023","value":"548305000"},{"name":"Долгосрочные обязательства","year":"2022","value":"436489000"},{"name":"Долгосрочные обязательства","year":"2016","value":"352000000"},{"name":"Долгосрочные обязательства","year":"2015","value":"1991000000"},{"name":"Долгосрочные обязательства","year":"2014","value":"6907000000"},{"name":"Чистый долг","year":"2015","value":"808000000"},{"name":"Чистый долг","year":"2014","value":"5955000000"},{"name":"Чистый долг","year":"2013","value":"5794000000"},{"name":"Чистый долг","year":"2012","value":"3628000000"},{"name":"Общие расходы","year":"2023","value":"3771000"},{"name":"Общие расходы","year":"2022","value":"4964000"},{"name":"Общие расходы","year":"2020","value":"2667000"},{"name":"Общие расходы","year":"2019","value":"4079000"},{"name":"Общие расходы","year":"2018","value":"10794000"}]