[{"name":"date","year":"2023Q1","value":"26.04.2023"},{"name":"date","year":"2023Q2","value":"28.07.2023"},{"name":"date","year":"2023Q3","value":"24.10.2023"},{"name":"date","year":"2023Q4","value":"22.03.2024"},{"name":"date","year":"2024Q1","value":"25.04.2024"},{"name":"currency","year":"2023Q1","value":"RUB"},{"name":"currency","year":"2023Q2","value":"RUB"},{"name":"currency","year":"2023Q3","value":"RUB"},{"name":"currency","year":"2023Q4","value":"RUB"},{"name":"currency","year":"2024Q1","value":"RUB"},{"name":"report_url","year":"2023Q1","value":"https://www.e-disclosure.ru/portal/FileLoad.ashx?Fileid=1789840"},{"name":"report_url","year":"2023Q2","value":"https://www.e-disclosure.ru/portal/FileLoad.ashx?Fileid=1805941"},{"name":"report_url","year":"2023Q3","value":"https://www.e-disclosure.ru/portal/FileLoad.ashx?Fileid=1813482"},{"name":"report_url","year":"2023Q4","value":"https://www.e-disclosure.ru/portal/FileLoad.ashx?Fileid=1826481"},{"name":"report_url","year":"2024Q1","value":"https://www.e-disclosure.ru/portal/FileLoad.ashx?Fileid=1833562"},{"name":"revenue","year":"2023Q1","value":"3.95"},{"name":"revenue","year":"2023Q2","value":"3.00"},{"name":"revenue","year":"2023Q3","value":"3.62"},{"name":"revenue","year":"2023Q4","value":"3.55"},{"name":"revenue","year":"2024Q1","value":"4.10"},{"name":"operating_income","year":"2023Q1","value":"0.381"},{"name":"operating_income","year":"2023Q2","value":"0.160"},{"name":"operating_income","year":"2023Q3","value":"0.287"},{"name":"operating_income","year":"2023Q4","value":"0.152"},{"name":"operating_income","year":"2024Q1","value":"0.271"},{"name":"net_income","year":"2023Q1","value":"0.067"},{"name":"net_income","year":"2023Q2","value":"0.010"},{"name":"net_income","year":"2023Q3","value":"0.005"},{"name":"net_income","year":"2023Q4","value":"-0.019"},{"name":"net_income","year":"2024Q1","value":"0.030"},{"name":"div_yield","year":"2023Q1","value":"0.0%"},{"name":"div_yield","year":"2023Q2","value":"0.0%"},{"name":"div_yield","year":"2023Q3","value":"0.0%"},{"name":"div_yield","year":"2023Q4","value":"0.0%"},{"name":"div_yield","year":"2024Q1","value":"0.0%"},{"name":"div_payout_ratio","year":"2023Q1","value":"0%"},{"name":"div_payout_ratio","year":"2023Q2","value":"0%"},{"name":"div_payout_ratio","year":"2023Q3","value":"0%"},{"name":"div_payout_ratio","year":"2023Q4","value":"0%"},{"name":"div_payout_ratio","year":"2024Q1","value":"0%"},{"name":"opex","year":"2023Q1","value":"1.75"},{"name":"opex","year":"2023Q2","value":"1.53"},{"name":"opex","year":"2023Q3","value":"1.80"},{"name":"opex","year":"2023Q4","value":"1.83"},{"name":"opex","year":"2024Q1","value":"1.91"},{"name":"cost_of_production","year":"2023Q1","value":"1.82"},{"name":"cost_of_production","year":"2023Q2","value":"1.31"},{"name":"cost_of_production","year":"2023Q3","value":"1.53"},{"name":"cost_of_production","year":"2023Q4","value":"1.56"},{"name":"cost_of_production","year":"2024Q1","value":"1.91"},{"name":"assets","year":"2023Q1","value":"3.33"},{"name":"assets","year":"2023Q2","value":"2.66"},{"name":"assets","year":"2023Q3","value":"2.84"},{"name":"assets","year":"2023Q4","value":"3.28"},{"name":"assets","year":"2024Q1","value":"3.25"},{"name":"net_assets","year":"2023Q1","value":"0.300"},{"name":"net_assets","year":"2023Q2","value":"0.310"},{"name":"net_assets","year":"2023Q3","value":"0.320"},{"name":"net_assets","year":"2023Q4","value":"0.300"},{"name":"net_assets","year":"2024Q1","value":"0.300"},{"name":"debt","year":"2023Q1","value":"0.000"},{"name":"debt","year":"2023Q2","value":"0.100"},{"name":"debt","year":"2023Q3","value":"0.000"},{"name":"debt","year":"2023Q4","value":"0.000"},{"name":"debt","year":"2024Q1","value":"0.000"},{"name":"cash","year":"2023Q1","value":"0.154"},{"name":"cash","year":"2023Q2","value":"0.014"},{"name":"cash","year":"2023Q3","value":"0.650"},{"name":"cash","year":"2023Q4","value":"0.613"},{"name":"cash","year":"2024Q1","value":"0.830"},{"name":"net_debt","year":"2023Q1","value":"-0.15"},{"name":"net_debt","year":"2023Q2","value":"0.09"},{"name":"net_debt","year":"2023Q3","value":"-0.65"},{"name":"net_debt","year":"2023Q4","value":"-0.61"},{"name":"net_debt","year":"2024Q1","value":"-0.83"},{"name":"common_share","year":"2023Q1","value":"0.950"},{"name":"common_share","year":"2023Q2","value":"1.34"},{"name":"common_share","year":"2023Q3","value":"4.14"},{"name":"common_share","year":"2023Q4","value":"2.64"},{"name":"common_share","year":"2024Q1","value":"2.89"},{"name":"number_of_shares","year":"2023Q1","value":"773.9"},{"name":"number_of_shares","year":"2023Q2","value":"773.9"},{"name":"number_of_shares","year":"2023Q3","value":"773.9"},{"name":"number_of_shares","year":"2023Q4","value":"773.9"},{"name":"number_of_shares","year":"2024Q1","value":"773.9"},{"name":"market_cap","year":"2023Q1","value":"0.74"},{"name":"market_cap","year":"2023Q2","value":"1.04"},{"name":"market_cap","year":"2023Q3","value":"3.20"},{"name":"market_cap","year":"2023Q4","value":"2.04"},{"name":"market_cap","year":"2024Q1","value":"2.23"},{"name":"ev","year":"2023Q1","value":"0.58"},{"name":"ev","year":"2023Q2","value":"1.12"},{"name":"ev","year":"2023Q3","value":"2.55"},{"name":"ev","year":"2023Q4","value":"1.43"},{"name":"ev","year":"2024Q1","value":"1.40"},{"name":"book_value","year":"2023Q1","value":"0.30"},{"name":"book_value","year":"2023Q2","value":"0.31"},{"name":"book_value","year":"2023Q3","value":"0.32"},{"name":"book_value","year":"2023Q4","value":"0.30"},{"name":"book_value","year":"2024Q1","value":"0.30"},{"name":"eps","year":"2023Q1","value":"0.09"},{"name":"eps","year":"2023Q2","value":"0.01"},{"name":"eps","year":"2023Q3","value":"0.01"},{"name":"eps","year":"2023Q4","value":"-0.02"},{"name":"eps","year":"2024Q1","value":"0.04"},{"name":"fcf_share","year":"2023Q1","value":"0.00"},{"name":"fcf_share","year":"2023Q2","value":"0.00"},{"name":"fcf_share","year":"2023Q3","value":"0.00"},{"name":"fcf_share","year":"2023Q4","value":"0.00"},{"name":"fcf_share","year":"2024Q1","value":"0.00"},{"name":"bv_share","year":"2023Q1","value":"0.39"},{"name":"bv_share","year":"2023Q2","value":"0.40"},{"name":"bv_share","year":"2023Q3","value":"0.41"},{"name":"bv_share","year":"2023Q4","value":"0.39"},{"name":"bv_share","year":"2024Q1","value":"0.39"},{"name":"ebitda_margin","year":"2023Q1","value":"0.0%"},{"name":"ebitda_margin","year":"2023Q2","value":"0.0%"},{"name":"ebitda_margin","year":"2023Q3","value":"0.0%"},{"name":"ebitda_margin","year":"2023Q4","value":"0.0%"},{"name":"ebitda_margin","year":"2024Q1","value":"0.0%"},{"name":"net_margin","year":"2023Q1","value":"1.7%"},{"name":"net_margin","year":"2023Q2","value":"0.3%"},{"name":"net_margin","year":"2023Q3","value":"0.1%"},{"name":"net_margin","year":"2023Q4","value":"-0.5%"},{"name":"net_margin","year":"2024Q1","value":"0.7%"},{"name":"fcf_yield","year":"2023Q1","value":"0.0%"},{"name":"fcf_yield","year":"2023Q2","value":"0.0%"},{"name":"fcf_yield","year":"2023Q3","value":"0.0%"},{"name":"fcf_yield","year":"2023Q4","value":"0.0%"},{"name":"fcf_yield","year":"2024Q1","value":"0.0%"},{"name":"roe","year":"2023Q1","value":"23.0%"},{"name":"roe","year":"2023Q2","value":"18.1%"},{"name":"roe","year":"2023Q3","value":"17.2%"},{"name":"roe","year":"2023Q4","value":"21.0%"},{"name":"roe","year":"2024Q1","value":"8.7%"},{"name":"roa","year":"2023Q1","value":"2.1%"},{"name":"roa","year":"2023Q2","value":"2.1%"},{"name":"roa","year":"2023Q3","value":"1.9%"},{"name":"roa","year":"2023Q4","value":"1.9%"},{"name":"roa","year":"2024Q1","value":"0.8%"},{"name":"p_e","year":"2023Q1","value":"10.7"},{"name":"p_e","year":"2023Q2","value":"18.5"},{"name":"p_e","year":"2023Q3","value":"58.2"},{"name":"p_e","year":"2023Q4","value":"32.4"},{"name":"p_e","year":"2024Q1","value":"85.9"},{"name":"p_s","year":"2023Q1","value":"0.06"},{"name":"p_s","year":"2023Q2","value":"0.08"},{"name":"p_s","year":"2023Q3","value":"0.23"},{"name":"p_s","year":"2023Q4","value":"0.14"},{"name":"p_s","year":"2024Q1","value":"0.16"},{"name":"p_bv","year":"2023Q1","value":"2.45"},{"name":"p_bv","year":"2023Q2","value":"3.35"},{"name":"p_bv","year":"2023Q3","value":"10.0"},{"name":"p_bv","year":"2023Q4","value":"6.80"},{"name":"p_bv","year":"2024Q1","value":"7.44"},{"name":"capex_revenue","year":"2023Q1","value":"0%"},{"name":"capex_revenue","year":"2023Q2","value":"0%"},{"name":"capex_revenue","year":"2023Q3","value":"0%"},{"name":"capex_revenue","year":"2023Q4","value":"0%"},{"name":"capex_revenue","year":"2024Q1","value":"0%"}]