[{"name":"date","year":"2023Q2","value":"10.08.2023"},{"name":"date","year":"2023Q3","value":"10.11.2023"},{"name":"date","year":"2023Q4","value":"14.03.2024"},{"name":"date","year":"2024Q1","value":""},{"name":"date","year":"2024Q2","value":""},{"name":"date","year":"LTM\n?","value":"14.03.2024"},{"name":"currency","year":"2023Q2","value":"RUB"},{"name":"currency","year":"2023Q3","value":"RUB"},{"name":"currency","year":"2023Q4","value":"RUB"},{"name":"currency","year":"2024Q1","value":"RUB"},{"name":"currency","year":"2024Q2","value":"RUB"},{"name":"currency","year":"LTM\n?","value":"RUB"},{"name":"report_url","year":"2023Q2","value":"https://www.e-disclosure.ru/portal/FileLoad.ashx?Fileid=1807007"},{"name":"report_url","year":"2023Q3","value":"https://novabev.com/investors/news/finansovye-rezultaty-novabev-group-za-9-mesyatsev-2023-goda/"},{"name":"report_url","year":"2023Q4","value":"https://novabev.com/upload/files/reports/FS_NovabevGroup_2023_Rus.pdf"},{"name":"report_url","year":"2024Q1","value":""},{"name":"report_url","year":"2024Q2","value":""},{"name":"report_url","year":"LTM\n?","value":"https://novabev.com/upload/files/reports/FS_NovabevGroup_2023_Rus.pdf"},{"name":"presentation_url","year":"2023Q2","value":"https://belugagroup.ru/upload/files/beluga-group-investor-presentation_RUS.pdf"},{"name":"presentation_url","year":"2023Q3","value":""},{"name":"presentation_url","year":"2023Q4","value":"https://novabev.com/upload/documents/2023-earnings-release-RUS.pdf"},{"name":"presentation_url","year":"2024Q1","value":""},{"name":"presentation_url","year":"2024Q2","value":""},{"name":"presentation_url","year":"LTM\n?","value":"https://novabev.com/upload/documents/2023-earnings-release-RUS.pdf"},{"name":"number_of_stores","year":"2023Q2","value":"1 508"},{"name":"number_of_stores","year":"2023Q3","value":"1 581"},{"name":"number_of_stores","year":"2023Q4","value":"1 657"},{"name":"number_of_stores","year":"2024Q1","value":"1 713"},{"name":"number_of_stores","year":"2024Q2","value":""},{"name":"number_of_stores","year":"LTM\n?","value":""},{"name":"revenue","year":"2023Q2","value":"47.9"},{"name":"revenue","year":"2023Q3","value":"29.7"},{"name":"revenue","year":"2023Q4","value":"39.2"},{"name":"revenue","year":"2024Q1","value":""},{"name":"revenue","year":"2024Q2","value":""},{"name":"revenue","year":"LTM\n?","value":"116.9"},{"name":"operating_income","year":"2023Q2","value":"5.00"},{"name":"operating_income","year":"2023Q3","value":"3.81"},{"name":"operating_income","year":"2023Q4","value":"5.12"},{"name":"operating_income","year":"2024Q1","value":""},{"name":"operating_income","year":"2024Q2","value":""},{"name":"operating_income","year":"LTM\n?","value":"13.9"},{"name":"ebitda","year":"2023Q2","value":"7.60"},{"name":"ebitda","year":"2023Q3","value":"5.14"},{"name":"ebitda","year":"2023Q4","value":"6.54"},{"name":"ebitda","year":"2024Q1","value":""},{"name":"ebitda","year":"2024Q2","value":""},{"name":"ebitda","year":"LTM\n?","value":"19.3"},{"name":"net_income","year":"2023Q2","value":"3.04"},{"name":"net_income","year":"2023Q3","value":"2.22"},{"name":"net_income","year":"2023Q4","value":"2.80"},{"name":"net_income","year":"2024Q1","value":""},{"name":"net_income","year":"2024Q2","value":""},{"name":"net_income","year":"LTM\n?","value":"8.06"},{"name":"ocf","year":"2023Q2","value":"-1.95"},{"name":"ocf","year":"2023Q3","value":""},{"name":"ocf","year":"2023Q4","value":"8.69"},{"name":"ocf","year":"2024Q1","value":""},{"name":"ocf","year":"2024Q2","value":""},{"name":"ocf","year":"LTM\n?","value":"6.74"},{"name":"capex","year":"2023Q2","value":"1.44"},{"name":"capex","year":"2023Q3","value":""},{"name":"capex","year":"2023Q4","value":"1.54"},{"name":"capex","year":"2024Q1","value":""},{"name":"capex","year":"2024Q2","value":""},{"name":"capex","year":"LTM\n?","value":"2.98"},{"name":"fcf","year":"2023Q2","value":"-4.53"},{"name":"fcf","year":"2023Q3","value":""},{"name":"fcf","year":"2023Q4","value":"5.68"},{"name":"fcf","year":"2024Q1","value":""},{"name":"fcf","year":"2024Q2","value":""},{"name":"fcf","year":"LTM\n?","value":"1.15"},{"name":"dividend_payout","year":"2023Q2","value":"5.06"},{"name":"dividend_payout","year":"2023Q3","value":"2.13"},{"name":"dividend_payout","year":"2023Q4","value":"3.51"},{"name":"dividend_payout","year":"2024Q1","value":""},{"name":"dividend_payout","year":"2024Q2","value":"1.58"},{"name":"dividend_payout","year":"LTM\n?","value":"7.22"},{"name":"dividend","year":"2023Q2","value":"320"},{"name":"dividend","year":"2023Q3","value":"135"},{"name":"dividend","year":"2023Q4","value":"225"},{"name":"dividend","year":"2024Q1","value":""},{"name":"dividend","year":"2024Q2","value":"12.5"},{"name":"dividend","year":"LTM\n?","value":"372.5"},{"name":"div_yield","year":"2023Q2","value":"7.6%"},{"name":"div_yield","year":"2023Q3","value":"2.4%"},{"name":"div_yield","year":"2023Q4","value":"4.2%"},{"name":"div_yield","year":"2024Q1","value":"0.0%"},{"name":"div_yield","year":"2024Q2","value":"0.2%"},{"name":"div_yield","year":"LTM\n?","value":"61.9%"},{"name":"div_payout_ratio","year":"2023Q2","value":"166%"},{"name":"div_payout_ratio","year":"2023Q3","value":"96%"},{"name":"div_payout_ratio","year":"2023Q4","value":"125%"},{"name":"div_payout_ratio","year":"2024Q1","value":""},{"name":"div_payout_ratio","year":"2024Q2","value":""},{"name":"div_payout_ratio","year":"LTM\n?","value":"90%"},{"name":"opex","year":"2023Q2","value":"13.8"},{"name":"opex","year":"2023Q3","value":""},{"name":"opex","year":"2023Q4","value":"15.4"},{"name":"opex","year":"2024Q1","value":""},{"name":"opex","year":"2024Q2","value":""},{"name":"opex","year":"LTM\n?","value":"29.2"},{"name":"cost_of_production","year":"2023Q2","value":"29.1"},{"name":"cost_of_production","year":"2023Q3","value":""},{"name":"cost_of_production","year":"2023Q4","value":"44.5"},{"name":"cost_of_production","year":"2024Q1","value":""},{"name":"cost_of_production","year":"2024Q2","value":""},{"name":"cost_of_production","year":"LTM\n?","value":"73.6"},{"name":"amortization","year":"2023Q2","value":"2.6"},{"name":"amortization","year":"2023Q3","value":""},{"name":"amortization","year":"2023Q4","value":"2.8"},{"name":"amortization","year":"2024Q1","value":""},{"name":"amortization","year":"2024Q2","value":""},{"name":"amortization","year":"LTM\n?","value":"5.4"},{"name":"interest_expenses","year":"2023Q2","value":"1.59"},{"name":"interest_expenses","year":"2023Q3","value":""},{"name":"interest_expenses","year":"2023Q4","value":"2.02"},{"name":"interest_expenses","year":"2024Q1","value":""},{"name":"interest_expenses","year":"2024Q2","value":""},{"name":"interest_expenses","year":"LTM\n?","value":"3.61"},{"name":"assets","year":"2023Q2","value":"88.7"},{"name":"assets","year":"2023Q3","value":""},{"name":"assets","year":"2023Q4","value":"42.4"},{"name":"assets","year":"2024Q1","value":""},{"name":"assets","year":"2024Q2","value":""},{"name":"assets","year":"LTM\n?","value":"42.4"},{"name":"net_assets","year":"2023Q2","value":"23.4"},{"name":"net_assets","year":"2023Q3","value":""},{"name":"net_assets","year":"2023Q4","value":"26.3"},{"name":"net_assets","year":"2024Q1","value":""},{"name":"net_assets","year":"2024Q2","value":""},{"name":"net_assets","year":"LTM\n?","value":"26.3"},{"name":"debt","year":"2023Q2","value":"41.4"},{"name":"debt","year":"2023Q3","value":""},{"name":"debt","year":"2023Q4","value":"17.6"},{"name":"debt","year":"2024Q1","value":""},{"name":"debt","year":"2024Q2","value":"24.8"},{"name":"debt","year":"LTM\n?","value":"17.6"},{"name":"cash","year":"2023Q2","value":"4.95"},{"name":"cash","year":"2023Q3","value":""},{"name":"cash","year":"2023Q4","value":"3.42"},{"name":"cash","year":"2024Q1","value":""},{"name":"cash","year":"2024Q2","value":"2.30"},{"name":"cash","year":"LTM\n?","value":"3.42"},{"name":"net_debt","year":"2023Q2","value":"36.5"},{"name":"net_debt","year":"2023Q3","value":"0.00"},{"name":"net_debt","year":"2023Q4","value":"14.2"},{"name":"net_debt","year":"2024Q1","value":"0.00"},{"name":"net_debt","year":"2024Q2","value":"22.5"},{"name":"net_debt","year":"LTM\n?","value":"14.2"},{"name":"common_share","year":"2023Q2","value":"4 201"},{"name":"common_share","year":"2023Q3","value":"5 576"},{"name":"common_share","year":"2023Q4","value":"5 367"},{"name":"common_share","year":"2024Q1","value":"5 863"},{"name":"common_share","year":"2024Q2","value":"5 698"},{"name":"common_share","year":"LTM\n?","value":"602.0"},{"name":"number_of_shares","year":"2023Q2","value":"15.8"},{"name":"number_of_shares","year":"2023Q3","value":"15.8"},{"name":"number_of_shares","year":"2023Q4","value":"15.8"},{"name":"number_of_shares","year":"2024Q1","value":"15.8"},{"name":"number_of_shares","year":"2024Q2","value":"15.8"},{"name":"number_of_shares","year":"LTM\n?","value":"15.8"},{"name":"market_cap","year":"2023Q2","value":"66.4"},{"name":"market_cap","year":"2023Q3","value":"88.1"},{"name":"market_cap","year":"2023Q4","value":"84.8"},{"name":"market_cap","year":"2024Q1","value":"92.6"},{"name":"market_cap","year":"2024Q2","value":"90.0"},{"name":"market_cap","year":"LTM\n?","value":"9.51"},{"name":"ev","year":"2023Q2","value":"102.8"},{"name":"ev","year":"2023Q3","value":"88.1"},{"name":"ev","year":"2023Q4","value":"99.0"},{"name":"ev","year":"2024Q1","value":"92.6"},{"name":"ev","year":"2024Q2","value":"112.5"},{"name":"ev","year":"LTM\n?","value":"23.7"},{"name":"book_value","year":"2023Q2","value":"12.7"},{"name":"book_value","year":"2023Q3","value":"0.00"},{"name":"book_value","year":"2023Q4","value":"15.9"},{"name":"book_value","year":"2024Q1","value":"0.00"},{"name":"book_value","year":"2024Q2","value":"0.00"},{"name":"book_value","year":"LTM\n?","value":"15.9"},{"name":"eps","year":"2023Q2","value":"192.4"},{"name":"eps","year":"2023Q3","value":"140.5"},{"name":"eps","year":"2023Q4","value":"177.5"},{"name":"eps","year":"2024Q1","value":"0.00"},{"name":"eps","year":"2024Q2","value":"0.00"},{"name":"eps","year":"LTM\n?","value":"510.4"},{"name":"fcf_share","year":"2023Q2","value":"-286.7"},{"name":"fcf_share","year":"2023Q3","value":"0.00"},{"name":"fcf_share","year":"2023Q4","value":"359.5"},{"name":"fcf_share","year":"2024Q1","value":"0.00"},{"name":"fcf_share","year":"2024Q2","value":"0.00"},{"name":"fcf_share","year":"LTM\n?","value":"72.8"},{"name":"bv_share","year":"2023Q2","value":"801.3"},{"name":"bv_share","year":"2023Q3","value":"0.00"},{"name":"bv_share","year":"2023Q4","value":"1 006"},{"name":"bv_share","year":"2024Q1","value":"0.00"},{"name":"bv_share","year":"2024Q2","value":"0.00"},{"name":"bv_share","year":"LTM\n?","value":"1 006"},{"name":"ebitda_margin","year":"2023Q2","value":"15.9%"},{"name":"ebitda_margin","year":"2023Q3","value":"17.3%"},{"name":"ebitda_margin","year":"2023Q4","value":"16.7%"},{"name":"ebitda_margin","year":"2024Q1","value":""},{"name":"ebitda_margin","year":"2024Q2","value":""},{"name":"ebitda_margin","year":"LTM\n?","value":"16.5%"},{"name":"net_margin","year":"2023Q2","value":"6.3%"},{"name":"net_margin","year":"2023Q3","value":"7.5%"},{"name":"net_margin","year":"2023Q4","value":"7.1%"},{"name":"net_margin","year":"2024Q1","value":""},{"name":"net_margin","year":"2024Q2","value":""},{"name":"net_margin","year":"LTM\n?","value":"6.9%"},{"name":"fcf_yield","year":"2023Q2","value":"8.9%"},{"name":"fcf_yield","year":"2023Q3","value":"6.7%"},{"name":"fcf_yield","year":"2023Q4","value":"1.4%"},{"name":"fcf_yield","year":"2024Q1","value":"1.2%"},{"name":"fcf_yield","year":"2024Q2","value":"6.3%"},{"name":"fcf_yield","year":"LTM\n?","value":"12.1%"},{"name":"roe","year":"2023Q2","value":"39.4%"},{"name":"roe","year":"2023Q3","value":""},{"name":"roe","year":"2023Q4","value":"30.6%"},{"name":"roe","year":"2024Q1","value":""},{"name":"roe","year":"2024Q2","value":""},{"name":"roe","year":"LTM\n?","value":"30.6%"},{"name":"roa","year":"2023Q2","value":"10.4%"},{"name":"roa","year":"2023Q3","value":""},{"name":"roa","year":"2023Q4","value":"19.0%"},{"name":"roa","year":"2024Q1","value":""},{"name":"roa","year":"2024Q2","value":""},{"name":"roa","year":"LTM\n?","value":"19.0%"},{"name":"p_e","year":"2023Q2","value":"7.20"},{"name":"p_e","year":"2023Q3","value":"7.70"},{"name":"p_e","year":"2023Q4","value":"10.5"},{"name":"p_e","year":"2024Q1","value":"11.5"},{"name":"p_e","year":"2024Q2","value":"17.9"},{"name":"p_e","year":"LTM\n?","value":"1.18"},{"name":"p_fcf","year":"2023Q2","value":"-14.7"},{"name":"p_fcf","year":"2023Q3","value":""},{"name":"p_fcf","year":"2023Q4","value":"73.7"},{"name":"p_fcf","year":"2024Q1","value":"80.6"},{"name":"p_fcf","year":"2024Q2","value":"15.9"},{"name":"p_fcf","year":"LTM\n?","value":"8.27"},{"name":"p_s","year":"2023Q2","value":"0.64"},{"name":"p_s","year":"2023Q3","value":"0.66"},{"name":"p_s","year":"2023Q4","value":"0.73"},{"name":"p_s","year":"2024Q1","value":"0.79"},{"name":"p_s","year":"2024Q2","value":"1.31"},{"name":"p_s","year":"LTM\n?","value":"0.08"},{"name":"p_bv","year":"2023Q2","value":"5.24"},{"name":"p_bv","year":"2023Q3","value":""},{"name":"p_bv","year":"2023Q4","value":"5.34"},{"name":"p_bv","year":"2024Q1","value":""},{"name":"p_bv","year":"2024Q2","value":""},{"name":"p_bv","year":"LTM\n?","value":"0.60"},{"name":"ev_ebitda","year":"2023Q2","value":"5.78"},{"name":"ev_ebitda","year":"2023Q3","value":"3.84"},{"name":"ev_ebitda","year":"2023Q4","value":"5.13"},{"name":"ev_ebitda","year":"2024Q1","value":"4.80"},{"name":"ev_ebitda","year":"2024Q2","value":"9.63"},{"name":"ev_ebitda","year":"LTM\n?","value":"1.23"},{"name":"debt_ebitda","year":"2023Q2","value":"2.05"},{"name":"debt_ebitda","year":"2023Q3","value":"0.00"},{"name":"debt_ebitda","year":"2023Q4","value":"0.73"},{"name":"debt_ebitda","year":"2024Q1","value":"0.00"},{"name":"debt_ebitda","year":"2024Q2","value":"1.93"},{"name":"debt_ebitda","year":"LTM\n?","value":"0.73"},{"name":"r_and_d_capex","year":"2023Q2","value":"0.00%"},{"name":"r_and_d_capex","year":"2023Q3","value":""},{"name":"r_and_d_capex","year":"2023Q4","value":"0.00%"},{"name":"r_and_d_capex","year":"2024Q1","value":""},{"name":"r_and_d_capex","year":"2024Q2","value":""},{"name":"r_and_d_capex","year":"LTM\n?","value":"0"},{"name":"capex_revenue","year":"2023Q2","value":"3%"},{"name":"capex_revenue","year":"2023Q3","value":"0%"},{"name":"capex_revenue","year":"2023Q4","value":"4%"},{"name":"capex_revenue","year":"2024Q1","value":""},{"name":"capex_revenue","year":"2024Q2","value":""},{"name":"capex_revenue","year":"LTM\n?","value":"3%"}]