[{"name":"date","year":"2019","value":"10.03.2020"},{"name":"date","year":"2020","value":"02.03.2021"},{"name":"date","year":"2021","value":"02.03.2022"},{"name":"date","year":"2022","value":"09.06.2023"},{"name":"date","year":"2023","value":"28.02.2024"},{"name":"date","year":"LTM\n?","value":"28.02.2024"},{"name":"currency","year":"2019","value":"RUB"},{"name":"currency","year":"2020","value":"RUB"},{"name":"currency","year":"2021","value":"RUB"},{"name":"currency","year":"2022","value":"RUB"},{"name":"currency","year":"2023","value":"RUB"},{"name":"currency","year":"LTM\n?","value":"RUB"},{"name":"report_url","year":"2019","value":"http://www.alrosa.ru/wp-content/uploads/2020/03/ALROSA-IFRS-2019-RUS.pdf"},{"name":"report_url","year":"2020","value":"http://www.alrosa.ru/wp-content/uploads/2021/03/ALROSA-IFRS-2020-RUS.pdf"},{"name":"report_url","year":"2021","value":"http://www.alrosa.ru/wp-content/uploads/2022/03/%D0%9C%D0%A1%D0%A4%D0%9E-%D0%BE%D1%82%D1%87%D0%B5%D1%82%D0%BD%D0%BE%D1%81%D1%82%D1%8C-%D0%B7%D0%B0-4-%D0%BA%D0%B2.-%D0%B8-12-%D0%BC%D0%B5%D1%81.-2021-%D0%B3_.pdf"},{"name":"report_url","year":"2022","value":""},{"name":"report_url","year":"2023","value":"https://www.alrosa.ru/upload/iblock/8a3/cvivxol3rbqipw1iupytmqjzv9iz5mls/ALROSA%20IFRS%2012M2023%20RUS%20%D1%80%D0%B0%D1%81%D0%BA%D1%80%D1%8B%D0%B2%D0%B0%D0%B5%D0%BC%D0%B0%D1%8F.pdf"},{"name":"report_url","year":"LTM\n?","value":"https://www.alrosa.ru/upload/iblock/8a3/cvivxol3rbqipw1iupytmqjzv9iz5mls/ALROSA%20IFRS%2012M2023%20RUS%20%D1%80%D0%B0%D1%81%D0%BA%D1%80%D1%8B%D0%B2%D0%B0%D0%B5%D0%BC%D0%B0%D1%8F.pdf"},{"name":"year_report_url","year":"2019","value":"http://www.alrosa.ru/wp-content/uploads/2020/06/%D0%90%D0%9B%D0%A0%D0%9E%D0%A1%D0%90-%D0%93%D0%BE%D0%B4%D0%BE%D0%B2%D0%BE%D0%B8%CC%86-%D0%BE%D1%82%D1%87%D0%B5%D1%82-2019.pdf"},{"name":"year_report_url","year":"2020","value":"https://e-disclosure.ru/portal/FileLoad.ashx?Fileid=1707293"},{"name":"year_report_url","year":"2021","value":""},{"name":"year_report_url","year":"2022","value":""},{"name":"year_report_url","year":"2023","value":"https://www.e-disclosure.ru/portal/FileLoad.ashx?Fileid=1838591"},{"name":"year_report_url","year":"LTM\n?","value":""},{"name":"presentation_url","year":"2019","value":"http://www.alrosa.ru/wp-content/uploads/2020/03/MDA-presentation-Q412M-2019.pdf"},{"name":"presentation_url","year":"2020","value":"http://www.alrosa.ru/wp-content/uploads/2021/03/MDA-presentation-Q412M-2020.pdf"},{"name":"presentation_url","year":"2021","value":"http://www.alrosa.ru/wp-content/uploads/2022/03/MDA-presentation-Q412M-2021.pdf"},{"name":"presentation_url","year":"2022","value":""},{"name":"presentation_url","year":"2023","value":""},{"name":"presentation_url","year":"LTM\n?","value":""},{"name":"ore_processed","year":"2019","value":"41.3"},{"name":"ore_processed","year":"2020","value":"29.7"},{"name":"ore_processed","year":"2021","value":""},{"name":"ore_processed","year":"2022","value":""},{"name":"ore_processed","year":"2023","value":""},{"name":"ore_processed","year":"LTM\n?","value":""},{"name":"diamonds_production","year":"2019","value":"38.5"},{"name":"diamonds_production","year":"2020","value":"30.0"},{"name":"diamonds_production","year":"2021","value":""},{"name":"diamonds_production","year":"2022","value":"35.6"},{"name":"diamonds_production","year":"2023","value":"34.6"},{"name":"diamonds_production","year":"LTM\n?","value":""},{"name":"diamonds_sales","year":"2019","value":"33.4"},{"name":"diamonds_sales","year":"2020","value":"32.1"},{"name":"diamonds_sales","year":"2021","value":""},{"name":"diamonds_sales","year":"2022","value":""},{"name":"diamonds_sales","year":"2023","value":""},{"name":"diamonds_sales","year":"LTM\n?","value":""},{"name":"diamond_concentration","year":"2019","value":"0.930"},{"name":"diamond_concentration","year":"2020","value":"1.01"},{"name":"diamond_concentration","year":"2021","value":""},{"name":"diamond_concentration","year":"2022","value":""},{"name":"diamond_concentration","year":"2023","value":""},{"name":"diamond_concentration","year":"LTM\n?","value":""},{"name":"revenue","year":"2019","value":"238.2"},{"name":"revenue","year":"2020","value":"217.1"},{"name":"revenue","year":"2021","value":"327.0"},{"name":"revenue","year":"2022","value":"295.4"},{"name":"revenue","year":"2023","value":"322.6"},{"name":"revenue","year":"LTM\n?","value":"322.6"},{"name":"operating_income","year":"2019","value":"75.1"},{"name":"operating_income","year":"2020","value":"69.5"},{"name":"operating_income","year":"2021","value":"114.8"},{"name":"operating_income","year":"2022","value":"118.0"},{"name":"operating_income","year":"2023","value":"106.3"},{"name":"operating_income","year":"LTM\n?","value":"106.3"},{"name":"ebitda","year":"2019","value":"107.1"},{"name":"ebitda","year":"2020","value":"87.6"},{"name":"ebitda","year":"2021","value":"139.5"},{"name":"ebitda","year":"2022","value":"140.6"},{"name":"ebitda","year":"2023","value":"134.7"},{"name":"ebitda","year":"LTM\n?","value":""},{"name":"net_income","year":"2019","value":"62.7"},{"name":"net_income","year":"2020","value":"32.2"},{"name":"net_income","year":"2021","value":"91.3"},{"name":"net_income","year":"2022","value":"100.4"},{"name":"net_income","year":"2023","value":"85.1"},{"name":"net_income","year":"LTM\n?","value":"85.1"},{"name":"ocf","year":"2019","value":"67.6"},{"name":"ocf","year":"2020","value":"96.5"},{"name":"ocf","year":"2021","value":"124.8"},{"name":"ocf","year":"2022","value":"88.4"},{"name":"ocf","year":"2023","value":"65.9"},{"name":"ocf","year":"LTM\n?","value":"65.9"},{"name":"capex","year":"2019","value":"20.0"},{"name":"capex","year":"2020","value":"17.0"},{"name":"capex","year":"2021","value":"19.0"},{"name":"capex","year":"2022","value":"40.9"},{"name":"capex","year":"2023","value":"63.7"},{"name":"capex","year":"LTM\n?","value":"63.7"},{"name":"fcf","year":"2019","value":"47.6"},{"name":"fcf","year":"2020","value":"79.5"},{"name":"fcf","year":"2021","value":"105.9"},{"name":"fcf","year":"2022","value":"50.3"},{"name":"fcf","year":"2023","value":"2.65"},{"name":"fcf","year":"LTM\n?","value":"2.65"},{"name":"dividend_payout","year":"2019","value":"47.7"},{"name":"dividend_payout","year":"2020","value":"70.3"},{"name":"dividend_payout","year":"2021","value":"64.7"},{"name":"dividend_payout","year":"2022","value":"0.000"},{"name":"dividend_payout","year":"2023","value":"42.7"},{"name":"dividend_payout","year":"LTM\n?","value":"33.2"},{"name":"dividend","year":"2019","value":"6.47"},{"name":"dividend","year":"2020","value":"9.54"},{"name":"dividend","year":"2021","value":"8.79"},{"name":"dividend","year":"2022","value":"0"},{"name":"dividend","year":"2023","value":"5.79"},{"name":"dividend","year":"LTM\n?","value":"4.51"},{"name":"div_yield","year":"2019","value":"7.7%"},{"name":"div_yield","year":"2020","value":"9.7%"},{"name":"div_yield","year":"2021","value":"7.2%"},{"name":"div_yield","year":"2022","value":"0.0%"},{"name":"div_yield","year":"2023","value":"8.3%"},{"name":"div_yield","year":"LTM\n?","value":"9.1%"},{"name":"div_payout_ratio","year":"2019","value":"76%"},{"name":"div_payout_ratio","year":"2020","value":"218%"},{"name":"div_payout_ratio","year":"2021","value":"71%"},{"name":"div_payout_ratio","year":"2022","value":"0%"},{"name":"div_payout_ratio","year":"2023","value":"50%"},{"name":"div_payout_ratio","year":"LTM\n?","value":"39%"},{"name":"opex","year":"2019","value":"42.8"},{"name":"opex","year":"2020","value":"33.8"},{"name":"opex","year":"2021","value":"43.0"},{"name":"opex","year":"2022","value":"26.5"},{"name":"opex","year":"2023","value":"43.4"},{"name":"opex","year":"LTM\n?","value":"43.4"},{"name":"cost_of_production","year":"2019","value":"119.1"},{"name":"cost_of_production","year":"2020","value":"117.0"},{"name":"cost_of_production","year":"2021","value":"173.0"},{"name":"cost_of_production","year":"2022","value":"154.6"},{"name":"cost_of_production","year":"2023","value":"175.6"},{"name":"cost_of_production","year":"LTM\n?","value":"175.6"},{"name":"amortization","year":"2019","value":"24.1"},{"name":"amortization","year":"2020","value":"23.1"},{"name":"amortization","year":"2021","value":"23.9"},{"name":"amortization","year":"2022","value":"22.6"},{"name":"amortization","year":"2023","value":"28.4"},{"name":"amortization","year":"LTM\n?","value":""},{"name":"r_and_d","year":"2019","value":"2.20"},{"name":"r_and_d","year":"2020","value":""},{"name":"r_and_d","year":"2021","value":""},{"name":"r_and_d","year":"2022","value":""},{"name":"r_and_d","year":"2023","value":""},{"name":"r_and_d","year":"LTM\n?","value":""},{"name":"employment_expenses","year":"2019","value":"48.5"},{"name":"employment_expenses","year":"2020","value":"56.4"},{"name":"employment_expenses","year":"2021","value":"61.5"},{"name":"employment_expenses","year":"2022","value":"58.0"},{"name":"employment_expenses","year":"2023","value":"65.6"},{"name":"employment_expenses","year":"LTM\n?","value":"65.6"},{"name":"interest_expenses","year":"2019","value":"7.47"},{"name":"interest_expenses","year":"2020","value":"8.50"},{"name":"interest_expenses","year":"2021","value":"5.51"},{"name":"interest_expenses","year":"2022","value":"3.10"},{"name":"interest_expenses","year":"2023","value":"3.37"},{"name":"interest_expenses","year":"LTM\n?","value":"3.37"},{"name":"assets","year":"2019","value":"430.1"},{"name":"assets","year":"2020","value":"519.0"},{"name":"assets","year":"2021","value":"423.7"},{"name":"assets","year":"2022","value":"520.6"},{"name":"assets","year":"2023","value":"596.6"},{"name":"assets","year":"LTM\n?","value":"596.6"},{"name":"net_assets","year":"2019","value":"253.4"},{"name":"net_assets","year":"2020","value":"264.0"},{"name":"net_assets","year":"2021","value":"223.6"},{"name":"net_assets","year":"2022","value":"322.3"},{"name":"net_assets","year":"2023","value":"381.9"},{"name":"net_assets","year":"LTM\n?","value":"381.9"},{"name":"debt","year":"2019","value":"117.3"},{"name":"debt","year":"2020","value":"167.8"},{"name":"debt","year":"2021","value":"122.5"},{"name":"debt","year":"2022","value":"105.4"},{"name":"debt","year":"2023","value":"135.4"},{"name":"debt","year":"LTM\n?","value":"135.4"},{"name":"cash","year":"2019","value":"37.6"},{"name":"cash","year":"2020","value":"136.6"},{"name":"cash","year":"2021","value":"61.3"},{"name":"cash","year":"2022","value":"95.8"},{"name":"cash","year":"2023","value":"99.3"},{"name":"cash","year":"LTM\n?","value":"99.3"},{"name":"net_debt","year":"2019","value":"79.7"},{"name":"net_debt","year":"2020","value":"31.2"},{"name":"net_debt","year":"2021","value":"61.2"},{"name":"net_debt","year":"2022","value":"9.55"},{"name":"net_debt","year":"2023","value":"36.1"},{"name":"net_debt","year":"LTM\n?","value":"36.1"},{"name":"common_share","year":"2019","value":"84.3"},{"name":"common_share","year":"2020","value":"98.8"},{"name":"common_share","year":"2021","value":"122.5"},{"name":"common_share","year":"2022","value":"58.8"},{"name":"common_share","year":"2023","value":"69.6"},{"name":"common_share","year":"LTM\n?","value":"49.5"},{"name":"number_of_shares","year":"2019","value":"7 365"},{"name":"number_of_shares","year":"2020","value":"7 365"},{"name":"number_of_shares","year":"2021","value":"7 365"},{"name":"number_of_shares","year":"2022","value":"7 365"},{"name":"number_of_shares","year":"2023","value":"7 365"},{"name":"number_of_shares","year":"LTM\n?","value":"7 365"},{"name":"free_float","year":"2019","value":"34.0%"},{"name":"free_float","year":"2020","value":"34.0%"},{"name":"free_float","year":"2021","value":"34.0%"},{"name":"free_float","year":"2022","value":"34.0%"},{"name":"free_float","year":"2023","value":"34.0%"},{"name":"free_float","year":"LTM\n?","value":""},{"name":"market_cap","year":"2019","value":"621.0"},{"name":"market_cap","year":"2020","value":"727.5"},{"name":"market_cap","year":"2021","value":"902.3"},{"name":"market_cap","year":"2022","value":"433.1"},{"name":"market_cap","year":"2023","value":"512.8"},{"name":"market_cap","year":"LTM\n?","value":"364.4"},{"name":"ev","year":"2019","value":"700.7"},{"name":"ev","year":"2020","value":"758.7"},{"name":"ev","year":"2021","value":"963.5"},{"name":"ev","year":"2022","value":"442.6"},{"name":"ev","year":"2023","value":"548.9"},{"name":"ev","year":"LTM\n?","value":"400.5"},{"name":"book_value","year":"2019","value":"251.9"},{"name":"book_value","year":"2020","value":"262.6"},{"name":"book_value","year":"2021","value":"222.2"},{"name":"book_value","year":"2022","value":"320.9"},{"name":"book_value","year":"2023","value":"380.5"},{"name":"book_value","year":"LTM\n?","value":"380.5"},{"name":"eps","year":"2019","value":"8.51"},{"name":"eps","year":"2020","value":"4.37"},{"name":"eps","year":"2021","value":"12.4"},{"name":"eps","year":"2022","value":"13.6"},{"name":"eps","year":"2023","value":"11.6"},{"name":"eps","year":"LTM\n?","value":"11.6"},{"name":"fcf_share","year":"2019","value":"6.46"},{"name":"fcf_share","year":"2020","value":"10.8"},{"name":"fcf_share","year":"2021","value":"14.4"},{"name":"fcf_share","year":"2022","value":"6.83"},{"name":"fcf_share","year":"2023","value":"0.36"},{"name":"fcf_share","year":"LTM\n?","value":"0.36"},{"name":"bv_share","year":"2019","value":"34.2"},{"name":"bv_share","year":"2020","value":"35.7"},{"name":"bv_share","year":"2021","value":"30.2"},{"name":"bv_share","year":"2022","value":"43.6"},{"name":"bv_share","year":"2023","value":"51.7"},{"name":"bv_share","year":"LTM\n?","value":"51.7"},{"name":"ebitda_margin","year":"2019","value":"45.0%"},{"name":"ebitda_margin","year":"2020","value":"40.3%"},{"name":"ebitda_margin","year":"2021","value":"42.7%"},{"name":"ebitda_margin","year":"2022","value":"47.6%"},{"name":"ebitda_margin","year":"2023","value":"41.8%"},{"name":"ebitda_margin","year":"LTM\n?","value":"0"},{"name":"net_margin","year":"2019","value":"26.3%"},{"name":"net_margin","year":"2020","value":"14.8%"},{"name":"net_margin","year":"2021","value":"27.9%"},{"name":"net_margin","year":"2022","value":"34.0%"},{"name":"net_margin","year":"2023","value":"26.4%"},{"name":"net_margin","year":"LTM\n?","value":"26.4%"},{"name":"fcf_yield","year":"2019","value":"7.7%"},{"name":"fcf_yield","year":"2020","value":"10.9%"},{"name":"fcf_yield","year":"2021","value":"11.7%"},{"name":"fcf_yield","year":"2022","value":"11.6%"},{"name":"fcf_yield","year":"2023","value":"0.5%"},{"name":"fcf_yield","year":"LTM\n?","value":"0.7%"},{"name":"roe","year":"2019","value":"24.7%"},{"name":"roe","year":"2020","value":"12.2%"},{"name":"roe","year":"2021","value":"40.8%"},{"name":"roe","year":"2022","value":"31.1%"},{"name":"roe","year":"2023","value":"22.3%"},{"name":"roe","year":"LTM\n?","value":"22.3%"},{"name":"roa","year":"2019","value":"14.6%"},{"name":"roa","year":"2020","value":"6.2%"},{"name":"roa","year":"2021","value":"21.5%"},{"name":"roa","year":"2022","value":"19.3%"},{"name":"roa","year":"2023","value":"14.3%"},{"name":"roa","year":"LTM\n?","value":"14.3%"},{"name":"p_e","year":"2019","value":"9.90"},{"name":"p_e","year":"2020","value":"22.6"},{"name":"p_e","year":"2021","value":"9.88"},{"name":"p_e","year":"2022","value":"4.32"},{"name":"p_e","year":"2023","value":"6.02"},{"name":"p_e","year":"LTM\n?","value":"4.28"},{"name":"p_fcf","year":"2019","value":"13.0"},{"name":"p_fcf","year":"2020","value":"9.16"},{"name":"p_fcf","year":"2021","value":"8.52"},{"name":"p_fcf","year":"2022","value":"8.60"},{"name":"p_fcf","year":"2023","value":"193.5"},{"name":"p_fcf","year":"LTM\n?","value":"137.5"},{"name":"p_s","year":"2019","value":"2.61"},{"name":"p_s","year":"2020","value":"3.35"},{"name":"p_s","year":"2021","value":"2.76"},{"name":"p_s","year":"2022","value":"1.47"},{"name":"p_s","year":"2023","value":"1.59"},{"name":"p_s","year":"LTM\n?","value":"1.13"},{"name":"p_bv","year":"2019","value":"2.46"},{"name":"p_bv","year":"2020","value":"2.77"},{"name":"p_bv","year":"2021","value":"4.06"},{"name":"p_bv","year":"2022","value":"1.35"},{"name":"p_bv","year":"2023","value":"1.35"},{"name":"p_bv","year":"LTM\n?","value":"0.96"},{"name":"ev_ebitda","year":"2019","value":"6.54"},{"name":"ev_ebitda","year":"2020","value":"8.66"},{"name":"ev_ebitda","year":"2021","value":"6.91"},{"name":"ev_ebitda","year":"2022","value":"3.15"},{"name":"ev_ebitda","year":"2023","value":"4.07"},{"name":"ev_ebitda","year":"LTM\n?","value":""},{"name":"debt_ebitda","year":"2019","value":"0.74"},{"name":"debt_ebitda","year":"2020","value":"0.36"},{"name":"debt_ebitda","year":"2021","value":"0.44"},{"name":"debt_ebitda","year":"2022","value":"0.07"},{"name":"debt_ebitda","year":"2023","value":"0.27"},{"name":"debt_ebitda","year":"LTM\n?","value":""},{"name":"employees","year":"2019","value":"34 500"},{"name":"employees","year":"2020","value":"32 475"},{"name":"employees","year":"2021","value":""},{"name":"employees","year":"2022","value":""},{"name":"employees","year":"2023","value":""},{"name":"employees","year":"LTM\n?","value":""},{"name":"labour_productivity","year":"2019","value":"6.90"},{"name":"labour_productivity","year":"2020","value":"6.69"},{"name":"labour_productivity","year":"2021","value":""},{"name":"labour_productivity","year":"2022","value":""},{"name":"labour_productivity","year":"2023","value":""},{"name":"labour_productivity","year":"LTM\n?","value":""},{"name":"expenses_per_employee","year":"2019","value":"1 405"},{"name":"expenses_per_employee","year":"2020","value":"1 736"},{"name":"expenses_per_employee","year":"2021","value":""},{"name":"expenses_per_employee","year":"2022","value":""},{"name":"expenses_per_employee","year":"2023","value":""},{"name":"expenses_per_employee","year":"LTM\n?","value":""},{"name":"r_and_d_capex","year":"2019","value":"11.01%"},{"name":"r_and_d_capex","year":"2020","value":"0.00%"},{"name":"r_and_d_capex","year":"2021","value":"0.00%"},{"name":"r_and_d_capex","year":"2022","value":"0.00%"},{"name":"r_and_d_capex","year":"2023","value":"0.00%"},{"name":"r_and_d_capex","year":"LTM\n?","value":"0"},{"name":"capex_revenue","year":"2019","value":"8%"},{"name":"capex_revenue","year":"2020","value":"8%"},{"name":"capex_revenue","year":"2021","value":"6%"},{"name":"capex_revenue","year":"2022","value":"14%"},{"name":"capex_revenue","year":"2023","value":"20%"},{"name":"capex_revenue","year":"LTM\n?","value":"20%"},{"name":"irr","year":"2019","value":""},{"name":"irr","year":"2020","value":""},{"name":"irr","year":"2021","value":"3.9"},{"name":"irr","year":"2022","value":"1.0"},{"name":"irr","year":"2023","value":"1.6"},{"name":"irr","year":"LTM\n?","value":"1.6"},{"name":"ir_fs_quality","year":"2019","value":""},{"name":"ir_fs_quality","year":"2020","value":""},{"name":"ir_fs_quality","year":"2021","value":"5"},{"name":"ir_fs_quality","year":"2022","value":"1"},{"name":"ir_fs_quality","year":"2023","value":"5"},{"name":"ir_fs_quality","year":"LTM\n?","value":"5"},{"name":"ir_investor_presentations","year":"2019","value":""},{"name":"ir_investor_presentations","year":"2020","value":""},{"name":"ir_investor_presentations","year":"2021","value":"5"},{"name":"ir_investor_presentations","year":"2022","value":"1"},{"name":"ir_investor_presentations","year":"2023","value":"1"},{"name":"ir_investor_presentations","year":"LTM\n?","value":"1"},{"name":"ir_annual_report","year":"2019","value":""},{"name":"ir_annual_report","year":"2020","value":""},{"name":"ir_annual_report","year":"2021","value":"5"},{"name":"ir_annual_report","year":"2022","value":"1"},{"name":"ir_annual_report","year":"2023","value":"1"},{"name":"ir_annual_report","year":"LTM\n?","value":"1"},{"name":"ir_investor_site","year":"2019","value":""},{"name":"ir_investor_site","year":"2020","value":""},{"name":"ir_investor_site","year":"2021","value":"5"},{"name":"ir_investor_site","year":"2022","value":"1"},{"name":"ir_investor_site","year":"2023","value":"1"},{"name":"ir_investor_site","year":"LTM\n?","value":"1"},{"name":"ir_investor_calendar","year":"2019","value":""},{"name":"ir_investor_calendar","year":"2020","value":""},{"name":"ir_investor_calendar","year":"2021","value":"5"},{"name":"ir_investor_calendar","year":"2022","value":"1"},{"name":"ir_investor_calendar","year":"2023","value":"1"},{"name":"ir_investor_calendar","year":"LTM\n?","value":"1"},{"name":"ir_feedback","year":"2019","value":""},{"name":"ir_feedback","year":"2020","value":""},{"name":"ir_feedback","year":"2021","value":"1"},{"name":"ir_feedback","year":"2022","value":"1"},{"name":"ir_feedback","year":"2023","value":"1"},{"name":"ir_feedback","year":"LTM\n?","value":"1"}]