[
  {
    "name": "ore_processed",
    "year": "2014",
    "value": 31.65
  },
  {
    "name": "ore_processed",
    "year": "2015",
    "value": 34.44
  },
  {
    "name": "ore_processed",
    "year": "2016",
    "value": 38.07
  },
  {
    "name": "ore_processed",
    "year": "2017",
    "value": 39.1
  },
  {
    "name": "ore_processed",
    "year": "2018",
    "value": 40.5
  },
  {
    "name": "ore_processed",
    "year": "2019",
    "value": 41.3
  },
  {
    "name": "ore_processed",
    "year": "2020",
    "value": 29.7
  },
  {
    "name": "ore_processed",
    "year": "LTM",
    "value": null
  },
  {
    "name": "diamonds_production",
    "year": "2014",
    "value": 36.2
  },
  {
    "name": "diamonds_production",
    "year": "2015",
    "value": 38.3
  },
  {
    "name": "diamonds_production",
    "year": "2016",
    "value": 37.4
  },
  {
    "name": "diamonds_production",
    "year": "2017",
    "value": 39.6
  },
  {
    "name": "diamonds_production",
    "year": "2018",
    "value": 36.7
  },
  {
    "name": "diamonds_production",
    "year": "2019",
    "value": 38.5
  },
  {
    "name": "diamonds_production",
    "year": "2020",
    "value": 30.0
  },
  {
    "name": "diamonds_production",
    "year": "2021",
    "value": null
  },
  {
    "name": "diamonds_production",
    "year": "2022",
    "value": 35.6
  },
  {
    "name": "diamonds_production",
    "year": "2023",
    "value": 34.6
  },
  {
    "name": "diamonds_production",
    "year": "LTM",
    "value": null
  },
  {
    "name": "diamonds_sales",
    "year": "2015",
    "value": 30.0
  },
  {
    "name": "diamonds_sales",
    "year": "2016",
    "value": 40.0
  },
  {
    "name": "diamonds_sales",
    "year": "2017",
    "value": 41.2
  },
  {
    "name": "diamonds_sales",
    "year": "2018",
    "value": 38.1
  },
  {
    "name": "diamonds_sales",
    "year": "2019",
    "value": 33.4
  },
  {
    "name": "diamonds_sales",
    "year": "2020",
    "value": 32.1
  },
  {
    "name": "diamonds_sales",
    "year": "LTM",
    "value": null
  },
  {
    "name": "diamond_concentration",
    "year": "2014",
    "value": 1.24
  },
  {
    "name": "diamond_concentration",
    "year": "2015",
    "value": 1.21
  },
  {
    "name": "diamond_concentration",
    "year": "2016",
    "value": 0.98
  },
  {
    "name": "diamond_concentration",
    "year": "2017",
    "value": 1.01
  },
  {
    "name": "diamond_concentration",
    "year": "2018",
    "value": 0.91
  },
  {
    "name": "diamond_concentration",
    "year": "2019",
    "value": 0.93
  },
  {
    "name": "diamond_concentration",
    "year": "2020",
    "value": 1.01
  },
  {
    "name": "diamond_concentration",
    "year": "LTM",
    "value": null
  },
  {
    "name": "revenue",
    "year": "2011",
    "value": 137.732
  },
  {
    "name": "revenue",
    "year": "2012",
    "value": 150.88
  },
  {
    "name": "revenue",
    "year": "2013",
    "value": 168.505
  },
  {
    "name": "revenue",
    "year": "2014",
    "value": 207.159
  },
  {
    "name": "revenue",
    "year": "2015",
    "value": 224.524
  },
  {
    "name": "revenue",
    "year": "2016",
    "value": 317.09
  },
  {
    "name": "revenue",
    "year": "2017",
    "value": 275.381
  },
  {
    "name": "revenue",
    "year": "2018",
    "value": 299.7
  },
  {
    "name": "revenue",
    "year": "2019",
    "value": 238.2
  },
  {
    "name": "revenue",
    "year": "2020",
    "value": 217.128
  },
  {
    "name": "revenue",
    "year": "2021",
    "value": 326.973
  },
  {
    "name": "revenue",
    "year": "2022",
    "value": 295.4
  },
  {
    "name": "revenue",
    "year": "2023",
    "value": 322.6
  },
  {
    "name": "revenue",
    "year": "LTM",
    "value": 322.6
  },
  {
    "name": "operating_income",
    "year": "2018",
    "value": 127.1
  },
  {
    "name": "operating_income",
    "year": "2019",
    "value": 75.1
  },
  {
    "name": "operating_income",
    "year": "2020",
    "value": 69.463
  },
  {
    "name": "operating_income",
    "year": "2021",
    "value": 114.778
  },
  {
    "name": "operating_income",
    "year": "2022",
    "value": 118.0
  },
  {
    "name": "operating_income",
    "year": "2023",
    "value": 106.32
  },
  {
    "name": "operating_income",
    "year": "LTM",
    "value": 106.32
  },
  {
    "name": "ebitda",
    "year": "2011",
    "value": 62.217
  },
  {
    "name": "ebitda",
    "year": "2012",
    "value": 61.95
  },
  {
    "name": "ebitda",
    "year": "2013",
    "value": 69.1
  },
  {
    "name": "ebitda",
    "year": "2014",
    "value": 93.857
  },
  {
    "name": "ebitda",
    "year": "2015",
    "value": 118.498
  },
  {
    "name": "ebitda",
    "year": "2016",
    "value": 176.418
  },
  {
    "name": "ebitda",
    "year": "2017",
    "value": 126.89
  },
  {
    "name": "ebitda",
    "year": "2018",
    "value": 156.2
  },
  {
    "name": "ebitda",
    "year": "2019",
    "value": 107.1
  },
  {
    "name": "ebitda",
    "year": "2020",
    "value": 87.6
  },
  {
    "name": "ebitda",
    "year": "2021",
    "value": 139.5
  },
  {
    "name": "ebitda",
    "year": "2022",
    "value": 140.59
  },
  {
    "name": "ebitda",
    "year": "2023",
    "value": 134.72
  },
  {
    "name": "ebitda",
    "year": "LTM",
    "value": null
  },
  {
    "name": "net_income",
    "year": "2011",
    "value": 26.658
  },
  {
    "name": "net_income",
    "year": "2012",
    "value": 33.634
  },
  {
    "name": "net_income",
    "year": "2013",
    "value": 31.837
  },
  {
    "name": "net_income",
    "year": "2014",
    "value": -16.832
  },
  {
    "name": "net_income",
    "year": "2015",
    "value": 32.192
  },
  {
    "name": "net_income",
    "year": "2016",
    "value": 133.471
  },
  {
    "name": "net_income",
    "year": "2017",
    "value": 78.616
  },
  {
    "name": "net_income",
    "year": "2018",
    "value": 90.4
  },
  {
    "name": "net_income",
    "year": "2019",
    "value": 62.7
  },
  {
    "name": "net_income",
    "year": "2020",
    "value": 32.2
  },
  {
    "name": "net_income",
    "year": "2021",
    "value": 91.3
  },
  {
    "name": "net_income",
    "year": "2022",
    "value": 100.36
  },
  {
    "name": "net_income",
    "year": "2023",
    "value": 85.12
  },
  {
    "name": "net_income",
    "year": "LTM",
    "value": 85.12
  },
  {
    "name": "ocf",
    "year": "2018",
    "value": 120.12
  },
  {
    "name": "ocf",
    "year": "2019",
    "value": 67.56
  },
  {
    "name": "ocf",
    "year": "2020",
    "value": 96.466
  },
  {
    "name": "ocf",
    "year": "2021",
    "value": 124.82
  },
  {
    "name": "ocf",
    "year": "2022",
    "value": 88.36
  },
  {
    "name": "ocf",
    "year": "2023",
    "value": 65.85
  },
  {
    "name": "ocf",
    "year": "LTM",
    "value": 65.85
  },
  {
    "name": "capex",
    "year": "2013",
    "value": 42.634
  },
  {
    "name": "capex",
    "year": "2014",
    "value": 35.056
  },
  {
    "name": "capex",
    "year": "2015",
    "value": 34.2
  },
  {
    "name": "capex",
    "year": "2016",
    "value": 31.752
  },
  {
    "name": "capex",
    "year": "2017",
    "value": 26.944
  },
  {
    "name": "capex",
    "year": "2018",
    "value": 27.816
  },
  {
    "name": "capex",
    "year": "2019",
    "value": 19.974
  },
  {
    "name": "capex",
    "year": "2020",
    "value": 17.006
  },
  {
    "name": "capex",
    "year": "2021",
    "value": 18.951
  },
  {
    "name": "capex",
    "year": "2022",
    "value": 40.87
  },
  {
    "name": "capex",
    "year": "2023",
    "value": 63.66
  },
  {
    "name": "capex",
    "year": "LTM",
    "value": 63.66
  },
  {
    "name": "fcf",
    "year": "2011",
    "value": 27.762
  },
  {
    "name": "fcf",
    "year": "2012",
    "value": 11.957
  },
  {
    "name": "fcf",
    "year": "2013",
    "value": 17.474
  },
  {
    "name": "fcf",
    "year": "2014",
    "value": 42.059
  },
  {
    "name": "fcf",
    "year": "2015",
    "value": 41.3
  },
  {
    "name": "fcf",
    "year": "2016",
    "value": 111.386
  },
  {
    "name": "fcf",
    "year": "2017",
    "value": 73.52
  },
  {
    "name": "fcf",
    "year": "2018",
    "value": 92.3
  },
  {
    "name": "fcf",
    "year": "2019",
    "value": 47.6
  },
  {
    "name": "fcf",
    "year": "2020",
    "value": 79.46
  },
  {
    "name": "fcf",
    "year": "2021",
    "value": 105.869
  },
  {
    "name": "fcf",
    "year": "2022",
    "value": 50.33
  },
  {
    "name": "fcf",
    "year": "2023",
    "value": 2.65
  },
  {
    "name": "fcf",
    "year": "LTM",
    "value": 2.65
  },
  {
    "name": "opex",
    "year": "2018",
    "value": 44.8
  },
  {
    "name": "opex",
    "year": "2019",
    "value": 42.8
  },
  {
    "name": "opex",
    "year": "2020",
    "value": 33.813
  },
  {
    "name": "opex",
    "year": "2021",
    "value": 43.047
  },
  {
    "name": "opex",
    "year": "2022",
    "value": 26.456
  },
  {
    "name": "opex",
    "year": "2023",
    "value": 43.37
  },
  {
    "name": "opex",
    "year": "LTM",
    "value": 43.37
  },
  {
    "name": "cost_of_production",
    "year": "2015",
    "value": 93.24
  },
  {
    "name": "cost_of_production",
    "year": "2016",
    "value": 129.751
  },
  {
    "name": "cost_of_production",
    "year": "2017",
    "value": 133.91
  },
  {
    "name": "cost_of_production",
    "year": "2018",
    "value": 126.541
  },
  {
    "name": "cost_of_production",
    "year": "2019",
    "value": 119.071
  },
  {
    "name": "cost_of_production",
    "year": "2020",
    "value": 117.0
  },
  {
    "name": "cost_of_production",
    "year": "2021",
    "value": 173.0
  },
  {
    "name": "cost_of_production",
    "year": "2022",
    "value": 154.6
  },
  {
    "name": "cost_of_production",
    "year": "2023",
    "value": 175.6
  },
  {
    "name": "cost_of_production",
    "year": "LTM",
    "value": 175.6
  },
  {
    "name": "employment_expenses",
    "year": "2014",
    "value": 30.158
  },
  {
    "name": "employment_expenses",
    "year": "2015",
    "value": 40.253
  },
  {
    "name": "employment_expenses",
    "year": "2016",
    "value": 43.686
  },
  {
    "name": "employment_expenses",
    "year": "2017",
    "value": 43.554
  },
  {
    "name": "employment_expenses",
    "year": "2018",
    "value": 43.741
  },
  {
    "name": "employment_expenses",
    "year": "2019",
    "value": 48.463
  },
  {
    "name": "employment_expenses",
    "year": "2020",
    "value": 56.391
  },
  {
    "name": "employment_expenses",
    "year": "2021",
    "value": 61.537
  },
  {
    "name": "employment_expenses",
    "year": "2022",
    "value": 57.97
  },
  {
    "name": "employment_expenses",
    "year": "2023",
    "value": 65.63
  },
  {
    "name": "employment_expenses",
    "year": "LTM",
    "value": 65.63
  },
  {
    "name": "interest_expenses",
    "year": "2014",
    "value": 9.393
  },
  {
    "name": "interest_expenses",
    "year": "2015",
    "value": 12.083
  },
  {
    "name": "interest_expenses",
    "year": "2016",
    "value": 11.368
  },
  {
    "name": "interest_expenses",
    "year": "2017",
    "value": 9.992
  },
  {
    "name": "interest_expenses",
    "year": "2018",
    "value": 5.995
  },
  {
    "name": "interest_expenses",
    "year": "2019",
    "value": 7.465
  },
  {
    "name": "interest_expenses",
    "year": "2020",
    "value": 8.5
  },
  {
    "name": "interest_expenses",
    "year": "2021",
    "value": 5.51
  },
  {
    "name": "interest_expenses",
    "year": "2022",
    "value": 3.1
  },
  {
    "name": "interest_expenses",
    "year": "2023",
    "value": 3.37
  },
  {
    "name": "interest_expenses",
    "year": "LTM",
    "value": 3.37
  },
  {
    "name": "assets",
    "year": "2014",
    "value": 388.0
  },
  {
    "name": "assets",
    "year": "2015",
    "value": 435.07
  },
  {
    "name": "assets",
    "year": "2016",
    "value": 472.71
  },
  {
    "name": "assets",
    "year": "2017",
    "value": 427.78
  },
  {
    "name": "assets",
    "year": "2018",
    "value": 411.19
  },
  {
    "name": "assets",
    "year": "2019",
    "value": 430.098
  },
  {
    "name": "assets",
    "year": "2020",
    "value": 519.0
  },
  {
    "name": "assets",
    "year": "2021",
    "value": 423.738
  },
  {
    "name": "assets",
    "year": "2022",
    "value": 520.6
  },
  {
    "name": "assets",
    "year": "2023",
    "value": 596.6
  },
  {
    "name": "assets",
    "year": "LTM",
    "value": 596.6
  },
  {
    "name": "net_assets",
    "year": "2014",
    "value": 137.051
  },
  {
    "name": "net_assets",
    "year": "2015",
    "value": 151.742
  },
  {
    "name": "net_assets",
    "year": "2016",
    "value": 257.202
  },
  {
    "name": "net_assets",
    "year": "2017",
    "value": 266.825
  },
  {
    "name": "net_assets",
    "year": "2018",
    "value": 247.616
  },
  {
    "name": "net_assets",
    "year": "2019",
    "value": 253.377
  },
  {
    "name": "net_assets",
    "year": "2020",
    "value": 264.0
  },
  {
    "name": "net_assets",
    "year": "2021",
    "value": 223.555
  },
  {
    "name": "net_assets",
    "year": "2022",
    "value": 322.3
  },
  {
    "name": "net_assets",
    "year": "2023",
    "value": 381.9
  },
  {
    "name": "net_assets",
    "year": "LTM",
    "value": 381.9
  },
  {
    "name": "debt",
    "year": "2011",
    "value": 95.553
  },
  {
    "name": "debt",
    "year": "2012",
    "value": 122.701
  },
  {
    "name": "debt",
    "year": "2013",
    "value": 138.591
  },
  {
    "name": "debt",
    "year": "2014",
    "value": 197.16
  },
  {
    "name": "debt",
    "year": "2015",
    "value": 223.159
  },
  {
    "name": "debt",
    "year": "2016",
    "value": 142.335
  },
  {
    "name": "debt",
    "year": "2017",
    "value": 93.428
  },
  {
    "name": "debt",
    "year": "2018",
    "value": 106.661
  },
  {
    "name": "debt",
    "year": "2019",
    "value": 117.284
  },
  {
    "name": "debt",
    "year": "2020",
    "value": 167.8
  },
  {
    "name": "debt",
    "year": "2021",
    "value": 122.541
  },
  {
    "name": "debt",
    "year": "2022",
    "value": 105.35
  },
  {
    "name": "debt",
    "year": "2023",
    "value": 135.4
  },
  {
    "name": "debt",
    "year": "LTM",
    "value": 135.4
  },
  {
    "name": "cash",
    "year": "2011",
    "value": 12.014
  },
  {
    "name": "cash",
    "year": "2012",
    "value": 6.242
  },
  {
    "name": "cash",
    "year": "2013",
    "value": 9.27
  },
  {
    "name": "cash",
    "year": "2014",
    "value": 21.693
  },
  {
    "name": "cash",
    "year": "2015",
    "value": 20.503
  },
  {
    "name": "cash",
    "year": "2016",
    "value": 58.98
  },
  {
    "name": "cash",
    "year": "2017",
    "value": 7.381
  },
  {
    "name": "cash",
    "year": "2018",
    "value": 39.221
  },
  {
    "name": "cash",
    "year": "2019",
    "value": 37.6
  },
  {
    "name": "cash",
    "year": "2020",
    "value": 136.6
  },
  {
    "name": "cash",
    "year": "2021",
    "value": 61.34
  },
  {
    "name": "cash",
    "year": "2022",
    "value": 95.8
  },
  {
    "name": "cash",
    "year": "2023",
    "value": 99.3
  },
  {
    "name": "cash",
    "year": "LTM",
    "value": 99.3
  },
  {
    "name": "net_debt",
    "year": "2007",
    "value": 0.0
  },
  {
    "name": "net_debt",
    "year": "2008",
    "value": 0.0
  },
  {
    "name": "net_debt",
    "year": "2009",
    "value": 0.0
  },
  {
    "name": "net_debt",
    "year": "2010",
    "value": 0.0
  },
  {
    "name": "net_debt",
    "year": "2011",
    "value": 83.539
  },
  {
    "name": "net_debt",
    "year": "2012",
    "value": 116.459
  },
  {
    "name": "net_debt",
    "year": "2013",
    "value": 129.321
  },
  {
    "name": "net_debt",
    "year": "2014",
    "value": 175.467
  },
  {
    "name": "net_debt",
    "year": "2015",
    "value": 202.656
  },
  {
    "name": "net_debt",
    "year": "2016",
    "value": 83.355
  },
  {
    "name": "net_debt",
    "year": "2017",
    "value": 86.047
  },
  {
    "name": "net_debt",
    "year": "2018",
    "value": 67.44
  },
  {
    "name": "net_debt",
    "year": "2019",
    "value": 79.684
  },
  {
    "name": "net_debt",
    "year": "2020",
    "value": 31.2
  },
  {
    "name": "net_debt",
    "year": "2021",
    "value": 61.201
  },
  {
    "name": "net_debt",
    "year": "2022",
    "value": 9.55
  },
  {
    "name": "net_debt",
    "year": "2023",
    "value": 36.1
  },
  {
    "name": "net_debt",
    "year": "LTM",
    "value": 36.1
  },
  {
    "name": "common_share",
    "year": "2010",
    "value": 31.0
  },
  {
    "name": "common_share",
    "year": "2011",
    "value": 31.0
  },
  {
    "name": "common_share",
    "year": "2012",
    "value": 30.0
  },
  {
    "name": "common_share",
    "year": "2013",
    "value": 35.67
  },
  {
    "name": "common_share",
    "year": "2014",
    "value": 63.0
  },
  {
    "name": "common_share",
    "year": "2015",
    "value": 56.0
  },
  {
    "name": "common_share",
    "year": "2016",
    "value": 97.0
  },
  {
    "name": "common_share",
    "year": "2017",
    "value": 75.06
  },
  {
    "name": "common_share",
    "year": "2018",
    "value": 98.62
  },
  {
    "name": "common_share",
    "year": "2019",
    "value": 84.32
  },
  {
    "name": "common_share",
    "year": "2020",
    "value": 98.78
  },
  {
    "name": "common_share",
    "year": "2021",
    "value": 122.51
  },
  {
    "name": "common_share",
    "year": "2022",
    "value": 58.8
  },
  {
    "name": "common_share",
    "year": "2023",
    "value": 69.63
  },
  {
    "name": "common_share",
    "year": "LTM",
    "value": 49.1
  },
  {
    "name": "number_of_shares",
    "year": "2010",
    "value": 7364.966
  },
  {
    "name": "number_of_shares",
    "year": "2011",
    "value": 7364.966
  },
  {
    "name": "number_of_shares",
    "year": "2012",
    "value": 7364.966
  },
  {
    "name": "number_of_shares",
    "year": "2013",
    "value": 7364.966
  },
  {
    "name": "number_of_shares",
    "year": "2014",
    "value": 7364.966
  },
  {
    "name": "number_of_shares",
    "year": "2015",
    "value": 7364.966
  },
  {
    "name": "number_of_shares",
    "year": "2016",
    "value": 7364.966
  },
  {
    "name": "number_of_shares",
    "year": "2017",
    "value": 7364.966
  },
  {
    "name": "number_of_shares",
    "year": "2018",
    "value": 7364.966
  },
  {
    "name": "number_of_shares",
    "year": "2019",
    "value": 7364.966
  },
  {
    "name": "number_of_shares",
    "year": "2020",
    "value": 7364.966
  },
  {
    "name": "number_of_shares",
    "year": "2021",
    "value": 7364.966
  },
  {
    "name": "number_of_shares",
    "year": "2022",
    "value": 7364.966
  },
  {
    "name": "number_of_shares",
    "year": "2023",
    "value": 7364.966
  },
  {
    "name": "number_of_shares",
    "year": "LTM",
    "value": 7364.966
  },
  {
    "name": "market_cap",
    "year": "2007",
    "value": 0.0
  },
  {
    "name": "market_cap",
    "year": "2008",
    "value": 0.0
  },
  {
    "name": "market_cap",
    "year": "2009",
    "value": 0.0
  },
  {
    "name": "market_cap",
    "year": "2010",
    "value": 228.313946
  },
  {
    "name": "market_cap",
    "year": "2011",
    "value": 228.313946
  },
  {
    "name": "market_cap",
    "year": "2012",
    "value": 220.94898
  },
  {
    "name": "market_cap",
    "year": "2013",
    "value": 262.70833722
  },
  {
    "name": "market_cap",
    "year": "2014",
    "value": 463.992858
  },
  {
    "name": "market_cap",
    "year": "2015",
    "value": 412.438096
  },
  {
    "name": "market_cap",
    "year": "2016",
    "value": 714.401702
  },
  {
    "name": "market_cap",
    "year": "2017",
    "value": 552.81434796
  },
  {
    "name": "market_cap",
    "year": "2018",
    "value": 726.33294692
  },
  {
    "name": "market_cap",
    "year": "2019",
    "value": 621.01393312
  },
  {
    "name": "market_cap",
    "year": "2020",
    "value": 727.51134148
  },
  {
    "name": "market_cap",
    "year": "2021",
    "value": 902.28198466
  },
  {
    "name": "market_cap",
    "year": "2022",
    "value": 433.0600008
  },
  {
    "name": "market_cap",
    "year": "2023",
    "value": 512.82258258
  },
  {
    "name": "market_cap",
    "year": "LTM",
    "value": 361.6198306
  },
  {
    "name": "ev",
    "year": "2007",
    "value": 0.0
  },
  {
    "name": "ev",
    "year": "2008",
    "value": 0.0
  },
  {
    "name": "ev",
    "year": "2009",
    "value": 0.0
  },
  {
    "name": "ev",
    "year": "2010",
    "value": 228.313946
  },
  {
    "name": "ev",
    "year": "2011",
    "value": 311.852946
  },
  {
    "name": "ev",
    "year": "2012",
    "value": 337.40798
  },
  {
    "name": "ev",
    "year": "2013",
    "value": 392.02933722
  },
  {
    "name": "ev",
    "year": "2014",
    "value": 639.459858
  },
  {
    "name": "ev",
    "year": "2015",
    "value": 615.094096
  },
  {
    "name": "ev",
    "year": "2016",
    "value": 797.756702
  },
  {
    "name": "ev",
    "year": "2017",
    "value": 638.86134796
  },
  {
    "name": "ev",
    "year": "2018",
    "value": 793.77294692
  },
  {
    "name": "ev",
    "year": "2019",
    "value": 700.69793312
  },
  {
    "name": "ev",
    "year": "2020",
    "value": 758.71134148
  },
  {
    "name": "ev",
    "year": "2021",
    "value": 963.48298466
  },
  {
    "name": "ev",
    "year": "2022",
    "value": 442.6100008
  },
  {
    "name": "ev",
    "year": "2023",
    "value": 548.92258258
  },
  {
    "name": "ev",
    "year": "LTM",
    "value": 397.7198306
  },
  {
    "name": "book_value",
    "year": "2007",
    "value": 0.0
  },
  {
    "name": "book_value",
    "year": "2008",
    "value": 0.0
  },
  {
    "name": "book_value",
    "year": "2009",
    "value": 0.0
  },
  {
    "name": "book_value",
    "year": "2010",
    "value": 0.0
  },
  {
    "name": "book_value",
    "year": "2011",
    "value": 0.0
  },
  {
    "name": "book_value",
    "year": "2012",
    "value": 0.0
  },
  {
    "name": "book_value",
    "year": "2013",
    "value": 0.0
  },
  {
    "name": "book_value",
    "year": "2014",
    "value": 135.612
  },
  {
    "name": "book_value",
    "year": "2015",
    "value": 150.303
  },
  {
    "name": "book_value",
    "year": "2016",
    "value": 255.763
  },
  {
    "name": "book_value",
    "year": "2017",
    "value": 265.386
  },
  {
    "name": "book_value",
    "year": "2018",
    "value": 246.177
  },
  {
    "name": "book_value",
    "year": "2019",
    "value": 251.938
  },
  {
    "name": "book_value",
    "year": "2020",
    "value": 262.6
  },
  {
    "name": "book_value",
    "year": "2021",
    "value": 222.155
  },
  {
    "name": "book_value",
    "year": "2022",
    "value": 320.86
  },
  {
    "name": "book_value",
    "year": "2023",
    "value": 380.46
  },
  {
    "name": "book_value",
    "year": "LTM",
    "value": 380.46
  },
  {
    "name": "eps",
    "year": "2010",
    "value": 0.0
  },
  {
    "name": "eps",
    "year": "2011",
    "value": 3.61956864431
  },
  {
    "name": "eps",
    "year": "2012",
    "value": 4.56675563743
  },
  {
    "name": "eps",
    "year": "2013",
    "value": 4.3227626577
  },
  {
    "name": "eps",
    "year": "2014",
    "value": -2.285414488
  },
  {
    "name": "eps",
    "year": "2015",
    "value": 4.37096383065
  },
  {
    "name": "eps",
    "year": "2016",
    "value": 18.1224190309
  },
  {
    "name": "eps",
    "year": "2017",
    "value": 10.6743194741
  },
  {
    "name": "eps",
    "year": "2018",
    "value": 12.2743268604
  },
  {
    "name": "eps",
    "year": "2019",
    "value": 8.51327759015
  },
  {
    "name": "eps",
    "year": "2020",
    "value": 4.37205005427
  },
  {
    "name": "eps",
    "year": "2021",
    "value": 12.3965270172
  },
  {
    "name": "eps",
    "year": "2022",
    "value": 13.6266752623
  },
  {
    "name": "eps",
    "year": "2023",
    "value": 11.5574192739
  },
  {
    "name": "eps",
    "year": "LTM",
    "value": 11.55741927389753
  },
  {
    "name": "fcf_share",
    "year": "2010",
    "value": 0.0
  },
  {
    "name": "fcf_share",
    "year": "2011",
    "value": 3.76946750331
  },
  {
    "name": "fcf_share",
    "year": "2012",
    "value": 1.62349697202
  },
  {
    "name": "fcf_share",
    "year": "2013",
    "value": 2.37258393318
  },
  {
    "name": "fcf_share",
    "year": "2014",
    "value": 5.710684883
  },
  {
    "name": "fcf_share",
    "year": "2015",
    "value": 5.60762941743
  },
  {
    "name": "fcf_share",
    "year": "2016",
    "value": 15.123762961
  },
  {
    "name": "fcf_share",
    "year": "2017",
    "value": 9.98239503074
  },
  {
    "name": "fcf_share",
    "year": "2018",
    "value": 12.5323049692
  },
  {
    "name": "fcf_share",
    "year": "2019",
    "value": 6.46303051501
  },
  {
    "name": "fcf_share",
    "year": "2020",
    "value": 10.7889160656
  },
  {
    "name": "fcf_share",
    "year": "2021",
    "value": 14.3746759999
  },
  {
    "name": "fcf_share",
    "year": "2022",
    "value": 6.83370432396
  },
  {
    "name": "fcf_share",
    "year": "2023",
    "value": 0.359811572789
  },
  {
    "name": "fcf_share",
    "year": "LTM",
    "value": 0.35981157278933806
  },
  {
    "name": "bv_share",
    "year": "2010",
    "value": 0.0
  },
  {
    "name": "bv_share",
    "year": "2011",
    "value": 0.0
  },
  {
    "name": "bv_share",
    "year": "2012",
    "value": 0.0
  },
  {
    "name": "bv_share",
    "year": "2013",
    "value": 0.0
  },
  {
    "name": "bv_share",
    "year": "2014",
    "value": 18.4131196261
  },
  {
    "name": "bv_share",
    "year": "2015",
    "value": 20.4078335189
  },
  {
    "name": "bv_share",
    "year": "2016",
    "value": 34.7269763363
  },
  {
    "name": "bv_share",
    "year": "2017",
    "value": 36.0335675684
  },
  {
    "name": "bv_share",
    "year": "2018",
    "value": 33.4254088885
  },
  {
    "name": "bv_share",
    "year": "2019",
    "value": 34.20762567
  },
  {
    "name": "bv_share",
    "year": "2020",
    "value": 35.6552901941
  },
  {
    "name": "bv_share",
    "year": "2021",
    "value": 30.1637509257
  },
  {
    "name": "bv_share",
    "year": "2022",
    "value": 43.5657136774
  },
  {
    "name": "bv_share",
    "year": "2023",
    "value": 51.6580796164
  },
  {
    "name": "bv_share",
    "year": "LTM",
    "value": 51.658079616389266
  },
  {
    "name": "ebitda_margin",
    "year": "2011",
    "value": 45.1725089304
  },
  {
    "name": "ebitda_margin",
    "year": "2012",
    "value": 41.0591198303
  },
  {
    "name": "ebitda_margin",
    "year": "2013",
    "value": 41.0076852319
  },
  {
    "name": "ebitda_margin",
    "year": "2014",
    "value": 45.3067450606
  },
  {
    "name": "ebitda_margin",
    "year": "2015",
    "value": 52.77743136589999
  },
  {
    "name": "ebitda_margin",
    "year": "2016",
    "value": 55.636570059
  },
  {
    "name": "ebitda_margin",
    "year": "2017",
    "value": 46.077979236
  },
  {
    "name": "ebitda_margin",
    "year": "2018",
    "value": 52.1187854521
  },
  {
    "name": "ebitda_margin",
    "year": "2019",
    "value": 44.962216624700005
  },
  {
    "name": "ebitda_margin",
    "year": "2020",
    "value": 40.344865701299994
  },
  {
    "name": "ebitda_margin",
    "year": "2021",
    "value": 42.664073180399996
  },
  {
    "name": "ebitda_margin",
    "year": "2022",
    "value": 47.593094109700004
  },
  {
    "name": "ebitda_margin",
    "year": "2023",
    "value": 41.7606943583
  },
  {
    "name": "ebitda_margin",
    "year": "LTM",
    "value": 0.0
  },
  {
    "name": "net_margin",
    "year": "2011",
    "value": 19.354979235
  },
  {
    "name": "net_margin",
    "year": "2012",
    "value": 22.2918875928
  },
  {
    "name": "net_margin",
    "year": "2013",
    "value": 18.8938013709
  },
  {
    "name": "net_margin",
    "year": "2014",
    "value": -8.125159901329999
  },
  {
    "name": "net_margin",
    "year": "2015",
    "value": 14.3378881545
  },
  {
    "name": "net_margin",
    "year": "2016",
    "value": 42.0924658614
  },
  {
    "name": "net_margin",
    "year": "2017",
    "value": 28.548084290499997
  },
  {
    "name": "net_margin",
    "year": "2018",
    "value": 30.1634968302
  },
  {
    "name": "net_margin",
    "year": "2019",
    "value": 26.322418135999996
  },
  {
    "name": "net_margin",
    "year": "2020",
    "value": 14.82996205
  },
  {
    "name": "net_margin",
    "year": "2021",
    "value": 27.922794848499997
  },
  {
    "name": "net_margin",
    "year": "2022",
    "value": 33.9742721733
  },
  {
    "name": "net_margin",
    "year": "2023",
    "value": 26.385616863
  },
  {
    "name": "net_margin",
    "year": "LTM",
    "value": 26.385616862988222
  },
  {
    "name": "fcf_yield",
    "year": "2010",
    "value": 0.0
  },
  {
    "name": "fcf_yield",
    "year": "2011",
    "value": 12.1595725913
  },
  {
    "name": "fcf_yield",
    "year": "2012",
    "value": 5.41165657339
  },
  {
    "name": "fcf_yield",
    "year": "2013",
    "value": 6.65148285163
  },
  {
    "name": "fcf_yield",
    "year": "2014",
    "value": 9.064579179359999
  },
  {
    "name": "fcf_yield",
    "year": "2015",
    "value": 10.0136239597
  },
  {
    "name": "fcf_yield",
    "year": "2016",
    "value": 15.5915082072
  },
  {
    "name": "fcf_yield",
    "year": "2017",
    "value": 13.2992206645
  },
  {
    "name": "fcf_yield",
    "year": "2018",
    "value": 12.707670826600001
  },
  {
    "name": "fcf_yield",
    "year": "2019",
    "value": 7.66488438687
  },
  {
    "name": "fcf_yield",
    "year": "2020",
    "value": 10.922166496900001
  },
  {
    "name": "fcf_yield",
    "year": "2021",
    "value": 11.733471553200001
  },
  {
    "name": "fcf_yield",
    "year": "2022",
    "value": 11.621946129200001
  },
  {
    "name": "fcf_yield",
    "year": "2023",
    "value": 0.5167479143889999
  },
  {
    "name": "fcf_yield",
    "year": "LTM",
    "value": 0.7328137938683056
  },
  {
    "name": "roe",
    "year": "2014",
    "value": -12.2815594195
  },
  {
    "name": "roe",
    "year": "2015",
    "value": 21.2149569664
  },
  {
    "name": "roe",
    "year": "2016",
    "value": 51.893453394599995
  },
  {
    "name": "roe",
    "year": "2017",
    "value": 29.463506043299997
  },
  {
    "name": "roe",
    "year": "2018",
    "value": 36.508141638699996
  },
  {
    "name": "roe",
    "year": "2019",
    "value": 24.7457346168
  },
  {
    "name": "roe",
    "year": "2020",
    "value": 12.196969697
  },
  {
    "name": "roe",
    "year": "2021",
    "value": 40.8400617298
  },
  {
    "name": "roe",
    "year": "2022",
    "value": 31.138690660899996
  },
  {
    "name": "roe",
    "year": "2023",
    "value": 22.288557213900003
  },
  {
    "name": "roe",
    "year": "LTM",
    "value": 22.28855721393035
  },
  {
    "name": "roa",
    "year": "2014",
    "value": -4.3381443298999995
  },
  {
    "name": "roa",
    "year": "2015",
    "value": 7.39926908314
  },
  {
    "name": "roa",
    "year": "2016",
    "value": 28.2352816738
  },
  {
    "name": "roa",
    "year": "2017",
    "value": 18.3776707653
  },
  {
    "name": "roa",
    "year": "2018",
    "value": 21.9849704516
  },
  {
    "name": "roa",
    "year": "2019",
    "value": 14.578072904299999
  },
  {
    "name": "roa",
    "year": "2020",
    "value": 6.204238921
  },
  {
    "name": "roa",
    "year": "2021",
    "value": 21.5463328755
  },
  {
    "name": "roa",
    "year": "2022",
    "value": 19.277756434900002
  },
  {
    "name": "roa",
    "year": "2023",
    "value": 14.2675159236
  },
  {
    "name": "roa",
    "year": "LTM",
    "value": 14.26751592356688
  },
  {
    "name": "p_e",
    "year": "2011",
    "value": 8.56455645585
  },
  {
    "name": "p_e",
    "year": "2012",
    "value": 6.56921507998
  },
  {
    "name": "p_e",
    "year": "2013",
    "value": 8.2516674693
  },
  {
    "name": "p_e",
    "year": "2014",
    "value": -27.5661156131
  },
  {
    "name": "p_e",
    "year": "2015",
    "value": 12.8118195825
  },
  {
    "name": "p_e",
    "year": "2016",
    "value": 5.35248632287
  },
  {
    "name": "p_e",
    "year": "2017",
    "value": 7.03183000865
  },
  {
    "name": "p_e",
    "year": "2018",
    "value": 8.03465649248
  },
  {
    "name": "p_e",
    "year": "2019",
    "value": 9.90452843892
  },
  {
    "name": "p_e",
    "year": "2020",
    "value": 22.5935199217
  },
  {
    "name": "p_e",
    "year": "2021",
    "value": 9.88260662278
  },
  {
    "name": "p_e",
    "year": "2022",
    "value": 4.31506577122
  },
  {
    "name": "p_e",
    "year": "2023",
    "value": 6.02470139309
  },
  {
    "name": "p_e",
    "year": "LTM",
    "value": 4.248353273026316
  },
  {
    "name": "p_fcf",
    "year": "2011",
    "value": 8.223973272818961
  },
  {
    "name": "p_fcf",
    "year": "2012",
    "value": 18.47863009115999
  },
  {
    "name": "p_fcf",
    "year": "2013",
    "value": 15.034241571477624
  },
  {
    "name": "p_fcf",
    "year": "2014",
    "value": 11.031951734468247
  },
  {
    "name": "p_fcf",
    "year": "2015",
    "value": 9.986394576271186
  },
  {
    "name": "p_fcf",
    "year": "2016",
    "value": 6.413747706174923
  },
  {
    "name": "p_fcf",
    "year": "2017",
    "value": 7.519237594668118
  },
  {
    "name": "p_fcf",
    "year": "2018",
    "value": 7.869262696858072
  },
  {
    "name": "p_fcf",
    "year": "2019",
    "value": 13.0465112
  },
  {
    "name": "p_fcf",
    "year": "2020",
    "value": 9.155692694185754
  },
  {
    "name": "p_fcf",
    "year": "2021",
    "value": 8.52262687529
  },
  {
    "name": "p_fcf",
    "year": "2022",
    "value": 8.60441090403
  },
  {
    "name": "p_fcf",
    "year": "2023",
    "value": 193.517955691
  },
  {
    "name": "p_fcf",
    "year": "LTM",
    "value": 136.46031343396226
  },
  {
    "name": "p_s",
    "year": "2011",
    "value": 1.6576681236
  },
  {
    "name": "p_s",
    "year": "2012",
    "value": 1.46440204136
  },
  {
    "name": "p_s",
    "year": "2013",
    "value": 1.55905366143
  },
  {
    "name": "p_s",
    "year": "2014",
    "value": 2.23979097215
  },
  {
    "name": "p_s",
    "year": "2015",
    "value": 1.8369443623
  },
  {
    "name": "p_s",
    "year": "2016",
    "value": 2.25299347819
  },
  {
    "name": "p_s",
    "year": "2017",
    "value": 2.00745275803
  },
  {
    "name": "p_s",
    "year": "2018",
    "value": 2.42353335642
  },
  {
    "name": "p_s",
    "year": "2019",
    "value": 2.60711139009
  },
  {
    "name": "p_s",
    "year": "2020",
    "value": 3.35061043016
  },
  {
    "name": "p_s",
    "year": "2021",
    "value": 2.75949997296
  },
  {
    "name": "p_s",
    "year": "2022",
    "value": 1.46601218957
  },
  {
    "name": "p_s",
    "year": "2023",
    "value": 1.58965462672
  },
  {
    "name": "p_s",
    "year": "LTM",
    "value": 1.1209542176069436
  },
  {
    "name": "p_bv",
    "year": "2014",
    "value": 3.42147345368
  },
  {
    "name": "p_bv",
    "year": "2015",
    "value": 2.74404433711
  },
  {
    "name": "p_bv",
    "year": "2016",
    "value": 2.79321755688
  },
  {
    "name": "p_bv",
    "year": "2017",
    "value": 2.0830576894
  },
  {
    "name": "p_bv",
    "year": "2018",
    "value": 2.95045007015
  },
  {
    "name": "p_bv",
    "year": "2019",
    "value": 2.46494745977
  },
  {
    "name": "p_bv",
    "year": "2020",
    "value": 2.77041638035
  },
  {
    "name": "p_bv",
    "year": "2021",
    "value": 4.06149753397
  },
  {
    "name": "p_bv",
    "year": "2022",
    "value": 1.34968522346
  },
  {
    "name": "p_bv",
    "year": "2023",
    "value": 1.34790144189
  },
  {
    "name": "p_bv",
    "year": "LTM",
    "value": 0.9504805514377332
  },
  {
    "name": "ev_ebitda",
    "year": "2011",
    "value": 5.01234302522
  },
  {
    "name": "ev_ebitda",
    "year": "2012",
    "value": 5.44645649718
  },
  {
    "name": "ev_ebitda",
    "year": "2013",
    "value": 5.67336233314
  },
  {
    "name": "ev_ebitda",
    "year": "2014",
    "value": 6.81312910065
  },
  {
    "name": "ev_ebitda",
    "year": "2015",
    "value": 5.19075508447
  },
  {
    "name": "ev_ebitda",
    "year": "2016",
    "value": 4.52196885805
  },
  {
    "name": "ev_ebitda",
    "year": "2017",
    "value": 5.03476513484
  },
  {
    "name": "ev_ebitda",
    "year": "2018",
    "value": 5.08177302766
  },
  {
    "name": "ev_ebitda",
    "year": "2019",
    "value": 6.54246436153
  },
  {
    "name": "ev_ebitda",
    "year": "2020",
    "value": 8.66108837306
  },
  {
    "name": "ev_ebitda",
    "year": "2021",
    "value": 6.90668806208
  },
  {
    "name": "ev_ebitda",
    "year": "2022",
    "value": 3.14823245466
  },
  {
    "name": "ev_ebitda",
    "year": "2023",
    "value": 4.0745441106
  },
  {
    "name": "ev_ebitda",
    "year": "LTM",
    "value": null
  },
  {
    "name": "debt_ebitda",
    "year": "2011",
    "value": 1.34270376264
  },
  {
    "name": "debt_ebitda",
    "year": "2012",
    "value": 1.87988700565
  },
  {
    "name": "debt_ebitda",
    "year": "2013",
    "value": 1.87150506512
  },
  {
    "name": "debt_ebitda",
    "year": "2014",
    "value": 1.86951426106
  },
  {
    "name": "debt_ebitda",
    "year": "2015",
    "value": 1.71020607943
  },
  {
    "name": "debt_ebitda",
    "year": "2016",
    "value": 0.472485800769
  },
  {
    "name": "debt_ebitda",
    "year": "2017",
    "value": 0.678122783513
  },
  {
    "name": "debt_ebitda",
    "year": "2018",
    "value": 0.431754161332
  },
  {
    "name": "debt_ebitda",
    "year": "2019",
    "value": 0.744014939309
  },
  {
    "name": "debt_ebitda",
    "year": "2020",
    "value": 0.356164383562
  },
  {
    "name": "debt_ebitda",
    "year": "2021",
    "value": 0.438716845878
  },
  {
    "name": "debt_ebitda",
    "year": "2022",
    "value": 0.0679280176399
  },
  {
    "name": "debt_ebitda",
    "year": "2023",
    "value": 0.267963182898
  },
  {
    "name": "debt_ebitda",
    "year": "LTM",
    "value": null
  },
  {
    "name": "employees",
    "year": "2014",
    "value": 40227.0
  },
  {
    "name": "employees",
    "year": "2015",
    "value": 39508.0
  },
  {
    "name": "employees",
    "year": "2016",
    "value": 38104.0
  },
  {
    "name": "employees",
    "year": "2017",
    "value": 36887.0
  },
  {
    "name": "employees",
    "year": "2018",
    "value": 34579.0
  },
  {
    "name": "employees",
    "year": "2019",
    "value": 34500.0
  },
  {
    "name": "employees",
    "year": "2020",
    "value": 32475.0
  },
  {
    "name": "employees",
    "year": "LTM",
    "value": null
  },
  {
    "name": "labour_productivity",
    "year": "2014",
    "value": 5.1497501678
  },
  {
    "name": "labour_productivity",
    "year": "2015",
    "value": 5.68300091121
  },
  {
    "name": "labour_productivity",
    "year": "2016",
    "value": 8.32169850934
  },
  {
    "name": "labour_productivity",
    "year": "2017",
    "value": 7.46552986147
  },
  {
    "name": "labour_productivity",
    "year": "2018",
    "value": 8.66711009572
  },
  {
    "name": "labour_productivity",
    "year": "2019",
    "value": 6.9043478260899995
  },
  {
    "name": "labour_productivity",
    "year": "2020",
    "value": 6.68600461894
  },
  {
    "name": "labour_productivity",
    "year": "LTM",
    "value": null
  },
  {
    "name": "expenses_per_employee",
    "year": "2014",
    "value": 749.695478161
  },
  {
    "name": "expenses_per_employee",
    "year": "2015",
    "value": 1018.85694037
  },
  {
    "name": "expenses_per_employee",
    "year": "2016",
    "value": 1146.49380642
  },
  {
    "name": "expenses_per_employee",
    "year": "2017",
    "value": 1180.74118253
  },
  {
    "name": "expenses_per_employee",
    "year": "2018",
    "value": 1264.95850082
  },
  {
    "name": "expenses_per_employee",
    "year": "2019",
    "value": 1404.72463768
  },
  {
    "name": "expenses_per_employee",
    "year": "2020",
    "value": 1736.44341801
  },
  {
    "name": "expenses_per_employee",
    "year": "LTM",
    "value": null
  },
  {
    "name": "r_and_d_capex",
    "year": "2013",
    "value": 0.605150818595
  },
  {
    "name": "r_and_d_capex",
    "year": "2014",
    "value": 0.48493838429900005
  },
  {
    "name": "r_and_d_capex",
    "year": "2015",
    "value": 0.707602339181
  },
  {
    "name": "r_and_d_capex",
    "year": "2016",
    "value": 0.667674477198
  },
  {
    "name": "r_and_d_capex",
    "year": "2017",
    "value": 0.0
  },
  {
    "name": "r_and_d_capex",
    "year": "2018",
    "value": 6.471095772219999
  },
  {
    "name": "r_and_d_capex",
    "year": "2019",
    "value": 11.0143186142
  },
  {
    "name": "r_and_d_capex",
    "year": "2020",
    "value": 0.0
  },
  {
    "name": "r_and_d_capex",
    "year": "2021",
    "value": 0.0
  },
  {
    "name": "r_and_d_capex",
    "year": "2022",
    "value": 0.0
  },
  {
    "name": "r_and_d_capex",
    "year": "2023",
    "value": 0.0
  },
  {
    "name": "r_and_d_capex",
    "year": "LTM",
    "value": 0.0
  },
  {
    "name": "capex_revenue",
    "year": "2011",
    "value": 0.0
  },
  {
    "name": "capex_revenue",
    "year": "2012",
    "value": 0.0
  },
  {
    "name": "capex_revenue",
    "year": "2013",
    "value": 25.301326370100004
  },
  {
    "name": "capex_revenue",
    "year": "2014",
    "value": 16.9222674371
  },
  {
    "name": "capex_revenue",
    "year": "2015",
    "value": 15.2322246174
  },
  {
    "name": "capex_revenue",
    "year": "2016",
    "value": 10.0135608187
  },
  {
    "name": "capex_revenue",
    "year": "2017",
    "value": 9.78426253082
  },
  {
    "name": "capex_revenue",
    "year": "2018",
    "value": 9.28128128128
  },
  {
    "name": "capex_revenue",
    "year": "2019",
    "value": 8.38539042821
  },
  {
    "name": "capex_revenue",
    "year": "2020",
    "value": 7.83224641686
  },
  {
    "name": "capex_revenue",
    "year": "2021",
    "value": 5.79589140388
  },
  {
    "name": "capex_revenue",
    "year": "2022",
    "value": 13.835477318899999
  },
  {
    "name": "capex_revenue",
    "year": "2023",
    "value": 19.733415995
  },
  {
    "name": "capex_revenue",
    "year": "LTM",
    "value": 19.7334159950403
  },
  {
    "name": "irr",
    "year": "2021",
    "value": 3.85714
  },
  {
    "name": "irr",
    "year": "2022",
    "value": 1.0
  },
  {
    "name": "irr",
    "year": "2023",
    "value": 1.57143
  },
  {
    "name": "irr",
    "year": "LTM",
    "value": 1.5714285714285714
  },
  {
    "name": "ir_fs_quality",
    "year": "2021",
    "value": 5.0
  },
  {
    "name": "ir_fs_quality",
    "year": "2022",
    "value": 1.0
  },
  {
    "name": "ir_fs_quality",
    "year": "2023",
    "value": 5.0
  },
  {
    "name": "ir_fs_quality",
    "year": "LTM",
    "value": 5.0
  },
  {
    "name": "ir_investor_presentations",
    "year": "2021",
    "value": 5.0
  },
  {
    "name": "ir_investor_presentations",
    "year": "2022",
    "value": 1.0
  },
  {
    "name": "ir_investor_presentations",
    "year": "2023",
    "value": 1.0
  },
  {
    "name": "ir_investor_presentations",
    "year": "LTM",
    "value": 1.0
  },
  {
    "name": "ir_annual_report",
    "year": "2021",
    "value": 5.0
  },
  {
    "name": "ir_annual_report",
    "year": "2022",
    "value": 1.0
  },
  {
    "name": "ir_annual_report",
    "year": "2023",
    "value": 1.0
  },
  {
    "name": "ir_annual_report",
    "year": "LTM",
    "value": 1.0
  },
  {
    "name": "ir_investor_site",
    "year": "2021",
    "value": 5.0
  },
  {
    "name": "ir_investor_site",
    "year": "2022",
    "value": 1.0
  },
  {
    "name": "ir_investor_site",
    "year": "2023",
    "value": 1.0
  },
  {
    "name": "ir_investor_site",
    "year": "LTM",
    "value": 1.0
  },
  {
    "name": "ir_investor_calendar",
    "year": "2021",
    "value": 5.0
  },
  {
    "name": "ir_investor_calendar",
    "year": "2022",
    "value": 1.0
  },
  {
    "name": "ir_investor_calendar",
    "year": "2023",
    "value": 1.0
  },
  {
    "name": "ir_investor_calendar",
    "year": "LTM",
    "value": 1.0
  },
  {
    "name": "ir_feedback",
    "year": "2021",
    "value": 1.0
  },
  {
    "name": "ir_feedback",
    "year": "2022",
    "value": 1.0
  },
  {
    "name": "ir_feedback",
    "year": "2023",
    "value": 1.0
  },
  {
    "name": "ir_feedback",
    "year": "LTM",
    "value": 1.0
  }
]