[{"name":"P/E","year":"2023","value":"4.48"},{"name":"P/E","year":"2022","value":"29.86"},{"name":"P/E","year":"2021","value":"8.74"},{"name":"P/E","year":"2020","value":"6.11"},{"name":"P/E","year":"2019","value":"14.67"},{"name":"P/B","year":"2023","value":"0.77"},{"name":"P/B","year":"2022","value":"0.81"},{"name":"P/B","year":"2021","value":"0.81"},{"name":"P/B","year":"2020","value":"0.78"},{"name":"P/B","year":"2019","value":"0.83"},{"name":"P/S","year":"2023","value":"1.91"},{"name":"P/S","year":"2022","value":"1.97"},{"name":"P/S","year":"2021","value":"2.41"},{"name":"P/S","year":"2020","value":"2.23"},{"name":"P/S","year":"2019","value":"2.89"},{"name":"P/CF","year":"2021","value":"0.34"},{"name":"P/CF","year":"2020","value":"-0.97"},{"name":"P/CF","year":"2019","value":"-0.75"},{"name":"P/CF","year":"2018","value":"0.47"},{"name":"P/CF","year":"2017","value":"0.27"},{"name":"P/FCF","year":"2021","value":"0.34"},{"name":"P/FCF","year":"2018","value":"0.47"},{"name":"P/FCF","year":"2017","value":"0.27"},{"name":"P/FCF","year":"2016","value":"0.52"},{"name":"Коэффициент долга","year":"2023","value":"0.93"},{"name":"Коэффициент долга","year":"2022","value":"0.93"},{"name":"Коэффициент долга","year":"2021","value":"0.92"},{"name":"Коэффициент долга","year":"2020","value":"0.92"},{"name":"Коэффициент долга","year":"2019","value":"0.91"},{"name":"D/E","year":"2023","value":"12.41"},{"name":"D/E","year":"2022","value":"13.51"},{"name":"D/E","year":"2021","value":"11.15"},{"name":"D/E","year":"2020","value":"11.44"},{"name":"D/E","year":"2019","value":"10.52"},{"name":"CAPEX/Выручка","year":"2021","value":"0.46"},{"name":"CAPEX/Выручка","year":"2020","value":"0.91"},{"name":"CAPEX/Выручка","year":"2019","value":"2.49"},{"name":"CAPEX/Выручка","year":"2018","value":"1.99"},{"name":"CAPEX/Выручка","year":"2017","value":"3.26"},{"name":"ROE","year":"2023","value":"17.18"},{"name":"ROE","year":"2022","value":"2.73"},{"name":"ROE","year":"2021","value":"9.31"},{"name":"ROE","year":"2020","value":"12.8"},{"name":"ROE","year":"2019","value":"5.68"},{"name":"ROA","year":"2023","value":"1.28"},{"name":"ROA","year":"2022","value":"0.19"},{"name":"ROA","year":"2021","value":"0.77"},{"name":"ROA","year":"2020","value":"1.03"},{"name":"ROA","year":"2019","value":"0.49"},{"name":"Net Margin","year":"2023","value":"42.56"},{"name":"Net Margin","year":"2022","value":"6.59"},{"name":"Net Margin","year":"2021","value":"27.62"},{"name":"Net Margin","year":"2020","value":"36.58"},{"name":"Net Margin","year":"2019","value":"19.7"}]