[{"name":"date","year":"2023Q2","value":"15.08.2023"},{"name":"date","year":"2023Q3","value":"12.10.2023"},{"name":"date","year":"2023Q4","value":"29.03.2024"},{"name":"date","year":"2024Q1","value":"12.04.2024"},{"name":"date","year":"2024Q2","value":"11.07.2024"},{"name":"date","year":"LTM\n?","value":"11.07.2024"},{"name":"currency","year":"2023Q2","value":"RUB"},{"name":"currency","year":"2023Q3","value":"RUB"},{"name":"currency","year":"2023Q4","value":"RUB"},{"name":"currency","year":"2024Q1","value":"RUB"},{"name":"currency","year":"2024Q2","value":"RUB"},{"name":"currency","year":"LTM\n?","value":"RUB"},{"name":"report_url","year":"2023Q2","value":"https://www.e-disclosure.ru/portal/FileLoad.ashx?Fileid=1807428"},{"name":"report_url","year":"2023Q3","value":"https://www.e-disclosure.ru/portal/FileLoad.ashx?Fileid=1812429"},{"name":"report_url","year":"2023Q4","value":"https://www.e-disclosure.ru/portal/FileLoad.ashx?Fileid=1828374"},{"name":"report_url","year":"2024Q1","value":"https://www.e-disclosure.ru/portal/FileLoad.ashx?Fileid=1831309"},{"name":"report_url","year":"2024Q2","value":"https://www.e-disclosure.ru/portal/FileLoad.ashx?Fileid=1847628"},{"name":"report_url","year":"LTM\n?","value":"https://www.e-disclosure.ru/portal/FileLoad.ashx?Fileid=1847628"},{"name":"revenue","year":"2023Q2","value":"42.4"},{"name":"revenue","year":"2023Q3","value":"39.9"},{"name":"revenue","year":"2023Q4","value":"43.0"},{"name":"revenue","year":"2024Q1","value":"41.8"},{"name":"revenue","year":"2024Q2","value":"46.9"},{"name":"revenue","year":"LTM\n?","value":"171.7"},{"name":"operating_income","year":"2023Q2","value":"5.75"},{"name":"operating_income","year":"2023Q3","value":"3.36"},{"name":"operating_income","year":"2023Q4","value":"1.67"},{"name":"operating_income","year":"2024Q1","value":"1.02"},{"name":"operating_income","year":"2024Q2","value":"1.52"},{"name":"operating_income","year":"LTM\n?","value":"7.57"},{"name":"net_income","year":"2023Q2","value":"-5.02"},{"name":"net_income","year":"2023Q3","value":"9.45"},{"name":"net_income","year":"2023Q4","value":"3.11"},{"name":"net_income","year":"2024Q1","value":"-1.36"},{"name":"net_income","year":"2024Q2","value":"2.02"},{"name":"net_income","year":"LTM\n?","value":"13.2"},{"name":"div_yield","year":"2023Q2","value":"0.0%"},{"name":"div_yield","year":"2023Q3","value":"0.0%"},{"name":"div_yield","year":"2023Q4","value":"0.0%"},{"name":"div_yield","year":"2024Q1","value":"0.0%"},{"name":"div_yield","year":"2024Q2","value":"0.0%"},{"name":"div_yield","year":"LTM\n?","value":"0"},{"name":"div_payout_ratio","year":"2023Q2","value":"0%"},{"name":"div_payout_ratio","year":"2023Q3","value":"0%"},{"name":"div_payout_ratio","year":"2023Q4","value":"0%"},{"name":"div_payout_ratio","year":"2024Q1","value":"0%"},{"name":"div_payout_ratio","year":"2024Q2","value":"0%"},{"name":"div_payout_ratio","year":"LTM\n?","value":"0"},{"name":"opex","year":"2023Q2","value":"4.57"},{"name":"opex","year":"2023Q3","value":"4.12"},{"name":"opex","year":"2023Q4","value":"6.08"},{"name":"opex","year":"2024Q1","value":"4.29"},{"name":"opex","year":"2024Q2","value":"5.25"},{"name":"opex","year":"LTM\n?","value":"19.7"},{"name":"cost_of_production","year":"2023Q2","value":"32.2"},{"name":"cost_of_production","year":"2023Q3","value":"32.3"},{"name":"cost_of_production","year":"2023Q4","value":"36.3"},{"name":"cost_of_production","year":"2024Q1","value":"36.5"},{"name":"cost_of_production","year":"2024Q2","value":"40.1"},{"name":"cost_of_production","year":"LTM\n?","value":"145.2"},{"name":"assets","year":"2023Q2","value":"278.6"},{"name":"assets","year":"2023Q3","value":"273.7"},{"name":"assets","year":"2023Q4","value":"271.7"},{"name":"assets","year":"2024Q1","value":"268.3"},{"name":"assets","year":"2024Q2","value":"276.9"},{"name":"assets","year":"LTM\n?","value":"276.9"},{"name":"net_assets","year":"2023Q2","value":"67.8"},{"name":"net_assets","year":"2023Q3","value":"77.3"},{"name":"net_assets","year":"2023Q4","value":"82.6"},{"name":"net_assets","year":"2024Q1","value":"81.2"},{"name":"net_assets","year":"2024Q2","value":"83.2"},{"name":"net_assets","year":"LTM\n?","value":"83.2"},{"name":"debt","year":"2023Q2","value":"184.8"},{"name":"debt","year":"2023Q3","value":"172.6"},{"name":"debt","year":"2023Q4","value":"158.1"},{"name":"debt","year":"2024Q1","value":"153.7"},{"name":"debt","year":"2024Q2","value":"155.4"},{"name":"debt","year":"LTM\n?","value":"155.4"},{"name":"cash","year":"2023Q2","value":"0.720"},{"name":"cash","year":"2023Q3","value":"0.670"},{"name":"cash","year":"2023Q4","value":"0.650"},{"name":"cash","year":"2024Q1","value":"0.330"},{"name":"cash","year":"2024Q2","value":"0.030"},{"name":"cash","year":"LTM\n?","value":"0.030"},{"name":"net_debt","year":"2023Q2","value":"184.1"},{"name":"net_debt","year":"2023Q3","value":"171.9"},{"name":"net_debt","year":"2023Q4","value":"157.5"},{"name":"net_debt","year":"2024Q1","value":"153.4"},{"name":"net_debt","year":"2024Q2","value":"155.4"},{"name":"net_debt","year":"LTM\n?","value":"155.4"},{"name":"common_share","year":"2023Q2","value":"6 350"},{"name":"common_share","year":"2023Q3","value":"11 130"},{"name":"common_share","year":"2023Q4","value":"9 310"},{"name":"common_share","year":"2024Q1","value":"8 815"},{"name":"common_share","year":"2024Q2","value":"7 370"},{"name":"common_share","year":"LTM\n?","value":"6 600"},{"name":"number_of_shares","year":"2023Q2","value":"3.16"},{"name":"number_of_shares","year":"2023Q3","value":"3.16"},{"name":"number_of_shares","year":"2023Q4","value":"3.16"},{"name":"number_of_shares","year":"2024Q1","value":"3.16"},{"name":"number_of_shares","year":"2024Q2","value":"3.16"},{"name":"number_of_shares","year":"LTM\n?","value":"3.16"},{"name":"market_cap","year":"2023Q2","value":"20.1"},{"name":"market_cap","year":"2023Q3","value":"35.2"},{"name":"market_cap","year":"2023Q4","value":"29.4"},{"name":"market_cap","year":"2024Q1","value":"27.9"},{"name":"market_cap","year":"2024Q2","value":"23.3"},{"name":"market_cap","year":"LTM\n?","value":"20.9"},{"name":"ev","year":"2023Q2","value":"204.2"},{"name":"ev","year":"2023Q3","value":"207.1"},{"name":"ev","year":"2023Q4","value":"186.9"},{"name":"ev","year":"2024Q1","value":"181.2"},{"name":"ev","year":"2024Q2","value":"178.7"},{"name":"ev","year":"LTM\n?","value":"176.3"},{"name":"book_value","year":"2023Q2","value":"67.8"},{"name":"book_value","year":"2023Q3","value":"77.3"},{"name":"book_value","year":"2023Q4","value":"82.6"},{"name":"book_value","year":"2024Q1","value":"81.2"},{"name":"book_value","year":"2024Q2","value":"83.2"},{"name":"book_value","year":"LTM\n?","value":"83.2"},{"name":"eps","year":"2023Q2","value":"-1 588"},{"name":"eps","year":"2023Q3","value":"2 989"},{"name":"eps","year":"2023Q4","value":"983.6"},{"name":"eps","year":"2024Q1","value":"-430.1"},{"name":"eps","year":"2024Q2","value":"638.8"},{"name":"eps","year":"LTM\n?","value":"4 181"},{"name":"fcf_share","year":"2023Q2","value":"0.00"},{"name":"fcf_share","year":"2023Q3","value":"0.00"},{"name":"fcf_share","year":"2023Q4","value":"0.00"},{"name":"fcf_share","year":"2024Q1","value":"0.00"},{"name":"fcf_share","year":"2024Q2","value":"0.00"},{"name":"fcf_share","year":"LTM\n?","value":"0"},{"name":"bv_share","year":"2023Q2","value":"21 452"},{"name":"bv_share","year":"2023Q3","value":"24 447"},{"name":"bv_share","year":"2023Q4","value":"26 107"},{"name":"bv_share","year":"2024Q1","value":"25 680"},{"name":"bv_share","year":"2024Q2","value":"26 312"},{"name":"bv_share","year":"LTM\n?","value":"26 312"},{"name":"ebitda_margin","year":"2023Q2","value":"0.0%"},{"name":"ebitda_margin","year":"2023Q3","value":"0.0%"},{"name":"ebitda_margin","year":"2023Q4","value":"0.0%"},{"name":"ebitda_margin","year":"2024Q1","value":"0.0%"},{"name":"ebitda_margin","year":"2024Q2","value":"0.0%"},{"name":"ebitda_margin","year":"LTM\n?","value":"0"},{"name":"net_margin","year":"2023Q2","value":"-11.8%"},{"name":"net_margin","year":"2023Q3","value":"23.7%"},{"name":"net_margin","year":"2023Q4","value":"7.2%"},{"name":"net_margin","year":"2024Q1","value":"-3.3%"},{"name":"net_margin","year":"2024Q2","value":"4.3%"},{"name":"net_margin","year":"LTM\n?","value":"7.7%"},{"name":"fcf_yield","year":"2023Q2","value":"0.0%"},{"name":"fcf_yield","year":"2023Q3","value":"0.0%"},{"name":"fcf_yield","year":"2023Q4","value":"0.0%"},{"name":"fcf_yield","year":"2024Q1","value":"0.0%"},{"name":"fcf_yield","year":"2024Q2","value":"0.0%"},{"name":"fcf_yield","year":"LTM\n?","value":"0"},{"name":"roe","year":"2023Q2","value":"-38.7%"},{"name":"roe","year":"2023Q3","value":"-1.9%"},{"name":"roe","year":"2023Q4","value":"2.0%"},{"name":"roe","year":"2024Q1","value":"7.6%"},{"name":"roe","year":"2024Q2","value":"15.9%"},{"name":"roe","year":"LTM\n?","value":"15.9%"},{"name":"roa","year":"2023Q2","value":"-9.4%"},{"name":"roa","year":"2023Q3","value":"-0.5%"},{"name":"roa","year":"2023Q4","value":"0.6%"},{"name":"roa","year":"2024Q1","value":"2.3%"},{"name":"roa","year":"2024Q2","value":"4.8%"},{"name":"roa","year":"LTM\n?","value":"4.8%"},{"name":"p_e","year":"2023Q2","value":"-0.76"},{"name":"p_e","year":"2023Q3","value":"-23.6"},{"name":"p_e","year":"2023Q4","value":"18.2"},{"name":"p_e","year":"2024Q1","value":"4.51"},{"name":"p_e","year":"2024Q2","value":"1.76"},{"name":"p_e","year":"LTM\n?","value":"1.58"},{"name":"p_s","year":"2023Q2","value":"0.13"},{"name":"p_s","year":"2023Q3","value":"0.30"},{"name":"p_s","year":"2023Q4","value":"0.18"},{"name":"p_s","year":"2024Q1","value":"0.17"},{"name":"p_s","year":"2024Q2","value":"0.14"},{"name":"p_s","year":"LTM\n?","value":"0.12"},{"name":"p_bv","year":"2023Q2","value":"0.30"},{"name":"p_bv","year":"2023Q3","value":"0.46"},{"name":"p_bv","year":"2023Q4","value":"0.36"},{"name":"p_bv","year":"2024Q1","value":"0.34"},{"name":"p_bv","year":"2024Q2","value":"0.28"},{"name":"p_bv","year":"LTM\n?","value":"0.25"},{"name":"capex_revenue","year":"2023Q2","value":"0%"},{"name":"capex_revenue","year":"2023Q3","value":"0%"},{"name":"capex_revenue","year":"2023Q4","value":"0%"},{"name":"capex_revenue","year":"2024Q1","value":"0%"},{"name":"capex_revenue","year":"2024Q2","value":"0%"},{"name":"capex_revenue","year":"LTM\n?","value":"0"}]