[{"name":"date","year":"2019","value":"19.02.2020"},{"name":"date","year":"2020","value":"12.02.2021"},{"name":"date","year":"2021","value":"11.02.2022"},{"name":"date","year":"2022","value":"19.02.2024"},{"name":"date","year":"2023","value":"19.02.2024"},{"name":"currency","year":"2019","value":"RUB"},{"name":"currency","year":"2020","value":"RUB"},{"name":"currency","year":"2021","value":"RUB"},{"name":"currency","year":"2022","value":"RUB"},{"name":"currency","year":"2023","value":"RUB"},{"name":"report_url","year":"2019","value":"http://www.e-disclosure.ru/portal/FileLoad.ashx?Fileid=1614743"},{"name":"report_url","year":"2020","value":"https://e-disclosure.ru/portal/FileLoad.ashx?Fileid=1680737"},{"name":"report_url","year":"2021","value":"http://www.bashneft.ru/files/iblock/82a/2.2021_%D0%9E%D1%82%D1%87%D0%B5%D1%82%D0%BD%D0%BE%D1%81%D1%82%D1%8C_%D0%A0%D0%A1%D0%91%D0%A3_%D0%91%D0%B0%D1%88%D0%BD%D0%B5%D1%84%D1%82%D1%8C.pdf"},{"name":"report_url","year":"2022","value":""},{"name":"report_url","year":"2023","value":"https://www.e-disclosure.ru/portal/FileLoad.ashx?Fileid=1823305"},{"name":"oil_production","year":"2019","value":"18.7"},{"name":"oil_production","year":"2020","value":"12.9"},{"name":"oil_production","year":"2021","value":"13.8"},{"name":"oil_production","year":"2022","value":""},{"name":"oil_production","year":"2023","value":""},{"name":"oil_refining","year":"2019","value":"17.3"},{"name":"oil_refining","year":"2020","value":"15.5"},{"name":"oil_refining","year":"2021","value":"16.1"},{"name":"oil_refining","year":"2022","value":""},{"name":"oil_refining","year":"2023","value":""},{"name":"revenue","year":"2019","value":"703.2"},{"name":"revenue","year":"2020","value":"428.0"},{"name":"revenue","year":"2021","value":"659.2"},{"name":"revenue","year":"2022","value":"691.5"},{"name":"revenue","year":"2023","value":"766.5"},{"name":"operating_income","year":"2019","value":"69.8"},{"name":"operating_income","year":"2020","value":"-33.8"},{"name":"operating_income","year":"2021","value":"108.3"},{"name":"operating_income","year":"2022","value":"134.5"},{"name":"operating_income","year":"2023","value":"162.0"},{"name":"net_income","year":"2019","value":"49.2"},{"name":"net_income","year":"2020","value":"-23.6"},{"name":"net_income","year":"2021","value":"90.7"},{"name":"net_income","year":"2022","value":"108.1"},{"name":"net_income","year":"2023","value":"167.4"},{"name":"ocf","year":"2019","value":"86.6"},{"name":"ocf","year":"2020","value":"64.0"},{"name":"ocf","year":"2021","value":"68.7"},{"name":"ocf","year":"2022","value":""},{"name":"ocf","year":"2023","value":""},{"name":"capex","year":"2019","value":"23.8"},{"name":"capex","year":"2020","value":"26.2"},{"name":"capex","year":"2021","value":"33.1"},{"name":"capex","year":"2022","value":""},{"name":"capex","year":"2023","value":""},{"name":"dividend_payout","year":"2019","value":"19.2"},{"name":"dividend_payout","year":"2020","value":"0.003"},{"name":"dividend_payout","year":"2021","value":"20.8"},{"name":"dividend_payout","year":"2022","value":"36.0"},{"name":"dividend_payout","year":"2023","value":"44.4"},{"name":"dividend","year":"2019","value":"107.81"},{"name":"dividend","year":"2020","value":"0"},{"name":"dividend","year":"2021","value":"117.29"},{"name":"dividend","year":"2022","value":"199.89"},{"name":"dividend","year":"2023","value":"249.69"},{"name":"div_yield","year":"2019","value":"5.6%"},{"name":"div_yield","year":"2020","value":"0.0%"},{"name":"div_yield","year":"2021","value":"8.6%"},{"name":"div_yield","year":"2022","value":"21.2%"},{"name":"div_yield","year":"2023","value":"11.4%"},{"name":"dividend_pr","year":"2019","value":"107.81"},{"name":"dividend_pr","year":"2020","value":"0.1"},{"name":"dividend_pr","year":"2021","value":"117.29"},{"name":"dividend_pr","year":"2022","value":"199.89"},{"name":"dividend_pr","year":"2023","value":"249.69"},{"name":"div_yield_priv","year":"2019","value":"6.3%"},{"name":"div_yield_priv","year":"2020","value":"0.0%"},{"name":"div_yield_priv","year":"2021","value":"11.8%"},{"name":"div_yield_priv","year":"2022","value":"29.4%"},{"name":"div_yield_priv","year":"2023","value":"14.4%"},{"name":"div_payout_ratio","year":"2019","value":"39%"},{"name":"div_payout_ratio","year":"2020","value":"0%"},{"name":"div_payout_ratio","year":"2021","value":"23%"},{"name":"div_payout_ratio","year":"2022","value":"33%"},{"name":"div_payout_ratio","year":"2023","value":"26%"},{"name":"opex","year":"2019","value":"117.9"},{"name":"opex","year":"2020","value":"65.2"},{"name":"opex","year":"2021","value":"76.5"},{"name":"opex","year":"2022","value":"82.1"},{"name":"opex","year":"2023","value":"72.8"},{"name":"cost_of_production","year":"2019","value":"514.5"},{"name":"cost_of_production","year":"2020","value":"394.6"},{"name":"cost_of_production","year":"2021","value":"472.6"},{"name":"cost_of_production","year":"2022","value":"473.7"},{"name":"cost_of_production","year":"2023","value":"529.9"},{"name":"employment_expenses","year":"2019","value":"14.1"},{"name":"employment_expenses","year":"2020","value":"14.6"},{"name":"employment_expenses","year":"2021","value":"15.1"},{"name":"employment_expenses","year":"2022","value":""},{"name":"employment_expenses","year":"2023","value":""},{"name":"assets","year":"2019","value":"632.1"},{"name":"assets","year":"2020","value":"589.9"},{"name":"assets","year":"2021","value":"766.0"},{"name":"assets","year":"2022","value":"820.8"},{"name":"assets","year":"2023","value":"929.8"},{"name":"net_assets","year":"2019","value":"372.3"},{"name":"net_assets","year":"2020","value":"329.6"},{"name":"net_assets","year":"2021","value":"447.0"},{"name":"net_assets","year":"2022","value":"529.5"},{"name":"net_assets","year":"2023","value":"661.4"},{"name":"debt","year":"2019","value":"102.8"},{"name":"debt","year":"2020","value":"96.0"},{"name":"debt","year":"2021","value":"97.1"},{"name":"debt","year":"2022","value":"93.7"},{"name":"debt","year":"2023","value":"50.6"},{"name":"cash","year":"2019","value":""},{"name":"cash","year":"2020","value":""},{"name":"cash","year":"2021","value":"9.64"},{"name":"cash","year":"2022","value":"9.52"},{"name":"cash","year":"2023","value":"1.72"},{"name":"net_debt","year":"2019","value":"102.8"},{"name":"net_debt","year":"2020","value":"96.0"},{"name":"net_debt","year":"2021","value":"87.4"},{"name":"net_debt","year":"2022","value":"84.2"},{"name":"net_debt","year":"2023","value":"48.9"},{"name":"common_share","year":"2019","value":"1 930"},{"name":"common_share","year":"2020","value":"1 661"},{"name":"common_share","year":"2021","value":"1 359"},{"name":"common_share","year":"2022","value":"941.5"},{"name":"common_share","year":"2023","value":"2 197"},{"name":"number_of_shares","year":"2019","value":"147.8"},{"name":"number_of_shares","year":"2020","value":"147.8"},{"name":"number_of_shares","year":"2021","value":"147.8"},{"name":"number_of_shares","year":"2022","value":"147.8"},{"name":"number_of_shares","year":"2023","value":"147.8"},{"name":"priv_share","year":"2019","value":"1 723"},{"name":"priv_share","year":"2020","value":"1 163"},{"name":"priv_share","year":"2021","value":"996.0"},{"name":"priv_share","year":"2022","value":"680.5"},{"name":"priv_share","year":"2023","value":"1 737"},{"name":"number_of_priv_shares","year":"2019","value":"29.8"},{"name":"number_of_priv_shares","year":"2020","value":"29.8"},{"name":"number_of_priv_shares","year":"2021","value":"29.8"},{"name":"number_of_priv_shares","year":"2022","value":"29.8"},{"name":"number_of_priv_shares","year":"2023","value":"29.8"},{"name":"market_cap","year":"2019","value":"336.7"},{"name":"market_cap","year":"2020","value":"280.1"},{"name":"market_cap","year":"2021","value":"230.6"},{"name":"market_cap","year":"2022","value":"159.5"},{"name":"market_cap","year":"2023","value":"376.5"},{"name":"ev","year":"2019","value":"439.5"},{"name":"ev","year":"2020","value":"376.2"},{"name":"ev","year":"2021","value":"318.0"},{"name":"ev","year":"2022","value":"243.6"},{"name":"ev","year":"2023","value":"425.4"},{"name":"book_value","year":"2019","value":"368.7"},{"name":"book_value","year":"2020","value":"325.7"},{"name":"book_value","year":"2021","value":"442.7"},{"name":"book_value","year":"2022","value":"525.5"},{"name":"book_value","year":"2023","value":"657.2"},{"name":"eps","year":"2019","value":"332.5"},{"name":"eps","year":"2020","value":"-159.4"},{"name":"eps","year":"2021","value":"613.6"},{"name":"eps","year":"2022","value":"731.2"},{"name":"eps","year":"2023","value":"1 132"},{"name":"fcf_share","year":"2019","value":"0.00"},{"name":"fcf_share","year":"2020","value":"0.00"},{"name":"fcf_share","year":"2021","value":"0.00"},{"name":"fcf_share","year":"2022","value":"0.00"},{"name":"fcf_share","year":"2023","value":"0.00"},{"name":"bv_share","year":"2019","value":"2 494"},{"name":"bv_share","year":"2020","value":"2 203"},{"name":"bv_share","year":"2021","value":"2 994"},{"name":"bv_share","year":"2022","value":"3 554"},{"name":"bv_share","year":"2023","value":"4 445"},{"name":"ebitda_margin","year":"2019","value":"0.0%"},{"name":"ebitda_margin","year":"2020","value":"0.0%"},{"name":"ebitda_margin","year":"2021","value":"0.0%"},{"name":"ebitda_margin","year":"2022","value":"0.0%"},{"name":"ebitda_margin","year":"2023","value":"0.0%"},{"name":"net_margin","year":"2019","value":"7.0%"},{"name":"net_margin","year":"2020","value":"-5.5%"},{"name":"net_margin","year":"2021","value":"13.8%"},{"name":"net_margin","year":"2022","value":"15.6%"},{"name":"net_margin","year":"2023","value":"21.8%"},{"name":"fcf_yield","year":"2019","value":"0.0%"},{"name":"fcf_yield","year":"2020","value":"0.0%"},{"name":"fcf_yield","year":"2021","value":"0.0%"},{"name":"fcf_yield","year":"2022","value":"0.0%"},{"name":"fcf_yield","year":"2023","value":"0.0%"},{"name":"roe","year":"2019","value":"13.2%"},{"name":"roe","year":"2020","value":"-7.1%"},{"name":"roe","year":"2021","value":"20.3%"},{"name":"roe","year":"2022","value":"20.4%"},{"name":"roe","year":"2023","value":"25.3%"},{"name":"roa","year":"2019","value":"7.8%"},{"name":"roa","year":"2020","value":"-4.0%"},{"name":"roa","year":"2021","value":"11.8%"},{"name":"roa","year":"2022","value":"13.2%"},{"name":"roa","year":"2023","value":"18.0%"},{"name":"p_e","year":"2019","value":"6.85"},{"name":"p_e","year":"2020","value":"-11.9"},{"name":"p_e","year":"2021","value":"2.54"},{"name":"p_e","year":"2022","value":"1.48"},{"name":"p_e","year":"2023","value":"2.25"},{"name":"p_s","year":"2019","value":"0.48"},{"name":"p_s","year":"2020","value":"0.65"},{"name":"p_s","year":"2021","value":"0.35"},{"name":"p_s","year":"2022","value":"0.23"},{"name":"p_s","year":"2023","value":"0.49"},{"name":"p_bv","year":"2019","value":"0.91"},{"name":"p_bv","year":"2020","value":"0.86"},{"name":"p_bv","year":"2021","value":"0.52"},{"name":"p_bv","year":"2022","value":"0.30"},{"name":"p_bv","year":"2023","value":"0.57"},{"name":"employees","year":"2019","value":"33 300"},{"name":"employees","year":"2020","value":"34 100"},{"name":"employees","year":"2021","value":""},{"name":"employees","year":"2022","value":""},{"name":"employees","year":"2023","value":""},{"name":"labour_productivity","year":"2019","value":"21.1"},{"name":"labour_productivity","year":"2020","value":"12.6"},{"name":"labour_productivity","year":"2021","value":""},{"name":"labour_productivity","year":"2022","value":""},{"name":"labour_productivity","year":"2023","value":""},{"name":"expenses_per_employee","year":"2019","value":"423.5"},{"name":"expenses_per_employee","year":"2020","value":"427.0"},{"name":"expenses_per_employee","year":"2021","value":""},{"name":"expenses_per_employee","year":"2022","value":""},{"name":"expenses_per_employee","year":"2023","value":""},{"name":"r_and_d_capex","year":"2019","value":"0.00%"},{"name":"r_and_d_capex","year":"2020","value":"0.00%"},{"name":"r_and_d_capex","year":"2021","value":"0.00%"},{"name":"r_and_d_capex","year":"2022","value":""},{"name":"r_and_d_capex","year":"2023","value":""},{"name":"capex_revenue","year":"2019","value":"3%"},{"name":"capex_revenue","year":"2020","value":"6%"},{"name":"capex_revenue","year":"2021","value":"5%"},{"name":"capex_revenue","year":"2022","value":"0%"},{"name":"capex_revenue","year":"2023","value":"0%"}]