[{"name":"date","year":"2019","value":"27.03.2020"},{"name":"date","year":"2020","value":"05.04.2021"},{"name":"date","year":"2021","value":"04.04.2022"},{"name":"date","year":"2022","value":"03.04.2023"},{"name":"date","year":"2023","value":"01.04.2024"},{"name":"currency","year":"2019","value":"RUB"},{"name":"currency","year":"2020","value":"RUB"},{"name":"currency","year":"2021","value":"RUB"},{"name":"currency","year":"2022","value":"RUB"},{"name":"currency","year":"2023","value":"RUB"},{"name":"report_url","year":"2019","value":"http://www.e-disclosure.ru/portal/FileLoad.ashx?Fileid=1622337"},{"name":"report_url","year":"2020","value":"https://e-disclosure.ru/portal/FileLoad.ashx?Fileid=1693835"},{"name":"report_url","year":"2021","value":"https://www.e-disclosure.ru/portal/FileLoad.ashx?Fileid=1743772"},{"name":"report_url","year":"2022","value":"https://www.e-disclosure.ru/portal/FileLoad.ashx?Fileid=1785492"},{"name":"report_url","year":"2023","value":"https://www.e-disclosure.ru/portal/FileLoad.ashx?Fileid=1829145"},{"name":"revenue","year":"2019","value":"0.069"},{"name":"revenue","year":"2020","value":"0.060"},{"name":"revenue","year":"2021","value":"0.081"},{"name":"revenue","year":"2022","value":"0.081"},{"name":"revenue","year":"2023","value":"0.074"},{"name":"net_income","year":"2019","value":"0.133"},{"name":"net_income","year":"2020","value":"0.005"},{"name":"net_income","year":"2021","value":"0.092"},{"name":"net_income","year":"2022","value":"0.208"},{"name":"net_income","year":"2023","value":"0.245"},{"name":"dividend_payout","year":"2019","value":""},{"name":"dividend_payout","year":"2020","value":""},{"name":"dividend_payout","year":"2021","value":""},{"name":"dividend_payout","year":"2022","value":"0.085"},{"name":"dividend_payout","year":"2023","value":"0.111"},{"name":"dividend","year":"2019","value":""},{"name":"dividend","year":"2020","value":""},{"name":"dividend","year":"2021","value":""},{"name":"dividend","year":"2022","value":"1"},{"name":"dividend","year":"2023","value":"1.2"},{"name":"div_yield","year":"2019","value":"0.0%"},{"name":"div_yield","year":"2020","value":"0.0%"},{"name":"div_yield","year":"2021","value":"0.0%"},{"name":"div_yield","year":"2022","value":"1.6%"},{"name":"div_yield","year":"2023","value":"1.2%"},{"name":"div_payout_ratio","year":"2019","value":"0%"},{"name":"div_payout_ratio","year":"2020","value":"0%"},{"name":"div_payout_ratio","year":"2021","value":"0%"},{"name":"div_payout_ratio","year":"2022","value":"41%"},{"name":"div_payout_ratio","year":"2023","value":"45%"},{"name":"cost_of_production","year":"2019","value":"0.088"},{"name":"cost_of_production","year":"2020","value":"0.083"},{"name":"cost_of_production","year":"2021","value":"0.057"},{"name":"cost_of_production","year":"2022","value":"0.067"},{"name":"cost_of_production","year":"2023","value":"0.056"},{"name":"r_and_d","year":"2019","value":"0.030"},{"name":"r_and_d","year":"2020","value":""},{"name":"r_and_d","year":"2021","value":""},{"name":"r_and_d","year":"2022","value":""},{"name":"r_and_d","year":"2023","value":""},{"name":"assets","year":"2019","value":"1.57"},{"name":"assets","year":"2020","value":"1.44"},{"name":"assets","year":"2021","value":"3.72"},{"name":"assets","year":"2022","value":"3.72"},{"name":"assets","year":"2023","value":"6.05"},{"name":"net_assets","year":"2019","value":"0.860"},{"name":"net_assets","year":"2020","value":"0.710"},{"name":"net_assets","year":"2021","value":"2.57"},{"name":"net_assets","year":"2022","value":"3.07"},{"name":"net_assets","year":"2023","value":"5.45"},{"name":"debt","year":"2019","value":"0.385"},{"name":"debt","year":"2020","value":"0.402"},{"name":"debt","year":"2021","value":"0.397"},{"name":"debt","year":"2022","value":"0.522"},{"name":"debt","year":"2023","value":"0.483"},{"name":"cash","year":"2019","value":"0.012"},{"name":"cash","year":"2020","value":"0.020"},{"name":"cash","year":"2021","value":"0.100"},{"name":"cash","year":"2022","value":"0.035"},{"name":"cash","year":"2023","value":"0.132"},{"name":"net_debt","year":"2019","value":"0.37"},{"name":"net_debt","year":"2020","value":"0.38"},{"name":"net_debt","year":"2021","value":"0.30"},{"name":"net_debt","year":"2022","value":"0.49"},{"name":"net_debt","year":"2023","value":"0.35"},{"name":"common_share","year":"2019","value":"13.0"},{"name":"common_share","year":"2020","value":"38.2"},{"name":"common_share","year":"2021","value":"115.0"},{"name":"common_share","year":"2022","value":"62.1"},{"name":"common_share","year":"2023","value":"102.0"},{"name":"number_of_shares","year":"2019","value":"75.0"},{"name":"number_of_shares","year":"2020","value":"75.0"},{"name":"number_of_shares","year":"2021","value":"85.0"},{"name":"number_of_shares","year":"2022","value":"92.6"},{"name":"number_of_shares","year":"2023","value":"92.6"},{"name":"free_float","year":"2019","value":""},{"name":"free_float","year":"2020","value":""},{"name":"free_float","year":"2021","value":""},{"name":"free_float","year":"2022","value":""},{"name":"free_float","year":"2023","value":"15.0%"},{"name":"market_cap","year":"2019","value":"0.97"},{"name":"market_cap","year":"2020","value":"2.86"},{"name":"market_cap","year":"2021","value":"9.78"},{"name":"market_cap","year":"2022","value":"5.75"},{"name":"market_cap","year":"2023","value":"9.45"},{"name":"ev","year":"2019","value":"1.35"},{"name":"ev","year":"2020","value":"3.24"},{"name":"ev","year":"2021","value":"10.1"},{"name":"ev","year":"2022","value":"6.24"},{"name":"ev","year":"2023","value":"9.80"},{"name":"book_value","year":"2019","value":"0.86"},{"name":"book_value","year":"2020","value":"0.71"},{"name":"book_value","year":"2021","value":"2.57"},{"name":"book_value","year":"2022","value":"3.07"},{"name":"book_value","year":"2023","value":"5.45"},{"name":"eps","year":"2019","value":"1.77"},{"name":"eps","year":"2020","value":"0.07"},{"name":"eps","year":"2021","value":"1.08"},{"name":"eps","year":"2022","value":"2.25"},{"name":"eps","year":"2023","value":"2.64"},{"name":"fcf_share","year":"2019","value":"0.00"},{"name":"fcf_share","year":"2020","value":"0.00"},{"name":"fcf_share","year":"2021","value":"0.00"},{"name":"fcf_share","year":"2022","value":"0.00"},{"name":"fcf_share","year":"2023","value":"0.00"},{"name":"bv_share","year":"2019","value":"11.5"},{"name":"bv_share","year":"2020","value":"9.47"},{"name":"bv_share","year":"2021","value":"30.2"},{"name":"bv_share","year":"2022","value":"33.1"},{"name":"bv_share","year":"2023","value":"58.8"},{"name":"ebitda_margin","year":"2019","value":"0.0%"},{"name":"ebitda_margin","year":"2020","value":"0.0%"},{"name":"ebitda_margin","year":"2021","value":"0.0%"},{"name":"ebitda_margin","year":"2022","value":"0.0%"},{"name":"ebitda_margin","year":"2023","value":"0.0%"},{"name":"net_margin","year":"2019","value":"192.8%"},{"name":"net_margin","year":"2020","value":"8.3%"},{"name":"net_margin","year":"2021","value":"114.0%"},{"name":"net_margin","year":"2022","value":"258.1%"},{"name":"net_margin","year":"2023","value":"331.1%"},{"name":"fcf_yield","year":"2019","value":"0.0%"},{"name":"fcf_yield","year":"2020","value":"0.0%"},{"name":"fcf_yield","year":"2021","value":"0.0%"},{"name":"fcf_yield","year":"2022","value":"0.0%"},{"name":"fcf_yield","year":"2023","value":"0.0%"},{"name":"roe","year":"2019","value":"15.5%"},{"name":"roe","year":"2020","value":"0.7%"},{"name":"roe","year":"2021","value":"3.6%"},{"name":"roe","year":"2022","value":"6.8%"},{"name":"roe","year":"2023","value":"4.5%"},{"name":"roa","year":"2019","value":"8.5%"},{"name":"roa","year":"2020","value":"0.3%"},{"name":"roa","year":"2021","value":"2.5%"},{"name":"roa","year":"2022","value":"5.6%"},{"name":"roa","year":"2023","value":"4.0%"},{"name":"p_e","year":"2019","value":"7.33"},{"name":"p_e","year":"2020","value":"572.4"},{"name":"p_e","year":"2021","value":"106.3"},{"name":"p_e","year":"2022","value":"27.6"},{"name":"p_e","year":"2023","value":"38.6"},{"name":"p_s","year":"2019","value":"14.1"},{"name":"p_s","year":"2020","value":"47.7"},{"name":"p_s","year":"2021","value":"121.1"},{"name":"p_s","year":"2022","value":"71.3"},{"name":"p_s","year":"2023","value":"127.7"},{"name":"p_bv","year":"2019","value":"1.13"},{"name":"p_bv","year":"2020","value":"4.03"},{"name":"p_bv","year":"2021","value":"3.80"},{"name":"p_bv","year":"2022","value":"1.87"},{"name":"p_bv","year":"2023","value":"1.73"},{"name":"capex_revenue","year":"2019","value":"0%"},{"name":"capex_revenue","year":"2020","value":"0%"},{"name":"capex_revenue","year":"2021","value":"0%"},{"name":"capex_revenue","year":"2022","value":"0%"},{"name":"capex_revenue","year":"2023","value":"0%"}]