[{"name":"date","year":"2021Q4","value":""},{"name":"date","year":"2022Q2","value":"29.08.2023"},{"name":"date","year":"2022Q4","value":"27.04.2024"},{"name":"date","year":"2023Q2","value":"29.08.2023"},{"name":"date","year":"2023Q4","value":"27.04.2024"},{"name":"date","year":"LTM\n?","value":"27.04.2024"},{"name":"currency","year":"2021Q4","value":"RUB"},{"name":"currency","year":"2022Q2","value":"RUB"},{"name":"currency","year":"2022Q4","value":"RUB"},{"name":"currency","year":"2023Q2","value":"RUB"},{"name":"currency","year":"2023Q4","value":"RUB"},{"name":"currency","year":"LTM\n?","value":"RUB"},{"name":"report_url","year":"2021Q4","value":""},{"name":"report_url","year":"2022Q2","value":""},{"name":"report_url","year":"2022Q4","value":""},{"name":"report_url","year":"2023Q2","value":"https://www.e-disclosure.ru/portal/FileLoad.ashx?Fileid=1808911"},{"name":"report_url","year":"2023Q4","value":"https://www.e-disclosure.ru/portal/FileLoad.ashx?Fileid=1834446"},{"name":"report_url","year":"LTM\n?","value":"https://www.e-disclosure.ru/portal/FileLoad.ashx?Fileid=1834446"},{"name":"revenue","year":"2021Q4","value":""},{"name":"revenue","year":"2022Q2","value":"3.33"},{"name":"revenue","year":"2022Q4","value":"0.000"},{"name":"revenue","year":"2023Q2","value":"3.10"},{"name":"revenue","year":"2023Q4","value":"0.000"},{"name":"revenue","year":"LTM\n?","value":"3.10"},{"name":"operating_income","year":"2021Q4","value":""},{"name":"operating_income","year":"2022Q2","value":"4.89"},{"name":"operating_income","year":"2022Q4","value":""},{"name":"operating_income","year":"2023Q2","value":"5.07"},{"name":"operating_income","year":"2023Q4","value":""},{"name":"operating_income","year":"LTM\n?","value":"5.07"},{"name":"net_income","year":"2021Q4","value":""},{"name":"net_income","year":"2022Q2","value":"3.22"},{"name":"net_income","year":"2022Q4","value":"0.210"},{"name":"net_income","year":"2023Q2","value":"0.690"},{"name":"net_income","year":"2023Q4","value":"0.420"},{"name":"net_income","year":"LTM\n?","value":"1.11"},{"name":"ocf","year":"2021Q4","value":""},{"name":"ocf","year":"2022Q2","value":"-4.00"},{"name":"ocf","year":"2022Q4","value":""},{"name":"ocf","year":"2023Q2","value":"-5.50"},{"name":"ocf","year":"2023Q4","value":""},{"name":"ocf","year":"LTM\n?","value":"-5.50"},{"name":"div_yield","year":"2021Q4","value":"0.0%"},{"name":"div_yield","year":"2022Q2","value":"0.0%"},{"name":"div_yield","year":"2022Q4","value":"0.0%"},{"name":"div_yield","year":"2023Q2","value":"0.0%"},{"name":"div_yield","year":"2023Q4","value":"0.0%"},{"name":"div_yield","year":"LTM\n?","value":"0.0%"},{"name":"div_payout_ratio","year":"2021Q4","value":""},{"name":"div_payout_ratio","year":"2022Q2","value":"0%"},{"name":"div_payout_ratio","year":"2022Q4","value":"0%"},{"name":"div_payout_ratio","year":"2023Q2","value":"0%"},{"name":"div_payout_ratio","year":"2023Q4","value":"0%"},{"name":"div_payout_ratio","year":"LTM\n?","value":"0"},{"name":"opex","year":"2021Q4","value":""},{"name":"opex","year":"2022Q2","value":"1.70"},{"name":"opex","year":"2022Q4","value":""},{"name":"opex","year":"2023Q2","value":"1.90"},{"name":"opex","year":"2023Q4","value":""},{"name":"opex","year":"LTM\n?","value":"1.90"},{"name":"cost_of_production","year":"2021Q4","value":""},{"name":"cost_of_production","year":"2022Q2","value":"0.213"},{"name":"cost_of_production","year":"2022Q4","value":""},{"name":"cost_of_production","year":"2023Q2","value":"0.213"},{"name":"cost_of_production","year":"2023Q4","value":""},{"name":"cost_of_production","year":"LTM\n?","value":"0.213"},{"name":"assets","year":"2021Q4","value":"8.00"},{"name":"assets","year":"2022Q2","value":""},{"name":"assets","year":"2022Q4","value":"12.5"},{"name":"assets","year":"2023Q2","value":"13.3"},{"name":"assets","year":"2023Q4","value":"13.7"},{"name":"assets","year":"LTM\n?","value":"13.7"},{"name":"net_assets","year":"2021Q4","value":"8.00"},{"name":"net_assets","year":"2022Q2","value":""},{"name":"net_assets","year":"2022Q4","value":"12.1"},{"name":"net_assets","year":"2023Q2","value":"12.8"},{"name":"net_assets","year":"2023Q4","value":"13.2"},{"name":"net_assets","year":"LTM\n?","value":"13.2"},{"name":"debt","year":"2021Q4","value":"0.000"},{"name":"debt","year":"2022Q2","value":""},{"name":"debt","year":"2022Q4","value":""},{"name":"debt","year":"2023Q2","value":""},{"name":"debt","year":"2023Q4","value":""},{"name":"debt","year":"LTM\n?","value":""},{"name":"cash","year":"2021Q4","value":"0.000"},{"name":"cash","year":"2022Q2","value":""},{"name":"cash","year":"2022Q4","value":""},{"name":"cash","year":"2023Q2","value":""},{"name":"cash","year":"2023Q4","value":""},{"name":"cash","year":"LTM\n?","value":""},{"name":"net_debt","year":"2021Q4","value":"0.00"},{"name":"net_debt","year":"2022Q2","value":"0.00"},{"name":"net_debt","year":"2022Q4","value":"0.00"},{"name":"net_debt","year":"2023Q2","value":"0.00"},{"name":"net_debt","year":"2023Q4","value":"0.00"},{"name":"net_debt","year":"LTM\n?","value":"0"},{"name":"common_share","year":"2021Q4","value":"11.4"},{"name":"common_share","year":"2022Q2","value":"10.0"},{"name":"common_share","year":"2022Q4","value":"10.1"},{"name":"common_share","year":"2023Q2","value":"24.3"},{"name":"common_share","year":"2023Q4","value":"28.3"},{"name":"common_share","year":"LTM\n?","value":"18.5"},{"name":"number_of_shares","year":"2021Q4","value":"1 150"},{"name":"number_of_shares","year":"2022Q2","value":"1 150"},{"name":"number_of_shares","year":"2022Q4","value":"1 150"},{"name":"number_of_shares","year":"2023Q2","value":"1 150"},{"name":"number_of_shares","year":"2023Q4","value":"1 150"},{"name":"number_of_shares","year":"LTM\n?","value":"1 150"},{"name":"market_cap","year":"2021Q4","value":"13.1"},{"name":"market_cap","year":"2022Q2","value":"11.5"},{"name":"market_cap","year":"2022Q4","value":"11.6"},{"name":"market_cap","year":"2023Q2","value":"28.0"},{"name":"market_cap","year":"2023Q4","value":"32.5"},{"name":"market_cap","year":"LTM\n?","value":"21.3"},{"name":"ev","year":"2021Q4","value":"13.1"},{"name":"ev","year":"2022Q2","value":"11.5"},{"name":"ev","year":"2022Q4","value":"11.6"},{"name":"ev","year":"2023Q2","value":"28.0"},{"name":"ev","year":"2023Q4","value":"32.5"},{"name":"ev","year":"LTM\n?","value":"21.3"},{"name":"book_value","year":"2021Q4","value":"8.00"},{"name":"book_value","year":"2022Q2","value":"0.00"},{"name":"book_value","year":"2022Q4","value":"12.1"},{"name":"book_value","year":"2023Q2","value":"12.8"},{"name":"book_value","year":"2023Q4","value":"13.2"},{"name":"book_value","year":"LTM\n?","value":"13.2"},{"name":"eps","year":"2021Q4","value":"0.00"},{"name":"eps","year":"2022Q2","value":"2.80"},{"name":"eps","year":"2022Q4","value":"0.18"},{"name":"eps","year":"2023Q2","value":"0.60"},{"name":"eps","year":"2023Q4","value":"0.37"},{"name":"eps","year":"LTM\n?","value":"0.97"},{"name":"fcf_share","year":"2021Q4","value":"0.00"},{"name":"fcf_share","year":"2022Q2","value":"0.00"},{"name":"fcf_share","year":"2022Q4","value":"0.00"},{"name":"fcf_share","year":"2023Q2","value":"0.00"},{"name":"fcf_share","year":"2023Q4","value":"0.00"},{"name":"fcf_share","year":"LTM\n?","value":"0"},{"name":"bv_share","year":"2021Q4","value":"6.96"},{"name":"bv_share","year":"2022Q2","value":"0.00"},{"name":"bv_share","year":"2022Q4","value":"10.5"},{"name":"bv_share","year":"2023Q2","value":"11.1"},{"name":"bv_share","year":"2023Q4","value":"11.5"},{"name":"bv_share","year":"LTM\n?","value":"11.5"},{"name":"ebitda_margin","year":"2021Q4","value":""},{"name":"ebitda_margin","year":"2022Q2","value":"0.0%"},{"name":"ebitda_margin","year":"2022Q4","value":""},{"name":"ebitda_margin","year":"2023Q2","value":"0.0%"},{"name":"ebitda_margin","year":"2023Q4","value":""},{"name":"ebitda_margin","year":"LTM\n?","value":"0"},{"name":"net_margin","year":"2021Q4","value":""},{"name":"net_margin","year":"2022Q2","value":"96.7%"},{"name":"net_margin","year":"2022Q4","value":""},{"name":"net_margin","year":"2023Q2","value":"22.3%"},{"name":"net_margin","year":"2023Q4","value":""},{"name":"net_margin","year":"LTM\n?","value":"35.8%"},{"name":"fcf_yield","year":"2021Q4","value":"0.0%"},{"name":"fcf_yield","year":"2022Q2","value":"0.0%"},{"name":"fcf_yield","year":"2022Q4","value":"0.0%"},{"name":"fcf_yield","year":"2023Q2","value":"0.0%"},{"name":"fcf_yield","year":"2023Q4","value":"0.0%"},{"name":"fcf_yield","year":"LTM\n?","value":"0.0%"},{"name":"roe","year":"2021Q4","value":"0.0%"},{"name":"roe","year":"2022Q2","value":""},{"name":"roe","year":"2022Q4","value":"28.4%"},{"name":"roe","year":"2023Q2","value":"5.4%"},{"name":"roe","year":"2023Q4","value":"8.4%"},{"name":"roe","year":"LTM\n?","value":"8.4%"},{"name":"roa","year":"2021Q4","value":"0.0%"},{"name":"roa","year":"2022Q2","value":""},{"name":"roa","year":"2022Q4","value":"27.4%"},{"name":"roa","year":"2023Q2","value":"5.2%"},{"name":"roa","year":"2023Q4","value":"8.1%"},{"name":"roa","year":"LTM\n?","value":"8.1%"},{"name":"p_e","year":"2021Q4","value":""},{"name":"p_e","year":"2022Q2","value":"3.59"},{"name":"p_e","year":"2022Q4","value":"3.39"},{"name":"p_e","year":"2023Q2","value":"40.6"},{"name":"p_e","year":"2023Q4","value":"29.3"},{"name":"p_e","year":"LTM\n?","value":"19.2"},{"name":"p_s","year":"2021Q4","value":""},{"name":"p_s","year":"2022Q2","value":"3.47"},{"name":"p_s","year":"2022Q4","value":"3.50"},{"name":"p_s","year":"2023Q2","value":"9.03"},{"name":"p_s","year":"2023Q4","value":"10.5"},{"name":"p_s","year":"LTM\n?","value":"6.87"},{"name":"p_bv","year":"2021Q4","value":"1.64"},{"name":"p_bv","year":"2022Q2","value":""},{"name":"p_bv","year":"2022Q4","value":"0.96"},{"name":"p_bv","year":"2023Q2","value":"2.19"},{"name":"p_bv","year":"2023Q4","value":"2.47"},{"name":"p_bv","year":"LTM\n?","value":"1.62"},{"name":"employees","year":"2021Q4","value":"0"},{"name":"employees","year":"2022Q2","value":""},{"name":"employees","year":"2022Q4","value":""},{"name":"employees","year":"2023Q2","value":""},{"name":"employees","year":"2023Q4","value":""},{"name":"employees","year":"LTM\n?","value":""},{"name":"capex_revenue","year":"2021Q4","value":""},{"name":"capex_revenue","year":"2022Q2","value":"0%"},{"name":"capex_revenue","year":"2022Q4","value":""},{"name":"capex_revenue","year":"2023Q2","value":"0%"},{"name":"capex_revenue","year":"2023Q4","value":""},{"name":"capex_revenue","year":"LTM\n?","value":"0"}]