[
  {
    "name": "revenue",
    "year": "2015Q2",
    "value": 6.398
  },
  {
    "name": "revenue",
    "year": "2015Q4",
    "value": null
  },
  {
    "name": "revenue",
    "year": "2016Q2",
    "value": 6.418
  },
  {
    "name": "revenue",
    "year": "2016Q4",
    "value": null
  },
  {
    "name": "revenue",
    "year": "2017Q2",
    "value": 0.344
  },
  {
    "name": "revenue",
    "year": "2017Q4",
    "value": null
  },
  {
    "name": "revenue",
    "year": "2018Q2",
    "value": 0.003
  },
  {
    "name": "revenue",
    "year": "2018Q4",
    "value": null
  },
  {
    "name": "revenue",
    "year": "2019Q2",
    "value": 0.003
  },
  {
    "name": "revenue",
    "year": "2019Q4",
    "value": 0.003
  },
  {
    "name": "revenue",
    "year": "2020Q2",
    "value": 0.003
  },
  {
    "name": "revenue",
    "year": "2020Q4",
    "value": 0.003
  },
  {
    "name": "revenue",
    "year": "2021Q4",
    "value": null
  },
  {
    "name": "revenue",
    "year": "2022Q2",
    "value": 3.33
  },
  {
    "name": "revenue",
    "year": "2022Q4",
    "value": 0.0
  },
  {
    "name": "revenue",
    "year": "2023Q2",
    "value": 3.1
  },
  {
    "name": "revenue",
    "year": "2023Q4",
    "value": 0.0
  },
  {
    "name": "operating_income",
    "year": "2022Q2",
    "value": 4.89
  },
  {
    "name": "operating_income",
    "year": "2022Q4",
    "value": null
  },
  {
    "name": "operating_income",
    "year": "2023Q2",
    "value": 5.07
  },
  {
    "name": "net_income",
    "year": "2015Q2",
    "value": 0.768
  },
  {
    "name": "net_income",
    "year": "2015Q4",
    "value": null
  },
  {
    "name": "net_income",
    "year": "2016Q2",
    "value": 0.021
  },
  {
    "name": "net_income",
    "year": "2016Q4",
    "value": null
  },
  {
    "name": "net_income",
    "year": "2017Q2",
    "value": 0.689
  },
  {
    "name": "net_income",
    "year": "2017Q4",
    "value": null
  },
  {
    "name": "net_income",
    "year": "2018Q2",
    "value": 0.581
  },
  {
    "name": "net_income",
    "year": "2018Q4",
    "value": null
  },
  {
    "name": "net_income",
    "year": "2019Q2",
    "value": 0.477
  },
  {
    "name": "net_income",
    "year": "2019Q4",
    "value": 0.137
  },
  {
    "name": "net_income",
    "year": "2020Q2",
    "value": -0.3
  },
  {
    "name": "net_income",
    "year": "2020Q4",
    "value": -0.36
  },
  {
    "name": "net_income",
    "year": "2021Q4",
    "value": null
  },
  {
    "name": "net_income",
    "year": "2022Q2",
    "value": 3.22
  },
  {
    "name": "net_income",
    "year": "2022Q4",
    "value": 0.21
  },
  {
    "name": "net_income",
    "year": "2023Q2",
    "value": 0.69
  },
  {
    "name": "net_income",
    "year": "2023Q4",
    "value": 0.42
  },
  {
    "name": "cost_of_production",
    "year": "2015Q2",
    "value": 4.335
  },
  {
    "name": "cost_of_production",
    "year": "2015Q4",
    "value": null
  },
  {
    "name": "cost_of_production",
    "year": "2016Q2",
    "value": 5.974
  },
  {
    "name": "cost_of_production",
    "year": "2016Q4",
    "value": null
  },
  {
    "name": "cost_of_production",
    "year": "2017Q2",
    "value": 0.325
  },
  {
    "name": "cost_of_production",
    "year": "2017Q4",
    "value": null
  },
  {
    "name": "cost_of_production",
    "year": "2018Q2",
    "value": 1.286
  },
  {
    "name": "cost_of_production",
    "year": "2018Q4",
    "value": null
  },
  {
    "name": "cost_of_production",
    "year": "2019Q2",
    "value": 0.0
  },
  {
    "name": "cost_of_production",
    "year": "2019Q4",
    "value": 0.001
  },
  {
    "name": "cost_of_production",
    "year": "2020Q2",
    "value": 0.0
  },
  {
    "name": "cost_of_production",
    "year": "2020Q4",
    "value": 0.001
  },
  {
    "name": "cost_of_production",
    "year": "2021Q4",
    "value": null
  },
  {
    "name": "cost_of_production",
    "year": "2022Q2",
    "value": 0.213
  },
  {
    "name": "cost_of_production",
    "year": "2022Q4",
    "value": null
  },
  {
    "name": "cost_of_production",
    "year": "2023Q2",
    "value": 0.213
  },
  {
    "name": "assets",
    "year": "2008Q4",
    "value": 20.92
  },
  {
    "name": "assets",
    "year": "2009Q4",
    "value": 20.38
  },
  {
    "name": "assets",
    "year": "2010Q4",
    "value": 18.96
  },
  {
    "name": "assets",
    "year": "2011Q4",
    "value": 17.57
  },
  {
    "name": "assets",
    "year": "2012Q4",
    "value": 17.03
  },
  {
    "name": "assets",
    "year": "2013Q4",
    "value": 17.14
  },
  {
    "name": "assets",
    "year": "2014Q4",
    "value": 10.54
  },
  {
    "name": "assets",
    "year": "2015Q2",
    "value": null
  },
  {
    "name": "assets",
    "year": "2015Q4",
    "value": 9.26
  },
  {
    "name": "assets",
    "year": "2016Q2",
    "value": null
  },
  {
    "name": "assets",
    "year": "2016Q4",
    "value": 8.26
  },
  {
    "name": "assets",
    "year": "2017Q2",
    "value": null
  },
  {
    "name": "assets",
    "year": "2017Q4",
    "value": 7.74
  },
  {
    "name": "assets",
    "year": "2018Q2",
    "value": null
  },
  {
    "name": "assets",
    "year": "2018Q4",
    "value": 7.8
  },
  {
    "name": "assets",
    "year": "2019Q2",
    "value": null
  },
  {
    "name": "assets",
    "year": "2019Q4",
    "value": 7.87
  },
  {
    "name": "assets",
    "year": "2020Q2",
    "value": 5.57
  },
  {
    "name": "assets",
    "year": "2020Q4",
    "value": 7.95
  },
  {
    "name": "assets",
    "year": "2021Q4",
    "value": 8.0
  },
  {
    "name": "assets",
    "year": "2022Q2",
    "value": null
  },
  {
    "name": "assets",
    "year": "2022Q4",
    "value": 12.5
  },
  {
    "name": "assets",
    "year": "2023Q2",
    "value": 13.27
  },
  {
    "name": "assets",
    "year": "2023Q4",
    "value": 13.73
  },
  {
    "name": "net_assets",
    "year": "2008Q4",
    "value": 8.39
  },
  {
    "name": "net_assets",
    "year": "2009Q4",
    "value": 5.5
  },
  {
    "name": "net_assets",
    "year": "2010Q4",
    "value": 8.01
  },
  {
    "name": "net_assets",
    "year": "2011Q4",
    "value": 9.82
  },
  {
    "name": "net_assets",
    "year": "2012Q4",
    "value": 11.16
  },
  {
    "name": "net_assets",
    "year": "2013Q4",
    "value": 9.19
  },
  {
    "name": "net_assets",
    "year": "2014Q4",
    "value": 8.15
  },
  {
    "name": "net_assets",
    "year": "2015Q2",
    "value": null
  },
  {
    "name": "net_assets",
    "year": "2015Q4",
    "value": 7.74
  },
  {
    "name": "net_assets",
    "year": "2016Q2",
    "value": 5.287
  },
  {
    "name": "net_assets",
    "year": "2016Q4",
    "value": 7.63
  },
  {
    "name": "net_assets",
    "year": "2017Q2",
    "value": 3.174
  },
  {
    "name": "net_assets",
    "year": "2017Q4",
    "value": 7.72
  },
  {
    "name": "net_assets",
    "year": "2018Q2",
    "value": 4.359
  },
  {
    "name": "net_assets",
    "year": "2018Q4",
    "value": 7.79
  },
  {
    "name": "net_assets",
    "year": "2019Q2",
    "value": 5.744
  },
  {
    "name": "net_assets",
    "year": "2019Q4",
    "value": 7.87
  },
  {
    "name": "net_assets",
    "year": "2020Q2",
    "value": 5.57
  },
  {
    "name": "net_assets",
    "year": "2020Q4",
    "value": 7.95
  },
  {
    "name": "net_assets",
    "year": "2021Q4",
    "value": 8.0
  },
  {
    "name": "net_assets",
    "year": "2022Q2",
    "value": null
  },
  {
    "name": "net_assets",
    "year": "2022Q4",
    "value": 12.07
  },
  {
    "name": "net_assets",
    "year": "2023Q2",
    "value": 12.76
  },
  {
    "name": "net_assets",
    "year": "2023Q4",
    "value": 13.18
  },
  {
    "name": "debt",
    "year": "2010Q4",
    "value": 6.08
  },
  {
    "name": "debt",
    "year": "2011Q4",
    "value": 3.55
  },
  {
    "name": "debt",
    "year": "2012Q4",
    "value": 3.429
  },
  {
    "name": "debt",
    "year": "2013Q4",
    "value": 5.84
  },
  {
    "name": "debt",
    "year": "2014Q4",
    "value": 1.0
  },
  {
    "name": "debt",
    "year": "2015Q2",
    "value": null
  },
  {
    "name": "debt",
    "year": "2015Q4",
    "value": 0.82
  },
  {
    "name": "debt",
    "year": "2016Q2",
    "value": 0.768
  },
  {
    "name": "debt",
    "year": "2016Q4",
    "value": 0.0
  },
  {
    "name": "debt",
    "year": "2017Q2",
    "value": 0.0
  },
  {
    "name": "debt",
    "year": "2017Q4",
    "value": null
  },
  {
    "name": "debt",
    "year": "2018Q2",
    "value": 0.0
  },
  {
    "name": "debt",
    "year": "2018Q4",
    "value": null
  },
  {
    "name": "debt",
    "year": "2019Q2",
    "value": 0.0
  },
  {
    "name": "debt",
    "year": "2019Q4",
    "value": 0.0
  },
  {
    "name": "debt",
    "year": "2020Q2",
    "value": 0.0
  },
  {
    "name": "debt",
    "year": "2020Q4",
    "value": 0.0
  },
  {
    "name": "debt",
    "year": "2021Q4",
    "value": 0.0
  },
  {
    "name": "cash",
    "year": "2013Q4",
    "value": 0.007
  },
  {
    "name": "cash",
    "year": "2014Q4",
    "value": 0.001
  },
  {
    "name": "cash",
    "year": "2015Q2",
    "value": null
  },
  {
    "name": "cash",
    "year": "2015Q4",
    "value": 0.0
  },
  {
    "name": "cash",
    "year": "2016Q2",
    "value": null
  },
  {
    "name": "cash",
    "year": "2016Q4",
    "value": 0.0
  },
  {
    "name": "cash",
    "year": "2017Q2",
    "value": null
  },
  {
    "name": "cash",
    "year": "2017Q4",
    "value": null
  },
  {
    "name": "cash",
    "year": "2018Q2",
    "value": 0.07
  },
  {
    "name": "cash",
    "year": "2018Q4",
    "value": 0.0
  },
  {
    "name": "cash",
    "year": "2019Q2",
    "value": 0.0
  },
  {
    "name": "cash",
    "year": "2019Q4",
    "value": 0.0
  },
  {
    "name": "cash",
    "year": "2020Q2",
    "value": 0.0
  },
  {
    "name": "cash",
    "year": "2020Q4",
    "value": 0.0
  },
  {
    "name": "cash",
    "year": "2021Q4",
    "value": 0.0
  },
  {
    "name": "net_debt",
    "year": "2008Q4",
    "value": 0.0
  },
  {
    "name": "net_debt",
    "year": "2009Q4",
    "value": 0.0
  },
  {
    "name": "net_debt",
    "year": "2010Q4",
    "value": 6.08
  },
  {
    "name": "net_debt",
    "year": "2011Q4",
    "value": 3.55
  },
  {
    "name": "net_debt",
    "year": "2012Q4",
    "value": 3.429
  },
  {
    "name": "net_debt",
    "year": "2013Q4",
    "value": 5.833
  },
  {
    "name": "net_debt",
    "year": "2014Q4",
    "value": 0.999
  },
  {
    "name": "net_debt",
    "year": "2015Q2",
    "value": 0.0
  },
  {
    "name": "net_debt",
    "year": "2015Q4",
    "value": 0.82
  },
  {
    "name": "net_debt",
    "year": "2016Q2",
    "value": 0.768
  },
  {
    "name": "net_debt",
    "year": "2016Q4",
    "value": 0.0
  },
  {
    "name": "net_debt",
    "year": "2017Q2",
    "value": 0.0
  },
  {
    "name": "net_debt",
    "year": "2017Q4",
    "value": 0.0
  },
  {
    "name": "net_debt",
    "year": "2018Q2",
    "value": -0.07
  },
  {
    "name": "net_debt",
    "year": "2018Q4",
    "value": 0.0
  },
  {
    "name": "net_debt",
    "year": "2019Q2",
    "value": 0.0
  },
  {
    "name": "net_debt",
    "year": "2019Q4",
    "value": 0.0
  },
  {
    "name": "net_debt",
    "year": "2020Q2",
    "value": 0.0
  },
  {
    "name": "net_debt",
    "year": "2020Q4",
    "value": 0.0
  },
  {
    "name": "net_debt",
    "year": "2021Q4",
    "value": 0.0
  },
  {
    "name": "net_debt",
    "year": "2022Q2",
    "value": 0.0
  },
  {
    "name": "net_debt",
    "year": "2022Q4",
    "value": 0.0
  },
  {
    "name": "net_debt",
    "year": "2023Q2",
    "value": 0.0
  },
  {
    "name": "net_debt",
    "year": "2023Q4",
    "value": 0.0
  },
  {
    "name": "common_share",
    "year": "2015Q4",
    "value": 4.0
  },
  {
    "name": "common_share",
    "year": "2016Q2",
    "value": null
  },
  {
    "name": "common_share",
    "year": "2016Q4",
    "value": 4.88
  },
  {
    "name": "common_share",
    "year": "2017Q2",
    "value": 2.5
  },
  {
    "name": "common_share",
    "year": "2017Q4",
    "value": 2.7
  },
  {
    "name": "common_share",
    "year": "2018Q2",
    "value": 2.94
  },
  {
    "name": "common_share",
    "year": "2018Q4",
    "value": 2.73
  },
  {
    "name": "common_share",
    "year": "2019Q2",
    "value": 4.024
  },
  {
    "name": "common_share",
    "year": "2019Q4",
    "value": 3.998
  },
  {
    "name": "common_share",
    "year": "2020Q2",
    "value": 4.01
  },
  {
    "name": "common_share",
    "year": "2020Q4",
    "value": 5.254
  },
  {
    "name": "common_share",
    "year": "2021Q4",
    "value": 11.405
  },
  {
    "name": "common_share",
    "year": "2022Q2",
    "value": 10.04
  },
  {
    "name": "common_share",
    "year": "2022Q4",
    "value": 10.125
  },
  {
    "name": "common_share",
    "year": "2023Q2",
    "value": 24.33
  },
  {
    "name": "common_share",
    "year": "2023Q4",
    "value": 28.255
  },
  {
    "name": "number_of_shares",
    "year": "2008Q4",
    "value": 1150.0
  },
  {
    "name": "number_of_shares",
    "year": "2009Q4",
    "value": 1150.0
  },
  {
    "name": "number_of_shares",
    "year": "2010Q4",
    "value": 1150.0
  },
  {
    "name": "number_of_shares",
    "year": "2011Q4",
    "value": 1150.0
  },
  {
    "name": "number_of_shares",
    "year": "2012Q4",
    "value": 1150.0
  },
  {
    "name": "number_of_shares",
    "year": "2013Q4",
    "value": 1150.0
  },
  {
    "name": "number_of_shares",
    "year": "2014Q4",
    "value": 1150.0
  },
  {
    "name": "number_of_shares",
    "year": "2015Q2",
    "value": null
  },
  {
    "name": "number_of_shares",
    "year": "2015Q4",
    "value": 1150.0
  },
  {
    "name": "number_of_shares",
    "year": "2016Q2",
    "value": 1150.0
  },
  {
    "name": "number_of_shares",
    "year": "2016Q4",
    "value": 1150.0
  },
  {
    "name": "number_of_shares",
    "year": "2017Q2",
    "value": 1150.0
  },
  {
    "name": "number_of_shares",
    "year": "2017Q4",
    "value": 1150.0
  },
  {
    "name": "number_of_shares",
    "year": "2018Q2",
    "value": 1150.0
  },
  {
    "name": "number_of_shares",
    "year": "2018Q4",
    "value": 1150.0
  },
  {
    "name": "number_of_shares",
    "year": "2019Q2",
    "value": 1150.0
  },
  {
    "name": "number_of_shares",
    "year": "2019Q4",
    "value": 1150.0
  },
  {
    "name": "number_of_shares",
    "year": "2020Q2",
    "value": 1150.0
  },
  {
    "name": "number_of_shares",
    "year": "2020Q4",
    "value": 1150.0
  },
  {
    "name": "number_of_shares",
    "year": "2021Q4",
    "value": 1150.0
  },
  {
    "name": "number_of_shares",
    "year": "2022Q2",
    "value": 1150.0
  },
  {
    "name": "number_of_shares",
    "year": "2022Q4",
    "value": 1150.0
  },
  {
    "name": "number_of_shares",
    "year": "2023Q2",
    "value": 1150.0
  },
  {
    "name": "number_of_shares",
    "year": "2023Q4",
    "value": 1150.0
  },
  {
    "name": "market_cap",
    "year": "2008Q4",
    "value": 0.0
  },
  {
    "name": "market_cap",
    "year": "2009Q4",
    "value": 0.0
  },
  {
    "name": "market_cap",
    "year": "2010Q4",
    "value": 0.0
  },
  {
    "name": "market_cap",
    "year": "2011Q4",
    "value": 0.0
  },
  {
    "name": "market_cap",
    "year": "2012Q4",
    "value": 0.0
  },
  {
    "name": "market_cap",
    "year": "2013Q4",
    "value": 0.0
  },
  {
    "name": "market_cap",
    "year": "2014Q4",
    "value": 0.0
  },
  {
    "name": "market_cap",
    "year": "2015Q2",
    "value": 0.0
  },
  {
    "name": "market_cap",
    "year": "2015Q4",
    "value": 4.6
  },
  {
    "name": "market_cap",
    "year": "2016Q2",
    "value": 0.0
  },
  {
    "name": "market_cap",
    "year": "2016Q4",
    "value": 5.612
  },
  {
    "name": "market_cap",
    "year": "2017Q2",
    "value": 2.875
  },
  {
    "name": "market_cap",
    "year": "2017Q4",
    "value": 3.105
  },
  {
    "name": "market_cap",
    "year": "2018Q2",
    "value": 3.381
  },
  {
    "name": "market_cap",
    "year": "2018Q4",
    "value": 3.1395
  },
  {
    "name": "market_cap",
    "year": "2019Q2",
    "value": 4.6276
  },
  {
    "name": "market_cap",
    "year": "2019Q4",
    "value": 4.5977
  },
  {
    "name": "market_cap",
    "year": "2020Q2",
    "value": 4.6115
  },
  {
    "name": "market_cap",
    "year": "2020Q4",
    "value": 6.0421
  },
  {
    "name": "market_cap",
    "year": "2021Q4",
    "value": 13.11575
  },
  {
    "name": "market_cap",
    "year": "2022Q2",
    "value": 11.546
  },
  {
    "name": "market_cap",
    "year": "2022Q4",
    "value": 11.64375
  },
  {
    "name": "market_cap",
    "year": "2023Q2",
    "value": 27.9795
  },
  {
    "name": "market_cap",
    "year": "2023Q4",
    "value": 32.49325
  },
  {
    "name": "ev",
    "year": "2008Q4",
    "value": 0.0
  },
  {
    "name": "ev",
    "year": "2009Q4",
    "value": 0.0
  },
  {
    "name": "ev",
    "year": "2010Q4",
    "value": 6.08
  },
  {
    "name": "ev",
    "year": "2011Q4",
    "value": 3.55
  },
  {
    "name": "ev",
    "year": "2012Q4",
    "value": 3.429
  },
  {
    "name": "ev",
    "year": "2013Q4",
    "value": 5.833
  },
  {
    "name": "ev",
    "year": "2014Q4",
    "value": 0.999
  },
  {
    "name": "ev",
    "year": "2015Q2",
    "value": 0.0
  },
  {
    "name": "ev",
    "year": "2015Q4",
    "value": 5.42
  },
  {
    "name": "ev",
    "year": "2016Q2",
    "value": 0.768
  },
  {
    "name": "ev",
    "year": "2016Q4",
    "value": 5.612
  },
  {
    "name": "ev",
    "year": "2017Q2",
    "value": 2.875
  },
  {
    "name": "ev",
    "year": "2017Q4",
    "value": 3.105
  },
  {
    "name": "ev",
    "year": "2018Q2",
    "value": 3.311
  },
  {
    "name": "ev",
    "year": "2018Q4",
    "value": 3.1395
  },
  {
    "name": "ev",
    "year": "2019Q2",
    "value": 4.6276
  },
  {
    "name": "ev",
    "year": "2019Q4",
    "value": 4.5977
  },
  {
    "name": "ev",
    "year": "2020Q2",
    "value": 4.6115
  },
  {
    "name": "ev",
    "year": "2020Q4",
    "value": 6.0421
  },
  {
    "name": "ev",
    "year": "2021Q4",
    "value": 13.11575
  },
  {
    "name": "ev",
    "year": "2022Q2",
    "value": 11.546
  },
  {
    "name": "ev",
    "year": "2022Q4",
    "value": 11.64375
  },
  {
    "name": "ev",
    "year": "2023Q2",
    "value": 27.9795
  },
  {
    "name": "ev",
    "year": "2023Q4",
    "value": 32.49325
  },
  {
    "name": "book_value",
    "year": "2008Q4",
    "value": 8.39
  },
  {
    "name": "book_value",
    "year": "2009Q4",
    "value": 5.5
  },
  {
    "name": "book_value",
    "year": "2010Q4",
    "value": 8.01
  },
  {
    "name": "book_value",
    "year": "2011Q4",
    "value": 9.82
  },
  {
    "name": "book_value",
    "year": "2012Q4",
    "value": 11.16
  },
  {
    "name": "book_value",
    "year": "2013Q4",
    "value": 9.19
  },
  {
    "name": "book_value",
    "year": "2014Q4",
    "value": 8.15
  },
  {
    "name": "book_value",
    "year": "2015Q2",
    "value": 0.0
  },
  {
    "name": "book_value",
    "year": "2015Q4",
    "value": 7.74
  },
  {
    "name": "book_value",
    "year": "2016Q2",
    "value": 5.279
  },
  {
    "name": "book_value",
    "year": "2016Q4",
    "value": 7.63
  },
  {
    "name": "book_value",
    "year": "2017Q2",
    "value": 3.17
  },
  {
    "name": "book_value",
    "year": "2017Q4",
    "value": 7.72
  },
  {
    "name": "book_value",
    "year": "2018Q2",
    "value": 4.359
  },
  {
    "name": "book_value",
    "year": "2018Q4",
    "value": 7.79
  },
  {
    "name": "book_value",
    "year": "2019Q2",
    "value": 5.744
  },
  {
    "name": "book_value",
    "year": "2019Q4",
    "value": 7.87
  },
  {
    "name": "book_value",
    "year": "2020Q2",
    "value": 5.57
  },
  {
    "name": "book_value",
    "year": "2020Q4",
    "value": 7.95
  },
  {
    "name": "book_value",
    "year": "2021Q4",
    "value": 8.0
  },
  {
    "name": "book_value",
    "year": "2022Q2",
    "value": 0.0
  },
  {
    "name": "book_value",
    "year": "2022Q4",
    "value": 12.07
  },
  {
    "name": "book_value",
    "year": "2023Q2",
    "value": 12.76
  },
  {
    "name": "book_value",
    "year": "2023Q4",
    "value": 13.18
  },
  {
    "name": "eps",
    "year": "2008Q4",
    "value": 0.0
  },
  {
    "name": "eps",
    "year": "2009Q4",
    "value": 0.0
  },
  {
    "name": "eps",
    "year": "2010Q4",
    "value": 0.0
  },
  {
    "name": "eps",
    "year": "2011Q4",
    "value": 0.0
  },
  {
    "name": "eps",
    "year": "2012Q4",
    "value": 0.0
  },
  {
    "name": "eps",
    "year": "2013Q4",
    "value": 0.0
  },
  {
    "name": "eps",
    "year": "2014Q4",
    "value": 0.0
  },
  {
    "name": "eps",
    "year": "2015Q2",
    "value": null
  },
  {
    "name": "eps",
    "year": "2015Q4",
    "value": 0.0
  },
  {
    "name": "eps",
    "year": "2016Q2",
    "value": 0.0182608695652
  },
  {
    "name": "eps",
    "year": "2016Q4",
    "value": 0.0
  },
  {
    "name": "eps",
    "year": "2017Q2",
    "value": 0.599130434783
  },
  {
    "name": "eps",
    "year": "2017Q4",
    "value": 0.0
  },
  {
    "name": "eps",
    "year": "2018Q2",
    "value": 0.505217391304
  },
  {
    "name": "eps",
    "year": "2018Q4",
    "value": 0.0
  },
  {
    "name": "eps",
    "year": "2019Q2",
    "value": 0.414782608696
  },
  {
    "name": "eps",
    "year": "2019Q4",
    "value": 0.119130434783
  },
  {
    "name": "eps",
    "year": "2020Q2",
    "value": -0.260869565217
  },
  {
    "name": "eps",
    "year": "2020Q4",
    "value": -0.313043478261
  },
  {
    "name": "eps",
    "year": "2021Q4",
    "value": 0.0
  },
  {
    "name": "eps",
    "year": "2022Q2",
    "value": 2.8
  },
  {
    "name": "eps",
    "year": "2022Q4",
    "value": 0.182608695652
  },
  {
    "name": "eps",
    "year": "2023Q2",
    "value": 0.6
  },
  {
    "name": "eps",
    "year": "2023Q4",
    "value": 0.365217391304
  },
  {
    "name": "fcf_share",
    "year": "2008Q4",
    "value": 0.0
  },
  {
    "name": "fcf_share",
    "year": "2009Q4",
    "value": 0.0
  },
  {
    "name": "fcf_share",
    "year": "2010Q4",
    "value": 0.0
  },
  {
    "name": "fcf_share",
    "year": "2011Q4",
    "value": 0.0
  },
  {
    "name": "fcf_share",
    "year": "2012Q4",
    "value": 0.0
  },
  {
    "name": "fcf_share",
    "year": "2013Q4",
    "value": 0.0
  },
  {
    "name": "fcf_share",
    "year": "2014Q4",
    "value": 0.0
  },
  {
    "name": "fcf_share",
    "year": "2015Q2",
    "value": null
  },
  {
    "name": "fcf_share",
    "year": "2015Q4",
    "value": 0.0
  },
  {
    "name": "fcf_share",
    "year": "2016Q2",
    "value": 0.0
  },
  {
    "name": "fcf_share",
    "year": "2016Q4",
    "value": 0.0
  },
  {
    "name": "fcf_share",
    "year": "2017Q2",
    "value": 0.0
  },
  {
    "name": "fcf_share",
    "year": "2017Q4",
    "value": 0.0
  },
  {
    "name": "fcf_share",
    "year": "2018Q2",
    "value": 0.0
  },
  {
    "name": "fcf_share",
    "year": "2018Q4",
    "value": 0.0
  },
  {
    "name": "fcf_share",
    "year": "2019Q2",
    "value": 0.0
  },
  {
    "name": "fcf_share",
    "year": "2019Q4",
    "value": 0.0
  },
  {
    "name": "fcf_share",
    "year": "2020Q2",
    "value": 0.0
  },
  {
    "name": "fcf_share",
    "year": "2020Q4",
    "value": 0.0
  },
  {
    "name": "fcf_share",
    "year": "2021Q4",
    "value": 0.0
  },
  {
    "name": "fcf_share",
    "year": "2022Q2",
    "value": 0.0
  },
  {
    "name": "fcf_share",
    "year": "2022Q4",
    "value": 0.0
  },
  {
    "name": "fcf_share",
    "year": "2023Q2",
    "value": 0.0
  },
  {
    "name": "fcf_share",
    "year": "2023Q4",
    "value": 0.0
  },
  {
    "name": "bv_share",
    "year": "2008Q4",
    "value": 7.29565217391
  },
  {
    "name": "bv_share",
    "year": "2009Q4",
    "value": 4.78260869565
  },
  {
    "name": "bv_share",
    "year": "2010Q4",
    "value": 6.9652173913
  },
  {
    "name": "bv_share",
    "year": "2011Q4",
    "value": 8.53913043478
  },
  {
    "name": "bv_share",
    "year": "2012Q4",
    "value": 9.70434782609
  },
  {
    "name": "bv_share",
    "year": "2013Q4",
    "value": 7.99130434783
  },
  {
    "name": "bv_share",
    "year": "2014Q4",
    "value": 7.08695652174
  },
  {
    "name": "bv_share",
    "year": "2015Q2",
    "value": null
  },
  {
    "name": "bv_share",
    "year": "2015Q4",
    "value": 6.73043478261
  },
  {
    "name": "bv_share",
    "year": "2016Q2",
    "value": 4.59043478261
  },
  {
    "name": "bv_share",
    "year": "2016Q4",
    "value": 6.6347826087
  },
  {
    "name": "bv_share",
    "year": "2017Q2",
    "value": 2.75652173913
  },
  {
    "name": "bv_share",
    "year": "2017Q4",
    "value": 6.71304347826
  },
  {
    "name": "bv_share",
    "year": "2018Q2",
    "value": 3.79043478261
  },
  {
    "name": "bv_share",
    "year": "2018Q4",
    "value": 6.77391304348
  },
  {
    "name": "bv_share",
    "year": "2019Q2",
    "value": 4.9947826087
  },
  {
    "name": "bv_share",
    "year": "2019Q4",
    "value": 6.84347826087
  },
  {
    "name": "bv_share",
    "year": "2020Q2",
    "value": 4.84347826087
  },
  {
    "name": "bv_share",
    "year": "2020Q4",
    "value": 6.91304347826
  },
  {
    "name": "bv_share",
    "year": "2021Q4",
    "value": 6.95652173913
  },
  {
    "name": "bv_share",
    "year": "2022Q2",
    "value": 0.0
  },
  {
    "name": "bv_share",
    "year": "2022Q4",
    "value": 10.4956521739
  },
  {
    "name": "bv_share",
    "year": "2023Q2",
    "value": 11.0956521739
  },
  {
    "name": "bv_share",
    "year": "2023Q4",
    "value": 11.4608695652
  },
  {
    "name": "ebitda_margin",
    "year": "2015Q2",
    "value": 0.0
  },
  {
    "name": "ebitda_margin",
    "year": "2015Q4",
    "value": null
  },
  {
    "name": "ebitda_margin",
    "year": "2016Q2",
    "value": 5.01713929573
  },
  {
    "name": "ebitda_margin",
    "year": "2016Q4",
    "value": null
  },
  {
    "name": "ebitda_margin",
    "year": "2017Q2",
    "value": 59.011627907
  },
  {
    "name": "ebitda_margin",
    "year": "2017Q4",
    "value": null
  },
  {
    "name": "ebitda_margin",
    "year": "2018Q2",
    "value": 200.0
  },
  {
    "name": "ebitda_margin",
    "year": "2018Q4",
    "value": null
  },
  {
    "name": "ebitda_margin",
    "year": "2019Q2",
    "value": 66.6666666667
  },
  {
    "name": "ebitda_margin",
    "year": "2019Q4",
    "value": 0.0
  },
  {
    "name": "ebitda_margin",
    "year": "2020Q2",
    "value": 133.33333333299998
  },
  {
    "name": "ebitda_margin",
    "year": "2020Q4",
    "value": 0.0
  },
  {
    "name": "ebitda_margin",
    "year": "2021Q4",
    "value": null
  },
  {
    "name": "ebitda_margin",
    "year": "2022Q2",
    "value": 0.0
  },
  {
    "name": "ebitda_margin",
    "year": "2022Q4",
    "value": null
  },
  {
    "name": "ebitda_margin",
    "year": "2023Q2",
    "value": 0.0
  },
  {
    "name": "net_margin",
    "year": "2015Q2",
    "value": 12.0037511722
  },
  {
    "name": "net_margin",
    "year": "2015Q4",
    "value": null
  },
  {
    "name": "net_margin",
    "year": "2016Q2",
    "value": 0.32720473667800004
  },
  {
    "name": "net_margin",
    "year": "2016Q4",
    "value": null
  },
  {
    "name": "net_margin",
    "year": "2017Q2",
    "value": 200.29069767399997
  },
  {
    "name": "net_margin",
    "year": "2017Q4",
    "value": null
  },
  {
    "name": "net_margin",
    "year": "2018Q2",
    "value": 19366.6666667
  },
  {
    "name": "net_margin",
    "year": "2018Q4",
    "value": null
  },
  {
    "name": "net_margin",
    "year": "2019Q2",
    "value": 15900.0
  },
  {
    "name": "net_margin",
    "year": "2019Q4",
    "value": 4566.66666667
  },
  {
    "name": "net_margin",
    "year": "2020Q2",
    "value": -10000.0
  },
  {
    "name": "net_margin",
    "year": "2020Q4",
    "value": -12000.0
  },
  {
    "name": "net_margin",
    "year": "2021Q4",
    "value": null
  },
  {
    "name": "net_margin",
    "year": "2022Q2",
    "value": 96.6966966967
  },
  {
    "name": "net_margin",
    "year": "2022Q4",
    "value": null
  },
  {
    "name": "net_margin",
    "year": "2023Q2",
    "value": 22.258064516100003
  },
  {
    "name": "fcf_yield",
    "year": "2015Q4",
    "value": 0.0
  },
  {
    "name": "fcf_yield",
    "year": "2016Q2",
    "value": null
  },
  {
    "name": "fcf_yield",
    "year": "2016Q4",
    "value": 0.0
  },
  {
    "name": "fcf_yield",
    "year": "2017Q2",
    "value": 0.0
  },
  {
    "name": "fcf_yield",
    "year": "2017Q4",
    "value": 0.0
  },
  {
    "name": "fcf_yield",
    "year": "2018Q2",
    "value": 0.0
  },
  {
    "name": "fcf_yield",
    "year": "2018Q4",
    "value": 0.0
  },
  {
    "name": "fcf_yield",
    "year": "2019Q2",
    "value": 0.0
  },
  {
    "name": "fcf_yield",
    "year": "2019Q4",
    "value": 0.0
  },
  {
    "name": "fcf_yield",
    "year": "2020Q2",
    "value": 0.0
  },
  {
    "name": "fcf_yield",
    "year": "2020Q4",
    "value": 0.0
  },
  {
    "name": "fcf_yield",
    "year": "2021Q4",
    "value": 0.0
  },
  {
    "name": "fcf_yield",
    "year": "2022Q2",
    "value": 0.0
  },
  {
    "name": "fcf_yield",
    "year": "2022Q4",
    "value": 0.0
  },
  {
    "name": "fcf_yield",
    "year": "2023Q2",
    "value": 0.0
  },
  {
    "name": "fcf_yield",
    "year": "2023Q4",
    "value": 0.0
  },
  {
    "name": "roe",
    "year": "2008Q4",
    "value": 0.0
  },
  {
    "name": "roe",
    "year": "2009Q4",
    "value": 0.0
  },
  {
    "name": "roe",
    "year": "2010Q4",
    "value": 0.0
  },
  {
    "name": "roe",
    "year": "2011Q4",
    "value": 0.0
  },
  {
    "name": "roe",
    "year": "2012Q4",
    "value": 0.0
  },
  {
    "name": "roe",
    "year": "2013Q4",
    "value": 0.0
  },
  {
    "name": "roe",
    "year": "2014Q4",
    "value": 0.0
  },
  {
    "name": "roe",
    "year": "2015Q2",
    "value": null
  },
  {
    "name": "roe",
    "year": "2015Q4",
    "value": 9.92248062016
  },
  {
    "name": "roe",
    "year": "2016Q2",
    "value": 0.397200680915
  },
  {
    "name": "roe",
    "year": "2016Q4",
    "value": 0.275229357798
  },
  {
    "name": "roe",
    "year": "2017Q2",
    "value": 21.7076244486
  },
  {
    "name": "roe",
    "year": "2017Q4",
    "value": 8.92487046632
  },
  {
    "name": "roe",
    "year": "2018Q2",
    "value": 13.328745125
  },
  {
    "name": "roe",
    "year": "2018Q4",
    "value": 7.45827984596
  },
  {
    "name": "roe",
    "year": "2019Q2",
    "value": 8.30431754875
  },
  {
    "name": "roe",
    "year": "2019Q4",
    "value": 7.801778907240001
  },
  {
    "name": "roe",
    "year": "2020Q2",
    "value": -2.92639138241
  },
  {
    "name": "roe",
    "year": "2020Q4",
    "value": -8.30188679245
  },
  {
    "name": "roe",
    "year": "2021Q4",
    "value": 0.0
  },
  {
    "name": "roe",
    "year": "2022Q2",
    "value": null
  },
  {
    "name": "roe",
    "year": "2022Q4",
    "value": 28.417564208800002
  },
  {
    "name": "roe",
    "year": "2023Q2",
    "value": 5.40752351097
  },
  {
    "name": "roe",
    "year": "2023Q4",
    "value": 8.42185128983
  },
  {
    "name": "roa",
    "year": "2008Q4",
    "value": 0.0
  },
  {
    "name": "roa",
    "year": "2009Q4",
    "value": 0.0
  },
  {
    "name": "roa",
    "year": "2010Q4",
    "value": 0.0
  },
  {
    "name": "roa",
    "year": "2011Q4",
    "value": 0.0
  },
  {
    "name": "roa",
    "year": "2012Q4",
    "value": 0.0
  },
  {
    "name": "roa",
    "year": "2013Q4",
    "value": 0.0
  },
  {
    "name": "roa",
    "year": "2014Q4",
    "value": 0.0
  },
  {
    "name": "roa",
    "year": "2015Q2",
    "value": null
  },
  {
    "name": "roa",
    "year": "2015Q4",
    "value": 8.29373650108
  },
  {
    "name": "roa",
    "year": "2016Q2",
    "value": null
  },
  {
    "name": "roa",
    "year": "2016Q4",
    "value": 0.254237288136
  },
  {
    "name": "roa",
    "year": "2017Q2",
    "value": null
  },
  {
    "name": "roa",
    "year": "2017Q4",
    "value": 8.90180878553
  },
  {
    "name": "roa",
    "year": "2018Q2",
    "value": null
  },
  {
    "name": "roa",
    "year": "2018Q4",
    "value": 7.448717948720001
  },
  {
    "name": "roa",
    "year": "2019Q2",
    "value": null
  },
  {
    "name": "roa",
    "year": "2019Q4",
    "value": 7.801778907240001
  },
  {
    "name": "roa",
    "year": "2020Q2",
    "value": -2.92639138241
  },
  {
    "name": "roa",
    "year": "2020Q4",
    "value": -8.30188679245
  },
  {
    "name": "roa",
    "year": "2021Q4",
    "value": 0.0
  },
  {
    "name": "roa",
    "year": "2022Q2",
    "value": null
  },
  {
    "name": "roa",
    "year": "2022Q4",
    "value": 27.439999999999998
  },
  {
    "name": "roa",
    "year": "2023Q2",
    "value": 5.1996985682
  },
  {
    "name": "roa",
    "year": "2023Q4",
    "value": 8.084486525860001
  },
  {
    "name": "p_e",
    "year": "2015Q2",
    "value": 0.0
  },
  {
    "name": "p_e",
    "year": "2015Q4",
    "value": 5.98958333333
  },
  {
    "name": "p_e",
    "year": "2016Q2",
    "value": 0.0
  },
  {
    "name": "p_e",
    "year": "2016Q4",
    "value": 267.238095238
  },
  {
    "name": "p_e",
    "year": "2017Q2",
    "value": 4.17271407837
  },
  {
    "name": "p_e",
    "year": "2017Q4",
    "value": 4.50653120464
  },
  {
    "name": "p_e",
    "year": "2018Q2",
    "value": 5.81927710843
  },
  {
    "name": "p_e",
    "year": "2018Q4",
    "value": 5.40361445783
  },
  {
    "name": "p_e",
    "year": "2019Q2",
    "value": 9.70146750524
  },
  {
    "name": "p_e",
    "year": "2019Q4",
    "value": 7.48811074919
  },
  {
    "name": "p_e",
    "year": "2020Q2",
    "value": -28.2914110429
  },
  {
    "name": "p_e",
    "year": "2020Q4",
    "value": -9.1546969697
  },
  {
    "name": "p_e",
    "year": "2021Q4",
    "value": null
  },
  {
    "name": "p_e",
    "year": "2022Q2",
    "value": 3.58571428571
  },
  {
    "name": "p_e",
    "year": "2022Q4",
    "value": 3.39467930029
  },
  {
    "name": "p_e",
    "year": "2023Q2",
    "value": 40.55
  },
  {
    "name": "p_e",
    "year": "2023Q4",
    "value": 29.2731981982
  },
  {
    "name": "p_s",
    "year": "2015Q2",
    "value": 0.0
  },
  {
    "name": "p_s",
    "year": "2015Q4",
    "value": 0.718974679587
  },
  {
    "name": "p_s",
    "year": "2016Q2",
    "value": 0.0
  },
  {
    "name": "p_s",
    "year": "2016Q4",
    "value": 0.874415705827
  },
  {
    "name": "p_s",
    "year": "2017Q2",
    "value": 8.35755813953
  },
  {
    "name": "p_s",
    "year": "2017Q4",
    "value": 9.0261627907
  },
  {
    "name": "p_s",
    "year": "2018Q2",
    "value": 1127.0
  },
  {
    "name": "p_s",
    "year": "2018Q4",
    "value": 1046.5
  },
  {
    "name": "p_s",
    "year": "2019Q2",
    "value": 1542.53333333
  },
  {
    "name": "p_s",
    "year": "2019Q4",
    "value": 766.283333333
  },
  {
    "name": "p_s",
    "year": "2020Q2",
    "value": 768.583333333
  },
  {
    "name": "p_s",
    "year": "2020Q4",
    "value": 1007.01666667
  },
  {
    "name": "p_s",
    "year": "2021Q4",
    "value": null
  },
  {
    "name": "p_s",
    "year": "2022Q2",
    "value": 3.46726726727
  },
  {
    "name": "p_s",
    "year": "2022Q4",
    "value": 3.49662162162
  },
  {
    "name": "p_s",
    "year": "2023Q2",
    "value": 9.02564516129
  },
  {
    "name": "p_s",
    "year": "2023Q4",
    "value": 10.4816935484
  },
  {
    "name": "p_bv",
    "year": "2008Q4",
    "value": 0.0
  },
  {
    "name": "p_bv",
    "year": "2009Q4",
    "value": 0.0
  },
  {
    "name": "p_bv",
    "year": "2010Q4",
    "value": 0.0
  },
  {
    "name": "p_bv",
    "year": "2011Q4",
    "value": 0.0
  },
  {
    "name": "p_bv",
    "year": "2012Q4",
    "value": 0.0
  },
  {
    "name": "p_bv",
    "year": "2013Q4",
    "value": 0.0
  },
  {
    "name": "p_bv",
    "year": "2014Q4",
    "value": 0.0
  },
  {
    "name": "p_bv",
    "year": "2015Q2",
    "value": null
  },
  {
    "name": "p_bv",
    "year": "2015Q4",
    "value": 0.594315245478
  },
  {
    "name": "p_bv",
    "year": "2016Q2",
    "value": 0.0
  },
  {
    "name": "p_bv",
    "year": "2016Q4",
    "value": 0.735517693316
  },
  {
    "name": "p_bv",
    "year": "2017Q2",
    "value": 0.906940063091
  },
  {
    "name": "p_bv",
    "year": "2017Q4",
    "value": 0.402202072539
  },
  {
    "name": "p_bv",
    "year": "2018Q2",
    "value": 0.775636613902
  },
  {
    "name": "p_bv",
    "year": "2018Q4",
    "value": 0.403016688062
  },
  {
    "name": "p_bv",
    "year": "2019Q2",
    "value": 0.805640668524
  },
  {
    "name": "p_bv",
    "year": "2019Q4",
    "value": 0.584205844981
  },
  {
    "name": "p_bv",
    "year": "2020Q2",
    "value": 0.827917414722
  },
  {
    "name": "p_bv",
    "year": "2020Q4",
    "value": 0.760012578616
  },
  {
    "name": "p_bv",
    "year": "2021Q4",
    "value": 1.63946875
  },
  {
    "name": "p_bv",
    "year": "2022Q2",
    "value": null
  },
  {
    "name": "p_bv",
    "year": "2022Q4",
    "value": 0.964685169843
  },
  {
    "name": "p_bv",
    "year": "2023Q2",
    "value": 2.1927507837
  },
  {
    "name": "p_bv",
    "year": "2023Q4",
    "value": 2.46534522003
  },
  {
    "name": "employees",
    "year": "2010Q4",
    "value": 5932.0
  },
  {
    "name": "employees",
    "year": "2011Q4",
    "value": 5582.0
  },
  {
    "name": "employees",
    "year": "2012Q4",
    "value": 5519.0
  },
  {
    "name": "employees",
    "year": "2013Q4",
    "value": 4933.0
  },
  {
    "name": "employees",
    "year": "2014Q4",
    "value": 4339.0
  },
  {
    "name": "employees",
    "year": "2015Q2",
    "value": null
  },
  {
    "name": "employees",
    "year": "2015Q4",
    "value": 3497.0
  },
  {
    "name": "employees",
    "year": "2016Q2",
    "value": null
  },
  {
    "name": "employees",
    "year": "2016Q4",
    "value": 3179.0
  },
  {
    "name": "employees",
    "year": "2017Q2",
    "value": null
  },
  {
    "name": "employees",
    "year": "2017Q4",
    "value": 2.0
  },
  {
    "name": "employees",
    "year": "2018Q2",
    "value": null
  },
  {
    "name": "employees",
    "year": "2018Q4",
    "value": 1.0
  },
  {
    "name": "employees",
    "year": "2019Q2",
    "value": null
  },
  {
    "name": "employees",
    "year": "2019Q4",
    "value": 1.0
  },
  {
    "name": "employees",
    "year": "2020Q2",
    "value": null
  },
  {
    "name": "employees",
    "year": "2020Q4",
    "value": 1.0
  },
  {
    "name": "employees",
    "year": "2021Q4",
    "value": 0.0
  },
  {
    "name": "labour_productivity",
    "year": "2010Q4",
    "value": 0.0
  },
  {
    "name": "labour_productivity",
    "year": "2011Q4",
    "value": 0.0
  },
  {
    "name": "labour_productivity",
    "year": "2012Q4",
    "value": 0.0
  },
  {
    "name": "labour_productivity",
    "year": "2013Q4",
    "value": 0.0
  },
  {
    "name": "labour_productivity",
    "year": "2014Q4",
    "value": 0.0
  },
  {
    "name": "labour_productivity",
    "year": "2015Q2",
    "value": null
  },
  {
    "name": "labour_productivity",
    "year": "2015Q4",
    "value": 0.0
  },
  {
    "name": "labour_productivity",
    "year": "2016Q2",
    "value": null
  },
  {
    "name": "labour_productivity",
    "year": "2016Q4",
    "value": 0.0
  },
  {
    "name": "labour_productivity",
    "year": "2017Q2",
    "value": null
  },
  {
    "name": "labour_productivity",
    "year": "2017Q4",
    "value": 0.0
  },
  {
    "name": "labour_productivity",
    "year": "2018Q2",
    "value": null
  },
  {
    "name": "labour_productivity",
    "year": "2018Q4",
    "value": 0.0
  },
  {
    "name": "labour_productivity",
    "year": "2019Q2",
    "value": null
  },
  {
    "name": "labour_productivity",
    "year": "2019Q4",
    "value": 3.0
  },
  {
    "name": "labour_productivity",
    "year": "2020Q2",
    "value": null
  },
  {
    "name": "labour_productivity",
    "year": "2020Q4",
    "value": 3.0
  },
  {
    "name": "expenses_per_employee",
    "year": "2010Q4",
    "value": 0.0
  },
  {
    "name": "expenses_per_employee",
    "year": "2011Q4",
    "value": 0.0
  },
  {
    "name": "expenses_per_employee",
    "year": "2012Q4",
    "value": 0.0
  },
  {
    "name": "expenses_per_employee",
    "year": "2013Q4",
    "value": 0.0
  },
  {
    "name": "expenses_per_employee",
    "year": "2014Q4",
    "value": 0.0
  },
  {
    "name": "expenses_per_employee",
    "year": "2015Q2",
    "value": null
  },
  {
    "name": "expenses_per_employee",
    "year": "2015Q4",
    "value": 0.0
  },
  {
    "name": "expenses_per_employee",
    "year": "2016Q2",
    "value": null
  },
  {
    "name": "expenses_per_employee",
    "year": "2016Q4",
    "value": 0.0
  },
  {
    "name": "expenses_per_employee",
    "year": "2017Q2",
    "value": null
  },
  {
    "name": "expenses_per_employee",
    "year": "2017Q4",
    "value": 0.0
  },
  {
    "name": "expenses_per_employee",
    "year": "2018Q2",
    "value": null
  },
  {
    "name": "expenses_per_employee",
    "year": "2018Q4",
    "value": 0.0
  },
  {
    "name": "expenses_per_employee",
    "year": "2019Q2",
    "value": null
  },
  {
    "name": "expenses_per_employee",
    "year": "2019Q4",
    "value": 0.0
  },
  {
    "name": "expenses_per_employee",
    "year": "2020Q2",
    "value": null
  },
  {
    "name": "expenses_per_employee",
    "year": "2020Q4",
    "value": 0.0
  },
  {
    "name": "capex_revenue",
    "year": "2015Q2",
    "value": 0.0
  },
  {
    "name": "capex_revenue",
    "year": "2015Q4",
    "value": null
  },
  {
    "name": "capex_revenue",
    "year": "2016Q2",
    "value": 0.0
  },
  {
    "name": "capex_revenue",
    "year": "2016Q4",
    "value": null
  },
  {
    "name": "capex_revenue",
    "year": "2017Q2",
    "value": 0.0
  },
  {
    "name": "capex_revenue",
    "year": "2017Q4",
    "value": null
  },
  {
    "name": "capex_revenue",
    "year": "2018Q2",
    "value": 0.0
  },
  {
    "name": "capex_revenue",
    "year": "2018Q4",
    "value": null
  },
  {
    "name": "capex_revenue",
    "year": "2019Q2",
    "value": 0.0
  },
  {
    "name": "capex_revenue",
    "year": "2019Q4",
    "value": 0.0
  },
  {
    "name": "capex_revenue",
    "year": "2020Q2",
    "value": 0.0
  },
  {
    "name": "capex_revenue",
    "year": "2020Q4",
    "value": 0.0
  },
  {
    "name": "capex_revenue",
    "year": "2021Q4",
    "value": null
  },
  {
    "name": "capex_revenue",
    "year": "2022Q2",
    "value": 0.0
  },
  {
    "name": "capex_revenue",
    "year": "2022Q4",
    "value": null
  },
  {
    "name": "capex_revenue",
    "year": "2023Q2",
    "value": 0.0
  }
]