[{"name":"date","year":"2019","value":"30.04.2020"},{"name":"date","year":"2020","value":"30.04.2021"},{"name":"date","year":"2021","value":"08.08.2023"},{"name":"date","year":"2022","value":"17.07.2023"},{"name":"date","year":"2023","value":"02.05.2024"},{"name":"currency","year":"2019","value":"RUB"},{"name":"currency","year":"2020","value":"RUB"},{"name":"currency","year":"2021","value":"RUB"},{"name":"currency","year":"2022","value":"RUB"},{"name":"currency","year":"2023","value":"RUB"},{"name":"report_url","year":"2019","value":"http://www.e-disclosure.ru/portal/FileLoad.ashx?Fileid=1631393"},{"name":"report_url","year":"2020","value":"https://e-disclosure.ru/portal/FileLoad.ashx?Fileid=1698478"},{"name":"report_url","year":"2021","value":"https://www.e-disclosure.ru/portal/FileLoad.ashx?Fileid=1806861"},{"name":"report_url","year":"2022","value":"https://www.e-disclosure.ru/portal/FileLoad.ashx?Fileid=1804741"},{"name":"report_url","year":"2023","value":"https://www.e-disclosure.ru/portal/FileLoad.ashx?Fileid=1835161"},{"name":"year_report_url","year":"2019","value":"https://e-disclosure.ru/portal/FileLoad.ashx?Fileid=1657542"},{"name":"year_report_url","year":"2020","value":""},{"name":"year_report_url","year":"2021","value":""},{"name":"year_report_url","year":"2022","value":"https://www.e-disclosure.ru/portal/FileLoad.ashx?Fileid=1806560"},{"name":"year_report_url","year":"2023","value":"https://www.e-disclosure.ru/portal/FileLoad.ashx?Fileid=1846175"},{"name":"revenue","year":"2019","value":"46.1"},{"name":"revenue","year":"2020","value":"39.3"},{"name":"revenue","year":"2021","value":"44.1"},{"name":"revenue","year":"2022","value":"59.1"},{"name":"revenue","year":"2023","value":"67.4"},{"name":"ebitda","year":"2019","value":"-3.59"},{"name":"ebitda","year":"2020","value":"4.70"},{"name":"ebitda","year":"2021","value":""},{"name":"ebitda","year":"2022","value":""},{"name":"ebitda","year":"2023","value":""},{"name":"net_income","year":"2019","value":"-8.86"},{"name":"net_income","year":"2020","value":"6.40"},{"name":"net_income","year":"2021","value":"-0.950"},{"name":"net_income","year":"2022","value":"0.223"},{"name":"net_income","year":"2023","value":"0.120"},{"name":"ocf","year":"2019","value":""},{"name":"ocf","year":"2020","value":""},{"name":"ocf","year":"2021","value":"3.23"},{"name":"ocf","year":"2022","value":"6.60"},{"name":"ocf","year":"2023","value":"7.05"},{"name":"capex","year":"2019","value":"1.82"},{"name":"capex","year":"2020","value":"1.70"},{"name":"capex","year":"2021","value":"0.980"},{"name":"capex","year":"2022","value":"0.980"},{"name":"capex","year":"2023","value":"0.650"},{"name":"fcf","year":"2019","value":""},{"name":"fcf","year":"2020","value":""},{"name":"fcf","year":"2021","value":"-1.71"},{"name":"fcf","year":"2022","value":"1.64"},{"name":"fcf","year":"2023","value":"2.68"},{"name":"div_yield","year":"2019","value":"0.0%"},{"name":"div_yield","year":"2020","value":"0.0%"},{"name":"div_yield","year":"2021","value":"0.0%"},{"name":"div_yield","year":"2022","value":"0.0%"},{"name":"div_yield","year":"2023","value":"0.0%"},{"name":"div_payout_ratio","year":"2019","value":"0%"},{"name":"div_payout_ratio","year":"2020","value":"0%"},{"name":"div_payout_ratio","year":"2021","value":"0%"},{"name":"div_payout_ratio","year":"2022","value":"0%"},{"name":"div_payout_ratio","year":"2023","value":"0%"},{"name":"cost_of_production","year":"2019","value":"32.9"},{"name":"cost_of_production","year":"2020","value":"25.7"},{"name":"cost_of_production","year":"2021","value":"29.0"},{"name":"cost_of_production","year":"2022","value":"38.9"},{"name":"cost_of_production","year":"2023","value":"45.1"},{"name":"amortization","year":"2019","value":""},{"name":"amortization","year":"2020","value":""},{"name":"amortization","year":"2021","value":"5.8"},{"name":"amortization","year":"2022","value":"5.8"},{"name":"amortization","year":"2023","value":"6.0"},{"name":"employment_expenses","year":"2019","value":"6.31"},{"name":"employment_expenses","year":"2020","value":"6.27"},{"name":"employment_expenses","year":"2021","value":"6.78"},{"name":"employment_expenses","year":"2022","value":"7.92"},{"name":"employment_expenses","year":"2023","value":"8.91"},{"name":"interest_expenses","year":"2019","value":"4.30"},{"name":"interest_expenses","year":"2020","value":"4.05"},{"name":"interest_expenses","year":"2021","value":"4.92"},{"name":"interest_expenses","year":"2022","value":"4.27"},{"name":"interest_expenses","year":"2023","value":"4.06"},{"name":"assets","year":"2019","value":"32.6"},{"name":"assets","year":"2020","value":"54.4"},{"name":"assets","year":"2021","value":"37.8"},{"name":"assets","year":"2022","value":"43.6"},{"name":"assets","year":"2023","value":"53.2"},{"name":"net_assets","year":"2019","value":"-23.6"},{"name":"net_assets","year":"2020","value":"-5.70"},{"name":"net_assets","year":"2021","value":"-6.65"},{"name":"net_assets","year":"2022","value":"-6.41"},{"name":"net_assets","year":"2023","value":"-6.83"},{"name":"debt","year":"2019","value":"33.2"},{"name":"debt","year":"2020","value":"40.2"},{"name":"debt","year":"2021","value":"21.6"},{"name":"debt","year":"2022","value":"18.9"},{"name":"debt","year":"2023","value":"20.7"},{"name":"cash","year":"2019","value":"0.850"},{"name":"cash","year":"2020","value":"1.000"},{"name":"cash","year":"2021","value":"1.73"},{"name":"cash","year":"2022","value":"0.810"},{"name":"cash","year":"2023","value":"2.09"},{"name":"net_debt","year":"2019","value":"32.3"},{"name":"net_debt","year":"2020","value":"39.2"},{"name":"net_debt","year":"2021","value":"19.9"},{"name":"net_debt","year":"2022","value":"18.1"},{"name":"net_debt","year":"2023","value":"18.6"},{"name":"common_share","year":"2019","value":"12.3"},{"name":"common_share","year":"2020","value":"14.0"},{"name":"common_share","year":"2021","value":"14.0"},{"name":"common_share","year":"2022","value":"11.6"},{"name":"common_share","year":"2023","value":"14.2"},{"name":"number_of_shares","year":"2019","value":"2 331"},{"name":"number_of_shares","year":"2020","value":"2 331"},{"name":"number_of_shares","year":"2021","value":"2 331"},{"name":"number_of_shares","year":"2022","value":"2 331"},{"name":"number_of_shares","year":"2023","value":"2 331"},{"name":"market_cap","year":"2019","value":"28.6"},{"name":"market_cap","year":"2020","value":"32.5"},{"name":"market_cap","year":"2021","value":"32.5"},{"name":"market_cap","year":"2022","value":"27.0"},{"name":"market_cap","year":"2023","value":"33.1"},{"name":"ev","year":"2019","value":"60.9"},{"name":"ev","year":"2020","value":"71.7"},{"name":"ev","year":"2021","value":"52.4"},{"name":"ev","year":"2022","value":"45.1"},{"name":"ev","year":"2023","value":"51.7"},{"name":"book_value","year":"2019","value":"-33.2"},{"name":"book_value","year":"2020","value":"-18.2"},{"name":"book_value","year":"2021","value":"-19.5"},{"name":"book_value","year":"2022","value":"-19.9"},{"name":"book_value","year":"2023","value":"-24.0"},{"name":"eps","year":"2019","value":"-3.80"},{"name":"eps","year":"2020","value":"2.75"},{"name":"eps","year":"2021","value":"-0.41"},{"name":"eps","year":"2022","value":"0.10"},{"name":"eps","year":"2023","value":"0.05"},{"name":"fcf_share","year":"2019","value":"0.00"},{"name":"fcf_share","year":"2020","value":"0.00"},{"name":"fcf_share","year":"2021","value":"-0.73"},{"name":"fcf_share","year":"2022","value":"0.70"},{"name":"fcf_share","year":"2023","value":"1.15"},{"name":"bv_share","year":"2019","value":"-14.2"},{"name":"bv_share","year":"2020","value":"-7.81"},{"name":"bv_share","year":"2021","value":"-8.37"},{"name":"bv_share","year":"2022","value":"-8.54"},{"name":"bv_share","year":"2023","value":"-10.3"},{"name":"ebitda_margin","year":"2019","value":"-7.8%"},{"name":"ebitda_margin","year":"2020","value":"12.0%"},{"name":"ebitda_margin","year":"2021","value":"0.0%"},{"name":"ebitda_margin","year":"2022","value":"0.0%"},{"name":"ebitda_margin","year":"2023","value":"0.0%"},{"name":"net_margin","year":"2019","value":"-19.2%"},{"name":"net_margin","year":"2020","value":"16.3%"},{"name":"net_margin","year":"2021","value":"-2.2%"},{"name":"net_margin","year":"2022","value":"0.4%"},{"name":"net_margin","year":"2023","value":"0.2%"},{"name":"fcf_yield","year":"2019","value":"0.0%"},{"name":"fcf_yield","year":"2020","value":"0.0%"},{"name":"fcf_yield","year":"2021","value":"-5.3%"},{"name":"fcf_yield","year":"2022","value":"6.1%"},{"name":"fcf_yield","year":"2023","value":"8.1%"},{"name":"roe","year":"2019","value":"37.6%"},{"name":"roe","year":"2020","value":"-112.3%"},{"name":"roe","year":"2021","value":"14.3%"},{"name":"roe","year":"2022","value":"-3.5%"},{"name":"roe","year":"2023","value":"-1.8%"},{"name":"roa","year":"2019","value":"-27.2%"},{"name":"roa","year":"2020","value":"11.8%"},{"name":"roa","year":"2021","value":"-2.5%"},{"name":"roa","year":"2022","value":"0.5%"},{"name":"roa","year":"2023","value":"0.2%"},{"name":"p_e","year":"2019","value":"-3.23"},{"name":"p_e","year":"2020","value":"5.08"},{"name":"p_e","year":"2021","value":"-34.2"},{"name":"p_e","year":"2022","value":"120.9"},{"name":"p_e","year":"2023","value":"276.2"},{"name":"p_fcf","year":"2019","value":""},{"name":"p_fcf","year":"2020","value":""},{"name":"p_fcf","year":"2021","value":"-19.0"},{"name":"p_fcf","year":"2022","value":"16.4"},{"name":"p_fcf","year":"2023","value":"12.4"},{"name":"p_s","year":"2019","value":"0.62"},{"name":"p_s","year":"2020","value":"0.83"},{"name":"p_s","year":"2021","value":"0.74"},{"name":"p_s","year":"2022","value":"0.46"},{"name":"p_s","year":"2023","value":"0.49"},{"name":"p_bv","year":"2019","value":"-0.86"},{"name":"p_bv","year":"2020","value":"-1.79"},{"name":"p_bv","year":"2021","value":"-1.67"},{"name":"p_bv","year":"2022","value":"-1.35"},{"name":"p_bv","year":"2023","value":"-1.38"},{"name":"ev_ebitda","year":"2019","value":"-17.0"},{"name":"ev_ebitda","year":"2020","value":"15.2"},{"name":"ev_ebitda","year":"2021","value":""},{"name":"ev_ebitda","year":"2022","value":""},{"name":"ev_ebitda","year":"2023","value":""},{"name":"debt_ebitda","year":"2019","value":"-9.00"},{"name":"debt_ebitda","year":"2020","value":"8.33"},{"name":"debt_ebitda","year":"2021","value":""},{"name":"debt_ebitda","year":"2022","value":""},{"name":"debt_ebitda","year":"2023","value":""},{"name":"employees","year":"2019","value":""},{"name":"employees","year":"2020","value":"5 904"},{"name":"employees","year":"2021","value":""},{"name":"employees","year":"2022","value":""},{"name":"employees","year":"2023","value":""},{"name":"labour_productivity","year":"2019","value":""},{"name":"labour_productivity","year":"2020","value":"6.66"},{"name":"labour_productivity","year":"2021","value":""},{"name":"labour_productivity","year":"2022","value":""},{"name":"labour_productivity","year":"2023","value":""},{"name":"expenses_per_employee","year":"2019","value":""},{"name":"expenses_per_employee","year":"2020","value":"1 062"},{"name":"expenses_per_employee","year":"2021","value":""},{"name":"expenses_per_employee","year":"2022","value":""},{"name":"expenses_per_employee","year":"2023","value":""},{"name":"r_and_d_capex","year":"2019","value":"0.00%"},{"name":"r_and_d_capex","year":"2020","value":"0.00%"},{"name":"r_and_d_capex","year":"2021","value":"0.00%"},{"name":"r_and_d_capex","year":"2022","value":"0.00%"},{"name":"r_and_d_capex","year":"2023","value":"0.00%"},{"name":"capex_revenue","year":"2019","value":"4%"},{"name":"capex_revenue","year":"2020","value":"4%"},{"name":"capex_revenue","year":"2021","value":"2%"},{"name":"capex_revenue","year":"2022","value":"2%"},{"name":"capex_revenue","year":"2023","value":"1%"}]