[
  {
    "name": "revenue",
    "year": "2020Q3",
    "value": 0.161
  },
  {
    "name": "revenue",
    "year": "2020Q4",
    "value": 0.069
  },
  {
    "name": "revenue",
    "year": "2021Q1",
    "value": 0.046
  },
  {
    "name": "revenue",
    "year": "2021Q2",
    "value": 0.072
  },
  {
    "name": "revenue",
    "year": "2021Q3",
    "value": 0.046
  },
  {
    "name": "revenue",
    "year": "2021Q4",
    "value": 0.046
  },
  {
    "name": "revenue",
    "year": "2022Q1",
    "value": 0.065
  },
  {
    "name": "revenue",
    "year": "2022Q2",
    "value": 0.066
  },
  {
    "name": "revenue",
    "year": "2022Q3",
    "value": 0.071
  },
  {
    "name": "revenue",
    "year": "2022Q4",
    "value": 0.068
  },
  {
    "name": "revenue",
    "year": "2023Q1",
    "value": 0.064
  },
  {
    "name": "revenue",
    "year": "2023Q2",
    "value": 0.065
  },
  {
    "name": "revenue",
    "year": "2023Q3",
    "value": 0.07
  },
  {
    "name": "revenue",
    "year": "2023Q4",
    "value": 0.241
  },
  {
    "name": "revenue",
    "year": "2024Q1",
    "value": 0.071
  },
  {
    "name": "operating_income",
    "year": "2020Q3",
    "value": -0.145
  },
  {
    "name": "operating_income",
    "year": "2020Q4",
    "value": 0.015
  },
  {
    "name": "operating_income",
    "year": "2021Q1",
    "value": -0.039
  },
  {
    "name": "operating_income",
    "year": "2021Q2",
    "value": -0.057
  },
  {
    "name": "operating_income",
    "year": "2021Q3",
    "value": -0.006
  },
  {
    "name": "operating_income",
    "year": "2021Q4",
    "value": -0.066
  },
  {
    "name": "operating_income",
    "year": "2022Q1",
    "value": 0.076
  },
  {
    "name": "operating_income",
    "year": "2022Q2",
    "value": -0.214
  },
  {
    "name": "operating_income",
    "year": "2022Q3",
    "value": -0.04
  },
  {
    "name": "operating_income",
    "year": "2022Q4",
    "value": -0.052
  },
  {
    "name": "operating_income",
    "year": "2023Q1",
    "value": -0.031
  },
  {
    "name": "operating_income",
    "year": "2023Q2",
    "value": -0.089
  },
  {
    "name": "operating_income",
    "year": "2023Q3",
    "value": -0.059
  },
  {
    "name": "operating_income",
    "year": "2023Q4",
    "value": 0.027
  },
  {
    "name": "operating_income",
    "year": "2024Q1",
    "value": -0.053
  },
  {
    "name": "net_income",
    "year": "2020Q3",
    "value": 0.318
  },
  {
    "name": "net_income",
    "year": "2020Q4",
    "value": 0.002
  },
  {
    "name": "net_income",
    "year": "2021Q1",
    "value": -0.053
  },
  {
    "name": "net_income",
    "year": "2021Q2",
    "value": -0.086
  },
  {
    "name": "net_income",
    "year": "2021Q3",
    "value": -0.038
  },
  {
    "name": "net_income",
    "year": "2021Q4",
    "value": 1.21
  },
  {
    "name": "net_income",
    "year": "2022Q1",
    "value": -0.084
  },
  {
    "name": "net_income",
    "year": "2022Q2",
    "value": -0.07
  },
  {
    "name": "net_income",
    "year": "2022Q3",
    "value": -0.051
  },
  {
    "name": "net_income",
    "year": "2022Q4",
    "value": 0.224
  },
  {
    "name": "net_income",
    "year": "2023Q1",
    "value": 0.47
  },
  {
    "name": "net_income",
    "year": "2023Q2",
    "value": -0.087
  },
  {
    "name": "net_income",
    "year": "2023Q3",
    "value": -0.068
  },
  {
    "name": "net_income",
    "year": "2023Q4",
    "value": 0.765
  },
  {
    "name": "net_income",
    "year": "2024Q1",
    "value": 0.95
  },
  {
    "name": "cost_of_production",
    "year": "2020Q3",
    "value": 0.209
  },
  {
    "name": "cost_of_production",
    "year": "2020Q4",
    "value": 0.021
  },
  {
    "name": "cost_of_production",
    "year": "2021Q1",
    "value": 0.058
  },
  {
    "name": "cost_of_production",
    "year": "2021Q2",
    "value": 0.081
  },
  {
    "name": "cost_of_production",
    "year": "2021Q3",
    "value": 0.056
  },
  {
    "name": "cost_of_production",
    "year": "2021Q4",
    "value": 0.06
  },
  {
    "name": "cost_of_production",
    "year": "2022Q1",
    "value": 0.1
  },
  {
    "name": "cost_of_production",
    "year": "2022Q2",
    "value": 0.086
  },
  {
    "name": "cost_of_production",
    "year": "2022Q3",
    "value": 0.074
  },
  {
    "name": "cost_of_production",
    "year": "2022Q4",
    "value": 0.076
  },
  {
    "name": "cost_of_production",
    "year": "2023Q1",
    "value": 0.066
  },
  {
    "name": "cost_of_production",
    "year": "2023Q2",
    "value": 0.105
  },
  {
    "name": "cost_of_production",
    "year": "2023Q3",
    "value": 0.088
  },
  {
    "name": "cost_of_production",
    "year": "2023Q4",
    "value": 0.106
  },
  {
    "name": "cost_of_production",
    "year": "2024Q1",
    "value": 0.091
  },
  {
    "name": "assets",
    "year": "2017Q4",
    "value": 3.07
  },
  {
    "name": "assets",
    "year": "2018Q4",
    "value": 3.185
  },
  {
    "name": "assets",
    "year": "2019Q4",
    "value": 3.723
  },
  {
    "name": "assets",
    "year": "2020Q3",
    "value": null
  },
  {
    "name": "assets",
    "year": "2020Q4",
    "value": 4.73
  },
  {
    "name": "assets",
    "year": "2021Q1",
    "value": null
  },
  {
    "name": "assets",
    "year": "2021Q2",
    "value": null
  },
  {
    "name": "assets",
    "year": "2021Q3",
    "value": 4.6
  },
  {
    "name": "assets",
    "year": "2021Q4",
    "value": 5.97
  },
  {
    "name": "assets",
    "year": "2022Q1",
    "value": 4.74
  },
  {
    "name": "assets",
    "year": "2022Q2",
    "value": 4.79
  },
  {
    "name": "assets",
    "year": "2022Q3",
    "value": 5.08
  },
  {
    "name": "assets",
    "year": "2022Q4",
    "value": 5.04
  },
  {
    "name": "assets",
    "year": "2023Q1",
    "value": 5.16
  },
  {
    "name": "assets",
    "year": "2023Q2",
    "value": 5.84
  },
  {
    "name": "assets",
    "year": "2023Q3",
    "value": 5.88
  },
  {
    "name": "assets",
    "year": "2023Q4",
    "value": 6.0
  },
  {
    "name": "assets",
    "year": "2024Q1",
    "value": 6.3
  },
  {
    "name": "net_assets",
    "year": "2017Q4",
    "value": 2.5
  },
  {
    "name": "net_assets",
    "year": "2018Q4",
    "value": 2.55
  },
  {
    "name": "net_assets",
    "year": "2019Q4",
    "value": 3.14
  },
  {
    "name": "net_assets",
    "year": "2020Q3",
    "value": null
  },
  {
    "name": "net_assets",
    "year": "2020Q4",
    "value": 3.361
  },
  {
    "name": "net_assets",
    "year": "2021Q1",
    "value": null
  },
  {
    "name": "net_assets",
    "year": "2021Q2",
    "value": null
  },
  {
    "name": "net_assets",
    "year": "2021Q3",
    "value": 2.85
  },
  {
    "name": "net_assets",
    "year": "2021Q4",
    "value": 4.057
  },
  {
    "name": "net_assets",
    "year": "2022Q1",
    "value": 3.98
  },
  {
    "name": "net_assets",
    "year": "2022Q2",
    "value": 3.57
  },
  {
    "name": "net_assets",
    "year": "2022Q3",
    "value": 3.52
  },
  {
    "name": "net_assets",
    "year": "2022Q4",
    "value": 3.74
  },
  {
    "name": "net_assets",
    "year": "2023Q1",
    "value": 4.21
  },
  {
    "name": "net_assets",
    "year": "2023Q2",
    "value": 3.5
  },
  {
    "name": "net_assets",
    "year": "2023Q3",
    "value": 3.44
  },
  {
    "name": "net_assets",
    "year": "2023Q4",
    "value": 4.2
  },
  {
    "name": "net_assets",
    "year": "2024Q1",
    "value": 5.15
  },
  {
    "name": "debt",
    "year": "2017Q4",
    "value": 0.523
  },
  {
    "name": "debt",
    "year": "2018Q4",
    "value": 0.575
  },
  {
    "name": "debt",
    "year": "2019Q4",
    "value": 0.522
  },
  {
    "name": "debt",
    "year": "2020Q3",
    "value": null
  },
  {
    "name": "debt",
    "year": "2020Q4",
    "value": 1.29
  },
  {
    "name": "debt",
    "year": "2021Q1",
    "value": null
  },
  {
    "name": "debt",
    "year": "2021Q2",
    "value": null
  },
  {
    "name": "debt",
    "year": "2021Q3",
    "value": 1.665
  },
  {
    "name": "debt",
    "year": "2021Q4",
    "value": 1.84
  },
  {
    "name": "debt",
    "year": "2022Q1",
    "value": 0.674
  },
  {
    "name": "debt",
    "year": "2022Q2",
    "value": 0.772
  },
  {
    "name": "debt",
    "year": "2022Q3",
    "value": 1.33
  },
  {
    "name": "debt",
    "year": "2022Q4",
    "value": 1.05
  },
  {
    "name": "debt",
    "year": "2023Q1",
    "value": 0.688
  },
  {
    "name": "debt",
    "year": "2023Q2",
    "value": 0.92
  },
  {
    "name": "debt",
    "year": "2023Q3",
    "value": 1.61
  },
  {
    "name": "debt",
    "year": "2023Q4",
    "value": 0.927
  },
  {
    "name": "debt",
    "year": "2024Q1",
    "value": 0.41
  },
  {
    "name": "cash",
    "year": "2017Q4",
    "value": 0.001
  },
  {
    "name": "cash",
    "year": "2018Q4",
    "value": 0.01
  },
  {
    "name": "cash",
    "year": "2019Q4",
    "value": 0.004
  },
  {
    "name": "cash",
    "year": "2020Q3",
    "value": null
  },
  {
    "name": "cash",
    "year": "2020Q4",
    "value": 0.006
  },
  {
    "name": "cash",
    "year": "2021Q1",
    "value": null
  },
  {
    "name": "cash",
    "year": "2021Q2",
    "value": null
  },
  {
    "name": "cash",
    "year": "2021Q3",
    "value": 0.004
  },
  {
    "name": "cash",
    "year": "2021Q4",
    "value": 0.004
  },
  {
    "name": "cash",
    "year": "2022Q1",
    "value": 0.0035
  },
  {
    "name": "cash",
    "year": "2022Q2",
    "value": 0.004
  },
  {
    "name": "cash",
    "year": "2022Q3",
    "value": 0.028
  },
  {
    "name": "cash",
    "year": "2022Q4",
    "value": 0.004
  },
  {
    "name": "cash",
    "year": "2023Q1",
    "value": 0.006
  },
  {
    "name": "cash",
    "year": "2023Q2",
    "value": 0.007
  },
  {
    "name": "cash",
    "year": "2023Q3",
    "value": 0.005
  },
  {
    "name": "cash",
    "year": "2023Q4",
    "value": 0.003
  },
  {
    "name": "cash",
    "year": "2024Q1",
    "value": 0.0
  },
  {
    "name": "net_debt",
    "year": "2016Q4",
    "value": 0.0
  },
  {
    "name": "net_debt",
    "year": "2017Q4",
    "value": 0.522
  },
  {
    "name": "net_debt",
    "year": "2018Q4",
    "value": 0.565
  },
  {
    "name": "net_debt",
    "year": "2019Q4",
    "value": 0.518
  },
  {
    "name": "net_debt",
    "year": "2020Q3",
    "value": 0.0
  },
  {
    "name": "net_debt",
    "year": "2020Q4",
    "value": 1.284
  },
  {
    "name": "net_debt",
    "year": "2021Q1",
    "value": 0.0
  },
  {
    "name": "net_debt",
    "year": "2021Q2",
    "value": 0.0
  },
  {
    "name": "net_debt",
    "year": "2021Q3",
    "value": 1.661
  },
  {
    "name": "net_debt",
    "year": "2021Q4",
    "value": 1.836
  },
  {
    "name": "net_debt",
    "year": "2022Q1",
    "value": 0.6705
  },
  {
    "name": "net_debt",
    "year": "2022Q2",
    "value": 0.768
  },
  {
    "name": "net_debt",
    "year": "2022Q3",
    "value": 1.302
  },
  {
    "name": "net_debt",
    "year": "2022Q4",
    "value": 1.046
  },
  {
    "name": "net_debt",
    "year": "2023Q1",
    "value": 0.682
  },
  {
    "name": "net_debt",
    "year": "2023Q2",
    "value": 0.913
  },
  {
    "name": "net_debt",
    "year": "2023Q3",
    "value": 1.605
  },
  {
    "name": "net_debt",
    "year": "2023Q4",
    "value": 0.924
  },
  {
    "name": "net_debt",
    "year": "2024Q1",
    "value": 0.41
  },
  {
    "name": "common_share",
    "year": "2016Q4",
    "value": 100.0
  },
  {
    "name": "common_share",
    "year": "2017Q4",
    "value": 146.0
  },
  {
    "name": "common_share",
    "year": "2018Q4",
    "value": 143.0
  },
  {
    "name": "common_share",
    "year": "2019Q4",
    "value": 139.0
  },
  {
    "name": "common_share",
    "year": "2020Q3",
    "value": 193.5
  },
  {
    "name": "common_share",
    "year": "2020Q4",
    "value": 199.5
  },
  {
    "name": "common_share",
    "year": "2021Q1",
    "value": 211.5
  },
  {
    "name": "common_share",
    "year": "2021Q2",
    "value": 200.0
  },
  {
    "name": "common_share",
    "year": "2021Q3",
    "value": 192.5
  },
  {
    "name": "common_share",
    "year": "2021Q4",
    "value": 192.5
  },
  {
    "name": "common_share",
    "year": "2022Q1",
    "value": 178.5
  },
  {
    "name": "common_share",
    "year": "2022Q2",
    "value": 172.0
  },
  {
    "name": "common_share",
    "year": "2022Q3",
    "value": 160.0
  },
  {
    "name": "common_share",
    "year": "2022Q4",
    "value": 191.0
  },
  {
    "name": "common_share",
    "year": "2023Q1",
    "value": 214.5
  },
  {
    "name": "common_share",
    "year": "2023Q2",
    "value": 333.8
  },
  {
    "name": "common_share",
    "year": "2023Q3",
    "value": 324.0
  },
  {
    "name": "common_share",
    "year": "2023Q4",
    "value": 263.8
  },
  {
    "name": "common_share",
    "year": "2024Q1",
    "value": 254.6
  },
  {
    "name": "number_of_shares",
    "year": "2016Q4",
    "value": 98.000184
  },
  {
    "name": "number_of_shares",
    "year": "2017Q4",
    "value": 98.000184
  },
  {
    "name": "number_of_shares",
    "year": "2018Q4",
    "value": 98.000184
  },
  {
    "name": "number_of_shares",
    "year": "2019Q4",
    "value": 98.000184
  },
  {
    "name": "number_of_shares",
    "year": "2020Q3",
    "value": 98.000184
  },
  {
    "name": "number_of_shares",
    "year": "2020Q4",
    "value": 98.000184
  },
  {
    "name": "number_of_shares",
    "year": "2021Q1",
    "value": 98.000184
  },
  {
    "name": "number_of_shares",
    "year": "2021Q2",
    "value": 98.000184
  },
  {
    "name": "number_of_shares",
    "year": "2021Q3",
    "value": 98.000184
  },
  {
    "name": "number_of_shares",
    "year": "2021Q4",
    "value": 98.000184
  },
  {
    "name": "number_of_shares",
    "year": "2022Q1",
    "value": 98.000184
  },
  {
    "name": "number_of_shares",
    "year": "2022Q2",
    "value": 98.000184
  },
  {
    "name": "number_of_shares",
    "year": "2022Q3",
    "value": 98.000184
  },
  {
    "name": "number_of_shares",
    "year": "2022Q4",
    "value": 98.000184
  },
  {
    "name": "number_of_shares",
    "year": "2023Q1",
    "value": 98.000184
  },
  {
    "name": "number_of_shares",
    "year": "2023Q2",
    "value": 98.000184
  },
  {
    "name": "number_of_shares",
    "year": "2023Q3",
    "value": 98.000184
  },
  {
    "name": "number_of_shares",
    "year": "2023Q4",
    "value": 98.000184
  },
  {
    "name": "number_of_shares",
    "year": "2024Q1",
    "value": 98.000184
  },
  {
    "name": "market_cap",
    "year": "2016Q4",
    "value": 9.8000184
  },
  {
    "name": "market_cap",
    "year": "2017Q4",
    "value": 14.308026864
  },
  {
    "name": "market_cap",
    "year": "2018Q4",
    "value": 14.014026312
  },
  {
    "name": "market_cap",
    "year": "2019Q4",
    "value": 13.622025576
  },
  {
    "name": "market_cap",
    "year": "2020Q3",
    "value": 18.963035604
  },
  {
    "name": "market_cap",
    "year": "2020Q4",
    "value": 19.551036708
  },
  {
    "name": "market_cap",
    "year": "2021Q1",
    "value": 20.727038916
  },
  {
    "name": "market_cap",
    "year": "2021Q2",
    "value": 19.6000368
  },
  {
    "name": "market_cap",
    "year": "2021Q3",
    "value": 18.86503542
  },
  {
    "name": "market_cap",
    "year": "2021Q4",
    "value": 18.86503542
  },
  {
    "name": "market_cap",
    "year": "2022Q1",
    "value": 17.493032844
  },
  {
    "name": "market_cap",
    "year": "2022Q2",
    "value": 16.856031648
  },
  {
    "name": "market_cap",
    "year": "2022Q3",
    "value": 15.68002944
  },
  {
    "name": "market_cap",
    "year": "2022Q4",
    "value": 18.718035144
  },
  {
    "name": "market_cap",
    "year": "2023Q1",
    "value": 21.021039468
  },
  {
    "name": "market_cap",
    "year": "2023Q2",
    "value": 32.712461419200004
  },
  {
    "name": "market_cap",
    "year": "2023Q3",
    "value": 31.752059616
  },
  {
    "name": "market_cap",
    "year": "2023Q4",
    "value": 25.8524485392
  },
  {
    "name": "market_cap",
    "year": "2024Q1",
    "value": 24.9508468464
  },
  {
    "name": "ev",
    "year": "2016Q4",
    "value": 9.8000184
  },
  {
    "name": "ev",
    "year": "2017Q4",
    "value": 14.830026864
  },
  {
    "name": "ev",
    "year": "2018Q4",
    "value": 14.579026312
  },
  {
    "name": "ev",
    "year": "2019Q4",
    "value": 14.140025576
  },
  {
    "name": "ev",
    "year": "2020Q3",
    "value": 18.963035604
  },
  {
    "name": "ev",
    "year": "2020Q4",
    "value": 20.835036708
  },
  {
    "name": "ev",
    "year": "2021Q1",
    "value": 20.727038916
  },
  {
    "name": "ev",
    "year": "2021Q2",
    "value": 19.6000368
  },
  {
    "name": "ev",
    "year": "2021Q3",
    "value": 20.52603542
  },
  {
    "name": "ev",
    "year": "2021Q4",
    "value": 20.70103542
  },
  {
    "name": "ev",
    "year": "2022Q1",
    "value": 18.163532844
  },
  {
    "name": "ev",
    "year": "2022Q2",
    "value": 17.624031648
  },
  {
    "name": "ev",
    "year": "2022Q3",
    "value": 16.98202944
  },
  {
    "name": "ev",
    "year": "2022Q4",
    "value": 19.764035144
  },
  {
    "name": "ev",
    "year": "2023Q1",
    "value": 21.703039468
  },
  {
    "name": "ev",
    "year": "2023Q2",
    "value": 33.6254614192
  },
  {
    "name": "ev",
    "year": "2023Q3",
    "value": 33.357059616
  },
  {
    "name": "ev",
    "year": "2023Q4",
    "value": 26.7764485392
  },
  {
    "name": "ev",
    "year": "2024Q1",
    "value": 25.3608468464
  },
  {
    "name": "book_value",
    "year": "2016Q4",
    "value": 0.0
  },
  {
    "name": "book_value",
    "year": "2017Q4",
    "value": 2.5
  },
  {
    "name": "book_value",
    "year": "2018Q4",
    "value": 2.55
  },
  {
    "name": "book_value",
    "year": "2019Q4",
    "value": 3.14
  },
  {
    "name": "book_value",
    "year": "2020Q3",
    "value": 0.0
  },
  {
    "name": "book_value",
    "year": "2020Q4",
    "value": 3.361
  },
  {
    "name": "book_value",
    "year": "2021Q1",
    "value": 0.0
  },
  {
    "name": "book_value",
    "year": "2021Q2",
    "value": 0.0
  },
  {
    "name": "book_value",
    "year": "2021Q3",
    "value": 2.85
  },
  {
    "name": "book_value",
    "year": "2021Q4",
    "value": 4.057
  },
  {
    "name": "book_value",
    "year": "2022Q1",
    "value": 3.98
  },
  {
    "name": "book_value",
    "year": "2022Q2",
    "value": 3.57
  },
  {
    "name": "book_value",
    "year": "2022Q3",
    "value": 3.52
  },
  {
    "name": "book_value",
    "year": "2022Q4",
    "value": 3.74
  },
  {
    "name": "book_value",
    "year": "2023Q1",
    "value": 4.21
  },
  {
    "name": "book_value",
    "year": "2023Q2",
    "value": 3.5
  },
  {
    "name": "book_value",
    "year": "2023Q3",
    "value": 3.44
  },
  {
    "name": "book_value",
    "year": "2023Q4",
    "value": 4.2
  },
  {
    "name": "book_value",
    "year": "2024Q1",
    "value": 5.15
  },
  {
    "name": "eps",
    "year": "2016Q4",
    "value": 0.0
  },
  {
    "name": "eps",
    "year": "2017Q4",
    "value": 0.0
  },
  {
    "name": "eps",
    "year": "2018Q4",
    "value": 0.0
  },
  {
    "name": "eps",
    "year": "2019Q4",
    "value": 0.0
  },
  {
    "name": "eps",
    "year": "2020Q3",
    "value": 3.24489186673
  },
  {
    "name": "eps",
    "year": "2020Q4",
    "value": 0.020408124948
  },
  {
    "name": "eps",
    "year": "2021Q1",
    "value": -0.540815311122
  },
  {
    "name": "eps",
    "year": "2021Q2",
    "value": -0.877549372764
  },
  {
    "name": "eps",
    "year": "2021Q3",
    "value": -0.387754374012
  },
  {
    "name": "eps",
    "year": "2021Q4",
    "value": 12.3469155935
  },
  {
    "name": "eps",
    "year": "2022Q1",
    "value": -0.857141247816
  },
  {
    "name": "eps",
    "year": "2022Q2",
    "value": -0.71428437318
  },
  {
    "name": "eps",
    "year": "2022Q3",
    "value": -0.520407186174
  },
  {
    "name": "eps",
    "year": "2022Q4",
    "value": 2.28570999418
  },
  {
    "name": "eps",
    "year": "2023Q1",
    "value": 4.79590936278
  },
  {
    "name": "eps",
    "year": "2023Q2",
    "value": -0.887753435238
  },
  {
    "name": "eps",
    "year": "2023Q3",
    "value": -0.693876248232
  },
  {
    "name": "eps",
    "year": "2023Q4",
    "value": 7.80610779261
  },
  {
    "name": "eps",
    "year": "2024Q1",
    "value": 9.6938593503
  },
  {
    "name": "fcf_share",
    "year": "2016Q4",
    "value": 0.0
  },
  {
    "name": "fcf_share",
    "year": "2017Q4",
    "value": 0.0
  },
  {
    "name": "fcf_share",
    "year": "2018Q4",
    "value": 0.0
  },
  {
    "name": "fcf_share",
    "year": "2019Q4",
    "value": 0.0
  },
  {
    "name": "fcf_share",
    "year": "2020Q3",
    "value": 0.0
  },
  {
    "name": "fcf_share",
    "year": "2020Q4",
    "value": 0.0
  },
  {
    "name": "fcf_share",
    "year": "2021Q1",
    "value": 0.0
  },
  {
    "name": "fcf_share",
    "year": "2021Q2",
    "value": 0.0
  },
  {
    "name": "fcf_share",
    "year": "2021Q3",
    "value": 0.0
  },
  {
    "name": "fcf_share",
    "year": "2021Q4",
    "value": 0.0
  },
  {
    "name": "fcf_share",
    "year": "2022Q1",
    "value": 0.0
  },
  {
    "name": "fcf_share",
    "year": "2022Q2",
    "value": 0.0
  },
  {
    "name": "fcf_share",
    "year": "2022Q3",
    "value": 0.0
  },
  {
    "name": "fcf_share",
    "year": "2022Q4",
    "value": 0.0
  },
  {
    "name": "fcf_share",
    "year": "2023Q1",
    "value": 0.0
  },
  {
    "name": "fcf_share",
    "year": "2023Q2",
    "value": 0.0
  },
  {
    "name": "fcf_share",
    "year": "2023Q3",
    "value": 0.0
  },
  {
    "name": "fcf_share",
    "year": "2023Q4",
    "value": 0.0
  },
  {
    "name": "fcf_share",
    "year": "2024Q1",
    "value": 0.0
  },
  {
    "name": "bv_share",
    "year": "2016Q4",
    "value": 0.0
  },
  {
    "name": "bv_share",
    "year": "2017Q4",
    "value": 25.510156185
  },
  {
    "name": "bv_share",
    "year": "2018Q4",
    "value": 26.0203593087
  },
  {
    "name": "bv_share",
    "year": "2019Q4",
    "value": 32.0407561684
  },
  {
    "name": "bv_share",
    "year": "2020Q3",
    "value": 0.0
  },
  {
    "name": "bv_share",
    "year": "2020Q4",
    "value": 34.2958539751
  },
  {
    "name": "bv_share",
    "year": "2021Q1",
    "value": 0.0
  },
  {
    "name": "bv_share",
    "year": "2021Q2",
    "value": 0.0
  },
  {
    "name": "bv_share",
    "year": "2021Q3",
    "value": 29.0815780509
  },
  {
    "name": "bv_share",
    "year": "2021Q4",
    "value": 41.397881457
  },
  {
    "name": "bv_share",
    "year": "2022Q1",
    "value": 40.6121686465
  },
  {
    "name": "bv_share",
    "year": "2022Q2",
    "value": 36.4285030322
  },
  {
    "name": "bv_share",
    "year": "2022Q3",
    "value": 35.9182999085
  },
  {
    "name": "bv_share",
    "year": "2022Q4",
    "value": 38.1631936528
  },
  {
    "name": "bv_share",
    "year": "2023Q1",
    "value": 42.9591030156
  },
  {
    "name": "bv_share",
    "year": "2023Q2",
    "value": 35.714218659
  },
  {
    "name": "bv_share",
    "year": "2023Q3",
    "value": 35.1019749106
  },
  {
    "name": "bv_share",
    "year": "2023Q4",
    "value": 42.8570623908
  },
  {
    "name": "bv_share",
    "year": "2024Q1",
    "value": 52.5509217411
  },
  {
    "name": "ebitda_margin",
    "year": "2020Q3",
    "value": 0.0
  },
  {
    "name": "ebitda_margin",
    "year": "2020Q4",
    "value": 0.0
  },
  {
    "name": "ebitda_margin",
    "year": "2021Q1",
    "value": 0.0
  },
  {
    "name": "ebitda_margin",
    "year": "2021Q2",
    "value": 0.0
  },
  {
    "name": "ebitda_margin",
    "year": "2021Q3",
    "value": 0.0
  },
  {
    "name": "ebitda_margin",
    "year": "2021Q4",
    "value": 0.0
  },
  {
    "name": "ebitda_margin",
    "year": "2022Q1",
    "value": 0.0
  },
  {
    "name": "ebitda_margin",
    "year": "2022Q2",
    "value": 0.0
  },
  {
    "name": "ebitda_margin",
    "year": "2022Q3",
    "value": 0.0
  },
  {
    "name": "ebitda_margin",
    "year": "2022Q4",
    "value": 0.0
  },
  {
    "name": "ebitda_margin",
    "year": "2023Q1",
    "value": 0.0
  },
  {
    "name": "ebitda_margin",
    "year": "2023Q2",
    "value": 0.0
  },
  {
    "name": "ebitda_margin",
    "year": "2023Q3",
    "value": 0.0
  },
  {
    "name": "ebitda_margin",
    "year": "2023Q4",
    "value": 0.0
  },
  {
    "name": "ebitda_margin",
    "year": "2024Q1",
    "value": 0.0
  },
  {
    "name": "net_margin",
    "year": "2020Q3",
    "value": 197.51552795
  },
  {
    "name": "net_margin",
    "year": "2020Q4",
    "value": 2.89855072464
  },
  {
    "name": "net_margin",
    "year": "2021Q1",
    "value": -115.21739130399999
  },
  {
    "name": "net_margin",
    "year": "2021Q2",
    "value": -119.444444444
  },
  {
    "name": "net_margin",
    "year": "2021Q3",
    "value": -82.6086956522
  },
  {
    "name": "net_margin",
    "year": "2021Q4",
    "value": 2630.4347826099997
  },
  {
    "name": "net_margin",
    "year": "2022Q1",
    "value": -129.230769231
  },
  {
    "name": "net_margin",
    "year": "2022Q2",
    "value": -106.060606061
  },
  {
    "name": "net_margin",
    "year": "2022Q3",
    "value": -71.8309859155
  },
  {
    "name": "net_margin",
    "year": "2022Q4",
    "value": 329.41176470600004
  },
  {
    "name": "net_margin",
    "year": "2023Q1",
    "value": 734.375
  },
  {
    "name": "net_margin",
    "year": "2023Q2",
    "value": -133.846153846
  },
  {
    "name": "net_margin",
    "year": "2023Q3",
    "value": -97.1428571429
  },
  {
    "name": "net_margin",
    "year": "2023Q4",
    "value": 317.427385892
  },
  {
    "name": "net_margin",
    "year": "2024Q1",
    "value": 1338.02816901
  },
  {
    "name": "fcf_yield",
    "year": "2016Q4",
    "value": 0.0
  },
  {
    "name": "fcf_yield",
    "year": "2017Q4",
    "value": 0.0
  },
  {
    "name": "fcf_yield",
    "year": "2018Q4",
    "value": 0.0
  },
  {
    "name": "fcf_yield",
    "year": "2019Q4",
    "value": 0.0
  },
  {
    "name": "fcf_yield",
    "year": "2020Q3",
    "value": 0.0
  },
  {
    "name": "fcf_yield",
    "year": "2020Q4",
    "value": 0.0
  },
  {
    "name": "fcf_yield",
    "year": "2021Q1",
    "value": 0.0
  },
  {
    "name": "fcf_yield",
    "year": "2021Q2",
    "value": 0.0
  },
  {
    "name": "fcf_yield",
    "year": "2021Q3",
    "value": 0.0
  },
  {
    "name": "fcf_yield",
    "year": "2021Q4",
    "value": 0.0
  },
  {
    "name": "fcf_yield",
    "year": "2022Q1",
    "value": 0.0
  },
  {
    "name": "fcf_yield",
    "year": "2022Q2",
    "value": 0.0
  },
  {
    "name": "fcf_yield",
    "year": "2022Q3",
    "value": 0.0
  },
  {
    "name": "fcf_yield",
    "year": "2022Q4",
    "value": 0.0
  },
  {
    "name": "fcf_yield",
    "year": "2023Q1",
    "value": 0.0
  },
  {
    "name": "fcf_yield",
    "year": "2023Q2",
    "value": 0.0
  },
  {
    "name": "fcf_yield",
    "year": "2023Q3",
    "value": 0.0
  },
  {
    "name": "fcf_yield",
    "year": "2023Q4",
    "value": 0.0
  },
  {
    "name": "fcf_yield",
    "year": "2024Q1",
    "value": 0.0
  },
  {
    "name": "roe",
    "year": "2017Q4",
    "value": 0.0
  },
  {
    "name": "roe",
    "year": "2018Q4",
    "value": 0.0
  },
  {
    "name": "roe",
    "year": "2019Q4",
    "value": 0.0
  },
  {
    "name": "roe",
    "year": "2020Q3",
    "value": null
  },
  {
    "name": "roe",
    "year": "2020Q4",
    "value": 9.52097590003
  },
  {
    "name": "roe",
    "year": "2021Q1",
    "value": null
  },
  {
    "name": "roe",
    "year": "2021Q2",
    "value": null
  },
  {
    "name": "roe",
    "year": "2021Q3",
    "value": -6.1403508771899995
  },
  {
    "name": "roe",
    "year": "2021Q4",
    "value": 25.462164160700002
  },
  {
    "name": "roe",
    "year": "2022Q1",
    "value": 25.175879397
  },
  {
    "name": "roe",
    "year": "2022Q2",
    "value": 28.5154061625
  },
  {
    "name": "roe",
    "year": "2022Q3",
    "value": 28.551136363599998
  },
  {
    "name": "roe",
    "year": "2022Q4",
    "value": 0.508021390374
  },
  {
    "name": "roe",
    "year": "2023Q1",
    "value": 13.610451306400002
  },
  {
    "name": "roe",
    "year": "2023Q2",
    "value": 15.8857142857
  },
  {
    "name": "roe",
    "year": "2023Q3",
    "value": 15.668604651199999
  },
  {
    "name": "roe",
    "year": "2023Q4",
    "value": 25.7142857143
  },
  {
    "name": "roe",
    "year": "2024Q1",
    "value": 30.2912621359
  },
  {
    "name": "roa",
    "year": "2017Q4",
    "value": 0.0
  },
  {
    "name": "roa",
    "year": "2018Q4",
    "value": 0.0
  },
  {
    "name": "roa",
    "year": "2019Q4",
    "value": 0.0
  },
  {
    "name": "roa",
    "year": "2020Q3",
    "value": null
  },
  {
    "name": "roa",
    "year": "2020Q4",
    "value": 6.76532769556
  },
  {
    "name": "roa",
    "year": "2021Q1",
    "value": null
  },
  {
    "name": "roa",
    "year": "2021Q2",
    "value": null
  },
  {
    "name": "roa",
    "year": "2021Q3",
    "value": -3.8043478260900003
  },
  {
    "name": "roa",
    "year": "2021Q4",
    "value": 17.303182579599998
  },
  {
    "name": "roa",
    "year": "2022Q1",
    "value": 21.1392405063
  },
  {
    "name": "roa",
    "year": "2022Q2",
    "value": 21.252609603299998
  },
  {
    "name": "roa",
    "year": "2022Q3",
    "value": 19.7834645669
  },
  {
    "name": "roa",
    "year": "2022Q4",
    "value": 0.376984126984
  },
  {
    "name": "roa",
    "year": "2023Q1",
    "value": 11.1046511628
  },
  {
    "name": "roa",
    "year": "2023Q2",
    "value": 9.520547945210001
  },
  {
    "name": "roa",
    "year": "2023Q3",
    "value": 9.16666666667
  },
  {
    "name": "roa",
    "year": "2023Q4",
    "value": 18.0
  },
  {
    "name": "roa",
    "year": "2024Q1",
    "value": 24.7619047619
  },
  {
    "name": "p_e",
    "year": "2020Q3",
    "value": 59.632187434
  },
  {
    "name": "p_e",
    "year": "2020Q4",
    "value": 61.0969897125
  },
  {
    "name": "p_e",
    "year": "2021Q1",
    "value": 77.629359236
  },
  {
    "name": "p_e",
    "year": "2021Q2",
    "value": 108.287496133
  },
  {
    "name": "p_e",
    "year": "2021Q3",
    "value": -107.8002024
  },
  {
    "name": "p_e",
    "year": "2021Q4",
    "value": 18.2623769797
  },
  {
    "name": "p_e",
    "year": "2022Q1",
    "value": 17.4581166108
  },
  {
    "name": "p_e",
    "year": "2022Q2",
    "value": 16.5579878664
  },
  {
    "name": "p_e",
    "year": "2022Q3",
    "value": 15.6020193433
  },
  {
    "name": "p_e",
    "year": "2022Q4",
    "value": 985.159744421
  },
  {
    "name": "p_e",
    "year": "2023Q1",
    "value": 36.6859327539
  },
  {
    "name": "p_e",
    "year": "2023Q2",
    "value": 58.8353622647
  },
  {
    "name": "p_e",
    "year": "2023Q3",
    "value": 58.9092015139
  },
  {
    "name": "p_e",
    "year": "2023Q4",
    "value": 23.9374523511
  },
  {
    "name": "p_e",
    "year": "2024Q1",
    "value": 15.9941325938
  },
  {
    "name": "p_s",
    "year": "2020Q3",
    "value": 117.782829839
  },
  {
    "name": "p_s",
    "year": "2020Q4",
    "value": 85.0045074261
  },
  {
    "name": "p_s",
    "year": "2021Q1",
    "value": 75.097967087
  },
  {
    "name": "p_s",
    "year": "2021Q2",
    "value": 56.3219448276
  },
  {
    "name": "p_s",
    "year": "2021Q3",
    "value": 80.9658172532
  },
  {
    "name": "p_s",
    "year": "2021Q4",
    "value": 89.833502
  },
  {
    "name": "p_s",
    "year": "2022Q1",
    "value": 76.3887897118
  },
  {
    "name": "p_s",
    "year": "2022Q2",
    "value": 75.5875858655
  },
  {
    "name": "p_s",
    "year": "2022Q3",
    "value": 63.2259251613
  },
  {
    "name": "p_s",
    "year": "2022Q4",
    "value": 69.3260560889
  },
  {
    "name": "p_s",
    "year": "2023Q1",
    "value": 78.1451281338
  },
  {
    "name": "p_s",
    "year": "2023Q2",
    "value": 122.061423206
  },
  {
    "name": "p_s",
    "year": "2023Q3",
    "value": 118.921571596
  },
  {
    "name": "p_s",
    "year": "2023Q4",
    "value": 58.7555648618
  },
  {
    "name": "p_s",
    "year": "2024Q1",
    "value": 55.8184493208
  },
  {
    "name": "p_bv",
    "year": "2017Q4",
    "value": 5.7232107456
  },
  {
    "name": "p_bv",
    "year": "2018Q4",
    "value": 5.49569659294
  },
  {
    "name": "p_bv",
    "year": "2019Q4",
    "value": 4.33822470573
  },
  {
    "name": "p_bv",
    "year": "2020Q3",
    "value": null
  },
  {
    "name": "p_bv",
    "year": "2020Q4",
    "value": 5.81702966617
  },
  {
    "name": "p_bv",
    "year": "2021Q1",
    "value": null
  },
  {
    "name": "p_bv",
    "year": "2021Q2",
    "value": null
  },
  {
    "name": "p_bv",
    "year": "2021Q3",
    "value": 6.61931067368
  },
  {
    "name": "p_bv",
    "year": "2021Q4",
    "value": 4.64999640621
  },
  {
    "name": "p_bv",
    "year": "2022Q1",
    "value": 4.39523438291
  },
  {
    "name": "p_bv",
    "year": "2022Q2",
    "value": 4.72157749244
  },
  {
    "name": "p_bv",
    "year": "2022Q3",
    "value": 4.45455381818
  },
  {
    "name": "p_bv",
    "year": "2022Q4",
    "value": 5.00482223102
  },
  {
    "name": "p_bv",
    "year": "2023Q1",
    "value": 4.99312101378
  },
  {
    "name": "p_bv",
    "year": "2023Q2",
    "value": 9.34641754834
  },
  {
    "name": "p_bv",
    "year": "2023Q3",
    "value": 9.23024988837
  },
  {
    "name": "p_bv",
    "year": "2023Q4",
    "value": 6.15534489029
  },
  {
    "name": "p_bv",
    "year": "2024Q1",
    "value": 4.84482463037
  },
  {
    "name": "capex_revenue",
    "year": "2020Q3",
    "value": 0.0
  },
  {
    "name": "capex_revenue",
    "year": "2020Q4",
    "value": 0.0
  },
  {
    "name": "capex_revenue",
    "year": "2021Q1",
    "value": 0.0
  },
  {
    "name": "capex_revenue",
    "year": "2021Q2",
    "value": 0.0
  },
  {
    "name": "capex_revenue",
    "year": "2021Q3",
    "value": 0.0
  },
  {
    "name": "capex_revenue",
    "year": "2021Q4",
    "value": 0.0
  },
  {
    "name": "capex_revenue",
    "year": "2022Q1",
    "value": 0.0
  },
  {
    "name": "capex_revenue",
    "year": "2022Q2",
    "value": 0.0
  },
  {
    "name": "capex_revenue",
    "year": "2022Q3",
    "value": 0.0
  },
  {
    "name": "capex_revenue",
    "year": "2022Q4",
    "value": 0.0
  },
  {
    "name": "capex_revenue",
    "year": "2023Q1",
    "value": 0.0
  },
  {
    "name": "capex_revenue",
    "year": "2023Q2",
    "value": 0.0
  },
  {
    "name": "capex_revenue",
    "year": "2023Q3",
    "value": 0.0
  },
  {
    "name": "capex_revenue",
    "year": "2023Q4",
    "value": 0.0
  },
  {
    "name": "capex_revenue",
    "year": "2024Q1",
    "value": 0.0
  }
]