[{"name":"Выручка","year":"2023","value":"116888000000"},{"name":"Выручка","year":"2022","value":"97316000000"},{"name":"Выручка","year":"2021","value":"74937000000"},{"name":"Выручка","year":"2020","value":"63292000000"},{"name":"Выручка","year":"2019","value":"76343000000"},{"name":"Валовая прибыль","year":"2023","value":"43270000000"},{"name":"Валовая прибыль","year":"2022","value":"38414000000"},{"name":"Валовая прибыль","year":"2021","value":"26843000000"},{"name":"Валовая прибыль","year":"2020","value":"22678000000"},{"name":"Валовая прибыль","year":"2019","value":"19354000000"},{"name":"EBITDA","year":"2023","value":"19284000000"},{"name":"EBITDA","year":"2022","value":"17356000000"},{"name":"EBITDA","year":"2021","value":"10487000000"},{"name":"EBITDA","year":"2020","value":"9207000000"},{"name":"EBITDA","year":"2019","value":"6560000000"},{"name":"EBIT","year":"2023","value":"13648000000"},{"name":"EBIT","year":"2022","value":"14180000000"},{"name":"EBIT","year":"2021","value":"7146000000"},{"name":"EBIT","year":"2020","value":"6842000000"},{"name":"EBIT","year":"2019","value":"4457000000"},{"name":"Процентные расходы","year":"2023","value":"3582000000"},{"name":"Процентные расходы","year":"2022","value":"3530000000"},{"name":"Процентные расходы","year":"2021","value":"2058000000"},{"name":"Процентные расходы","year":"2020","value":"3267000000"},{"name":"Процентные расходы","year":"2019","value":"2392000000"},{"name":"Чистые процентные доходы/расходы","year":"2023","value":"-3528000000"},{"name":"Чистые процентные доходы/расходы","year":"2022","value":"-3530000000"},{"name":"Чистые процентные доходы/расходы","year":"2021","value":"-2058000000"},{"name":"Чистые процентные доходы/расходы","year":"2020","value":"-3267000000"},{"name":"Чистые процентные доходы/расходы","year":"2019","value":"-2392000000"},{"name":"Операционный доход","year":"2023","value":"13934000000"},{"name":"Операционный доход","year":"2022","value":"13055000000"},{"name":"Операционный доход","year":"2021","value":"7742000000"},{"name":"Операционный доход","year":"2020","value":"6842000000"},{"name":"Операционный доход","year":"2019","value":"4457000000"},{"name":"Расходы на персонал","year":"2023","value":"29185000000"},{"name":"Расходы на персонал","year":"2022","value":"25085000000"},{"name":"Расходы на персонал","year":"2021","value":"19206000000"},{"name":"Расходы на персонал","year":"2020","value":"15834000000"},{"name":"Расходы на персонал","year":"2019","value":"14739000000"},{"name":"Прибыль до налогов","year":"2023","value":"10120000000"},{"name":"Прибыль до налогов","year":"2022","value":"10650000000"},{"name":"Прибыль до налогов","year":"2021","value":"5088000000"},{"name":"Прибыль до налогов","year":"2020","value":"3575000000"},{"name":"Прибыль до налогов","year":"2019","value":"2065000000"},{"name":"Чистая прибыль","year":"2023","value":"8064000000"},{"name":"Чистая прибыль","year":"2022","value":"8442000000"},{"name":"Чистая прибыль","year":"2021","value":"3861000000"},{"name":"Чистая прибыль","year":"2020","value":"2459000000"},{"name":"Чистая прибыль","year":"2019","value":"1433000000"},{"name":"Капитал на акционеров","year":"2023","value":"26306000000"},{"name":"Капитал на акционеров","year":"2022","value":"25121000000"},{"name":"Капитал на акционеров","year":"2021","value":"25782000000"},{"name":"Капитал на акционеров","year":"2020","value":"20051000000"},{"name":"Капитал на акционеров","year":"2019","value":"18832000000"},{"name":"Активы","year":"2023","value":"96244000000"},{"name":"Активы","year":"2022","value":"93139000000"},{"name":"Активы","year":"2021","value":"78489000000"},{"name":"Активы","year":"2020","value":"63530000000"},{"name":"Активы","year":"2019","value":"57428000000"},{"name":"CA Оборотные активы","year":"2023","value":"53858000000"},{"name":"CA Оборотные активы","year":"2022","value":"56128000000"},{"name":"CA Оборотные активы","year":"2021","value":"44431000000"},{"name":"CA Оборотные активы","year":"2020","value":"35184000000"},{"name":"CA Оборотные активы","year":"2019","value":"27969000000"},{"name":"Денежные средства и их эквиваленты","year":"2023","value":"3423000000"},{"name":"Денежные средства и их эквиваленты","year":"2022","value":"13241000000"},{"name":"Денежные средства и их эквиваленты","year":"2021","value":"9712000000"},{"name":"Денежные средства и их эквиваленты","year":"2020","value":"4890000000"},{"name":"Денежные средства и их эквиваленты","year":"2019","value":"1085000000"},{"name":"Обязательства","year":"2023","value":"69647000000"},{"name":"Обязательства","year":"2022","value":"67750000000"},{"name":"Обязательства","year":"2021","value":"52405000000"},{"name":"Обязательства","year":"2020","value":"43185000000"},{"name":"Обязательства","year":"2019","value":"37395000000"},{"name":"Собственный капитал","year":"2023","value":"26597000000"},{"name":"Собственный капитал","year":"2022","value":"25389000000"},{"name":"Собственный капитал","year":"2021","value":"26084000000"},{"name":"Собственный капитал","year":"2020","value":"20345000000"},{"name":"Собственный капитал","year":"2019","value":"20033000000"},{"name":"Капитал на акционеров","year":"2023","value":"8029000000"},{"name":"Капитал на акционеров","year":"2022","value":"8439000000"},{"name":"Капитал на акционеров","year":"2021","value":"3824000000"},{"name":"Капитал на акционеров","year":"2020","value":"2462000000"},{"name":"Капитал на акционеров","year":"2019","value":"1353000000"},{"name":"Внеоборотные активы","year":"2023","value":"42386000000"},{"name":"Внеоборотные активы","year":"2022","value":"37011000000"},{"name":"Внеоборотные активы","year":"2021","value":"34058000000"},{"name":"Внеоборотные активы","year":"2020","value":"28346000000"},{"name":"Внеоборотные активы","year":"2019","value":"29459000000"},{"name":"Собственный капитал","year":"2023","value":"948.0478"},{"name":"Собственный капитал","year":"2022","value":"595.3157"},{"name":"Собственный капитал","year":"2021","value":"711.2999"},{"name":"Собственный капитал","year":"2020","value":"297.3299"},{"name":"Собственный капитал","year":"2019","value":"226.1565"},{"name":"CFO операционные денежные потоки","year":"2023","value":"6736000000"},{"name":"CFO операционные денежные потоки","year":"2022","value":"6146000000"},{"name":"CFO операционные денежные потоки","year":"2021","value":"8563000000"},{"name":"CFO операционные денежные потоки","year":"2020","value":"6114000000"},{"name":"CFO операционные денежные потоки","year":"2019","value":"1848000000"},{"name":"FCF на акцию","year":"2023","value":"3754000000"},{"name":"FCF на акцию","year":"2022","value":"2755000000"},{"name":"FCF на акцию","year":"2021","value":"7300000000"},{"name":"FCF на акцию","year":"2020","value":"5058000000"},{"name":"FCF на акцию","year":"2019","value":"188000000"},{"name":"Инвестиционный денежный поток","year":"2023","value":"-2862000000"},{"name":"Инвестиционный денежный поток","year":"2022","value":"-356000000"},{"name":"Инвестиционный денежный поток","year":"2021","value":"-2998000000"},{"name":"Инвестиционный денежный поток","year":"2020","value":"-2529000000"},{"name":"Инвестиционный денежный поток","year":"2019","value":"-2194000000"},{"name":"CFF Денежный поток от финансовой деятельности","year":"2023","value":"-13692000000"},{"name":"CFF Денежный поток от финансовой деятельности","year":"2022","value":"-2261000000"},{"name":"CFF Денежный поток от финансовой деятельности","year":"2021","value":"-743000000"},{"name":"CFF Денежный поток от финансовой деятельности","year":"2020","value":"220000000"},{"name":"CFF Денежный поток от финансовой деятельности","year":"2019","value":"348000000"},{"name":"CB Текущие кредиты","year":"2023","value":"6192000000"},{"name":"CB Текущие кредиты","year":"2022","value":"8655000000"},{"name":"CB Текущие кредиты","year":"2021","value":"4052000000"},{"name":"CB Текущие кредиты","year":"2020","value":"808000000"},{"name":"CB Текущие кредиты","year":"2019","value":"2388000000"},{"name":"Общий долг","year":"2023","value":"32107000000"},{"name":"Общий долг","year":"2022","value":"24831000000"},{"name":"Общий долг","year":"2021","value":"13862000000"},{"name":"Общий долг","year":"2020","value":"12405000000"},{"name":"Общий долг","year":"2019","value":"13931000000"},{"name":"Текущие обязательства","year":"2023","value":"40414000000"},{"name":"Текущие обязательства","year":"2022","value":"38636000000"},{"name":"Текущие обязательства","year":"2021","value":"33372000000"},{"name":"Текущие обязательства","year":"2020","value":"23665000000"},{"name":"Текущие обязательства","year":"2019","value":"20784000000"},{"name":"CL Текущая аренда","year":"2023","value":"3330000000"},{"name":"CL Текущая аренда","year":"2022","value":"2721000000"},{"name":"CL Текущая аренда","year":"2021","value":"2527000000"},{"name":"CL Текущая аренда","year":"2020","value":"1429000000"},{"name":"Долгосрочная аренда","year":"2023","value":"14623000000"},{"name":"Долгосрочная аренда","year":"2022","value":"9762000000"},{"name":"Долгосрочная аренда","year":"2021","value":"4633000000"},{"name":"Долгосрочная аренда","year":"2020","value":"1735000000"},{"name":"Долгосрочные кредиты","year":"2023","value":"11385000000"},{"name":"Долгосрочные кредиты","year":"2022","value":"16934000000"},{"name":"Долгосрочные кредиты","year":"2021","value":"12362000000"},{"name":"Долгосрочные кредиты","year":"2020","value":"16487000000"},{"name":"Долгосрочные кредиты","year":"2019","value":"12628000000"},{"name":"Долгосрочные обязательства","year":"2023","value":"29233000000"},{"name":"Долгосрочные обязательства","year":"2022","value":"29114000000"},{"name":"Долгосрочные обязательства","year":"2021","value":"19033000000"},{"name":"Долгосрочные обязательства","year":"2020","value":"19520000000"},{"name":"Долгосрочные обязательства","year":"2019","value":"16611000000"},{"name":"Чистый долг","year":"2023","value":"17577000000"},{"name":"Чистый долг","year":"2022","value":"25589000000"},{"name":"Чистый долг","year":"2021","value":"16414000000"},{"name":"Чистый долг","year":"2020","value":"17295000000"},{"name":"Чистый долг","year":"2019","value":"15016000000"},{"name":"Общие расходы","year":"2023","value":"29336000000"},{"name":"Общие расходы","year":"2022","value":"25359000000"},{"name":"Общие расходы","year":"2021","value":"19101000000"},{"name":"Общие расходы","year":"2020","value":"15836000000"},{"name":"Общие расходы","year":"2019","value":"15135000000"}]