[{"name":"P/E","year":"2020","value":"27.18"},{"name":"P/E","year":"2019","value":"7.23"},{"name":"P/E","year":"2018","value":"7.7"},{"name":"P/E","year":"2017","value":"6.22"},{"name":"P/E","year":"2016","value":"3.97"},{"name":"P/B","year":"2020","value":"3.39"},{"name":"P/B","year":"2019","value":"1.82"},{"name":"P/B","year":"2018","value":"1.59"},{"name":"P/B","year":"2017","value":"2.01"},{"name":"P/B","year":"2016","value":"1.58"},{"name":"P/S","year":"2020","value":"7.01"},{"name":"P/S","year":"2019","value":"3.22"},{"name":"P/S","year":"2018","value":"2.69"},{"name":"P/S","year":"2017","value":"2.71"},{"name":"P/S","year":"2016","value":"2.45"},{"name":"P/CF","year":"2020","value":"9.83"},{"name":"P/CF","year":"2019","value":"-17.31"},{"name":"P/CF","year":"2018","value":"28.55"},{"name":"P/CF","year":"2017","value":"-4.99"},{"name":"P/CF","year":"2016","value":"2.69"},{"name":"P/FCF","year":"2020","value":"9.83"},{"name":"P/FCF","year":"2016","value":"2.73"},{"name":"P/FCF","year":"2015","value":"8.77"},{"name":"P/FCF","year":"2014","value":"4.55"},{"name":"P/FCF","year":"2012","value":"5.54"},{"name":"Коэффициент долга","year":"2020","value":"0.81"},{"name":"Коэффициент долга","year":"2019","value":"0.76"},{"name":"Коэффициент долга","year":"2018","value":"0.8"},{"name":"Коэффициент долга","year":"2017","value":"0.83"},{"name":"Коэффициент долга","year":"2016","value":"0.84"},{"name":"D/E","year":"2020","value":"4.31"},{"name":"D/E","year":"2019","value":"3.23"},{"name":"D/E","year":"2018","value":"4.01"},{"name":"D/E","year":"2017","value":"5.04"},{"name":"D/E","year":"2016","value":"5.08"},{"name":"CAPEX/Выручка","year":"2020","value":"0.01"},{"name":"CAPEX/Выручка","year":"2019","value":"16.15"},{"name":"CAPEX/Выручка","year":"2018","value":"11.51"},{"name":"CAPEX/Выручка","year":"2017","value":"3.07"},{"name":"CAPEX/Выручка","year":"2016","value":"1.54"},{"name":"ROE","year":"2020","value":"12.47"},{"name":"ROE","year":"2019","value":"25.17"},{"name":"ROE","year":"2018","value":"20.69"},{"name":"ROE","year":"2017","value":"32.28"},{"name":"ROE","year":"2016","value":"39.68"},{"name":"ROA","year":"2020","value":"2.35"},{"name":"ROA","year":"2019","value":"5.95"},{"name":"ROA","year":"2018","value":"4.13"},{"name":"ROA","year":"2017","value":"5.34"},{"name":"ROA","year":"2016","value":"6.52"},{"name":"Net Margin","year":"2020","value":"25.78"},{"name":"Net Margin","year":"2019","value":"44.55"},{"name":"Net Margin","year":"2018","value":"34.89"},{"name":"Net Margin","year":"2017","value":"43.5"},{"name":"Net Margin","year":"2016","value":"61.69"}]