[{"name":"date","year":"2019","value":"22.01.2020"},{"name":"date","year":"2020","value":"20.01.2021"},{"name":"date","year":"2021","value":"24.03.2023"},{"name":"date","year":"2022","value":"23.03.2023"},{"name":"date","year":"2023","value":"21.03.2024"},{"name":"currency","year":"2019","value":"RUB"},{"name":"currency","year":"2020","value":"RUB"},{"name":"currency","year":"2021","value":"RUB"},{"name":"currency","year":"2022","value":"RUB"},{"name":"currency","year":"2023","value":"RUB"},{"name":"report_url","year":"2019","value":"http://www.e-disclosure.ru/portal/FileLoad.ashx?Fileid=1620519"},{"name":"report_url","year":"2020","value":"https://e-disclosure.ru/portal/FileLoad.ashx?Fileid=1686469"},{"name":"report_url","year":"2021","value":""},{"name":"report_url","year":"2022","value":"https://e-disclosure.ru/portal/FileLoad.ashx?Fileid=1783049"},{"name":"report_url","year":"2023","value":"https://www.e-disclosure.ru/portal/FileLoad.ashx?Fileid=1826366"},{"name":"presentation_url","year":"2019","value":"https://www.bspb.ru/investors/financial-statements/RAS/01.01.2020.zip"},{"name":"presentation_url","year":"2020","value":"https://www.bspb.ru/investors/results/2020/FY2020_Webcast.pdf"},{"name":"presentation_url","year":"2021","value":""},{"name":"presentation_url","year":"2022","value":""},{"name":"presentation_url","year":"2023","value":""},{"name":"net_operating_income","year":"2019","value":"30.7"},{"name":"net_operating_income","year":"2020","value":"39.4"},{"name":"net_operating_income","year":"2021","value":"44.6"},{"name":"net_operating_income","year":"2022","value":"56.7"},{"name":"net_operating_income","year":"2023","value":"66.4"},{"name":"net_interest_income","year":"2019","value":"23.0"},{"name":"net_interest_income","year":"2020","value":"25.0"},{"name":"net_interest_income","year":"2021","value":"29.3"},{"name":"net_interest_income","year":"2022","value":"40.3"},{"name":"net_interest_income","year":"2023","value":"52.4"},{"name":"commission_income","year":"2019","value":"7.00"},{"name":"commission_income","year":"2020","value":"7.30"},{"name":"commission_income","year":"2021","value":"9.80"},{"name":"commission_income","year":"2022","value":"14.9"},{"name":"commission_income","year":"2023","value":"13.6"},{"name":"interest_income_on_securities","year":"2019","value":"-0.559"},{"name":"interest_income_on_securities","year":"2020","value":"5.70"},{"name":"interest_income_on_securities","year":"2021","value":"5.50"},{"name":"interest_income_on_securities","year":"2022","value":"1.45"},{"name":"interest_income_on_securities","year":"2023","value":"0.340"},{"name":"net_income","year":"2019","value":"6.60"},{"name":"net_income","year":"2020","value":"11.7"},{"name":"net_income","year":"2021","value":"18.1"},{"name":"net_income","year":"2022","value":"47.6"},{"name":"net_income","year":"2023","value":"47.3"},{"name":"ocf","year":"2019","value":""},{"name":"ocf","year":"2020","value":"24.7"},{"name":"ocf","year":"2021","value":""},{"name":"ocf","year":"2022","value":""},{"name":"ocf","year":"2023","value":""},{"name":"dividend_payout","year":"2019","value":"1.59"},{"name":"dividend_payout","year":"2020","value":"2.17"},{"name":"dividend_payout","year":"2021","value":"0.002"},{"name":"dividend_payout","year":"2022","value":"15.2"},{"name":"dividend_payout","year":"2023","value":"19.6"},{"name":"dividend","year":"2019","value":"3.33"},{"name":"dividend","year":"2020","value":"4.56"},{"name":"dividend","year":"2021","value":""},{"name":"dividend","year":"2022","value":"32.97"},{"name":"dividend","year":"2023","value":"42.45"},{"name":"div_yield","year":"2019","value":"5.9%"},{"name":"div_yield","year":"2020","value":"8.8%"},{"name":"div_yield","year":"2021","value":"0.0%"},{"name":"div_yield","year":"2022","value":"33.0%"},{"name":"div_yield","year":"2023","value":"19.7%"},{"name":"dividend_pr","year":"2019","value":"0.11"},{"name":"dividend_pr","year":"2020","value":"0.22"},{"name":"dividend_pr","year":"2021","value":"0.11"},{"name":"dividend_pr","year":"2022","value":"0.33"},{"name":"dividend_pr","year":"2023","value":"0.44"},{"name":"div_yield_priv","year":"2019","value":"11.0%"},{"name":"div_yield_priv","year":"2020","value":"22.0%"},{"name":"div_yield_priv","year":"2021","value":"0.6%"},{"name":"div_yield_priv","year":"2022","value":"1.3%"},{"name":"div_yield_priv","year":"2023","value":"0.9%"},{"name":"div_payout_ratio","year":"2019","value":"24%"},{"name":"div_payout_ratio","year":"2020","value":"19%"},{"name":"div_payout_ratio","year":"2021","value":"0%"},{"name":"div_payout_ratio","year":"2022","value":"32%"},{"name":"div_payout_ratio","year":"2023","value":"41%"},{"name":"opex","year":"2019","value":"14.2"},{"name":"opex","year":"2020","value":"14.2"},{"name":"opex","year":"2021","value":"19.9"},{"name":"opex","year":"2022","value":"28.2"},{"name":"opex","year":"2023","value":"29.3"},{"name":"net_debt","year":"2019","value":"0.00"},{"name":"net_debt","year":"2020","value":"0.00"},{"name":"net_debt","year":"2021","value":"0.00"},{"name":"net_debt","year":"2022","value":"0.00"},{"name":"net_debt","year":"2023","value":"0.00"},{"name":"bank_assets","year":"2019","value":"667.1"},{"name":"bank_assets","year":"2020","value":"730.7"},{"name":"bank_assets","year":"2021","value":"794.9"},{"name":"bank_assets","year":"2022","value":"835.3"},{"name":"bank_assets","year":"2023","value":"1 056"},{"name":"capital","year":"2019","value":"81.8"},{"name":"capital","year":"2020","value":"86.8"},{"name":"capital","year":"2021","value":"102.2"},{"name":"capital","year":"2022","value":"143.0"},{"name":"capital","year":"2023","value":"171.8"},{"name":"loan_portfolio","year":"2019","value":"395.6"},{"name":"loan_portfolio","year":"2020","value":"455.8"},{"name":"loan_portfolio","year":"2021","value":"622.2"},{"name":"loan_portfolio","year":"2022","value":"662.2"},{"name":"loan_portfolio","year":"2023","value":"852.9"},{"name":"corporate_loans","year":"2019","value":"299.5"},{"name":"corporate_loans","year":"2020","value":"341.2"},{"name":"corporate_loans","year":"2021","value":""},{"name":"corporate_loans","year":"2022","value":""},{"name":"corporate_loans","year":"2023","value":""},{"name":"retail_loans","year":"2019","value":"96.0"},{"name":"retail_loans","year":"2020","value":"114.6"},{"name":"retail_loans","year":"2021","value":""},{"name":"retail_loans","year":"2022","value":""},{"name":"retail_loans","year":"2023","value":""},{"name":"deposits","year":"2019","value":""},{"name":"deposits","year":"2020","value":"483.6"},{"name":"deposits","year":"2021","value":"671.7"},{"name":"deposits","year":"2022","value":"645.5"},{"name":"deposits","year":"2023","value":"817.4"},{"name":"corporate_deposits","year":"2019","value":"169.4"},{"name":"corporate_deposits","year":"2020","value":"209.9"},{"name":"corporate_deposits","year":"2021","value":""},{"name":"corporate_deposits","year":"2022","value":""},{"name":"corporate_deposits","year":"2023","value":""},{"name":"retail_deposits","year":"2019","value":"246.4"},{"name":"retail_deposits","year":"2020","value":"273.7"},{"name":"retail_deposits","year":"2021","value":"295.3"},{"name":"retail_deposits","year":"2022","value":"330.8"},{"name":"retail_deposits","year":"2023","value":""},{"name":"core_capital_adequacy_ratio","year":"2019","value":"9.70%"},{"name":"core_capital_adequacy_ratio","year":"2020","value":"9.60%"},{"name":"core_capital_adequacy_ratio","year":"2021","value":"11.1%"},{"name":"core_capital_adequacy_ratio","year":"2022","value":"13.9%"},{"name":"core_capital_adequacy_ratio","year":"2023","value":""},{"name":"total_capital_adequacy_ratio","year":"2019","value":"14.8%"},{"name":"total_capital_adequacy_ratio","year":"2020","value":"13.6%"},{"name":"total_capital_adequacy_ratio","year":"2021","value":"17.4%"},{"name":"total_capital_adequacy_ratio","year":"2022","value":"20.3%"},{"name":"total_capital_adequacy_ratio","year":"2023","value":""},{"name":"loan_to_deposit_ratio","year":"2019","value":""},{"name":"loan_to_deposit_ratio","year":"2020","value":"94%"},{"name":"loan_to_deposit_ratio","year":"2021","value":"93%"},{"name":"loan_to_deposit_ratio","year":"2022","value":"103%"},{"name":"loan_to_deposit_ratio","year":"2023","value":"104%"},{"name":"common_share","year":"2019","value":"56.3"},{"name":"common_share","year":"2020","value":"51.8"},{"name":"common_share","year":"2021","value":"82.1"},{"name":"common_share","year":"2022","value":"100.0"},{"name":"common_share","year":"2023","value":"215.6"},{"name":"number_of_shares","year":"2019","value":"475.6"},{"name":"number_of_shares","year":"2020","value":"475.6"},{"name":"number_of_shares","year":"2021","value":"461.9"},{"name":"number_of_shares","year":"2022","value":"461.9"},{"name":"number_of_shares","year":"2023","value":"461.9"},{"name":"priv_share","year":"2019","value":"1.000"},{"name":"priv_share","year":"2020","value":"1.000"},{"name":"priv_share","year":"2021","value":"18.9"},{"name":"priv_share","year":"2022","value":"25.4"},{"name":"priv_share","year":"2023","value":"48.6"},{"name":"number_of_priv_shares","year":"2019","value":"20.1"},{"name":"number_of_priv_shares","year":"2020","value":"20.1"},{"name":"number_of_priv_shares","year":"2021","value":"20.1"},{"name":"number_of_priv_shares","year":"2022","value":"20.1"},{"name":"number_of_priv_shares","year":"2023","value":"20.1"},{"name":"free_float","year":"2019","value":"35.2%"},{"name":"free_float","year":"2020","value":"35.2%"},{"name":"free_float","year":"2021","value":""},{"name":"free_float","year":"2022","value":""},{"name":"free_float","year":"2023","value":""},{"name":"insider_own","year":"2019","value":"50.6%"},{"name":"insider_own","year":"2020","value":"51.8%"},{"name":"insider_own","year":"2021","value":""},{"name":"insider_own","year":"2022","value":""},{"name":"insider_own","year":"2023","value":""},{"name":"market_cap","year":"2019","value":"26.8"},{"name":"market_cap","year":"2020","value":"24.6"},{"name":"market_cap","year":"2021","value":"38.3"},{"name":"market_cap","year":"2022","value":"46.7"},{"name":"market_cap","year":"2023","value":"100.6"},{"name":"ev","year":"2019","value":"26.8"},{"name":"ev","year":"2020","value":"24.6"},{"name":"ev","year":"2021","value":"38.3"},{"name":"ev","year":"2022","value":"46.7"},{"name":"ev","year":"2023","value":"100.6"},{"name":"eps","year":"2019","value":"13.9"},{"name":"eps","year":"2020","value":"24.6"},{"name":"eps","year":"2021","value":"39.2"},{"name":"eps","year":"2022","value":"103.1"},{"name":"eps","year":"2023","value":"102.4"},{"name":"fcf_yield","year":"2019","value":"0.0%"},{"name":"fcf_yield","year":"2020","value":"0.0%"},{"name":"fcf_yield","year":"2021","value":"0.0%"},{"name":"fcf_yield","year":"2022","value":"0.0%"},{"name":"fcf_yield","year":"2023","value":"0.0%"},{"name":"bank_margin","year":"2019","value":"21.5%"},{"name":"bank_margin","year":"2020","value":"29.7%"},{"name":"bank_margin","year":"2021","value":"40.6%"},{"name":"bank_margin","year":"2022","value":"84.0%"},{"name":"bank_margin","year":"2023","value":"71.3%"},{"name":"p_e","year":"2019","value":"4.06"},{"name":"p_e","year":"2020","value":"2.11"},{"name":"p_e","year":"2021","value":"2.12"},{"name":"p_e","year":"2022","value":"0.98"},{"name":"p_e","year":"2023","value":"2.13"},{"name":"p_b","year":"2019","value":"0.33"},{"name":"p_b","year":"2020","value":"0.28"},{"name":"p_b","year":"2021","value":"0.37"},{"name":"p_b","year":"2022","value":"0.33"},{"name":"p_b","year":"2023","value":"0.59"},{"name":"employees","year":"2019","value":"4 258"},{"name":"employees","year":"2020","value":"4 220"},{"name":"employees","year":"2021","value":""},{"name":"employees","year":"2022","value":""},{"name":"employees","year":"2023","value":""},{"name":"labour_productivity","year":"2019","value":"7.21"},{"name":"labour_productivity","year":"2020","value":"9.34"},{"name":"labour_productivity","year":"2021","value":""},{"name":"labour_productivity","year":"2022","value":""},{"name":"labour_productivity","year":"2023","value":""},{"name":"expenses_per_employee","year":"2019","value":"0.00"},{"name":"expenses_per_employee","year":"2020","value":"0.00"},{"name":"expenses_per_employee","year":"2021","value":""},{"name":"expenses_per_employee","year":"2022","value":""},{"name":"expenses_per_employee","year":"2023","value":""}]