{"date":"Дата отчета","currency":"Валюта отчета","report_url":"Финансовый отчет","presentation_url":"Презентация","net_operating_income":"Чистый операц доход, млрд руб","net_interest_income":"Чист. проц. доходы, млрд руб","commission_income":"Чист. комисс. доход, млрд руб","interest_income_on_securities":"Доходы по цб, млрд руб","net_income":"Чистая прибыль, млрд руб","ocf":"Опер.денежный поток, млрд руб","dividend_payout":"Див.выплата, млрд руб","dividend":"Дивиденд, руб/акцию","div_yield":"Див доход, ао, %","dividend_pr":"Дивиденд ап, руб/акцию","div_yield_priv":"Див доход, ап, %","div_payout_ratio":"Дивиденды/прибыль, %","opex":"Опер. расходы, млрд руб","net_debt":"Чистый долг, млрд руб","bank_assets":"Активы банка, млрд руб","capital":"Капитал, млрд руб","loan_portfolio":"Кредитный портфель, млрд руб","corporate_loans":"Кредиты юрлицам, млрд руб","retail_loans":"Кредиты физлицам, млрд руб","deposits":"Депозиты, млрд руб","corporate_deposits":"Депозиты юрлиц, млрд руб","retail_deposits":"Депозиты физлиц, млрд руб","core_capital_adequacy_ratio":"Дост.осн капитала, %","total_capital_adequacy_ratio":"Дост. общ капитала, %","loan_to_deposit_ratio":"Loan-to-deposit ratio, %","common_share":"Цена акции ао, руб","number_of_shares":"Число акций ао, млн","priv_share":"Цена акции ап, руб","number_of_priv_shares":"Число акций ап, млн","free_float":"Free Float, %","insider_own":"Инсайдерское владение, %","market_cap":"Капитализация, млрд руб","ev":"EV, млрд руб","eps":"EPS, руб","fcf_yield":"Доходность FCF, %","bank_margin":"Рентабельность банка, %","p_e":"P/E","p_b":"P/B","employees":"Персонал, чел","labour_productivity":"Произв.труда, млн руб/чел/год","expenses_per_employee":"Расходы/чел/год, тыс.р"}