[{"name":"date","year":"2022Q2","value":"25.08.2022"},{"name":"date","year":"2022Q3","value":""},{"name":"date","year":"2022Q4","value":"14.04.2023"},{"name":"date","year":"2023Q2","value":"08.09.2023"},{"name":"date","year":"2023Q4","value":"01.04.2024"},{"name":"date","year":"LTM\n?","value":"01.04.2024"},{"name":"currency","year":"2022Q2","value":"RUB"},{"name":"currency","year":"2022Q3","value":"RUB"},{"name":"currency","year":"2022Q4","value":"RUB"},{"name":"currency","year":"2023Q2","value":"RUB"},{"name":"currency","year":"2023Q4","value":"RUB"},{"name":"currency","year":"LTM\n?","value":"RUB"},{"name":"report_url","year":"2022Q2","value":"https://www.e-disclosure.ru/portal/FileLoad.ashx?Fileid=1766073"},{"name":"report_url","year":"2022Q3","value":""},{"name":"report_url","year":"2022Q4","value":"http://rostelecom-rb.ru/A&amp;I/2022/IFRS_bis%2012%D0%BC2022%20%D0%B8%D0%BD%D1%82%D0%B5%D1%80%D1%84%D0%B0%D0%BA%D1%81.pdf"},{"name":"report_url","year":"2023Q2","value":"https://www.e-disclosure.ru/portal/FileLoad.ashx?Fileid=1809755"},{"name":"report_url","year":"2023Q4","value":"https://www.e-disclosure.ru/portal/FileLoad.ashx?Fileid=1828815"},{"name":"report_url","year":"LTM\n?","value":"https://www.e-disclosure.ru/portal/FileLoad.ashx?Fileid=1828815"},{"name":"revenue","year":"2022Q2","value":"9.16"},{"name":"revenue","year":"2022Q3","value":""},{"name":"revenue","year":"2022Q4","value":"16.5"},{"name":"revenue","year":"2023Q2","value":"14.2"},{"name":"revenue","year":"2023Q4","value":"17.8"},{"name":"revenue","year":"LTM\n?","value":"32.0"},{"name":"operating_income","year":"2022Q2","value":"0.410"},{"name":"operating_income","year":"2022Q3","value":""},{"name":"operating_income","year":"2022Q4","value":"2.84"},{"name":"operating_income","year":"2023Q2","value":"2.41"},{"name":"operating_income","year":"2023Q4","value":"1.42"},{"name":"operating_income","year":"LTM\n?","value":"3.83"},{"name":"ebitda","year":"2022Q2","value":"2.85"},{"name":"ebitda","year":"2022Q3","value":""},{"name":"ebitda","year":"2022Q4","value":"4.42"},{"name":"ebitda","year":"2023Q2","value":"4.80"},{"name":"ebitda","year":"2023Q4","value":"3.33"},{"name":"ebitda","year":"LTM\n?","value":"8.13"},{"name":"net_income","year":"2022Q2","value":"0.360"},{"name":"net_income","year":"2022Q3","value":""},{"name":"net_income","year":"2022Q4","value":"2.15"},{"name":"net_income","year":"2023Q2","value":"1.27"},{"name":"net_income","year":"2023Q4","value":"0.880"},{"name":"net_income","year":"LTM\n?","value":"2.15"},{"name":"ocf","year":"2022Q2","value":"0.104"},{"name":"ocf","year":"2022Q3","value":""},{"name":"ocf","year":"2022Q4","value":"3.73"},{"name":"ocf","year":"2023Q2","value":"4.70"},{"name":"ocf","year":"2023Q4","value":"3.21"},{"name":"ocf","year":"LTM\n?","value":"7.91"},{"name":"capex","year":"2022Q2","value":"0.390"},{"name":"capex","year":"2022Q3","value":""},{"name":"capex","year":"2022Q4","value":"2.09"},{"name":"capex","year":"2023Q2","value":"0.740"},{"name":"capex","year":"2023Q4","value":"2.26"},{"name":"capex","year":"LTM\n?","value":"3.00"},{"name":"fcf","year":"2022Q2","value":"-0.080"},{"name":"fcf","year":"2022Q3","value":""},{"name":"fcf","year":"2022Q4","value":"1.54"},{"name":"fcf","year":"2023Q2","value":"3.93"},{"name":"fcf","year":"2023Q4","value":"1.92"},{"name":"fcf","year":"LTM\n?","value":"5.85"},{"name":"dividend_payout","year":"2022Q2","value":""},{"name":"dividend_payout","year":"2022Q3","value":"0.300"},{"name":"dividend_payout","year":"2022Q4","value":"0.081"},{"name":"dividend_payout","year":"2023Q2","value":""},{"name":"dividend_payout","year":"2023Q4","value":"0.024"},{"name":"dividend_payout","year":"LTM\n?","value":"0.024"},{"name":"dividend","year":"2022Q2","value":""},{"name":"dividend","year":"2022Q3","value":"0.2967"},{"name":"dividend","year":"2022Q4","value":"0.0838"},{"name":"dividend","year":"2023Q2","value":""},{"name":"dividend","year":"2023Q4","value":""},{"name":"dividend","year":"LTM\n?","value":""},{"name":"div_yield","year":"2022Q2","value":"0.0%"},{"name":"div_yield","year":"2022Q3","value":"4.3%"},{"name":"div_yield","year":"2022Q4","value":"0.9%"},{"name":"div_yield","year":"2023Q2","value":""},{"name":"div_yield","year":"2023Q4","value":"0.0%"},{"name":"div_yield","year":"LTM\n?","value":"0"},{"name":"dividend_pr","year":"2022Q2","value":""},{"name":"dividend_pr","year":"2022Q3","value":"0.509"},{"name":"dividend_pr","year":"2022Q4","value":"0.033"},{"name":"dividend_pr","year":"2023Q2","value":""},{"name":"dividend_pr","year":"2023Q4","value":"0.67"},{"name":"dividend_pr","year":"LTM\n?","value":"0.67"},{"name":"div_yield_priv","year":"2022Q2","value":"0.0%"},{"name":"div_yield_priv","year":"2022Q3","value":"7.3%"},{"name":"div_yield_priv","year":"2022Q4","value":"0.4%"},{"name":"div_yield_priv","year":"2023Q2","value":"0.0%"},{"name":"div_yield_priv","year":"2023Q4","value":"4.5%"},{"name":"div_yield_priv","year":"LTM\n?","value":"7.3%"},{"name":"div_payout_ratio","year":"2022Q2","value":"0%"},{"name":"div_payout_ratio","year":"2022Q3","value":""},{"name":"div_payout_ratio","year":"2022Q4","value":"4%"},{"name":"div_payout_ratio","year":"2023Q2","value":"0%"},{"name":"div_payout_ratio","year":"2023Q4","value":"3%"},{"name":"div_payout_ratio","year":"LTM\n?","value":"1%"},{"name":"opex","year":"2022Q2","value":"8.75"},{"name":"opex","year":"2022Q3","value":""},{"name":"opex","year":"2022Q4","value":"13.7"},{"name":"opex","year":"2023Q2","value":"11.8"},{"name":"opex","year":"2023Q4","value":"16.3"},{"name":"opex","year":"LTM\n?","value":"28.1"},{"name":"amortization","year":"2022Q2","value":"2.4"},{"name":"amortization","year":"2022Q3","value":""},{"name":"amortization","year":"2022Q4","value":"1.6"},{"name":"amortization","year":"2023Q2","value":"2.4"},{"name":"amortization","year":"2023Q4","value":"1.9"},{"name":"amortization","year":"LTM\n?","value":"4.3"},{"name":"employment_expenses","year":"2022Q2","value":"3.04"},{"name":"employment_expenses","year":"2022Q3","value":""},{"name":"employment_expenses","year":"2022Q4","value":"3.56"},{"name":"employment_expenses","year":"2023Q2","value":"3.07"},{"name":"employment_expenses","year":"2023Q4","value":"4.13"},{"name":"employment_expenses","year":"LTM\n?","value":"7.20"},{"name":"interest_expenses","year":"2022Q2","value":"0.086"},{"name":"interest_expenses","year":"2022Q3","value":""},{"name":"interest_expenses","year":"2022Q4","value":"0.144"},{"name":"interest_expenses","year":"2023Q2","value":"0.110"},{"name":"interest_expenses","year":"2023Q4","value":"0.120"},{"name":"interest_expenses","year":"LTM\n?","value":"0.230"},{"name":"assets","year":"2022Q2","value":"42.6"},{"name":"assets","year":"2022Q3","value":""},{"name":"assets","year":"2022Q4","value":"43.4"},{"name":"assets","year":"2023Q2","value":"40.7"},{"name":"assets","year":"2023Q4","value":"42.1"},{"name":"assets","year":"LTM\n?","value":"42.1"},{"name":"net_assets","year":"2022Q2","value":"19.8"},{"name":"net_assets","year":"2022Q3","value":""},{"name":"net_assets","year":"2022Q4","value":"22.1"},{"name":"net_assets","year":"2023Q2","value":"22.4"},{"name":"net_assets","year":"2023Q4","value":"25.0"},{"name":"net_assets","year":"LTM\n?","value":"25.0"},{"name":"debt","year":"2022Q2","value":"12.0"},{"name":"debt","year":"2022Q3","value":""},{"name":"debt","year":"2022Q4","value":"9.71"},{"name":"debt","year":"2023Q2","value":"8.33"},{"name":"debt","year":"2023Q4","value":"6.34"},{"name":"debt","year":"LTM\n?","value":"6.34"},{"name":"cash","year":"2022Q2","value":"1.07"},{"name":"cash","year":"2022Q3","value":""},{"name":"cash","year":"2022Q4","value":"1.17"},{"name":"cash","year":"2023Q2","value":"0.270"},{"name":"cash","year":"2023Q4","value":"0.370"},{"name":"cash","year":"LTM\n?","value":"0.370"},{"name":"net_debt","year":"2022Q2","value":"10.9"},{"name":"net_debt","year":"2022Q3","value":"0.00"},{"name":"net_debt","year":"2022Q4","value":"8.54"},{"name":"net_debt","year":"2023Q2","value":"8.06"},{"name":"net_debt","year":"2023Q4","value":"5.97"},{"name":"net_debt","year":"LTM\n?","value":"5.97"},{"name":"common_share","year":"2022Q2","value":"7.32"},{"name":"common_share","year":"2022Q3","value":"6.95"},{"name":"common_share","year":"2022Q4","value":"9.31"},{"name":"common_share","year":"2023Q2","value":""},{"name":"common_share","year":"2023Q4","value":"15.0"},{"name":"common_share","year":"LTM\n?","value":"15.0"},{"name":"number_of_shares","year":"2022Q2","value":"949.0"},{"name":"number_of_shares","year":"2022Q3","value":"949.0"},{"name":"number_of_shares","year":"2022Q4","value":"949.0"},{"name":"number_of_shares","year":"2023Q2","value":"949.0"},{"name":"number_of_shares","year":"2023Q4","value":"949.0"},{"name":"number_of_shares","year":"LTM\n?","value":"949.0"},{"name":"priv_share","year":"2022Q2","value":"7.32"},{"name":"priv_share","year":"2022Q3","value":"6.95"},{"name":"priv_share","year":"2022Q4","value":"9.31"},{"name":"priv_share","year":"2023Q2","value":"11.0"},{"name":"priv_share","year":"2023Q4","value":"15.0"},{"name":"priv_share","year":"LTM\n?","value":"9.18"},{"name":"number_of_priv_shares","year":"2022Q2","value":"36.2"},{"name":"number_of_priv_shares","year":"2022Q3","value":"36.2"},{"name":"number_of_priv_shares","year":"2022Q4","value":"36.2"},{"name":"number_of_priv_shares","year":"2023Q2","value":"36.2"},{"name":"number_of_priv_shares","year":"2023Q4","value":"36.2"},{"name":"number_of_priv_shares","year":"LTM\n?","value":"36.2"},{"name":"market_cap","year":"2022Q2","value":"7.21"},{"name":"market_cap","year":"2022Q3","value":"6.85"},{"name":"market_cap","year":"2022Q4","value":"9.17"},{"name":"market_cap","year":"2023Q2","value":"0.40"},{"name":"market_cap","year":"2023Q4","value":"14.8"},{"name":"market_cap","year":"LTM\n?","value":"14.6"},{"name":"ev","year":"2022Q2","value":"18.1"},{"name":"ev","year":"2022Q3","value":"6.85"},{"name":"ev","year":"2022Q4","value":"17.7"},{"name":"ev","year":"2023Q2","value":"8.46"},{"name":"ev","year":"2023Q4","value":"20.7"},{"name":"ev","year":"LTM\n?","value":"20.5"},{"name":"book_value","year":"2022Q2","value":"9.96"},{"name":"book_value","year":"2022Q3","value":"0.00"},{"name":"book_value","year":"2022Q4","value":"12.3"},{"name":"book_value","year":"2023Q2","value":"12.9"},{"name":"book_value","year":"2023Q4","value":"15.4"},{"name":"book_value","year":"LTM\n?","value":"15.4"},{"name":"eps","year":"2022Q2","value":"0.38"},{"name":"eps","year":"2022Q3","value":"0.00"},{"name":"eps","year":"2022Q4","value":"2.27"},{"name":"eps","year":"2023Q2","value":"1.34"},{"name":"eps","year":"2023Q4","value":"0.93"},{"name":"eps","year":"LTM\n?","value":"2.27"},{"name":"fcf_share","year":"2022Q2","value":"-0.08"},{"name":"fcf_share","year":"2022Q3","value":"0.00"},{"name":"fcf_share","year":"2022Q4","value":"1.63"},{"name":"fcf_share","year":"2023Q2","value":"4.14"},{"name":"fcf_share","year":"2023Q4","value":"2.02"},{"name":"fcf_share","year":"LTM\n?","value":"6.16"},{"name":"bv_share","year":"2022Q2","value":"10.5"},{"name":"bv_share","year":"2022Q3","value":"0.00"},{"name":"bv_share","year":"2022Q4","value":"12.9"},{"name":"bv_share","year":"2023Q2","value":"13.6"},{"name":"bv_share","year":"2023Q4","value":"16.3"},{"name":"bv_share","year":"LTM\n?","value":"16.3"},{"name":"ebitda_margin","year":"2022Q2","value":"31.1%"},{"name":"ebitda_margin","year":"2022Q3","value":""},{"name":"ebitda_margin","year":"2022Q4","value":"26.7%"},{"name":"ebitda_margin","year":"2023Q2","value":"33.8%"},{"name":"ebitda_margin","year":"2023Q4","value":"18.7%"},{"name":"ebitda_margin","year":"LTM\n?","value":"25.4%"},{"name":"net_margin","year":"2022Q2","value":"3.9%"},{"name":"net_margin","year":"2022Q3","value":""},{"name":"net_margin","year":"2022Q4","value":"13.0%"},{"name":"net_margin","year":"2023Q2","value":"8.9%"},{"name":"net_margin","year":"2023Q4","value":"4.9%"},{"name":"net_margin","year":"LTM\n?","value":"6.7%"},{"name":"fcf_yield","year":"2022Q2","value":"16.4%"},{"name":"fcf_yield","year":"2022Q3","value":"17.3%"},{"name":"fcf_yield","year":"2022Q4","value":"16.0%"},{"name":"fcf_yield","year":"2023Q2","value":"1 374.5%"},{"name":"fcf_yield","year":"2023Q4","value":"39.6%"},{"name":"fcf_yield","year":"LTM\n?","value":"41.1%"},{"name":"roe","year":"2022Q2","value":"9.7%"},{"name":"roe","year":"2022Q3","value":""},{"name":"roe","year":"2022Q4","value":"11.4%"},{"name":"roe","year":"2023Q2","value":"15.3%"},{"name":"roe","year":"2023Q4","value":"8.6%"},{"name":"roe","year":"LTM\n?","value":"8.6%"},{"name":"roa","year":"2022Q2","value":"4.5%"},{"name":"roa","year":"2022Q3","value":""},{"name":"roa","year":"2022Q4","value":"5.8%"},{"name":"roa","year":"2023Q2","value":"8.4%"},{"name":"roa","year":"2023Q4","value":"5.1%"},{"name":"roa","year":"LTM\n?","value":"5.1%"},{"name":"p_e","year":"2022Q2","value":"3.76"},{"name":"p_e","year":"2022Q3","value":"3.57"},{"name":"p_e","year":"2022Q4","value":"3.65"},{"name":"p_e","year":"2023Q2","value":"0.12"},{"name":"p_e","year":"2023Q4","value":"6.87"},{"name":"p_e","year":"LTM\n?","value":"6.78"},{"name":"p_fcf","year":"2022Q2","value":"6.10"},{"name":"p_fcf","year":"2022Q3","value":"5.79"},{"name":"p_fcf","year":"2022Q4","value":"6.27"},{"name":"p_fcf","year":"2023Q2","value":"0.10"},{"name":"p_fcf","year":"2023Q4","value":"2.53"},{"name":"p_fcf","year":"LTM\n?","value":"2.49"},{"name":"p_s","year":"2022Q2","value":"0.33"},{"name":"p_s","year":"2022Q3","value":"0.32"},{"name":"p_s","year":"2022Q4","value":"0.36"},{"name":"p_s","year":"2023Q2","value":"0.01"},{"name":"p_s","year":"2023Q4","value":"0.46"},{"name":"p_s","year":"LTM\n?","value":"0.46"},{"name":"p_bv","year":"2022Q2","value":"0.72"},{"name":"p_bv","year":"2022Q3","value":""},{"name":"p_bv","year":"2022Q4","value":"0.75"},{"name":"p_bv","year":"2023Q2","value":"0.03"},{"name":"p_bv","year":"2023Q4","value":"0.96"},{"name":"p_bv","year":"LTM\n?","value":"0.94"},{"name":"ev_ebitda","year":"2022Q2","value":"2.57"},{"name":"ev_ebitda","year":"2022Q3","value":"0.97"},{"name":"ev_ebitda","year":"2022Q4","value":"2.44"},{"name":"ev_ebitda","year":"2023Q2","value":"0.92"},{"name":"ev_ebitda","year":"2023Q4","value":"2.55"},{"name":"ev_ebitda","year":"LTM\n?","value":"2.53"},{"name":"debt_ebitda","year":"2022Q2","value":"1.55"},{"name":"debt_ebitda","year":"2022Q3","value":"0.00"},{"name":"debt_ebitda","year":"2022Q4","value":"1.17"},{"name":"debt_ebitda","year":"2023Q2","value":"0.87"},{"name":"debt_ebitda","year":"2023Q4","value":"0.73"},{"name":"debt_ebitda","year":"LTM\n?","value":"0.73"},{"name":"r_and_d_capex","year":"2022Q2","value":"0.00%"},{"name":"r_and_d_capex","year":"2022Q3","value":""},{"name":"r_and_d_capex","year":"2022Q4","value":"0.00%"},{"name":"r_and_d_capex","year":"2023Q2","value":"0.00%"},{"name":"r_and_d_capex","year":"2023Q4","value":"0.00%"},{"name":"r_and_d_capex","year":"LTM\n?","value":"0"},{"name":"capex_revenue","year":"2022Q2","value":"4%"},{"name":"capex_revenue","year":"2022Q3","value":""},{"name":"capex_revenue","year":"2022Q4","value":"13%"},{"name":"capex_revenue","year":"2023Q2","value":"5%"},{"name":"capex_revenue","year":"2023Q4","value":"13%"},{"name":"capex_revenue","year":"LTM\n?","value":"9%"}]