[
  {
    "name": "revenue",
    "year": "2013",
    "value": 81.813
  },
  {
    "name": "revenue",
    "year": "2014",
    "value": 87.73
  },
  {
    "name": "revenue",
    "year": "2015",
    "value": 96.108
  },
  {
    "name": "revenue",
    "year": "2016",
    "value": 107.119
  },
  {
    "name": "revenue",
    "year": "2017",
    "value": 118.556
  },
  {
    "name": "revenue",
    "year": "2018",
    "value": 124.372
  },
  {
    "name": "revenue",
    "year": "2019",
    "value": 112.992
  },
  {
    "name": "revenue",
    "year": "2020",
    "value": 114.04
  },
  {
    "name": "revenue",
    "year": "2021",
    "value": 176.85
  },
  {
    "name": "revenue",
    "year": "2022",
    "value": 168.3
  },
  {
    "name": "revenue",
    "year": "2023",
    "value": 162.1
  },
  {
    "name": "revenue",
    "year": "LTM",
    "value": 171.65
  },
  {
    "name": "operating_income",
    "year": "2016",
    "value": 13.8
  },
  {
    "name": "operating_income",
    "year": "2017",
    "value": 6.96
  },
  {
    "name": "operating_income",
    "year": "2018",
    "value": 12.93
  },
  {
    "name": "operating_income",
    "year": "2019",
    "value": 2.734
  },
  {
    "name": "operating_income",
    "year": "2020",
    "value": 8.68
  },
  {
    "name": "operating_income",
    "year": "2021",
    "value": 13.75
  },
  {
    "name": "operating_income",
    "year": "2022",
    "value": 11.7
  },
  {
    "name": "operating_income",
    "year": "2023",
    "value": 15.93
  },
  {
    "name": "operating_income",
    "year": "LTM",
    "value": 7.57
  },
  {
    "name": "net_income",
    "year": "2013",
    "value": -11.097
  },
  {
    "name": "net_income",
    "year": "2014",
    "value": -3.284
  },
  {
    "name": "net_income",
    "year": "2015",
    "value": 4.027
  },
  {
    "name": "net_income",
    "year": "2016",
    "value": 14.955
  },
  {
    "name": "net_income",
    "year": "2017",
    "value": 5.391
  },
  {
    "name": "net_income",
    "year": "2018",
    "value": 4.276
  },
  {
    "name": "net_income",
    "year": "2019",
    "value": 5.326
  },
  {
    "name": "net_income",
    "year": "2020",
    "value": -0.51
  },
  {
    "name": "net_income",
    "year": "2021",
    "value": 8.9
  },
  {
    "name": "net_income",
    "year": "2022",
    "value": 14.6
  },
  {
    "name": "net_income",
    "year": "2023",
    "value": 1.62
  },
  {
    "name": "net_income",
    "year": "LTM",
    "value": 13.22
  },
  {
    "name": "opex",
    "year": "2016",
    "value": 8.4
  },
  {
    "name": "opex",
    "year": "2017",
    "value": 9.4
  },
  {
    "name": "opex",
    "year": "2018",
    "value": 10.0
  },
  {
    "name": "opex",
    "year": "2019",
    "value": 9.4
  },
  {
    "name": "opex",
    "year": "2020",
    "value": 10.83
  },
  {
    "name": "opex",
    "year": "2021",
    "value": 16.4
  },
  {
    "name": "opex",
    "year": "2022",
    "value": 17.0
  },
  {
    "name": "opex",
    "year": "2023",
    "value": 18.6
  },
  {
    "name": "opex",
    "year": "LTM",
    "value": 19.74
  },
  {
    "name": "cost_of_production",
    "year": "2013",
    "value": 76.43
  },
  {
    "name": "cost_of_production",
    "year": "2014",
    "value": 71.782
  },
  {
    "name": "cost_of_production",
    "year": "2015",
    "value": 79.036
  },
  {
    "name": "cost_of_production",
    "year": "2016",
    "value": 84.889
  },
  {
    "name": "cost_of_production",
    "year": "2017",
    "value": 102.242
  },
  {
    "name": "cost_of_production",
    "year": "2018",
    "value": 101.431
  },
  {
    "name": "cost_of_production",
    "year": "2019",
    "value": 100.889
  },
  {
    "name": "cost_of_production",
    "year": "2020",
    "value": 94.97
  },
  {
    "name": "cost_of_production",
    "year": "2021",
    "value": 146.6
  },
  {
    "name": "cost_of_production",
    "year": "2022",
    "value": 139.6
  },
  {
    "name": "cost_of_production",
    "year": "2023",
    "value": 128.6
  },
  {
    "name": "cost_of_production",
    "year": "LTM",
    "value": 145.23
  },
  {
    "name": "assets",
    "year": "2017",
    "value": 146.4
  },
  {
    "name": "assets",
    "year": "2018",
    "value": 230.3
  },
  {
    "name": "assets",
    "year": "2019",
    "value": 232.5
  },
  {
    "name": "assets",
    "year": "2020",
    "value": 302.8
  },
  {
    "name": "assets",
    "year": "2021",
    "value": 277.7
  },
  {
    "name": "assets",
    "year": "2022",
    "value": 273.7
  },
  {
    "name": "assets",
    "year": "2023",
    "value": 271.7
  },
  {
    "name": "assets",
    "year": "LTM",
    "value": 276.9
  },
  {
    "name": "net_assets",
    "year": "2015",
    "value": 23.58
  },
  {
    "name": "net_assets",
    "year": "2016",
    "value": 38.64
  },
  {
    "name": "net_assets",
    "year": "2017",
    "value": 44.16
  },
  {
    "name": "net_assets",
    "year": "2018",
    "value": 49.871
  },
  {
    "name": "net_assets",
    "year": "2019",
    "value": 55.18
  },
  {
    "name": "net_assets",
    "year": "2020",
    "value": 54.68
  },
  {
    "name": "net_assets",
    "year": "2021",
    "value": 67.64
  },
  {
    "name": "net_assets",
    "year": "2022",
    "value": 78.77
  },
  {
    "name": "net_assets",
    "year": "2023",
    "value": 82.55
  },
  {
    "name": "net_assets",
    "year": "LTM",
    "value": 83.2
  },
  {
    "name": "debt",
    "year": "2015",
    "value": 78.0
  },
  {
    "name": "debt",
    "year": "2016",
    "value": 74.9
  },
  {
    "name": "debt",
    "year": "2017",
    "value": 76.7
  },
  {
    "name": "debt",
    "year": "2018",
    "value": 158.606
  },
  {
    "name": "debt",
    "year": "2019",
    "value": 148.551
  },
  {
    "name": "debt",
    "year": "2020",
    "value": 217.11
  },
  {
    "name": "debt",
    "year": "2021",
    "value": 183.2
  },
  {
    "name": "debt",
    "year": "2022",
    "value": 167.5
  },
  {
    "name": "debt",
    "year": "2023",
    "value": 158.1
  },
  {
    "name": "debt",
    "year": "LTM",
    "value": 155.42
  },
  {
    "name": "cash",
    "year": "2017",
    "value": 0.27
  },
  {
    "name": "cash",
    "year": "2018",
    "value": 0.2
  },
  {
    "name": "cash",
    "year": "2019",
    "value": 0.468
  },
  {
    "name": "cash",
    "year": "2020",
    "value": 0.022
  },
  {
    "name": "cash",
    "year": "2021",
    "value": 4.74
  },
  {
    "name": "cash",
    "year": "2022",
    "value": 0.37
  },
  {
    "name": "cash",
    "year": "2023",
    "value": 0.65
  },
  {
    "name": "cash",
    "year": "LTM",
    "value": 0.03
  },
  {
    "name": "net_debt",
    "year": "2013",
    "value": 0.0
  },
  {
    "name": "net_debt",
    "year": "2014",
    "value": 0.0
  },
  {
    "name": "net_debt",
    "year": "2015",
    "value": 78.0
  },
  {
    "name": "net_debt",
    "year": "2016",
    "value": 74.9
  },
  {
    "name": "net_debt",
    "year": "2017",
    "value": 76.43
  },
  {
    "name": "net_debt",
    "year": "2018",
    "value": 158.406
  },
  {
    "name": "net_debt",
    "year": "2019",
    "value": 148.083
  },
  {
    "name": "net_debt",
    "year": "2020",
    "value": 217.088
  },
  {
    "name": "net_debt",
    "year": "2021",
    "value": 178.46
  },
  {
    "name": "net_debt",
    "year": "2022",
    "value": 167.13
  },
  {
    "name": "net_debt",
    "year": "2023",
    "value": 157.45
  },
  {
    "name": "net_debt",
    "year": "LTM",
    "value": 155.39
  },
  {
    "name": "common_share",
    "year": "2016",
    "value": 4025.0
  },
  {
    "name": "common_share",
    "year": "2017",
    "value": 2986.0
  },
  {
    "name": "common_share",
    "year": "2018",
    "value": 2455.0
  },
  {
    "name": "common_share",
    "year": "2019",
    "value": 2530.0
  },
  {
    "name": "common_share",
    "year": "2020",
    "value": 2785.0
  },
  {
    "name": "common_share",
    "year": "2021",
    "value": 4720.0
  },
  {
    "name": "common_share",
    "year": "2022",
    "value": 3550.0
  },
  {
    "name": "common_share",
    "year": "2023",
    "value": 9310.0
  },
  {
    "name": "common_share",
    "year": "LTM",
    "value": 5895.0
  },
  {
    "name": "number_of_shares",
    "year": "2013",
    "value": 3.162
  },
  {
    "name": "number_of_shares",
    "year": "2014",
    "value": 3.162
  },
  {
    "name": "number_of_shares",
    "year": "2015",
    "value": 3.162
  },
  {
    "name": "number_of_shares",
    "year": "2016",
    "value": 3.162
  },
  {
    "name": "number_of_shares",
    "year": "2017",
    "value": 3.162
  },
  {
    "name": "number_of_shares",
    "year": "2018",
    "value": 3.162
  },
  {
    "name": "number_of_shares",
    "year": "2019",
    "value": 3.162
  },
  {
    "name": "number_of_shares",
    "year": "2020",
    "value": 3.162
  },
  {
    "name": "number_of_shares",
    "year": "2021",
    "value": 3.162
  },
  {
    "name": "number_of_shares",
    "year": "2022",
    "value": 3.162
  },
  {
    "name": "number_of_shares",
    "year": "2023",
    "value": 3.162
  },
  {
    "name": "number_of_shares",
    "year": "LTM",
    "value": 3.162
  },
  {
    "name": "market_cap",
    "year": "2013",
    "value": 0.0
  },
  {
    "name": "market_cap",
    "year": "2014",
    "value": 0.0
  },
  {
    "name": "market_cap",
    "year": "2015",
    "value": 0.0
  },
  {
    "name": "market_cap",
    "year": "2016",
    "value": 12.72705
  },
  {
    "name": "market_cap",
    "year": "2017",
    "value": 9.441732
  },
  {
    "name": "market_cap",
    "year": "2018",
    "value": 7.76271
  },
  {
    "name": "market_cap",
    "year": "2019",
    "value": 7.99986
  },
  {
    "name": "market_cap",
    "year": "2020",
    "value": 8.80617
  },
  {
    "name": "market_cap",
    "year": "2021",
    "value": 14.92464
  },
  {
    "name": "market_cap",
    "year": "2022",
    "value": 11.2251
  },
  {
    "name": "market_cap",
    "year": "2023",
    "value": 29.43822
  },
  {
    "name": "market_cap",
    "year": "LTM",
    "value": 18.63999
  },
  {
    "name": "ev",
    "year": "2013",
    "value": 0.0
  },
  {
    "name": "ev",
    "year": "2014",
    "value": 0.0
  },
  {
    "name": "ev",
    "year": "2015",
    "value": 78.0
  },
  {
    "name": "ev",
    "year": "2016",
    "value": 87.62705
  },
  {
    "name": "ev",
    "year": "2017",
    "value": 85.871732
  },
  {
    "name": "ev",
    "year": "2018",
    "value": 166.16871
  },
  {
    "name": "ev",
    "year": "2019",
    "value": 156.08286
  },
  {
    "name": "ev",
    "year": "2020",
    "value": 225.89417
  },
  {
    "name": "ev",
    "year": "2021",
    "value": 193.38464
  },
  {
    "name": "ev",
    "year": "2022",
    "value": 178.3551
  },
  {
    "name": "ev",
    "year": "2023",
    "value": 186.88822
  },
  {
    "name": "ev",
    "year": "LTM",
    "value": 174.02999
  },
  {
    "name": "book_value",
    "year": "2013",
    "value": 0.0
  },
  {
    "name": "book_value",
    "year": "2014",
    "value": 0.0
  },
  {
    "name": "book_value",
    "year": "2015",
    "value": 23.58
  },
  {
    "name": "book_value",
    "year": "2016",
    "value": 38.64
  },
  {
    "name": "book_value",
    "year": "2017",
    "value": 44.16
  },
  {
    "name": "book_value",
    "year": "2018",
    "value": 49.871
  },
  {
    "name": "book_value",
    "year": "2019",
    "value": 55.18
  },
  {
    "name": "book_value",
    "year": "2020",
    "value": 54.68
  },
  {
    "name": "book_value",
    "year": "2021",
    "value": 67.64
  },
  {
    "name": "book_value",
    "year": "2022",
    "value": 78.77
  },
  {
    "name": "book_value",
    "year": "2023",
    "value": 82.55
  },
  {
    "name": "book_value",
    "year": "LTM",
    "value": 83.2
  },
  {
    "name": "eps",
    "year": "2013",
    "value": -3509.48766603
  },
  {
    "name": "eps",
    "year": "2014",
    "value": -1038.58317521
  },
  {
    "name": "eps",
    "year": "2015",
    "value": 1273.56103732
  },
  {
    "name": "eps",
    "year": "2016",
    "value": 4729.60151803
  },
  {
    "name": "eps",
    "year": "2017",
    "value": 1704.93358634
  },
  {
    "name": "eps",
    "year": "2018",
    "value": 1352.3086654
  },
  {
    "name": "eps",
    "year": "2019",
    "value": 1684.3769766
  },
  {
    "name": "eps",
    "year": "2020",
    "value": -161.290322581
  },
  {
    "name": "eps",
    "year": "2021",
    "value": 2814.6742568
  },
  {
    "name": "eps",
    "year": "2022",
    "value": 4617.33080329
  },
  {
    "name": "eps",
    "year": "2023",
    "value": 512.333965844
  },
  {
    "name": "eps",
    "year": "LTM",
    "value": 4180.8981657179
  },
  {
    "name": "fcf_share",
    "year": "2013",
    "value": 0.0
  },
  {
    "name": "fcf_share",
    "year": "2014",
    "value": 0.0
  },
  {
    "name": "fcf_share",
    "year": "2015",
    "value": 0.0
  },
  {
    "name": "fcf_share",
    "year": "2016",
    "value": 0.0
  },
  {
    "name": "fcf_share",
    "year": "2017",
    "value": 0.0
  },
  {
    "name": "fcf_share",
    "year": "2018",
    "value": 0.0
  },
  {
    "name": "fcf_share",
    "year": "2019",
    "value": 0.0
  },
  {
    "name": "fcf_share",
    "year": "2020",
    "value": 0.0
  },
  {
    "name": "fcf_share",
    "year": "2021",
    "value": 0.0
  },
  {
    "name": "fcf_share",
    "year": "2022",
    "value": -4965.21189121
  },
  {
    "name": "fcf_share",
    "year": "2023",
    "value": -189.753320683
  },
  {
    "name": "fcf_share",
    "year": "LTM",
    "value": 0.0
  },
  {
    "name": "bv_share",
    "year": "2013",
    "value": 0.0
  },
  {
    "name": "bv_share",
    "year": "2014",
    "value": 0.0
  },
  {
    "name": "bv_share",
    "year": "2015",
    "value": 7457.30550285
  },
  {
    "name": "bv_share",
    "year": "2016",
    "value": 12220.113852
  },
  {
    "name": "bv_share",
    "year": "2017",
    "value": 13965.8444023
  },
  {
    "name": "bv_share",
    "year": "2018",
    "value": 15771.9797596
  },
  {
    "name": "bv_share",
    "year": "2019",
    "value": 17450.9803922
  },
  {
    "name": "bv_share",
    "year": "2020",
    "value": 17292.8526249
  },
  {
    "name": "bv_share",
    "year": "2021",
    "value": 21391.5243517
  },
  {
    "name": "bv_share",
    "year": "2022",
    "value": 24911.4484503
  },
  {
    "name": "bv_share",
    "year": "2023",
    "value": 26106.8943707
  },
  {
    "name": "bv_share",
    "year": "LTM",
    "value": 26312.46046805819
  },
  {
    "name": "ebitda_margin",
    "year": "2013",
    "value": 0.0
  },
  {
    "name": "ebitda_margin",
    "year": "2014",
    "value": 0.0
  },
  {
    "name": "ebitda_margin",
    "year": "2015",
    "value": 0.0
  },
  {
    "name": "ebitda_margin",
    "year": "2016",
    "value": 15.6788244849
  },
  {
    "name": "ebitda_margin",
    "year": "2017",
    "value": 7.85367252606
  },
  {
    "name": "ebitda_margin",
    "year": "2018",
    "value": 0.0
  },
  {
    "name": "ebitda_margin",
    "year": "2019",
    "value": 0.0
  },
  {
    "name": "ebitda_margin",
    "year": "2020",
    "value": 0.0
  },
  {
    "name": "ebitda_margin",
    "year": "2021",
    "value": 0.0
  },
  {
    "name": "ebitda_margin",
    "year": "2022",
    "value": 0.0
  },
  {
    "name": "ebitda_margin",
    "year": "2023",
    "value": 0.0
  },
  {
    "name": "ebitda_margin",
    "year": "LTM",
    "value": 0.0
  },
  {
    "name": "net_margin",
    "year": "2013",
    "value": -13.563859044400001
  },
  {
    "name": "net_margin",
    "year": "2014",
    "value": -3.7433033169999996
  },
  {
    "name": "net_margin",
    "year": "2015",
    "value": 4.19007782911
  },
  {
    "name": "net_margin",
    "year": "2016",
    "value": 13.9611086735
  },
  {
    "name": "net_margin",
    "year": "2017",
    "value": 4.54721819225
  },
  {
    "name": "net_margin",
    "year": "2018",
    "value": 3.43807287814
  },
  {
    "name": "net_margin",
    "year": "2019",
    "value": 4.71360804305
  },
  {
    "name": "net_margin",
    "year": "2020",
    "value": -0.44721150473500004
  },
  {
    "name": "net_margin",
    "year": "2021",
    "value": 5.03251342946
  },
  {
    "name": "net_margin",
    "year": "2022",
    "value": 8.67498514557
  },
  {
    "name": "net_margin",
    "year": "2023",
    "value": 0.9993830968540001
  },
  {
    "name": "net_margin",
    "year": "LTM",
    "value": 7.701718613457617
  },
  {
    "name": "fcf_yield",
    "year": "2016",
    "value": 0.0
  },
  {
    "name": "fcf_yield",
    "year": "2017",
    "value": 0.0
  },
  {
    "name": "fcf_yield",
    "year": "2018",
    "value": 0.0
  },
  {
    "name": "fcf_yield",
    "year": "2019",
    "value": 0.0
  },
  {
    "name": "fcf_yield",
    "year": "2020",
    "value": 0.0
  },
  {
    "name": "fcf_yield",
    "year": "2021",
    "value": 0.0
  },
  {
    "name": "fcf_yield",
    "year": "2022",
    "value": -139.86512369599998
  },
  {
    "name": "fcf_yield",
    "year": "2023",
    "value": -2.03816670981
  },
  {
    "name": "fcf_yield",
    "year": "LTM",
    "value": 0.0
  },
  {
    "name": "roe",
    "year": "2015",
    "value": 17.0780322307
  },
  {
    "name": "roe",
    "year": "2016",
    "value": 38.7034161491
  },
  {
    "name": "roe",
    "year": "2017",
    "value": 12.2078804348
  },
  {
    "name": "roe",
    "year": "2018",
    "value": 8.574121232780001
  },
  {
    "name": "roe",
    "year": "2019",
    "value": 9.65204784342
  },
  {
    "name": "roe",
    "year": "2020",
    "value": -0.9326993416239999
  },
  {
    "name": "roe",
    "year": "2021",
    "value": 13.1578947368
  },
  {
    "name": "roe",
    "year": "2022",
    "value": 18.5349752444
  },
  {
    "name": "roe",
    "year": "2023",
    "value": 1.9624470018199998
  },
  {
    "name": "roe",
    "year": "LTM",
    "value": 15.889423076923077
  },
  {
    "name": "roa",
    "year": "2017",
    "value": 3.6823770491800003
  },
  {
    "name": "roa",
    "year": "2018",
    "value": 1.8567086409
  },
  {
    "name": "roa",
    "year": "2019",
    "value": 2.29075268817
  },
  {
    "name": "roa",
    "year": "2020",
    "value": -0.168428005284
  },
  {
    "name": "roa",
    "year": "2021",
    "value": 3.20489737126
  },
  {
    "name": "roa",
    "year": "2022",
    "value": 5.3343076361
  },
  {
    "name": "roa",
    "year": "2023",
    "value": 0.596245859404
  },
  {
    "name": "roa",
    "year": "LTM",
    "value": 4.774286746117732
  },
  {
    "name": "p_e",
    "year": "2013",
    "value": 0.0
  },
  {
    "name": "p_e",
    "year": "2014",
    "value": 0.0
  },
  {
    "name": "p_e",
    "year": "2015",
    "value": 0.0
  },
  {
    "name": "p_e",
    "year": "2016",
    "value": 0.851023069208
  },
  {
    "name": "p_e",
    "year": "2017",
    "value": 1.75138786867
  },
  {
    "name": "p_e",
    "year": "2018",
    "value": 1.81541393826
  },
  {
    "name": "p_e",
    "year": "2019",
    "value": 1.5020390537
  },
  {
    "name": "p_e",
    "year": "2020",
    "value": -17.267
  },
  {
    "name": "p_e",
    "year": "2021",
    "value": 1.6769258427
  },
  {
    "name": "p_e",
    "year": "2022",
    "value": 0.768842465753
  },
  {
    "name": "p_e",
    "year": "2023",
    "value": 18.1717407407
  },
  {
    "name": "p_e",
    "year": "LTM",
    "value": 1.4099841149773071
  },
  {
    "name": "p_s",
    "year": "2013",
    "value": 0.0
  },
  {
    "name": "p_s",
    "year": "2014",
    "value": 0.0
  },
  {
    "name": "p_s",
    "year": "2015",
    "value": 0.0
  },
  {
    "name": "p_s",
    "year": "2016",
    "value": 0.118812255529
  },
  {
    "name": "p_s",
    "year": "2017",
    "value": 0.079639427781
  },
  {
    "name": "p_s",
    "year": "2018",
    "value": 0.0624152542373
  },
  {
    "name": "p_s",
    "year": "2019",
    "value": 0.0708002336449
  },
  {
    "name": "p_s",
    "year": "2020",
    "value": 0.0772200105226
  },
  {
    "name": "p_s",
    "year": "2021",
    "value": 0.0843915182358
  },
  {
    "name": "p_s",
    "year": "2022",
    "value": 0.066696969697
  },
  {
    "name": "p_s",
    "year": "2023",
    "value": 0.181605305367
  },
  {
    "name": "p_s",
    "year": "LTM",
    "value": 0.10859300903000291
  },
  {
    "name": "p_bv",
    "year": "2015",
    "value": 0.0
  },
  {
    "name": "p_bv",
    "year": "2016",
    "value": 0.329375
  },
  {
    "name": "p_bv",
    "year": "2017",
    "value": 0.213807336957
  },
  {
    "name": "p_bv",
    "year": "2018",
    "value": 0.155655791943
  },
  {
    "name": "p_bv",
    "year": "2019",
    "value": 0.14497752809
  },
  {
    "name": "p_bv",
    "year": "2020",
    "value": 0.161049195318
  },
  {
    "name": "p_bv",
    "year": "2021",
    "value": 0.220648137197
  },
  {
    "name": "p_bv",
    "year": "2022",
    "value": 0.142504760696
  },
  {
    "name": "p_bv",
    "year": "2023",
    "value": 0.356610781345
  },
  {
    "name": "p_bv",
    "year": "LTM",
    "value": 0.22403834134615386
  },
  {
    "name": "capex_revenue",
    "year": "2013",
    "value": 0.0
  },
  {
    "name": "capex_revenue",
    "year": "2014",
    "value": 0.0
  },
  {
    "name": "capex_revenue",
    "year": "2015",
    "value": 0.0
  },
  {
    "name": "capex_revenue",
    "year": "2016",
    "value": 0.0373416480736
  },
  {
    "name": "capex_revenue",
    "year": "2017",
    "value": 0.0843483248423
  },
  {
    "name": "capex_revenue",
    "year": "2018",
    "value": 0.297494612935
  },
  {
    "name": "capex_revenue",
    "year": "2019",
    "value": 0.238954970263
  },
  {
    "name": "capex_revenue",
    "year": "2020",
    "value": 1.22763942476
  },
  {
    "name": "capex_revenue",
    "year": "2021",
    "value": 0.265761945151
  },
  {
    "name": "capex_revenue",
    "year": "2022",
    "value": 0.12477718360099999
  },
  {
    "name": "capex_revenue",
    "year": "2023",
    "value": 0.41949413941999997
  },
  {
    "name": "capex_revenue",
    "year": "LTM",
    "value": 0.0
  }
]