[{"name":"date","year":"2019","value":"23.03.2020"},{"name":"date","year":"2020","value":"16.02.2021"},{"name":"date","year":"2021","value":"21.02.2022"},{"name":"date","year":"2022","value":"29.03.2024"},{"name":"date","year":"2023","value":"29.03.2024"},{"name":"date","year":"LTM\n?","value":"11.07.2024"},{"name":"currency","year":"2019","value":"RUB"},{"name":"currency","year":"2020","value":"RUB"},{"name":"currency","year":"2021","value":"RUB"},{"name":"currency","year":"2022","value":"RUB"},{"name":"currency","year":"2023","value":"RUB"},{"name":"currency","year":"LTM\n?","value":"RUB"},{"name":"report_url","year":"2019","value":"http://www.e-disclosure.ru/portal/FileLoad.ashx?Fileid=1619369"},{"name":"report_url","year":"2020","value":"https://e-disclosure.ru/portal/FileLoad.ashx?Fileid=1681431"},{"name":"report_url","year":"2021","value":"https://www.e-disclosure.ru/portal/FileLoad.ashx?Fileid=1736337"},{"name":"report_url","year":"2022","value":""},{"name":"report_url","year":"2023","value":"https://www.e-disclosure.ru/portal/FileLoad.ashx?Fileid=1828374"},{"name":"report_url","year":"LTM\n?","value":"https://www.e-disclosure.ru/portal/FileLoad.ashx?Fileid=1847628"},{"name":"year_report_url","year":"2019","value":"http://www.e-disclosure.ru/portal/FileLoad.ashx?Fileid=1636895"},{"name":"year_report_url","year":"2020","value":""},{"name":"year_report_url","year":"2021","value":""},{"name":"year_report_url","year":"2022","value":""},{"name":"year_report_url","year":"2023","value":""},{"name":"year_report_url","year":"LTM\n?","value":""},{"name":"revenue","year":"2019","value":"113.0"},{"name":"revenue","year":"2020","value":"114.0"},{"name":"revenue","year":"2021","value":"176.9"},{"name":"revenue","year":"2022","value":"168.3"},{"name":"revenue","year":"2023","value":"162.1"},{"name":"revenue","year":"LTM\n?","value":"171.7"},{"name":"operating_income","year":"2019","value":"2.73"},{"name":"operating_income","year":"2020","value":"8.68"},{"name":"operating_income","year":"2021","value":"13.8"},{"name":"operating_income","year":"2022","value":"11.7"},{"name":"operating_income","year":"2023","value":"15.9"},{"name":"operating_income","year":"LTM\n?","value":"7.57"},{"name":"net_income","year":"2019","value":"5.33"},{"name":"net_income","year":"2020","value":"-0.510"},{"name":"net_income","year":"2021","value":"8.90"},{"name":"net_income","year":"2022","value":"14.6"},{"name":"net_income","year":"2023","value":"1.62"},{"name":"net_income","year":"LTM\n?","value":"13.2"},{"name":"ocf","year":"2019","value":""},{"name":"ocf","year":"2020","value":""},{"name":"ocf","year":"2021","value":""},{"name":"ocf","year":"2022","value":"-15.5"},{"name":"ocf","year":"2023","value":"0.081"},{"name":"ocf","year":"LTM\n?","value":""},{"name":"capex","year":"2019","value":"0.270"},{"name":"capex","year":"2020","value":"1.40"},{"name":"capex","year":"2021","value":"0.470"},{"name":"capex","year":"2022","value":"0.210"},{"name":"capex","year":"2023","value":"0.680"},{"name":"capex","year":"LTM\n?","value":""},{"name":"fcf","year":"2019","value":""},{"name":"fcf","year":"2020","value":""},{"name":"fcf","year":"2021","value":""},{"name":"fcf","year":"2022","value":"-15.7"},{"name":"fcf","year":"2023","value":"-0.600"},{"name":"fcf","year":"LTM\n?","value":""},{"name":"div_yield","year":"2019","value":"0.0%"},{"name":"div_yield","year":"2020","value":"0.0%"},{"name":"div_yield","year":"2021","value":"0.0%"},{"name":"div_yield","year":"2022","value":"0.0%"},{"name":"div_yield","year":"2023","value":"0.0%"},{"name":"div_yield","year":"LTM\n?","value":"0"},{"name":"div_payout_ratio","year":"2019","value":"0%"},{"name":"div_payout_ratio","year":"2020","value":"0%"},{"name":"div_payout_ratio","year":"2021","value":"0%"},{"name":"div_payout_ratio","year":"2022","value":"0%"},{"name":"div_payout_ratio","year":"2023","value":"0%"},{"name":"div_payout_ratio","year":"LTM\n?","value":"0"},{"name":"opex","year":"2019","value":"9.40"},{"name":"opex","year":"2020","value":"10.8"},{"name":"opex","year":"2021","value":"16.4"},{"name":"opex","year":"2022","value":"17.0"},{"name":"opex","year":"2023","value":"18.6"},{"name":"opex","year":"LTM\n?","value":"19.7"},{"name":"cost_of_production","year":"2019","value":"100.9"},{"name":"cost_of_production","year":"2020","value":"95.0"},{"name":"cost_of_production","year":"2021","value":"146.6"},{"name":"cost_of_production","year":"2022","value":"139.6"},{"name":"cost_of_production","year":"2023","value":"128.6"},{"name":"cost_of_production","year":"LTM\n?","value":"145.2"},{"name":"employment_expenses","year":"2019","value":"8.87"},{"name":"employment_expenses","year":"2020","value":"8.86"},{"name":"employment_expenses","year":"2021","value":"9.60"},{"name":"employment_expenses","year":"2022","value":"11.0"},{"name":"employment_expenses","year":"2023","value":"9.30"},{"name":"employment_expenses","year":"LTM\n?","value":""},{"name":"interest_expenses","year":"2019","value":"9.00"},{"name":"interest_expenses","year":"2020","value":"12.1"},{"name":"interest_expenses","year":"2021","value":"9.97"},{"name":"interest_expenses","year":"2022","value":"11.3"},{"name":"interest_expenses","year":"2023","value":"12.4"},{"name":"interest_expenses","year":"LTM\n?","value":""},{"name":"assets","year":"2019","value":"232.5"},{"name":"assets","year":"2020","value":"302.8"},{"name":"assets","year":"2021","value":"277.7"},{"name":"assets","year":"2022","value":"273.7"},{"name":"assets","year":"2023","value":"271.7"},{"name":"assets","year":"LTM\n?","value":"276.9"},{"name":"net_assets","year":"2019","value":"55.2"},{"name":"net_assets","year":"2020","value":"54.7"},{"name":"net_assets","year":"2021","value":"67.6"},{"name":"net_assets","year":"2022","value":"78.8"},{"name":"net_assets","year":"2023","value":"82.6"},{"name":"net_assets","year":"LTM\n?","value":"83.2"},{"name":"debt","year":"2019","value":"148.6"},{"name":"debt","year":"2020","value":"217.1"},{"name":"debt","year":"2021","value":"183.2"},{"name":"debt","year":"2022","value":"167.5"},{"name":"debt","year":"2023","value":"158.1"},{"name":"debt","year":"LTM\n?","value":"155.4"},{"name":"cash","year":"2019","value":"0.468"},{"name":"cash","year":"2020","value":"0.022"},{"name":"cash","year":"2021","value":"4.74"},{"name":"cash","year":"2022","value":"0.370"},{"name":"cash","year":"2023","value":"0.650"},{"name":"cash","year":"LTM\n?","value":"0.030"},{"name":"net_debt","year":"2019","value":"148.1"},{"name":"net_debt","year":"2020","value":"217.1"},{"name":"net_debt","year":"2021","value":"178.5"},{"name":"net_debt","year":"2022","value":"167.1"},{"name":"net_debt","year":"2023","value":"157.5"},{"name":"net_debt","year":"LTM\n?","value":"155.4"},{"name":"common_share","year":"2019","value":"2 530"},{"name":"common_share","year":"2020","value":"2 785"},{"name":"common_share","year":"2021","value":"4 720"},{"name":"common_share","year":"2022","value":"3 550"},{"name":"common_share","year":"2023","value":"9 310"},{"name":"common_share","year":"LTM\n?","value":"6 600"},{"name":"number_of_shares","year":"2019","value":"3.16"},{"name":"number_of_shares","year":"2020","value":"3.16"},{"name":"number_of_shares","year":"2021","value":"3.16"},{"name":"number_of_shares","year":"2022","value":"3.16"},{"name":"number_of_shares","year":"2023","value":"3.16"},{"name":"number_of_shares","year":"LTM\n?","value":"3.16"},{"name":"market_cap","year":"2019","value":"8.00"},{"name":"market_cap","year":"2020","value":"8.81"},{"name":"market_cap","year":"2021","value":"14.9"},{"name":"market_cap","year":"2022","value":"11.2"},{"name":"market_cap","year":"2023","value":"29.4"},{"name":"market_cap","year":"LTM\n?","value":"20.9"},{"name":"ev","year":"2019","value":"156.1"},{"name":"ev","year":"2020","value":"225.9"},{"name":"ev","year":"2021","value":"193.4"},{"name":"ev","year":"2022","value":"178.4"},{"name":"ev","year":"2023","value":"186.9"},{"name":"ev","year":"LTM\n?","value":"176.3"},{"name":"book_value","year":"2019","value":"55.2"},{"name":"book_value","year":"2020","value":"54.7"},{"name":"book_value","year":"2021","value":"67.6"},{"name":"book_value","year":"2022","value":"78.8"},{"name":"book_value","year":"2023","value":"82.6"},{"name":"book_value","year":"LTM\n?","value":"83.2"},{"name":"eps","year":"2019","value":"1 684"},{"name":"eps","year":"2020","value":"-161.3"},{"name":"eps","year":"2021","value":"2 815"},{"name":"eps","year":"2022","value":"4 617"},{"name":"eps","year":"2023","value":"512.3"},{"name":"eps","year":"LTM\n?","value":"4 181"},{"name":"fcf_share","year":"2019","value":"0.00"},{"name":"fcf_share","year":"2020","value":"0.00"},{"name":"fcf_share","year":"2021","value":"0.00"},{"name":"fcf_share","year":"2022","value":"-4 965"},{"name":"fcf_share","year":"2023","value":"-189.8"},{"name":"fcf_share","year":"LTM\n?","value":"0"},{"name":"bv_share","year":"2019","value":"17 451"},{"name":"bv_share","year":"2020","value":"17 293"},{"name":"bv_share","year":"2021","value":"21 392"},{"name":"bv_share","year":"2022","value":"24 911"},{"name":"bv_share","year":"2023","value":"26 107"},{"name":"bv_share","year":"LTM\n?","value":"26 312"},{"name":"ebitda_margin","year":"2019","value":"0.0%"},{"name":"ebitda_margin","year":"2020","value":"0.0%"},{"name":"ebitda_margin","year":"2021","value":"0.0%"},{"name":"ebitda_margin","year":"2022","value":"0.0%"},{"name":"ebitda_margin","year":"2023","value":"0.0%"},{"name":"ebitda_margin","year":"LTM\n?","value":"0"},{"name":"net_margin","year":"2019","value":"4.7%"},{"name":"net_margin","year":"2020","value":"-0.4%"},{"name":"net_margin","year":"2021","value":"5.0%"},{"name":"net_margin","year":"2022","value":"8.7%"},{"name":"net_margin","year":"2023","value":"1.0%"},{"name":"net_margin","year":"LTM\n?","value":"7.7%"},{"name":"fcf_yield","year":"2019","value":"0.0%"},{"name":"fcf_yield","year":"2020","value":"0.0%"},{"name":"fcf_yield","year":"2021","value":"0.0%"},{"name":"fcf_yield","year":"2022","value":"-139.9%"},{"name":"fcf_yield","year":"2023","value":"-2.0%"},{"name":"fcf_yield","year":"LTM\n?","value":"0"},{"name":"roe","year":"2019","value":"9.7%"},{"name":"roe","year":"2020","value":"-0.9%"},{"name":"roe","year":"2021","value":"13.2%"},{"name":"roe","year":"2022","value":"18.5%"},{"name":"roe","year":"2023","value":"2.0%"},{"name":"roe","year":"LTM\n?","value":"15.9%"},{"name":"roa","year":"2019","value":"2.3%"},{"name":"roa","year":"2020","value":"-0.2%"},{"name":"roa","year":"2021","value":"3.2%"},{"name":"roa","year":"2022","value":"5.3%"},{"name":"roa","year":"2023","value":"0.6%"},{"name":"roa","year":"LTM\n?","value":"4.8%"},{"name":"p_e","year":"2019","value":"1.50"},{"name":"p_e","year":"2020","value":"-17.3"},{"name":"p_e","year":"2021","value":"1.68"},{"name":"p_e","year":"2022","value":"0.77"},{"name":"p_e","year":"2023","value":"18.2"},{"name":"p_e","year":"LTM\n?","value":"1.58"},{"name":"p_fcf","year":"2019","value":""},{"name":"p_fcf","year":"2020","value":""},{"name":"p_fcf","year":"2021","value":""},{"name":"p_fcf","year":"2022","value":"-0.71"},{"name":"p_fcf","year":"2023","value":"-49.1"},{"name":"p_fcf","year":"LTM\n?","value":""},{"name":"p_s","year":"2019","value":"0.07"},{"name":"p_s","year":"2020","value":"0.08"},{"name":"p_s","year":"2021","value":"0.08"},{"name":"p_s","year":"2022","value":"0.07"},{"name":"p_s","year":"2023","value":"0.18"},{"name":"p_s","year":"LTM\n?","value":"0.12"},{"name":"p_bv","year":"2019","value":"0.14"},{"name":"p_bv","year":"2020","value":"0.16"},{"name":"p_bv","year":"2021","value":"0.22"},{"name":"p_bv","year":"2022","value":"0.14"},{"name":"p_bv","year":"2023","value":"0.36"},{"name":"p_bv","year":"LTM\n?","value":"0.25"},{"name":"r_and_d_capex","year":"2019","value":"0.00%"},{"name":"r_and_d_capex","year":"2020","value":"0.00%"},{"name":"r_and_d_capex","year":"2021","value":"0.00%"},{"name":"r_and_d_capex","year":"2022","value":"0.00%"},{"name":"r_and_d_capex","year":"2023","value":"0.00%"},{"name":"r_and_d_capex","year":"LTM\n?","value":""},{"name":"capex_revenue","year":"2019","value":"0%"},{"name":"capex_revenue","year":"2020","value":"1%"},{"name":"capex_revenue","year":"2021","value":"0%"},{"name":"capex_revenue","year":"2022","value":"0%"},{"name":"capex_revenue","year":"2023","value":"0%"},{"name":"capex_revenue","year":"LTM\n?","value":"0"}]