[{"name":"P/E","year":"2023","value":"890.85"},{"name":"P/E","year":"2022","value":"396.37"},{"name":"P/E","year":"2021","value":"-110.01"},{"name":"P/E","year":"2020","value":"-107.12"},{"name":"P/E","year":"2019","value":"-9.64"},{"name":"P/B","year":"2023","value":"-15.65"},{"name":"P/B","year":"2022","value":"-13.74"},{"name":"P/B","year":"2021","value":"-15.71"},{"name":"P/B","year":"2020","value":"-18.63"},{"name":"P/B","year":"2019","value":"-3.46"},{"name":"P/S","year":"2023","value":"1.59"},{"name":"P/S","year":"2022","value":"1.5"},{"name":"P/S","year":"2021","value":"2.37"},{"name":"P/S","year":"2020","value":"2.71"},{"name":"P/S","year":"2019","value":"2.23"},{"name":"P/CF","year":"2023","value":"15.17"},{"name":"P/CF","year":"2022","value":"13.4"},{"name":"P/CF","year":"2021","value":"32.39"},{"name":"P/CF","year":"2020","value":"-31.57"},{"name":"P/CF","year":"2019","value":"-45.72"},{"name":"P/FCF","year":"2023","value":"18.52"},{"name":"P/FCF","year":"2022","value":"15.9"},{"name":"P/FCF","year":"2021","value":"46.53"},{"name":"EV/S","year":"2023","value":"1.86"},{"name":"EV/S","year":"2022","value":"1.8"},{"name":"EV/S","year":"2021","value":"2.82"},{"name":"EV/S","year":"2020","value":"3.7"},{"name":"EV/S","year":"2019","value":"3.12"},{"name":"EV/EBITDA","year":"2023","value":"12.18"},{"name":"EV/EBITDA","year":"2022","value":"10.37"},{"name":"EV/EBITDA","year":"2021","value":"16.8"},{"name":"EV/EBITDA","year":"2020","value":"15.42"},{"name":"EV/EBITDA","year":"2019","value":"122.36"},{"name":"EV/EBIT","year":"2023","value":"29.39"},{"name":"EV/EBIT","year":"2022","value":"23.79"},{"name":"EV/EBIT","year":"2021","value":"77.9"},{"name":"EV/EBIT","year":"2020","value":"35.56"},{"name":"EV/EBIT","year":"2019","value":"-26.99"},{"name":"Коэффициент долга","year":"2023","value":"1.13"},{"name":"Коэффициент долга","year":"2022","value":"1.15"},{"name":"Коэффициент долга","year":"2021","value":"1.18"},{"name":"Коэффициент долга","year":"2020","value":"1.1"},{"name":"Коэффициент долга","year":"2019","value":"1.72"},{"name":"D/E","year":"2023","value":"-8.79"},{"name":"D/E","year":"2022","value":"-7.78"},{"name":"D/E","year":"2021","value":"-6.69"},{"name":"D/E","year":"2020","value":"-10.54"},{"name":"D/E","year":"2019","value":"-2.38"},{"name":"CAPEX/Выручка","year":"2023","value":"1.89"},{"name":"CAPEX/Выручка","year":"2022","value":"1.75"},{"name":"CAPEX/Выручка","year":"2021","value":"2.22"},{"name":"CAPEX/Выручка","year":"2020","value":"4.89"},{"name":"CAPEX/Выручка","year":"2019","value":"5.53"},{"name":"NetDebt/EBITDA","year":"2023","value":"1.8"},{"name":"NetDebt/EBITDA","year":"2022","value":"1.76"},{"name":"NetDebt/EBITDA","year":"2021","value":"2.69"},{"name":"NetDebt/EBITDA","year":"2020","value":"4.15"},{"name":"NetDebt/EBITDA","year":"2019","value":"34.7"},{"name":"Долг/EBITDA","year":"2023","value":"2.01"},{"name":"Долг/EBITDA","year":"2022","value":"1.84"},{"name":"Долг/EBITDA","year":"2021","value":"2.92"},{"name":"Долг/EBITDA","year":"2020","value":"4.26"},{"name":"Долг/EBITDA","year":"2019","value":"35.61"},{"name":"ROE","year":"2023","value":"-1.76"},{"name":"ROE","year":"2022","value":"-3.47"},{"name":"ROE","year":"2021","value":"14.28"},{"name":"ROE","year":"2020","value":"17.39"},{"name":"ROE","year":"2019","value":"35.92"},{"name":"ROA","year":"2023","value":"0.23"},{"name":"ROA","year":"2022","value":"0.51"},{"name":"ROA","year":"2021","value":"-2.51"},{"name":"ROA","year":"2020","value":"-1.82"},{"name":"ROA","year":"2019","value":"-25.94"},{"name":"Return on Sales","year":"2023","value":"6.34"},{"name":"Return on Sales","year":"2022","value":"7.58"},{"name":"Return on Sales","year":"2021","value":"3.62"},{"name":"Return on Sales","year":"2020","value":"10.41"},{"name":"Return on Sales","year":"2019","value":"-11.55"},{"name":"ROIC","year":"2019","value":"-17.25"},{"name":"ROIC","year":"2018","value":"-119.58"},{"name":"ROIC","year":"2017","value":"-32.01"},{"name":"ROIC","year":"2016","value":"-51.5"},{"name":"ROIC","year":"2015","value":"6.32"},{"name":"ROCE","year":"2023","value":"19.87"},{"name":"ROCE","year":"2022","value":"27.83"},{"name":"ROCE","year":"2021","value":"17.87"},{"name":"ROCE","year":"2020","value":"13.7"},{"name":"ROCE","year":"2019","value":"-65.98"},{"name":"Net Margin","year":"2023","value":"0.18"},{"name":"Net Margin","year":"2022","value":"0.38"},{"name":"Net Margin","year":"2021","value":"-2.15"},{"name":"Net Margin","year":"2020","value":"-2.53"},{"name":"Net Margin","year":"2019","value":"-23.17"},{"name":"Операционная маржа","year":"2019","value":"-3.02"},{"name":"Операционная маржа","year":"2018","value":"-10.91"},{"name":"Операционная маржа","year":"2017","value":"-9.84"},{"name":"Операционная маржа","year":"2016","value":"-19.01"},{"name":"Операционная маржа","year":"2015","value":"3.21"},{"name":"EBITDA рентабельность","year":"2023","value":"15.3"},{"name":"EBITDA рентабельность","year":"2022","value":"17.38"},{"name":"EBITDA рентабельность","year":"2021","value":"16.79"},{"name":"EBITDA рентабельность","year":"2020","value":"24.02"},{"name":"EBITDA рентабельность","year":"2019","value":"2.55"},{"name":"Тек. ливкидность","year":"2023","value":"0.58"},{"name":"Тек. ливкидность","year":"2022","value":"0.54"},{"name":"Тек. ливкидность","year":"2021","value":"0.47"},{"name":"Тек. ливкидность","year":"2020","value":"1.23"},{"name":"Тек. ливкидность","year":"2019","value":"0.54"},{"name":"Валовая маржа","year":"2023","value":"33.06"},{"name":"Валовая маржа","year":"2022","value":"34.2"},{"name":"Валовая маржа","year":"2021","value":"34.36"},{"name":"Валовая маржа","year":"2020","value":"34.56"},{"name":"Валовая маржа","year":"2019","value":"27.54"}]