[{"name":"date","year":"2019","value":"27.03.2020"},{"name":"date","year":"2020","value":"26.03.2021"},{"name":"date","year":"2021","value":"27.03.2023"},{"name":"date","year":"2022","value":"27.03.2023"},{"name":"date","year":"2023","value":"29.03.2024"},{"name":"currency","year":"2019","value":"RUB"},{"name":"currency","year":"2020","value":"RUB"},{"name":"currency","year":"2021","value":"RUB"},{"name":"currency","year":"2022","value":"RUB"},{"name":"currency","year":"2023","value":"RUB"},{"name":"report_url","year":"2019","value":"http://www.e-disclosure.ru/portal/FileLoad.ashx?Fileid=1621421"},{"name":"report_url","year":"2020","value":"https://e-disclosure.ru/portal/FileLoad.ashx?Fileid=1686599"},{"name":"report_url","year":"2021","value":""},{"name":"report_url","year":"2022","value":"https://www.e-disclosure.ru/portal/FileLoad.ashx?Fileid=1783459"},{"name":"report_url","year":"2023","value":"https://www.e-disclosure.ru/portal/FileLoad.ashx?Fileid=1828312"},{"name":"presentation_url","year":"2019","value":"https://acron.ru/upload/iblock/e3e/Presentation-2020_03-RUS-web.pdf"},{"name":"presentation_url","year":"2020","value":""},{"name":"presentation_url","year":"2021","value":""},{"name":"presentation_url","year":"2022","value":""},{"name":"presentation_url","year":"2023","value":""},{"name":"fertilizers_production","year":"2019","value":""},{"name":"fertilizers_production","year":"2020","value":""},{"name":"fertilizers_production","year":"2021","value":""},{"name":"fertilizers_production","year":"2022","value":"8.34"},{"name":"fertilizers_production","year":"2023","value":"8.38"},{"name":"fertilizers_sales","year":"2019","value":""},{"name":"fertilizers_sales","year":"2020","value":""},{"name":"fertilizers_sales","year":"2021","value":""},{"name":"fertilizers_sales","year":"2022","value":"8.57"},{"name":"fertilizers_sales","year":"2023","value":"8.31"},{"name":"revenue","year":"2019","value":"67.1"},{"name":"revenue","year":"2020","value":"66.5"},{"name":"revenue","year":"2021","value":"144.9"},{"name":"revenue","year":"2022","value":"180.6"},{"name":"revenue","year":"2023","value":"126.8"},{"name":"operating_income","year":"2019","value":"17.6"},{"name":"operating_income","year":"2020","value":"16.4"},{"name":"operating_income","year":"2021","value":"86.2"},{"name":"operating_income","year":"2022","value":"104.0"},{"name":"operating_income","year":"2023","value":"46.7"},{"name":"net_income","year":"2019","value":"19.5"},{"name":"net_income","year":"2020","value":"5.70"},{"name":"net_income","year":"2021","value":"82.2"},{"name":"net_income","year":"2022","value":"71.8"},{"name":"net_income","year":"2023","value":"29.1"},{"name":"ocf","year":"2019","value":"17.6"},{"name":"ocf","year":"2020","value":"9.70"},{"name":"ocf","year":"2021","value":"74.4"},{"name":"ocf","year":"2022","value":"39.2"},{"name":"ocf","year":"2023","value":"36.3"},{"name":"capex","year":"2019","value":"5.52"},{"name":"capex","year":"2020","value":"7.53"},{"name":"capex","year":"2021","value":"6.40"},{"name":"capex","year":"2022","value":"7.85"},{"name":"capex","year":"2023","value":"10.2"},{"name":"fcf","year":"2019","value":"12.1"},{"name":"fcf","year":"2020","value":"2.17"},{"name":"fcf","year":"2021","value":"68.0"},{"name":"fcf","year":"2022","value":"31.4"},{"name":"fcf","year":"2023","value":"26.1"},{"name":"dividend_payout","year":"2019","value":"21.6"},{"name":"dividend_payout","year":"2020","value":"1.22"},{"name":"dividend_payout","year":"2021","value":"40.1"},{"name":"dividend_payout","year":"2022","value":""},{"name":"dividend_payout","year":"2023","value":"15.7"},{"name":"dividend","year":"2019","value":"533"},{"name":"dividend","year":"2020","value":"30"},{"name":"dividend","year":"2021","value":"990"},{"name":"dividend","year":"2022","value":""},{"name":"dividend","year":"2023","value":"427"},{"name":"div_yield","year":"2019","value":"11.1%"},{"name":"div_yield","year":"2020","value":"0.5%"},{"name":"div_yield","year":"2021","value":"8.0%"},{"name":"div_yield","year":"2022","value":"0.0%"},{"name":"div_yield","year":"2023","value":"2.3%"},{"name":"div_payout_ratio","year":"2019","value":"111%"},{"name":"div_payout_ratio","year":"2020","value":"21%"},{"name":"div_payout_ratio","year":"2021","value":"49%"},{"name":"div_payout_ratio","year":"2022","value":"0%"},{"name":"div_payout_ratio","year":"2023","value":"54%"},{"name":"opex","year":"2019","value":"8.79"},{"name":"opex","year":"2020","value":"8.54"},{"name":"opex","year":"2021","value":"9.28"},{"name":"opex","year":"2022","value":"16.0"},{"name":"opex","year":"2023","value":"20.6"},{"name":"cost_of_production","year":"2019","value":"40.7"},{"name":"cost_of_production","year":"2020","value":"41.5"},{"name":"cost_of_production","year":"2021","value":"49.5"},{"name":"cost_of_production","year":"2022","value":"60.6"},{"name":"cost_of_production","year":"2023","value":"62.6"},{"name":"employment_expenses","year":"2019","value":"5.27"},{"name":"employment_expenses","year":"2020","value":"5.62"},{"name":"employment_expenses","year":"2021","value":"6.00"},{"name":"employment_expenses","year":"2022","value":"7.44"},{"name":"employment_expenses","year":"2023","value":"8.50"},{"name":"interest_expenses","year":"2019","value":"6.62"},{"name":"interest_expenses","year":"2020","value":"6.84"},{"name":"interest_expenses","year":"2021","value":"5.07"},{"name":"interest_expenses","year":"2022","value":"3.34"},{"name":"interest_expenses","year":"2023","value":"3.40"},{"name":"assets","year":"2019","value":"156.5"},{"name":"assets","year":"2020","value":"157.8"},{"name":"assets","year":"2021","value":"175.8"},{"name":"assets","year":"2022","value":"235.1"},{"name":"assets","year":"2023","value":"289.3"},{"name":"net_assets","year":"2019","value":"23.1"},{"name":"net_assets","year":"2020","value":"12.5"},{"name":"net_assets","year":"2021","value":"46.9"},{"name":"net_assets","year":"2022","value":"132.7"},{"name":"net_assets","year":"2023","value":"161.8"},{"name":"debt","year":"2019","value":"116.7"},{"name":"debt","year":"2020","value":"130.2"},{"name":"debt","year":"2021","value":"94.5"},{"name":"debt","year":"2022","value":"73.5"},{"name":"debt","year":"2023","value":"88.7"},{"name":"cash","year":"2019","value":"2.58"},{"name":"cash","year":"2020","value":"6.18"},{"name":"cash","year":"2021","value":"6.13"},{"name":"cash","year":"2022","value":"25.0"},{"name":"cash","year":"2023","value":"54.3"},{"name":"net_debt","year":"2019","value":"114.2"},{"name":"net_debt","year":"2020","value":"124.0"},{"name":"net_debt","year":"2021","value":"88.4"},{"name":"net_debt","year":"2022","value":"48.4"},{"name":"net_debt","year":"2023","value":"34.4"},{"name":"common_share","year":"2019","value":"4 790"},{"name":"common_share","year":"2020","value":"5 940"},{"name":"common_share","year":"2021","value":"12 342"},{"name":"common_share","year":"2022","value":"18 210"},{"name":"common_share","year":"2023","value":"18 848"},{"name":"number_of_shares","year":"2019","value":"40.5"},{"name":"number_of_shares","year":"2020","value":"40.5"},{"name":"number_of_shares","year":"2021","value":"39.3"},{"name":"number_of_shares","year":"2022","value":"36.8"},{"name":"number_of_shares","year":"2023","value":"36.8"},{"name":"free_float","year":"2019","value":""},{"name":"free_float","year":"2020","value":"3.60%"},{"name":"free_float","year":"2021","value":"4.70%"},{"name":"free_float","year":"2022","value":""},{"name":"free_float","year":"2023","value":""},{"name":"market_cap","year":"2019","value":"194.2"},{"name":"market_cap","year":"2020","value":"240.8"},{"name":"market_cap","year":"2021","value":"484.7"},{"name":"market_cap","year":"2022","value":"669.4"},{"name":"market_cap","year":"2023","value":"692.9"},{"name":"ev","year":"2019","value":"308.3"},{"name":"ev","year":"2020","value":"364.8"},{"name":"ev","year":"2021","value":"573.1"},{"name":"ev","year":"2022","value":"717.8"},{"name":"ev","year":"2023","value":"727.3"},{"name":"book_value","year":"2019","value":"23.1"},{"name":"book_value","year":"2020","value":"12.5"},{"name":"book_value","year":"2021","value":"46.9"},{"name":"book_value","year":"2022","value":"132.7"},{"name":"book_value","year":"2023","value":"161.8"},{"name":"eps","year":"2019","value":"481.8"},{"name":"eps","year":"2020","value":"140.6"},{"name":"eps","year":"2021","value":"2 093"},{"name":"eps","year":"2022","value":"1 953"},{"name":"eps","year":"2023","value":"791.6"},{"name":"fcf_share","year":"2019","value":"298.8"},{"name":"fcf_share","year":"2020","value":"53.5"},{"name":"fcf_share","year":"2021","value":"1 731"},{"name":"fcf_share","year":"2022","value":"853.1"},{"name":"fcf_share","year":"2023","value":"710.0"},{"name":"bv_share","year":"2019","value":"569.9"},{"name":"bv_share","year":"2020","value":"307.4"},{"name":"bv_share","year":"2021","value":"1 195"},{"name":"bv_share","year":"2022","value":"3 610"},{"name":"bv_share","year":"2023","value":"4 402"},{"name":"ebitda_margin","year":"2019","value":"0.0%"},{"name":"ebitda_margin","year":"2020","value":"0.0%"},{"name":"ebitda_margin","year":"2021","value":"0.0%"},{"name":"ebitda_margin","year":"2022","value":"0.0%"},{"name":"ebitda_margin","year":"2023","value":"0.0%"},{"name":"net_margin","year":"2019","value":"29.1%"},{"name":"net_margin","year":"2020","value":"8.6%"},{"name":"net_margin","year":"2021","value":"56.7%"},{"name":"net_margin","year":"2022","value":"39.8%"},{"name":"net_margin","year":"2023","value":"22.9%"},{"name":"fcf_yield","year":"2019","value":"6.2%"},{"name":"fcf_yield","year":"2020","value":"0.9%"},{"name":"fcf_yield","year":"2021","value":"14.0%"},{"name":"fcf_yield","year":"2022","value":"4.7%"},{"name":"fcf_yield","year":"2023","value":"3.8%"},{"name":"roe","year":"2019","value":"84.5%"},{"name":"roe","year":"2020","value":"45.7%"},{"name":"roe","year":"2021","value":"175.2%"},{"name":"roe","year":"2022","value":"54.1%"},{"name":"roe","year":"2023","value":"18.0%"},{"name":"roa","year":"2019","value":"12.5%"},{"name":"roa","year":"2020","value":"3.6%"},{"name":"roa","year":"2021","value":"46.8%"},{"name":"roa","year":"2022","value":"30.5%"},{"name":"roa","year":"2023","value":"10.1%"},{"name":"p_e","year":"2019","value":"9.94"},{"name":"p_e","year":"2020","value":"42.2"},{"name":"p_e","year":"2021","value":"5.90"},{"name":"p_e","year":"2022","value":"9.32"},{"name":"p_e","year":"2023","value":"23.8"},{"name":"p_fcf","year":"2019","value":"16.0"},{"name":"p_fcf","year":"2020","value":"111.0"},{"name":"p_fcf","year":"2021","value":"7.13"},{"name":"p_fcf","year":"2022","value":"21.3"},{"name":"p_fcf","year":"2023","value":"26.5"},{"name":"p_s","year":"2019","value":"2.89"},{"name":"p_s","year":"2020","value":"3.62"},{"name":"p_s","year":"2021","value":"3.34"},{"name":"p_s","year":"2022","value":"3.71"},{"name":"p_s","year":"2023","value":"5.46"},{"name":"p_bv","year":"2019","value":"8.41"},{"name":"p_bv","year":"2020","value":"19.3"},{"name":"p_bv","year":"2021","value":"10.3"},{"name":"p_bv","year":"2022","value":"5.04"},{"name":"p_bv","year":"2023","value":"4.28"},{"name":"employees","year":"2019","value":"11 205"},{"name":"employees","year":"2020","value":"11 429"},{"name":"employees","year":"2021","value":""},{"name":"employees","year":"2022","value":""},{"name":"employees","year":"2023","value":""},{"name":"labour_productivity","year":"2019","value":"5.99"},{"name":"labour_productivity","year":"2020","value":"5.82"},{"name":"labour_productivity","year":"2021","value":""},{"name":"labour_productivity","year":"2022","value":""},{"name":"labour_productivity","year":"2023","value":""},{"name":"expenses_per_employee","year":"2019","value":"470.3"},{"name":"expenses_per_employee","year":"2020","value":"491.7"},{"name":"expenses_per_employee","year":"2021","value":""},{"name":"expenses_per_employee","year":"2022","value":""},{"name":"expenses_per_employee","year":"2023","value":""},{"name":"r_and_d_capex","year":"2019","value":"0.00%"},{"name":"r_and_d_capex","year":"2020","value":"0.00%"},{"name":"r_and_d_capex","year":"2021","value":"0.00%"},{"name":"r_and_d_capex","year":"2022","value":"0.00%"},{"name":"r_and_d_capex","year":"2023","value":"0.00%"},{"name":"capex_revenue","year":"2019","value":"8%"},{"name":"capex_revenue","year":"2020","value":"11%"},{"name":"capex_revenue","year":"2021","value":"4%"},{"name":"capex_revenue","year":"2022","value":"4%"},{"name":"capex_revenue","year":"2023","value":"8%"},{"name":"irr","year":"2019","value":""},{"name":"irr","year":"2020","value":""},{"name":"irr","year":"2021","value":"1.9"},{"name":"irr","year":"2022","value":"1.9"},{"name":"irr","year":"2023","value":"1.9"},{"name":"ir_fs_quality","year":"2019","value":""},{"name":"ir_fs_quality","year":"2020","value":""},{"name":"ir_fs_quality","year":"2021","value":"1"},{"name":"ir_fs_quality","year":"2022","value":"1"},{"name":"ir_fs_quality","year":"2023","value":"1"},{"name":"ir_investor_presentations","year":"2019","value":""},{"name":"ir_investor_presentations","year":"2020","value":""},{"name":"ir_investor_presentations","year":"2021","value":"1"},{"name":"ir_investor_presentations","year":"2022","value":"1"},{"name":"ir_investor_presentations","year":"2023","value":"1"},{"name":"ir_annual_report","year":"2019","value":""},{"name":"ir_annual_report","year":"2020","value":""},{"name":"ir_annual_report","year":"2021","value":"1"},{"name":"ir_annual_report","year":"2022","value":"1"},{"name":"ir_annual_report","year":"2023","value":"1"},{"name":"ir_investor_site","year":"2019","value":""},{"name":"ir_investor_site","year":"2020","value":""},{"name":"ir_investor_site","year":"2021","value":"5"},{"name":"ir_investor_site","year":"2022","value":"5"},{"name":"ir_investor_site","year":"2023","value":"5"},{"name":"ir_investor_calendar","year":"2019","value":""},{"name":"ir_investor_calendar","year":"2020","value":""},{"name":"ir_investor_calendar","year":"2021","value":"1"},{"name":"ir_investor_calendar","year":"2022","value":"1"},{"name":"ir_investor_calendar","year":"2023","value":"1"},{"name":"ir_feedback","year":"2019","value":""},{"name":"ir_feedback","year":"2020","value":""},{"name":"ir_feedback","year":"2021","value":"3"},{"name":"ir_feedback","year":"2022","value":"3"},{"name":"ir_feedback","year":"2023","value":"3"}]