[
  {
    "name": "revenue",
    "year": "2021",
    "value": 2.16
  },
  {
    "name": "revenue",
    "year": "2022",
    "value": 5.39
  },
  {
    "name": "revenue",
    "year": "2023",
    "value": 9.54
  },
  {
    "name": "revenue",
    "year": "LTM",
    "value": 11.39
  },
  {
    "name": "operating_income",
    "year": "2021",
    "value": 1.03
  },
  {
    "name": "operating_income",
    "year": "2022",
    "value": 2.8
  },
  {
    "name": "operating_income",
    "year": "2023",
    "value": 4.09
  },
  {
    "name": "operating_income",
    "year": "LTM",
    "value": 4.15
  },
  {
    "name": "ebitda",
    "year": "2022",
    "value": 3.0
  },
  {
    "name": "ebitda",
    "year": "2023",
    "value": 4.38
  },
  {
    "name": "ebitda",
    "year": "LTM",
    "value": 4.404
  },
  {
    "name": "net_income",
    "year": "2021",
    "value": 1.08
  },
  {
    "name": "net_income",
    "year": "2022",
    "value": 2.48
  },
  {
    "name": "net_income",
    "year": "2023",
    "value": 3.54
  },
  {
    "name": "net_income",
    "year": "LTM",
    "value": 3.769
  },
  {
    "name": "ocf",
    "year": "2021",
    "value": 0.83
  },
  {
    "name": "ocf",
    "year": "2022",
    "value": 1.86
  },
  {
    "name": "ocf",
    "year": "2023",
    "value": 3.45
  },
  {
    "name": "ocf",
    "year": "LTM",
    "value": 5.67
  },
  {
    "name": "capex",
    "year": "2021",
    "value": 0.294
  },
  {
    "name": "capex",
    "year": "2022",
    "value": 0.64
  },
  {
    "name": "capex",
    "year": "2023",
    "value": 1.3
  },
  {
    "name": "capex",
    "year": "LTM",
    "value": 1.774
  },
  {
    "name": "fcf",
    "year": "2021",
    "value": 0.036
  },
  {
    "name": "fcf",
    "year": "2022",
    "value": 1.09
  },
  {
    "name": "fcf",
    "year": "2023",
    "value": 2.15
  },
  {
    "name": "fcf",
    "year": "LTM",
    "value": 3.84
  },
  {
    "name": "opex",
    "year": "2021",
    "value": 0.693
  },
  {
    "name": "opex",
    "year": "2022",
    "value": 1.675
  },
  {
    "name": "opex",
    "year": "2023",
    "value": 3.04
  },
  {
    "name": "opex",
    "year": "LTM",
    "value": 3.983
  },
  {
    "name": "cost_of_production",
    "year": "2021",
    "value": 0.434
  },
  {
    "name": "cost_of_production",
    "year": "2022",
    "value": 0.922
  },
  {
    "name": "cost_of_production",
    "year": "2023",
    "value": 2.41
  },
  {
    "name": "cost_of_production",
    "year": "LTM",
    "value": 3.38
  },
  {
    "name": "amortization",
    "year": "2021",
    "value": 0.125
  },
  {
    "name": "amortization",
    "year": "2022",
    "value": 0.211
  },
  {
    "name": "amortization",
    "year": "2023",
    "value": 0.29
  },
  {
    "name": "amortization",
    "year": "LTM",
    "value": 0.43
  },
  {
    "name": "r_and_d",
    "year": "2021",
    "value": 0.037
  },
  {
    "name": "r_and_d",
    "year": "2022",
    "value": 0.049
  },
  {
    "name": "r_and_d",
    "year": "LTM",
    "value": 0.067
  },
  {
    "name": "assets",
    "year": "2020",
    "value": 1.16
  },
  {
    "name": "assets",
    "year": "2021",
    "value": 2.15
  },
  {
    "name": "assets",
    "year": "2022",
    "value": 6.1
  },
  {
    "name": "assets",
    "year": "2023",
    "value": 12.35
  },
  {
    "name": "assets",
    "year": "LTM",
    "value": 12.55
  },
  {
    "name": "net_assets",
    "year": "2020",
    "value": 0.123
  },
  {
    "name": "net_assets",
    "year": "2021",
    "value": 0.125
  },
  {
    "name": "net_assets",
    "year": "2022",
    "value": 1.46
  },
  {
    "name": "net_assets",
    "year": "2023",
    "value": 4.23
  },
  {
    "name": "net_assets",
    "year": "LTM",
    "value": 4.95
  },
  {
    "name": "debt",
    "year": "2020",
    "value": 0.33
  },
  {
    "name": "debt",
    "year": "2021",
    "value": 0.3
  },
  {
    "name": "debt",
    "year": "2022",
    "value": 0.61
  },
  {
    "name": "debt",
    "year": "2023",
    "value": 2.73
  },
  {
    "name": "debt",
    "year": "LTM",
    "value": 3.47
  },
  {
    "name": "cash",
    "year": "2020",
    "value": 0.22
  },
  {
    "name": "cash",
    "year": "2021",
    "value": 0.12
  },
  {
    "name": "cash",
    "year": "2022",
    "value": 0.7
  },
  {
    "name": "cash",
    "year": "2023",
    "value": 2.64
  },
  {
    "name": "cash",
    "year": "LTM",
    "value": 4.99
  },
  {
    "name": "net_debt",
    "year": "2020",
    "value": 0.11
  },
  {
    "name": "net_debt",
    "year": "2021",
    "value": 0.18
  },
  {
    "name": "net_debt",
    "year": "2022",
    "value": -0.09
  },
  {
    "name": "net_debt",
    "year": "2023",
    "value": 0.09
  },
  {
    "name": "net_debt",
    "year": "LTM",
    "value": -1.52
  },
  {
    "name": "common_share",
    "year": "2022",
    "value": 333.0
  },
  {
    "name": "common_share",
    "year": "2023",
    "value": 500.15
  },
  {
    "name": "common_share",
    "year": "LTM",
    "value": 529.7
  },
  {
    "name": "number_of_shares",
    "year": "2022",
    "value": 210.0
  },
  {
    "name": "number_of_shares",
    "year": "2023",
    "value": 210.0
  },
  {
    "name": "number_of_shares",
    "year": "LTM",
    "value": 210.0
  },
  {
    "name": "market_cap",
    "year": "2020",
    "value": 0.0
  },
  {
    "name": "market_cap",
    "year": "2021",
    "value": 0.0
  },
  {
    "name": "market_cap",
    "year": "2022",
    "value": 69.93
  },
  {
    "name": "market_cap",
    "year": "2023",
    "value": 105.0315
  },
  {
    "name": "market_cap",
    "year": "LTM",
    "value": 111.23700000000001
  },
  {
    "name": "ev",
    "year": "2020",
    "value": 0.11
  },
  {
    "name": "ev",
    "year": "2021",
    "value": 0.18
  },
  {
    "name": "ev",
    "year": "2022",
    "value": 69.84
  },
  {
    "name": "ev",
    "year": "2023",
    "value": 105.1215
  },
  {
    "name": "ev",
    "year": "LTM",
    "value": 109.71700000000001
  },
  {
    "name": "book_value",
    "year": "2020",
    "value": -0.097
  },
  {
    "name": "book_value",
    "year": "2021",
    "value": -0.255
  },
  {
    "name": "book_value",
    "year": "2022",
    "value": 0.53
  },
  {
    "name": "book_value",
    "year": "2023",
    "value": 1.41
  },
  {
    "name": "book_value",
    "year": "LTM",
    "value": 1.71
  },
  {
    "name": "eps",
    "year": "2022",
    "value": 11.8095238095
  },
  {
    "name": "eps",
    "year": "2023",
    "value": 16.8571428571
  },
  {
    "name": "eps",
    "year": "LTM",
    "value": 17.947619047619046
  },
  {
    "name": "fcf_share",
    "year": "2022",
    "value": 5.19047619048
  },
  {
    "name": "fcf_share",
    "year": "2023",
    "value": 10.2380952381
  },
  {
    "name": "fcf_share",
    "year": "LTM",
    "value": 18.285714285714285
  },
  {
    "name": "bv_share",
    "year": "2022",
    "value": 2.52380952381
  },
  {
    "name": "bv_share",
    "year": "2023",
    "value": 6.71428571429
  },
  {
    "name": "bv_share",
    "year": "LTM",
    "value": 8.142857142857142
  },
  {
    "name": "ebitda_margin",
    "year": "2021",
    "value": 0.0
  },
  {
    "name": "ebitda_margin",
    "year": "2022",
    "value": 55.658627087199996
  },
  {
    "name": "ebitda_margin",
    "year": "2023",
    "value": 45.9119496855
  },
  {
    "name": "ebitda_margin",
    "year": "LTM",
    "value": 38.66549604916594
  },
  {
    "name": "net_margin",
    "year": "2021",
    "value": 50.0
  },
  {
    "name": "net_margin",
    "year": "2022",
    "value": 46.0111317254
  },
  {
    "name": "net_margin",
    "year": "2023",
    "value": 37.106918238999995
  },
  {
    "name": "net_margin",
    "year": "LTM",
    "value": 33.09043020193152
  },
  {
    "name": "fcf_yield",
    "year": "2022",
    "value": 1.5587015587
  },
  {
    "name": "fcf_yield",
    "year": "2023",
    "value": 2.04700494614
  },
  {
    "name": "fcf_yield",
    "year": "LTM",
    "value": 3.4520887834083975
  },
  {
    "name": "roe",
    "year": "2020",
    "value": 0.0
  },
  {
    "name": "roe",
    "year": "2021",
    "value": 864.0
  },
  {
    "name": "roe",
    "year": "2022",
    "value": 169.86301369900002
  },
  {
    "name": "roe",
    "year": "2023",
    "value": 83.6879432624
  },
  {
    "name": "roe",
    "year": "LTM",
    "value": 76.14141414141415
  },
  {
    "name": "roa",
    "year": "2020",
    "value": 0.0
  },
  {
    "name": "roa",
    "year": "2021",
    "value": 50.23255813950001
  },
  {
    "name": "roa",
    "year": "2022",
    "value": 40.655737704900005
  },
  {
    "name": "roa",
    "year": "2023",
    "value": 28.663967611300002
  },
  {
    "name": "roa",
    "year": "LTM",
    "value": 30.031872509960163
  },
  {
    "name": "p_e",
    "year": "2021",
    "value": 0.0
  },
  {
    "name": "p_e",
    "year": "2022",
    "value": 28.1975806452
  },
  {
    "name": "p_e",
    "year": "2023",
    "value": 29.6699152542
  },
  {
    "name": "p_e",
    "year": "LTM",
    "value": 29.513664101883794
  },
  {
    "name": "p_s",
    "year": "2021",
    "value": 0.0
  },
  {
    "name": "p_s",
    "year": "2022",
    "value": 12.974025974
  },
  {
    "name": "p_s",
    "year": "2023",
    "value": 11.009591195
  },
  {
    "name": "p_s",
    "year": "LTM",
    "value": 9.766198419666376
  },
  {
    "name": "p_bv",
    "year": "2020",
    "value": 0.0
  },
  {
    "name": "p_bv",
    "year": "2021",
    "value": 0.0
  },
  {
    "name": "p_bv",
    "year": "2022",
    "value": 131.943396226
  },
  {
    "name": "p_bv",
    "year": "2023",
    "value": 74.4904255319
  },
  {
    "name": "p_bv",
    "year": "LTM",
    "value": 65.05087719298247
  },
  {
    "name": "ev_ebitda",
    "year": "2022",
    "value": 23.28
  },
  {
    "name": "ev_ebitda",
    "year": "2023",
    "value": 24.0003424658
  },
  {
    "name": "ev_ebitda",
    "year": "LTM",
    "value": 24.913033605812902
  },
  {
    "name": "debt_ebitda",
    "year": "2022",
    "value": -0.03
  },
  {
    "name": "debt_ebitda",
    "year": "2023",
    "value": 0.0205479452055
  },
  {
    "name": "debt_ebitda",
    "year": "LTM",
    "value": -0.34514078110808355
  },
  {
    "name": "r_and_d_capex",
    "year": "2021",
    "value": 12.5850340136
  },
  {
    "name": "r_and_d_capex",
    "year": "2022",
    "value": 7.656250000000001
  },
  {
    "name": "r_and_d_capex",
    "year": "2023",
    "value": 0.0
  },
  {
    "name": "r_and_d_capex",
    "year": "LTM",
    "value": 3.7767756482525368
  },
  {
    "name": "capex_revenue",
    "year": "2021",
    "value": 13.6111111111
  },
  {
    "name": "capex_revenue",
    "year": "2022",
    "value": 11.8738404453
  },
  {
    "name": "capex_revenue",
    "year": "2023",
    "value": 13.6268343816
  },
  {
    "name": "capex_revenue",
    "year": "LTM",
    "value": 15.575065847234415
  }
]