[{"name":"date","year":"2020","value":""},{"name":"date","year":"2021","value":"09.10.2023"},{"name":"date","year":"2022","value":"09.10.2023"},{"name":"date","year":"2023","value":"02.04.2024"},{"name":"date","year":"LTM\n?","value":"11.06.2024"},{"name":"currency","year":"2020","value":"RUB"},{"name":"currency","year":"2021","value":"RUB"},{"name":"currency","year":"2022","value":"RUB"},{"name":"currency","year":"2023","value":"RUB"},{"name":"currency","year":"LTM\n?","value":"RUB"},{"name":"report_url","year":"2020","value":""},{"name":"report_url","year":"2021","value":""},{"name":"report_url","year":"2022","value":"https://astralinux.ru/investors/MSFO%20AO%20Gruppa%20Astra_2022.pdf"},{"name":"report_url","year":"2023","value":"https://www.e-disclosure.ru/portal/FileLoad.ashx?Fileid=1829480"},{"name":"report_url","year":"LTM\n?","value":"https://astragroup.ru/investors/docs/%D0%9C%D0%A1%D0%A4%D0%9E%203%D0%BC%D0%B5%D1%812024%20%D0%9F%D0%90%D0%9E%20%D0%93%D1%80%D1%83%D0%BF%D0%BF%D0%B0%20%D0%90%D1%81%D1%82%D1%80%D0%B0.pdf"},{"name":"year_report_url","year":"2020","value":""},{"name":"year_report_url","year":"2021","value":""},{"name":"year_report_url","year":"2022","value":""},{"name":"year_report_url","year":"2023","value":"https://www.e-disclosure.ru/portal/FileLoad.ashx?Fileid=1839605"},{"name":"year_report_url","year":"LTM\n?","value":""},{"name":"presentation_url","year":"2020","value":""},{"name":"presentation_url","year":"2021","value":""},{"name":"presentation_url","year":"2022","value":"https://astralinux.ru/investors/Retail_presentation_GK_Astra.pdf"},{"name":"presentation_url","year":"2023","value":""},{"name":"presentation_url","year":"LTM\n?","value":""},{"name":"revenue","year":"2020","value":""},{"name":"revenue","year":"2021","value":"2.16"},{"name":"revenue","year":"2022","value":"5.39"},{"name":"revenue","year":"2023","value":"9.54"},{"name":"revenue","year":"LTM\n?","value":"11.4"},{"name":"operating_income","year":"2020","value":""},{"name":"operating_income","year":"2021","value":"1.03"},{"name":"operating_income","year":"2022","value":"2.80"},{"name":"operating_income","year":"2023","value":"4.09"},{"name":"operating_income","year":"LTM\n?","value":"4.15"},{"name":"ebitda","year":"2020","value":""},{"name":"ebitda","year":"2021","value":""},{"name":"ebitda","year":"2022","value":"3.00"},{"name":"ebitda","year":"2023","value":"4.38"},{"name":"ebitda","year":"LTM\n?","value":"4.40"},{"name":"net_income","year":"2020","value":""},{"name":"net_income","year":"2021","value":"1.08"},{"name":"net_income","year":"2022","value":"2.48"},{"name":"net_income","year":"2023","value":"3.54"},{"name":"net_income","year":"LTM\n?","value":"3.77"},{"name":"ocf","year":"2020","value":""},{"name":"ocf","year":"2021","value":"0.830"},{"name":"ocf","year":"2022","value":"1.86"},{"name":"ocf","year":"2023","value":"3.45"},{"name":"ocf","year":"LTM\n?","value":"5.67"},{"name":"capex","year":"2020","value":""},{"name":"capex","year":"2021","value":"0.294"},{"name":"capex","year":"2022","value":"0.640"},{"name":"capex","year":"2023","value":"1.30"},{"name":"capex","year":"LTM\n?","value":"1.77"},{"name":"fcf","year":"2020","value":""},{"name":"fcf","year":"2021","value":"0.036"},{"name":"fcf","year":"2022","value":"1.09"},{"name":"fcf","year":"2023","value":"2.15"},{"name":"fcf","year":"LTM\n?","value":"3.84"},{"name":"dividend_payout","year":"2020","value":""},{"name":"dividend_payout","year":"2021","value":""},{"name":"dividend_payout","year":"2022","value":""},{"name":"dividend_payout","year":"2023","value":""},{"name":"dividend_payout","year":"LTM\n?","value":"1.66"},{"name":"dividend","year":"2020","value":""},{"name":"dividend","year":"2021","value":""},{"name":"dividend","year":"2022","value":""},{"name":"dividend","year":"2023","value":""},{"name":"dividend","year":"LTM\n?","value":"7.89"},{"name":"div_yield","year":"2020","value":""},{"name":"div_yield","year":"2021","value":""},{"name":"div_yield","year":"2022","value":"0.0%"},{"name":"div_yield","year":"2023","value":"0.0%"},{"name":"div_yield","year":"LTM\n?","value":"1.5%"},{"name":"div_payout_ratio","year":"2020","value":""},{"name":"div_payout_ratio","year":"2021","value":"0%"},{"name":"div_payout_ratio","year":"2022","value":"0%"},{"name":"div_payout_ratio","year":"2023","value":"0%"},{"name":"div_payout_ratio","year":"LTM\n?","value":"44%"},{"name":"opex","year":"2020","value":""},{"name":"opex","year":"2021","value":"0.693"},{"name":"opex","year":"2022","value":"1.68"},{"name":"opex","year":"2023","value":"3.04"},{"name":"opex","year":"LTM\n?","value":"3.98"},{"name":"cost_of_production","year":"2020","value":""},{"name":"cost_of_production","year":"2021","value":"0.434"},{"name":"cost_of_production","year":"2022","value":"0.922"},{"name":"cost_of_production","year":"2023","value":"2.41"},{"name":"cost_of_production","year":"LTM\n?","value":"3.38"},{"name":"amortization","year":"2020","value":""},{"name":"amortization","year":"2021","value":"0.1"},{"name":"amortization","year":"2022","value":"0.2"},{"name":"amortization","year":"2023","value":"0.3"},{"name":"amortization","year":"LTM\n?","value":"0.4"},{"name":"r_and_d","year":"2020","value":""},{"name":"r_and_d","year":"2021","value":"0.037"},{"name":"r_and_d","year":"2022","value":"0.049"},{"name":"r_and_d","year":"2023","value":""},{"name":"r_and_d","year":"LTM\n?","value":"0.067"},{"name":"interest_expenses","year":"2020","value":""},{"name":"interest_expenses","year":"2021","value":""},{"name":"interest_expenses","year":"2022","value":""},{"name":"interest_expenses","year":"2023","value":""},{"name":"interest_expenses","year":"LTM\n?","value":"0.048"},{"name":"assets","year":"2020","value":"1.16"},{"name":"assets","year":"2021","value":"2.15"},{"name":"assets","year":"2022","value":"6.10"},{"name":"assets","year":"2023","value":"12.4"},{"name":"assets","year":"LTM\n?","value":"12.6"},{"name":"net_assets","year":"2020","value":"0.123"},{"name":"net_assets","year":"2021","value":"0.125"},{"name":"net_assets","year":"2022","value":"1.46"},{"name":"net_assets","year":"2023","value":"4.23"},{"name":"net_assets","year":"LTM\n?","value":"4.95"},{"name":"debt","year":"2020","value":"0.330"},{"name":"debt","year":"2021","value":"0.300"},{"name":"debt","year":"2022","value":"0.610"},{"name":"debt","year":"2023","value":"2.73"},{"name":"debt","year":"LTM\n?","value":"3.47"},{"name":"cash","year":"2020","value":"0.220"},{"name":"cash","year":"2021","value":"0.120"},{"name":"cash","year":"2022","value":"0.700"},{"name":"cash","year":"2023","value":"2.64"},{"name":"cash","year":"LTM\n?","value":"4.99"},{"name":"net_debt","year":"2020","value":"0.11"},{"name":"net_debt","year":"2021","value":"0.18"},{"name":"net_debt","year":"2022","value":"-0.09"},{"name":"net_debt","year":"2023","value":"0.09"},{"name":"net_debt","year":"LTM\n?","value":"-1.52"},{"name":"common_share","year":"2020","value":""},{"name":"common_share","year":"2021","value":""},{"name":"common_share","year":"2022","value":"333.0"},{"name":"common_share","year":"2023","value":"500.2"},{"name":"common_share","year":"LTM\n?","value":"532.4"},{"name":"number_of_shares","year":"2020","value":""},{"name":"number_of_shares","year":"2021","value":""},{"name":"number_of_shares","year":"2022","value":"210.0"},{"name":"number_of_shares","year":"2023","value":"210.0"},{"name":"number_of_shares","year":"LTM\n?","value":"210.0"},{"name":"free_float","year":"2020","value":""},{"name":"free_float","year":"2021","value":""},{"name":"free_float","year":"2022","value":""},{"name":"free_float","year":"2023","value":"5.00%"},{"name":"free_float","year":"LTM\n?","value":""},{"name":"market_cap","year":"2020","value":"0.00"},{"name":"market_cap","year":"2021","value":"0.00"},{"name":"market_cap","year":"2022","value":"69.9"},{"name":"market_cap","year":"2023","value":"105.0"},{"name":"market_cap","year":"LTM\n?","value":"111.8"},{"name":"ev","year":"2020","value":"0.11"},{"name":"ev","year":"2021","value":"0.18"},{"name":"ev","year":"2022","value":"69.8"},{"name":"ev","year":"2023","value":"105.1"},{"name":"ev","year":"LTM\n?","value":"110.3"},{"name":"book_value","year":"2020","value":"-0.10"},{"name":"book_value","year":"2021","value":"-0.26"},{"name":"book_value","year":"2022","value":"0.53"},{"name":"book_value","year":"2023","value":"1.41"},{"name":"book_value","year":"LTM\n?","value":"1.71"},{"name":"eps","year":"2020","value":""},{"name":"eps","year":"2021","value":""},{"name":"eps","year":"2022","value":"11.8"},{"name":"eps","year":"2023","value":"16.9"},{"name":"eps","year":"LTM\n?","value":"17.9"},{"name":"fcf_share","year":"2020","value":""},{"name":"fcf_share","year":"2021","value":""},{"name":"fcf_share","year":"2022","value":"5.19"},{"name":"fcf_share","year":"2023","value":"10.2"},{"name":"fcf_share","year":"LTM\n?","value":"18.3"},{"name":"bv_share","year":"2020","value":""},{"name":"bv_share","year":"2021","value":""},{"name":"bv_share","year":"2022","value":"2.52"},{"name":"bv_share","year":"2023","value":"6.71"},{"name":"bv_share","year":"LTM\n?","value":"8.14"},{"name":"ebitda_margin","year":"2020","value":""},{"name":"ebitda_margin","year":"2021","value":"0.0%"},{"name":"ebitda_margin","year":"2022","value":"55.7%"},{"name":"ebitda_margin","year":"2023","value":"45.9%"},{"name":"ebitda_margin","year":"LTM\n?","value":"38.7%"},{"name":"net_margin","year":"2020","value":""},{"name":"net_margin","year":"2021","value":"50.0%"},{"name":"net_margin","year":"2022","value":"46.0%"},{"name":"net_margin","year":"2023","value":"37.1%"},{"name":"net_margin","year":"LTM\n?","value":"33.1%"},{"name":"fcf_yield","year":"2020","value":""},{"name":"fcf_yield","year":"2021","value":""},{"name":"fcf_yield","year":"2022","value":"1.6%"},{"name":"fcf_yield","year":"2023","value":"2.0%"},{"name":"fcf_yield","year":"LTM\n?","value":"3.4%"},{"name":"roe","year":"2020","value":"0.0%"},{"name":"roe","year":"2021","value":"864.0%"},{"name":"roe","year":"2022","value":"169.9%"},{"name":"roe","year":"2023","value":"83.7%"},{"name":"roe","year":"LTM\n?","value":"76.1%"},{"name":"roa","year":"2020","value":"0.0%"},{"name":"roa","year":"2021","value":"50.2%"},{"name":"roa","year":"2022","value":"40.7%"},{"name":"roa","year":"2023","value":"28.7%"},{"name":"roa","year":"LTM\n?","value":"30.0%"},{"name":"p_e","year":"2020","value":""},{"name":"p_e","year":"2021","value":"0.00"},{"name":"p_e","year":"2022","value":"28.2"},{"name":"p_e","year":"2023","value":"29.7"},{"name":"p_e","year":"LTM\n?","value":"29.7"},{"name":"p_fcf","year":"2020","value":""},{"name":"p_fcf","year":"2021","value":"0.00"},{"name":"p_fcf","year":"2022","value":"64.2"},{"name":"p_fcf","year":"2023","value":"48.9"},{"name":"p_fcf","year":"LTM\n?","value":"29.1"},{"name":"p_s","year":"2020","value":""},{"name":"p_s","year":"2021","value":"0.00"},{"name":"p_s","year":"2022","value":"13.0"},{"name":"p_s","year":"2023","value":"11.0"},{"name":"p_s","year":"LTM\n?","value":"9.82"},{"name":"p_bv","year":"2020","value":"0.00"},{"name":"p_bv","year":"2021","value":"0.00"},{"name":"p_bv","year":"2022","value":"131.9"},{"name":"p_bv","year":"2023","value":"74.5"},{"name":"p_bv","year":"LTM\n?","value":"65.4"},{"name":"ev_ebitda","year":"2020","value":""},{"name":"ev_ebitda","year":"2021","value":""},{"name":"ev_ebitda","year":"2022","value":"23.3"},{"name":"ev_ebitda","year":"2023","value":"24.0"},{"name":"ev_ebitda","year":"LTM\n?","value":"25.0"},{"name":"debt_ebitda","year":"2020","value":""},{"name":"debt_ebitda","year":"2021","value":""},{"name":"debt_ebitda","year":"2022","value":"-0.03"},{"name":"debt_ebitda","year":"2023","value":"0.02"},{"name":"debt_ebitda","year":"LTM\n?","value":"-0.35"},{"name":"r_and_d_capex","year":"2020","value":""},{"name":"r_and_d_capex","year":"2021","value":"12.59%"},{"name":"r_and_d_capex","year":"2022","value":"7.66%"},{"name":"r_and_d_capex","year":"2023","value":"0.00%"},{"name":"r_and_d_capex","year":"LTM\n?","value":"3.78%"},{"name":"capex_revenue","year":"2020","value":""},{"name":"capex_revenue","year":"2021","value":"14%"},{"name":"capex_revenue","year":"2022","value":"12%"},{"name":"capex_revenue","year":"2023","value":"14%"},{"name":"capex_revenue","year":"LTM\n?","value":"16%"}]