[{"name":"date","year":"2019","value":"17.05.2021"},{"name":"date","year":"2020","value":"17.05.2021"},{"name":"date","year":"2021","value":"21.03.2022"},{"name":"date","year":"2022","value":"06.04.2023"},{"name":"date","year":"2023","value":"22.03.2024"},{"name":"currency","year":"2019","value":"RUB"},{"name":"currency","year":"2020","value":"RUB"},{"name":"currency","year":"2021","value":"RUB"},{"name":"currency","year":"2022","value":"RUB"},{"name":"currency","year":"2023","value":"RUB"},{"name":"report_url","year":"2019","value":"https://e-disclosure.ru/portal/FileLoad.ashx?Fileid=1619064"},{"name":"report_url","year":"2020","value":"https://e-disclosure.ru/portal/FileLoad.ashx?Fileid=1685522"},{"name":"report_url","year":"2021","value":"https://www.e-disclosure.ru/portal/FileLoad.ashx?Fileid=1738982"},{"name":"report_url","year":"2022","value":"https://www.e-disclosure.ru/portal/FileLoad.ashx?Fileid=1786865"},{"name":"report_url","year":"2023","value":"https://www.e-disclosure.ru/portal/FileLoad.ashx?Fileid=1826481"},{"name":"revenue","year":"2019","value":"11.1"},{"name":"revenue","year":"2020","value":"11.3"},{"name":"revenue","year":"2021","value":"12.2"},{"name":"revenue","year":"2022","value":"12.4"},{"name":"revenue","year":"2023","value":"14.1"},{"name":"operating_income","year":"2019","value":"0.857"},{"name":"operating_income","year":"2020","value":"0.827"},{"name":"operating_income","year":"2021","value":"0.403"},{"name":"operating_income","year":"2022","value":"0.790"},{"name":"operating_income","year":"2023","value":"0.980"},{"name":"net_income","year":"2019","value":"0.054"},{"name":"net_income","year":"2020","value":"0.100"},{"name":"net_income","year":"2021","value":"0.047"},{"name":"net_income","year":"2022","value":"0.053"},{"name":"net_income","year":"2023","value":"0.063"},{"name":"ocf","year":"2019","value":"0.940"},{"name":"ocf","year":"2020","value":"0.114"},{"name":"ocf","year":"2021","value":"-0.484"},{"name":"ocf","year":"2022","value":"0.300"},{"name":"ocf","year":"2023","value":"0.552"},{"name":"capex","year":"2019","value":"0.002"},{"name":"capex","year":"2020","value":"0.015"},{"name":"capex","year":"2021","value":"0.019"},{"name":"capex","year":"2022","value":"0.022"},{"name":"capex","year":"2023","value":"0.018"},{"name":"fcf","year":"2019","value":"0.938"},{"name":"fcf","year":"2020","value":"0.099"},{"name":"fcf","year":"2021","value":"-0.500"},{"name":"fcf","year":"2022","value":"0.278"},{"name":"fcf","year":"2023","value":"0.534"},{"name":"div_yield","year":"2019","value":"0.0%"},{"name":"div_yield","year":"2020","value":"0.0%"},{"name":"div_yield","year":"2021","value":"0.0%"},{"name":"div_yield","year":"2022","value":"0.0%"},{"name":"div_yield","year":"2023","value":"0.0%"},{"name":"div_payout_ratio","year":"2019","value":"0%"},{"name":"div_payout_ratio","year":"2020","value":"0%"},{"name":"div_payout_ratio","year":"2021","value":"0%"},{"name":"div_payout_ratio","year":"2022","value":"0%"},{"name":"div_payout_ratio","year":"2023","value":"0%"},{"name":"opex","year":"2019","value":"4.74"},{"name":"opex","year":"2020","value":"5.07"},{"name":"opex","year":"2021","value":"5.69"},{"name":"opex","year":"2022","value":"5.87"},{"name":"opex","year":"2023","value":"6.91"},{"name":"cost_of_production","year":"2019","value":"5.48"},{"name":"cost_of_production","year":"2020","value":"5.40"},{"name":"cost_of_production","year":"2021","value":"6.12"},{"name":"cost_of_production","year":"2022","value":"5.71"},{"name":"cost_of_production","year":"2023","value":"6.22"},{"name":"employment_expenses","year":"2019","value":"0.524"},{"name":"employment_expenses","year":"2020","value":"0.555"},{"name":"employment_expenses","year":"2021","value":"0.566"},{"name":"employment_expenses","year":"2022","value":"0.420"},{"name":"employment_expenses","year":"2023","value":"0.466"},{"name":"assets","year":"2019","value":"4.02"},{"name":"assets","year":"2020","value":"4.42"},{"name":"assets","year":"2021","value":"3.51"},{"name":"assets","year":"2022","value":"3.60"},{"name":"assets","year":"2023","value":"3.28"},{"name":"net_assets","year":"2019","value":"0.076"},{"name":"net_assets","year":"2020","value":"0.131"},{"name":"net_assets","year":"2021","value":"0.177"},{"name":"net_assets","year":"2022","value":"0.237"},{"name":"net_assets","year":"2023","value":"0.300"},{"name":"debt","year":"2019","value":"0.000"},{"name":"debt","year":"2020","value":"0.070"},{"name":"debt","year":"2021","value":"0.340"},{"name":"debt","year":"2022","value":"0.000"},{"name":"debt","year":"2023","value":"0.000"},{"name":"cash","year":"2019","value":"0.358"},{"name":"cash","year":"2020","value":"0.238"},{"name":"cash","year":"2021","value":"0.004"},{"name":"cash","year":"2022","value":"0.120"},{"name":"cash","year":"2023","value":"0.613"},{"name":"net_debt","year":"2019","value":"-0.36"},{"name":"net_debt","year":"2020","value":"-0.17"},{"name":"net_debt","year":"2021","value":"0.34"},{"name":"net_debt","year":"2022","value":"-0.12"},{"name":"net_debt","year":"2023","value":"-0.61"},{"name":"common_share","year":"2019","value":"0.592"},{"name":"common_share","year":"2020","value":"0.796"},{"name":"common_share","year":"2021","value":"0.831"},{"name":"common_share","year":"2022","value":"0.758"},{"name":"common_share","year":"2023","value":"2.64"},{"name":"number_of_shares","year":"2019","value":"773.9"},{"name":"number_of_shares","year":"2020","value":"773.9"},{"name":"number_of_shares","year":"2021","value":"773.9"},{"name":"number_of_shares","year":"2022","value":"773.9"},{"name":"number_of_shares","year":"2023","value":"773.9"},{"name":"market_cap","year":"2019","value":"0.46"},{"name":"market_cap","year":"2020","value":"0.62"},{"name":"market_cap","year":"2021","value":"0.64"},{"name":"market_cap","year":"2022","value":"0.59"},{"name":"market_cap","year":"2023","value":"2.04"},{"name":"ev","year":"2019","value":"0.10"},{"name":"ev","year":"2020","value":"0.45"},{"name":"ev","year":"2021","value":"0.98"},{"name":"ev","year":"2022","value":"0.47"},{"name":"ev","year":"2023","value":"1.43"},{"name":"book_value","year":"2019","value":"0.08"},{"name":"book_value","year":"2020","value":"0.13"},{"name":"book_value","year":"2021","value":"0.18"},{"name":"book_value","year":"2022","value":"0.24"},{"name":"book_value","year":"2023","value":"0.30"},{"name":"eps","year":"2019","value":"0.07"},{"name":"eps","year":"2020","value":"0.13"},{"name":"eps","year":"2021","value":"0.06"},{"name":"eps","year":"2022","value":"0.07"},{"name":"eps","year":"2023","value":"0.08"},{"name":"fcf_share","year":"2019","value":"1.21"},{"name":"fcf_share","year":"2020","value":"0.13"},{"name":"fcf_share","year":"2021","value":"-0.65"},{"name":"fcf_share","year":"2022","value":"0.36"},{"name":"fcf_share","year":"2023","value":"0.69"},{"name":"bv_share","year":"2019","value":"0.10"},{"name":"bv_share","year":"2020","value":"0.17"},{"name":"bv_share","year":"2021","value":"0.23"},{"name":"bv_share","year":"2022","value":"0.31"},{"name":"bv_share","year":"2023","value":"0.39"},{"name":"ebitda_margin","year":"2019","value":"0.0%"},{"name":"ebitda_margin","year":"2020","value":"0.0%"},{"name":"ebitda_margin","year":"2021","value":"0.0%"},{"name":"ebitda_margin","year":"2022","value":"0.0%"},{"name":"ebitda_margin","year":"2023","value":"0.0%"},{"name":"net_margin","year":"2019","value":"0.5%"},{"name":"net_margin","year":"2020","value":"0.9%"},{"name":"net_margin","year":"2021","value":"0.4%"},{"name":"net_margin","year":"2022","value":"0.4%"},{"name":"net_margin","year":"2023","value":"0.4%"},{"name":"fcf_yield","year":"2019","value":"204.9%"},{"name":"fcf_yield","year":"2020","value":"16.1%"},{"name":"fcf_yield","year":"2021","value":"-77.7%"},{"name":"fcf_yield","year":"2022","value":"47.4%"},{"name":"fcf_yield","year":"2023","value":"26.2%"},{"name":"roe","year":"2019","value":"71.1%"},{"name":"roe","year":"2020","value":"76.3%"},{"name":"roe","year":"2021","value":"26.6%"},{"name":"roe","year":"2022","value":"22.4%"},{"name":"roe","year":"2023","value":"21.0%"},{"name":"roa","year":"2019","value":"1.3%"},{"name":"roa","year":"2020","value":"2.3%"},{"name":"roa","year":"2021","value":"1.3%"},{"name":"roa","year":"2022","value":"1.5%"},{"name":"roa","year":"2023","value":"1.9%"},{"name":"p_e","year":"2019","value":"8.48"},{"name":"p_e","year":"2020","value":"6.16"},{"name":"p_e","year":"2021","value":"13.7"},{"name":"p_e","year":"2022","value":"11.1"},{"name":"p_e","year":"2023","value":"32.4"},{"name":"p_fcf","year":"2019","value":"0.49"},{"name":"p_fcf","year":"2020","value":"6.22"},{"name":"p_fcf","year":"2021","value":"-1.29"},{"name":"p_fcf","year":"2022","value":"2.11"},{"name":"p_fcf","year":"2023","value":"3.82"},{"name":"p_s","year":"2019","value":"0.04"},{"name":"p_s","year":"2020","value":"0.05"},{"name":"p_s","year":"2021","value":"0.05"},{"name":"p_s","year":"2022","value":"0.05"},{"name":"p_s","year":"2023","value":"0.14"},{"name":"p_bv","year":"2019","value":"6.02"},{"name":"p_bv","year":"2020","value":"4.70"},{"name":"p_bv","year":"2021","value":"3.63"},{"name":"p_bv","year":"2022","value":"2.48"},{"name":"p_bv","year":"2023","value":"6.80"},{"name":"r_and_d_capex","year":"2019","value":"0.00%"},{"name":"r_and_d_capex","year":"2020","value":"0.00%"},{"name":"r_and_d_capex","year":"2021","value":"0.00%"},{"name":"r_and_d_capex","year":"2022","value":"0.00%"},{"name":"r_and_d_capex","year":"2023","value":"0.00%"},{"name":"capex_revenue","year":"2019","value":"0%"},{"name":"capex_revenue","year":"2020","value":"0%"},{"name":"capex_revenue","year":"2021","value":"0%"},{"name":"capex_revenue","year":"2022","value":"0%"},{"name":"capex_revenue","year":"2023","value":"0%"}]