[
  {
    "name": "revenue",
    "year": "2020Q2",
    "value": 56.8
  },
  {
    "name": "revenue",
    "year": "2020Q4",
    "value": 56.8
  },
  {
    "name": "revenue",
    "year": "2021Q2",
    "value": 85.0
  },
  {
    "name": "revenue",
    "year": "2021Q4",
    "value": 91.26
  },
  {
    "name": "revenue",
    "year": "2022Q2",
    "value": 98.6
  },
  {
    "name": "revenue",
    "year": "2022Q4",
    "value": 69.4
  },
  {
    "name": "revenue",
    "year": "2023Q2",
    "value": 78.6
  },
  {
    "name": "revenue",
    "year": "2023Q4",
    "value": 82.9
  },
  {
    "name": "operating_income",
    "year": "2020Q2",
    "value": 3.68
  },
  {
    "name": "operating_income",
    "year": "2020Q4",
    "value": 2.58
  },
  {
    "name": "operating_income",
    "year": "2021Q2",
    "value": 9.15
  },
  {
    "name": "operating_income",
    "year": "2021Q4",
    "value": 1.56
  },
  {
    "name": "operating_income",
    "year": "2022Q2",
    "value": 3.1
  },
  {
    "name": "operating_income",
    "year": "2022Q4",
    "value": 5.72
  },
  {
    "name": "operating_income",
    "year": "2023Q2",
    "value": 9.14
  },
  {
    "name": "operating_income",
    "year": "2023Q4",
    "value": 7.0
  },
  {
    "name": "ebitda",
    "year": "2020Q2",
    "value": 5.44
  },
  {
    "name": "ebitda",
    "year": "2020Q4",
    "value": 4.34
  },
  {
    "name": "ebitda",
    "year": "2021Q2",
    "value": 11.01
  },
  {
    "name": "ebitda",
    "year": "2021Q4",
    "value": 3.24
  },
  {
    "name": "ebitda",
    "year": "2022Q2",
    "value": 4.7
  },
  {
    "name": "ebitda",
    "year": "2022Q4",
    "value": 7.42
  },
  {
    "name": "ebitda",
    "year": "2023Q2",
    "value": 10.8
  },
  {
    "name": "ebitda",
    "year": "2023Q4",
    "value": 8.8
  },
  {
    "name": "net_income",
    "year": "2020Q2",
    "value": -1.62
  },
  {
    "name": "net_income",
    "year": "2020Q4",
    "value": 1.13
  },
  {
    "name": "net_income",
    "year": "2021Q2",
    "value": 9.66
  },
  {
    "name": "net_income",
    "year": "2021Q4",
    "value": -3.17
  },
  {
    "name": "net_income",
    "year": "2022Q2",
    "value": 29.62
  },
  {
    "name": "net_income",
    "year": "2022Q4",
    "value": -16.74
  },
  {
    "name": "net_income",
    "year": "2023Q2",
    "value": -14.25
  },
  {
    "name": "net_income",
    "year": "2023Q4",
    "value": 18.43
  },
  {
    "name": "ocf",
    "year": "2020Q2",
    "value": 2.43
  },
  {
    "name": "ocf",
    "year": "2020Q4",
    "value": -6.187
  },
  {
    "name": "ocf",
    "year": "2021Q2",
    "value": 1.775
  },
  {
    "name": "ocf",
    "year": "2021Q4",
    "value": -1.73
  },
  {
    "name": "ocf",
    "year": "2022Q2",
    "value": -2.0
  },
  {
    "name": "ocf",
    "year": "2022Q4",
    "value": -0.34
  },
  {
    "name": "ocf",
    "year": "2023Q2",
    "value": 10.9
  },
  {
    "name": "ocf",
    "year": "2023Q4",
    "value": 18.24
  },
  {
    "name": "capex",
    "year": "2020Q2",
    "value": 0.0
  },
  {
    "name": "capex",
    "year": "2020Q4",
    "value": 0.3
  },
  {
    "name": "capex",
    "year": "2021Q2",
    "value": 0.64
  },
  {
    "name": "capex",
    "year": "2021Q4",
    "value": 0.598
  },
  {
    "name": "capex",
    "year": "2022Q2",
    "value": 0.77
  },
  {
    "name": "capex",
    "year": "2022Q4",
    "value": 1.03
  },
  {
    "name": "capex",
    "year": "2023Q2",
    "value": 2.66
  },
  {
    "name": "capex",
    "year": "2023Q4",
    "value": 4.23
  },
  {
    "name": "fcf",
    "year": "2020Q2",
    "value": -0.944
  },
  {
    "name": "fcf",
    "year": "2020Q4",
    "value": -5.872
  },
  {
    "name": "fcf",
    "year": "2021Q2",
    "value": 0.614
  },
  {
    "name": "fcf",
    "year": "2021Q4",
    "value": 3.386
  },
  {
    "name": "fcf",
    "year": "2022Q2",
    "value": -7.0
  },
  {
    "name": "fcf",
    "year": "2022Q4",
    "value": 7.1
  },
  {
    "name": "fcf",
    "year": "2023Q2",
    "value": 4.68
  },
  {
    "name": "fcf",
    "year": "2023Q4",
    "value": 20.9
  },
  {
    "name": "opex",
    "year": "2020Q2",
    "value": 5.59
  },
  {
    "name": "opex",
    "year": "2020Q4",
    "value": 6.54
  },
  {
    "name": "opex",
    "year": "2021Q2",
    "value": 9.0
  },
  {
    "name": "opex",
    "year": "2021Q4",
    "value": 8.74
  },
  {
    "name": "opex",
    "year": "2022Q2",
    "value": 23.92
  },
  {
    "name": "opex",
    "year": "2022Q4",
    "value": 0.0
  },
  {
    "name": "opex",
    "year": "2023Q2",
    "value": 28.1
  },
  {
    "name": "opex",
    "year": "2023Q4",
    "value": 0.0
  },
  {
    "name": "cost_of_production",
    "year": "2020Q2",
    "value": 47.6
  },
  {
    "name": "cost_of_production",
    "year": "2020Q4",
    "value": 47.58
  },
  {
    "name": "cost_of_production",
    "year": "2021Q2",
    "value": 66.8
  },
  {
    "name": "cost_of_production",
    "year": "2021Q4",
    "value": 81.01
  },
  {
    "name": "cost_of_production",
    "year": "2022Q2",
    "value": 85.1
  },
  {
    "name": "cost_of_production",
    "year": "2022Q4",
    "value": 56.53
  },
  {
    "name": "cost_of_production",
    "year": "2023Q2",
    "value": 60.0
  },
  {
    "name": "cost_of_production",
    "year": "2023Q4",
    "value": 69.4
  },
  {
    "name": "amortization",
    "year": "2022Q2",
    "value": 1.6
  },
  {
    "name": "amortization",
    "year": "2022Q4",
    "value": 1.7
  },
  {
    "name": "amortization",
    "year": "2023Q2",
    "value": 1.65
  },
  {
    "name": "amortization",
    "year": "2023Q4",
    "value": 1.79
  },
  {
    "name": "interest_expenses",
    "year": "2020Q2",
    "value": 5.22
  },
  {
    "name": "interest_expenses",
    "year": "2020Q4",
    "value": 3.73
  },
  {
    "name": "interest_expenses",
    "year": "2021Q2",
    "value": 4.33
  },
  {
    "name": "interest_expenses",
    "year": "2021Q4",
    "value": 5.71
  },
  {
    "name": "interest_expenses",
    "year": "2022Q2",
    "value": 6.5
  },
  {
    "name": "interest_expenses",
    "year": "2022Q4",
    "value": 4.86
  },
  {
    "name": "interest_expenses",
    "year": "2023Q2",
    "value": 4.94
  },
  {
    "name": "interest_expenses",
    "year": "2023Q4",
    "value": 7.56
  },
  {
    "name": "assets",
    "year": "2018Q4",
    "value": 212.09
  },
  {
    "name": "assets",
    "year": "2019Q4",
    "value": 214.83
  },
  {
    "name": "assets",
    "year": "2020Q2",
    "value": null
  },
  {
    "name": "assets",
    "year": "2020Q4",
    "value": 284.32
  },
  {
    "name": "assets",
    "year": "2021Q2",
    "value": 287.5
  },
  {
    "name": "assets",
    "year": "2021Q4",
    "value": 252.86
  },
  {
    "name": "assets",
    "year": "2022Q2",
    "value": null
  },
  {
    "name": "assets",
    "year": "2022Q4",
    "value": 250.5
  },
  {
    "name": "assets",
    "year": "2023Q2",
    "value": 253.7
  },
  {
    "name": "assets",
    "year": "2023Q4",
    "value": 245.5
  },
  {
    "name": "net_assets",
    "year": "2018Q4",
    "value": 33.089
  },
  {
    "name": "net_assets",
    "year": "2019Q4",
    "value": 36.97
  },
  {
    "name": "net_assets",
    "year": "2020Q2",
    "value": null
  },
  {
    "name": "net_assets",
    "year": "2020Q4",
    "value": 36.49
  },
  {
    "name": "net_assets",
    "year": "2021Q2",
    "value": 46.18
  },
  {
    "name": "net_assets",
    "year": "2021Q4",
    "value": 43.085
  },
  {
    "name": "net_assets",
    "year": "2022Q2",
    "value": null
  },
  {
    "name": "net_assets",
    "year": "2022Q4",
    "value": 55.94
  },
  {
    "name": "net_assets",
    "year": "2023Q2",
    "value": 41.7
  },
  {
    "name": "net_assets",
    "year": "2023Q4",
    "value": 61.74
  },
  {
    "name": "debt",
    "year": "2018Q4",
    "value": 160.0
  },
  {
    "name": "debt",
    "year": "2019Q4",
    "value": 150.1
  },
  {
    "name": "debt",
    "year": "2020Q2",
    "value": null
  },
  {
    "name": "debt",
    "year": "2020Q4",
    "value": 216.7
  },
  {
    "name": "debt",
    "year": "2021Q2",
    "value": 209.4
  },
  {
    "name": "debt",
    "year": "2021Q4",
    "value": 185.52
  },
  {
    "name": "debt",
    "year": "2022Q2",
    "value": null
  },
  {
    "name": "debt",
    "year": "2022Q4",
    "value": 170.2
  },
  {
    "name": "debt",
    "year": "2023Q2",
    "value": 190.0
  },
  {
    "name": "debt",
    "year": "2023Q4",
    "value": 155.7
  },
  {
    "name": "cash",
    "year": "2018Q4",
    "value": 0.2
  },
  {
    "name": "cash",
    "year": "2019Q4",
    "value": 0.47
  },
  {
    "name": "cash",
    "year": "2020Q2",
    "value": null
  },
  {
    "name": "cash",
    "year": "2020Q4",
    "value": 0.022
  },
  {
    "name": "cash",
    "year": "2021Q2",
    "value": 0.208
  },
  {
    "name": "cash",
    "year": "2021Q4",
    "value": 4.73
  },
  {
    "name": "cash",
    "year": "2022Q2",
    "value": null
  },
  {
    "name": "cash",
    "year": "2022Q4",
    "value": 0.36
  },
  {
    "name": "cash",
    "year": "2023Q2",
    "value": 0.62
  },
  {
    "name": "cash",
    "year": "2023Q4",
    "value": 0.65
  },
  {
    "name": "net_debt",
    "year": "2018Q4",
    "value": 159.8
  },
  {
    "name": "net_debt",
    "year": "2019Q4",
    "value": 149.63
  },
  {
    "name": "net_debt",
    "year": "2020Q2",
    "value": 0.0
  },
  {
    "name": "net_debt",
    "year": "2020Q4",
    "value": 216.678
  },
  {
    "name": "net_debt",
    "year": "2021Q2",
    "value": 209.192
  },
  {
    "name": "net_debt",
    "year": "2021Q4",
    "value": 180.79
  },
  {
    "name": "net_debt",
    "year": "2022Q2",
    "value": 0.0
  },
  {
    "name": "net_debt",
    "year": "2022Q4",
    "value": 169.84
  },
  {
    "name": "net_debt",
    "year": "2023Q2",
    "value": 189.38
  },
  {
    "name": "net_debt",
    "year": "2023Q4",
    "value": 155.05
  },
  {
    "name": "common_share",
    "year": "2018Q4",
    "value": 2455.0
  },
  {
    "name": "common_share",
    "year": "2019Q4",
    "value": 2530.0
  },
  {
    "name": "common_share",
    "year": "2020Q2",
    "value": 2465.0
  },
  {
    "name": "common_share",
    "year": "2020Q4",
    "value": 2785.0
  },
  {
    "name": "common_share",
    "year": "2021Q2",
    "value": 3820.0
  },
  {
    "name": "common_share",
    "year": "2021Q4",
    "value": 4720.0
  },
  {
    "name": "common_share",
    "year": "2022Q2",
    "value": 3255.0
  },
  {
    "name": "common_share",
    "year": "2022Q4",
    "value": 3550.0
  },
  {
    "name": "common_share",
    "year": "2023Q2",
    "value": 6350.0
  },
  {
    "name": "common_share",
    "year": "2023Q4",
    "value": 9310.0
  },
  {
    "name": "number_of_shares",
    "year": "2018Q4",
    "value": 3.162
  },
  {
    "name": "number_of_shares",
    "year": "2019Q4",
    "value": 3.162
  },
  {
    "name": "number_of_shares",
    "year": "2020Q2",
    "value": 3.162
  },
  {
    "name": "number_of_shares",
    "year": "2020Q4",
    "value": 3.162
  },
  {
    "name": "number_of_shares",
    "year": "2021Q2",
    "value": 3.162
  },
  {
    "name": "number_of_shares",
    "year": "2021Q4",
    "value": 3.162
  },
  {
    "name": "number_of_shares",
    "year": "2022Q2",
    "value": 3.162
  },
  {
    "name": "number_of_shares",
    "year": "2022Q4",
    "value": 3.162
  },
  {
    "name": "number_of_shares",
    "year": "2023Q2",
    "value": 3.162
  },
  {
    "name": "number_of_shares",
    "year": "2023Q4",
    "value": 3.162
  },
  {
    "name": "market_cap",
    "year": "2018Q4",
    "value": 7.76271
  },
  {
    "name": "market_cap",
    "year": "2019Q4",
    "value": 7.99986
  },
  {
    "name": "market_cap",
    "year": "2020Q2",
    "value": 7.79433
  },
  {
    "name": "market_cap",
    "year": "2020Q4",
    "value": 8.80617
  },
  {
    "name": "market_cap",
    "year": "2021Q2",
    "value": 12.07884
  },
  {
    "name": "market_cap",
    "year": "2021Q4",
    "value": 14.92464
  },
  {
    "name": "market_cap",
    "year": "2022Q2",
    "value": 10.29231
  },
  {
    "name": "market_cap",
    "year": "2022Q4",
    "value": 11.2251
  },
  {
    "name": "market_cap",
    "year": "2023Q2",
    "value": 20.0787
  },
  {
    "name": "market_cap",
    "year": "2023Q4",
    "value": 29.43822
  },
  {
    "name": "ev",
    "year": "2018Q4",
    "value": 167.56271
  },
  {
    "name": "ev",
    "year": "2019Q4",
    "value": 157.62986
  },
  {
    "name": "ev",
    "year": "2020Q2",
    "value": 7.79433
  },
  {
    "name": "ev",
    "year": "2020Q4",
    "value": 225.48417
  },
  {
    "name": "ev",
    "year": "2021Q2",
    "value": 221.27084
  },
  {
    "name": "ev",
    "year": "2021Q4",
    "value": 195.71464
  },
  {
    "name": "ev",
    "year": "2022Q2",
    "value": 10.29231
  },
  {
    "name": "ev",
    "year": "2022Q4",
    "value": 181.0651
  },
  {
    "name": "ev",
    "year": "2023Q2",
    "value": 209.4587
  },
  {
    "name": "ev",
    "year": "2023Q4",
    "value": 184.48822
  },
  {
    "name": "book_value",
    "year": "2018Q4",
    "value": 33.009
  },
  {
    "name": "book_value",
    "year": "2019Q4",
    "value": 36.91
  },
  {
    "name": "book_value",
    "year": "2020Q2",
    "value": 0.0
  },
  {
    "name": "book_value",
    "year": "2020Q4",
    "value": 36.451
  },
  {
    "name": "book_value",
    "year": "2021Q2",
    "value": 46.12
  },
  {
    "name": "book_value",
    "year": "2021Q4",
    "value": 43.034
  },
  {
    "name": "book_value",
    "year": "2022Q2",
    "value": 0.0
  },
  {
    "name": "book_value",
    "year": "2022Q4",
    "value": 55.904
  },
  {
    "name": "book_value",
    "year": "2023Q2",
    "value": 41.668
  },
  {
    "name": "book_value",
    "year": "2023Q4",
    "value": 61.71
  },
  {
    "name": "eps",
    "year": "2018Q4",
    "value": 0.0
  },
  {
    "name": "eps",
    "year": "2019Q4",
    "value": 0.0
  },
  {
    "name": "eps",
    "year": "2020Q2",
    "value": -512.333965844
  },
  {
    "name": "eps",
    "year": "2020Q4",
    "value": 357.368753953
  },
  {
    "name": "eps",
    "year": "2021Q2",
    "value": 3055.028463
  },
  {
    "name": "eps",
    "year": "2021Q4",
    "value": -1002.53004428
  },
  {
    "name": "eps",
    "year": "2022Q2",
    "value": 9367.48893106
  },
  {
    "name": "eps",
    "year": "2022Q4",
    "value": -5294.11764706
  },
  {
    "name": "eps",
    "year": "2023Q2",
    "value": -4506.64136622
  },
  {
    "name": "eps",
    "year": "2023Q4",
    "value": 5828.58950032
  },
  {
    "name": "fcf_share",
    "year": "2018Q4",
    "value": 0.0
  },
  {
    "name": "fcf_share",
    "year": "2019Q4",
    "value": 0.0
  },
  {
    "name": "fcf_share",
    "year": "2020Q2",
    "value": -298.545224541
  },
  {
    "name": "fcf_share",
    "year": "2020Q4",
    "value": -1857.05249842
  },
  {
    "name": "fcf_share",
    "year": "2021Q2",
    "value": 194.180898166
  },
  {
    "name": "fcf_share",
    "year": "2021Q4",
    "value": 1070.84123972
  },
  {
    "name": "fcf_share",
    "year": "2022Q2",
    "value": -2213.7887413
  },
  {
    "name": "fcf_share",
    "year": "2022Q4",
    "value": 2245.41429475
  },
  {
    "name": "fcf_share",
    "year": "2023Q2",
    "value": 1480.07590133
  },
  {
    "name": "fcf_share",
    "year": "2023Q4",
    "value": 6609.74067046
  },
  {
    "name": "bv_share",
    "year": "2018Q4",
    "value": 10439.2789374
  },
  {
    "name": "bv_share",
    "year": "2019Q4",
    "value": 11672.9917774
  },
  {
    "name": "bv_share",
    "year": "2020Q2",
    "value": 0.0
  },
  {
    "name": "bv_share",
    "year": "2020Q4",
    "value": 11527.830487
  },
  {
    "name": "bv_share",
    "year": "2021Q2",
    "value": 14585.7052498
  },
  {
    "name": "bv_share",
    "year": "2021Q4",
    "value": 13609.7406705
  },
  {
    "name": "bv_share",
    "year": "2022Q2",
    "value": 0.0
  },
  {
    "name": "bv_share",
    "year": "2022Q4",
    "value": 17679.9493991
  },
  {
    "name": "bv_share",
    "year": "2023Q2",
    "value": 13177.7356104
  },
  {
    "name": "bv_share",
    "year": "2023Q4",
    "value": 19516.1290323
  },
  {
    "name": "ebitda_margin",
    "year": "2020Q2",
    "value": 9.57746478873
  },
  {
    "name": "ebitda_margin",
    "year": "2020Q4",
    "value": 7.640845070420001
  },
  {
    "name": "ebitda_margin",
    "year": "2021Q2",
    "value": 12.9529411765
  },
  {
    "name": "ebitda_margin",
    "year": "2021Q4",
    "value": 3.5502958579899997
  },
  {
    "name": "ebitda_margin",
    "year": "2022Q2",
    "value": 4.76673427992
  },
  {
    "name": "ebitda_margin",
    "year": "2022Q4",
    "value": 10.6916426513
  },
  {
    "name": "ebitda_margin",
    "year": "2023Q2",
    "value": 13.7404580153
  },
  {
    "name": "ebitda_margin",
    "year": "2023Q4",
    "value": 10.615199035
  },
  {
    "name": "net_margin",
    "year": "2020Q2",
    "value": -2.85211267606
  },
  {
    "name": "net_margin",
    "year": "2020Q4",
    "value": 1.98943661972
  },
  {
    "name": "net_margin",
    "year": "2021Q2",
    "value": 11.364705882400001
  },
  {
    "name": "net_margin",
    "year": "2021Q4",
    "value": -3.47359193513
  },
  {
    "name": "net_margin",
    "year": "2022Q2",
    "value": 30.0405679513
  },
  {
    "name": "net_margin",
    "year": "2022Q4",
    "value": -24.121037464
  },
  {
    "name": "net_margin",
    "year": "2023Q2",
    "value": -18.129770992399997
  },
  {
    "name": "net_margin",
    "year": "2023Q4",
    "value": 22.2316043426
  },
  {
    "name": "fcf_yield",
    "year": "2018Q4",
    "value": 0.0
  },
  {
    "name": "fcf_yield",
    "year": "2019Q4",
    "value": 0.0
  },
  {
    "name": "fcf_yield",
    "year": "2020Q2",
    "value": -12.1113681356
  },
  {
    "name": "fcf_yield",
    "year": "2020Q4",
    "value": -77.4002773056
  },
  {
    "name": "fcf_yield",
    "year": "2021Q2",
    "value": -43.5306701637
  },
  {
    "name": "fcf_yield",
    "year": "2021Q4",
    "value": 26.8013164807
  },
  {
    "name": "fcf_yield",
    "year": "2022Q2",
    "value": -35.1135945186
  },
  {
    "name": "fcf_yield",
    "year": "2022Q4",
    "value": 0.890860660484
  },
  {
    "name": "fcf_yield",
    "year": "2023Q2",
    "value": 58.6691369461
  },
  {
    "name": "fcf_yield",
    "year": "2023Q4",
    "value": 86.8938407281
  },
  {
    "name": "roe",
    "year": "2018Q4",
    "value": 0.0
  },
  {
    "name": "roe",
    "year": "2019Q4",
    "value": 0.0
  },
  {
    "name": "roe",
    "year": "2020Q2",
    "value": null
  },
  {
    "name": "roe",
    "year": "2020Q4",
    "value": -1.34283365306
  },
  {
    "name": "roe",
    "year": "2021Q2",
    "value": 23.365093113900002
  },
  {
    "name": "roe",
    "year": "2021Q4",
    "value": 15.063247069700001
  },
  {
    "name": "roe",
    "year": "2022Q2",
    "value": null
  },
  {
    "name": "roe",
    "year": "2022Q4",
    "value": 23.0246692885
  },
  {
    "name": "roe",
    "year": "2023Q2",
    "value": -74.3165467626
  },
  {
    "name": "roe",
    "year": "2023Q4",
    "value": 6.7703271784900005
  },
  {
    "name": "roa",
    "year": "2018Q4",
    "value": 0.0
  },
  {
    "name": "roa",
    "year": "2019Q4",
    "value": 0.0
  },
  {
    "name": "roa",
    "year": "2020Q2",
    "value": null
  },
  {
    "name": "roa",
    "year": "2020Q4",
    "value": -0.172341024198
  },
  {
    "name": "roa",
    "year": "2021Q2",
    "value": 3.75304347826
  },
  {
    "name": "roa",
    "year": "2021Q4",
    "value": 2.56663766511
  },
  {
    "name": "roa",
    "year": "2022Q2",
    "value": null
  },
  {
    "name": "roa",
    "year": "2022Q4",
    "value": 5.14171656687
  },
  {
    "name": "roa",
    "year": "2023Q2",
    "value": -12.2152148207
  },
  {
    "name": "roa",
    "year": "2023Q4",
    "value": 1.70264765784
  },
  {
    "name": "p_e",
    "year": "2020Q2",
    "value": -4.81131481481
  },
  {
    "name": "p_e",
    "year": "2020Q4",
    "value": -17.9717755102
  },
  {
    "name": "p_e",
    "year": "2021Q2",
    "value": 1.1194476367
  },
  {
    "name": "p_e",
    "year": "2021Q4",
    "value": 2.29963636364
  },
  {
    "name": "p_e",
    "year": "2022Q2",
    "value": 0.389123251418
  },
  {
    "name": "p_e",
    "year": "2022Q4",
    "value": 0.871513975155
  },
  {
    "name": "p_e",
    "year": "2023Q2",
    "value": -0.647909002904
  },
  {
    "name": "p_e",
    "year": "2023Q4",
    "value": 7.04263636364
  },
  {
    "name": "p_fcf",
    "year": "2020Q2",
    "value": -8.256705508474576
  },
  {
    "name": "p_fcf",
    "year": "2020Q4",
    "value": -1.4996883514986377
  },
  {
    "name": "p_fcf",
    "year": "2021Q2",
    "value": 19.672377850162867
  },
  {
    "name": "p_fcf",
    "year": "2021Q4",
    "value": 4.407749556999409
  },
  {
    "name": "p_fcf",
    "year": "2022Q2",
    "value": -1.47033
  },
  {
    "name": "p_fcf",
    "year": "2022Q4",
    "value": 112.251
  },
  {
    "name": "p_fcf",
    "year": "2023Q2",
    "value": 1.70447368421
  },
  {
    "name": "p_fcf",
    "year": "2023Q4",
    "value": 1.15082955434
  },
  {
    "name": "p_s",
    "year": "2020Q2",
    "value": 0.137224119718
  },
  {
    "name": "p_s",
    "year": "2020Q4",
    "value": 0.0775191021127
  },
  {
    "name": "p_s",
    "year": "2021Q2",
    "value": 0.0851822284908
  },
  {
    "name": "p_s",
    "year": "2021Q4",
    "value": 0.0846740043118
  },
  {
    "name": "p_s",
    "year": "2022Q2",
    "value": 0.0542099968398
  },
  {
    "name": "p_s",
    "year": "2022Q4",
    "value": 0.0668160714286
  },
  {
    "name": "p_s",
    "year": "2023Q2",
    "value": 0.135666891892
  },
  {
    "name": "p_s",
    "year": "2023Q4",
    "value": 0.18228
  },
  {
    "name": "p_bv",
    "year": "2018Q4",
    "value": 0.235169499227
  },
  {
    "name": "p_bv",
    "year": "2019Q4",
    "value": 0.216739636955
  },
  {
    "name": "p_bv",
    "year": "2020Q2",
    "value": null
  },
  {
    "name": "p_bv",
    "year": "2020Q4",
    "value": 0.241589256811
  },
  {
    "name": "p_bv",
    "year": "2021Q2",
    "value": 0.261900260191
  },
  {
    "name": "p_bv",
    "year": "2021Q4",
    "value": 0.346810428963
  },
  {
    "name": "p_bv",
    "year": "2022Q2",
    "value": null
  },
  {
    "name": "p_bv",
    "year": "2022Q4",
    "value": 0.20079242988
  },
  {
    "name": "p_bv",
    "year": "2023Q2",
    "value": 0.481873380052
  },
  {
    "name": "p_bv",
    "year": "2023Q4",
    "value": 0.477041322314
  },
  {
    "name": "ev_ebitda",
    "year": "2020Q2",
    "value": 1.43278125
  },
  {
    "name": "ev_ebitda",
    "year": "2020Q4",
    "value": 23.0556411043
  },
  {
    "name": "ev_ebitda",
    "year": "2021Q2",
    "value": 14.4150384365
  },
  {
    "name": "ev_ebitda",
    "year": "2021Q4",
    "value": 13.7343607018
  },
  {
    "name": "ev_ebitda",
    "year": "2022Q2",
    "value": 1.29626070529
  },
  {
    "name": "ev_ebitda",
    "year": "2022Q4",
    "value": 14.9393646865
  },
  {
    "name": "ev_ebitda",
    "year": "2023Q2",
    "value": 11.4960867179
  },
  {
    "name": "ev_ebitda",
    "year": "2023Q4",
    "value": 9.41266428571
  },
  {
    "name": "debt_ebitda",
    "year": "2020Q2",
    "value": 0.0
  },
  {
    "name": "debt_ebitda",
    "year": "2020Q4",
    "value": 22.1552147239
  },
  {
    "name": "debt_ebitda",
    "year": "2021Q2",
    "value": 13.6281433225
  },
  {
    "name": "debt_ebitda",
    "year": "2021Q4",
    "value": 12.6870175439
  },
  {
    "name": "debt_ebitda",
    "year": "2022Q2",
    "value": 0.0
  },
  {
    "name": "debt_ebitda",
    "year": "2022Q4",
    "value": 14.0132013201
  },
  {
    "name": "debt_ebitda",
    "year": "2023Q2",
    "value": 10.3940724479
  },
  {
    "name": "debt_ebitda",
    "year": "2023Q4",
    "value": 7.91071428571
  },
  {
    "name": "r_and_d_capex",
    "year": "2020Q4",
    "value": 0.0
  },
  {
    "name": "r_and_d_capex",
    "year": "2021Q2",
    "value": 0.0
  },
  {
    "name": "r_and_d_capex",
    "year": "2021Q4",
    "value": 0.0
  },
  {
    "name": "r_and_d_capex",
    "year": "2022Q2",
    "value": 0.0
  },
  {
    "name": "r_and_d_capex",
    "year": "2022Q4",
    "value": 0.0
  },
  {
    "name": "r_and_d_capex",
    "year": "2023Q2",
    "value": 0.0
  },
  {
    "name": "r_and_d_capex",
    "year": "2023Q4",
    "value": 0.0
  },
  {
    "name": "capex_revenue",
    "year": "2020Q2",
    "value": 0.0
  },
  {
    "name": "capex_revenue",
    "year": "2020Q4",
    "value": 0.528169014085
  },
  {
    "name": "capex_revenue",
    "year": "2021Q2",
    "value": 0.752941176471
  },
  {
    "name": "capex_revenue",
    "year": "2021Q4",
    "value": 0.655270655271
  },
  {
    "name": "capex_revenue",
    "year": "2022Q2",
    "value": 0.78093306288
  },
  {
    "name": "capex_revenue",
    "year": "2022Q4",
    "value": 1.4841498559100001
  },
  {
    "name": "capex_revenue",
    "year": "2023Q2",
    "value": 3.3842239185799996
  },
  {
    "name": "capex_revenue",
    "year": "2023Q4",
    "value": 5.102533172499999
  }
]