[{"name":"date","year":"2023Q1","value":"02.05.2023"},{"name":"date","year":"2023Q2","value":"28.07.2023"},{"name":"date","year":"2023Q3","value":"30.10.2023"},{"name":"date","year":"2023Q4","value":"20.03.2024"},{"name":"date","year":"2024Q1","value":"24.04.2024"},{"name":"date","year":"LTM\n?","value":"24.04.2024"},{"name":"currency","year":"2023Q1","value":"RUB"},{"name":"currency","year":"2023Q2","value":"RUB"},{"name":"currency","year":"2023Q3","value":"RUB"},{"name":"currency","year":"2023Q4","value":"RUB"},{"name":"currency","year":"2024Q1","value":"RUB"},{"name":"currency","year":"LTM\n?","value":"RUB"},{"name":"report_url","year":"2023Q1","value":"https://www.e-disclosure.ru/portal/FileLoad.ashx?Fileid=1791160"},{"name":"report_url","year":"2023Q2","value":"https://www.e-disclosure.ru/portal/FileLoad.ashx?Fileid=1805876"},{"name":"report_url","year":"2023Q3","value":"https://www.e-disclosure.ru/portal/FileLoad.ashx?Fileid=1814042"},{"name":"report_url","year":"2023Q4","value":"https://www.e-disclosure.ru/portal/FileLoad.ashx?Fileid=1825775"},{"name":"report_url","year":"2024Q1","value":"https://www.e-disclosure.ru/portal/FileLoad.ashx?Fileid=1833322"},{"name":"report_url","year":"LTM\n?","value":"https://www.e-disclosure.ru/portal/FileLoad.ashx?Fileid=1833322"},{"name":"revenue","year":"2023Q1","value":"1.28"},{"name":"revenue","year":"2023Q2","value":"1.35"},{"name":"revenue","year":"2023Q3","value":"1.63"},{"name":"revenue","year":"2023Q4","value":"1.77"},{"name":"revenue","year":"2024Q1","value":"1.46"},{"name":"revenue","year":"LTM\n?","value":"6.21"},{"name":"operating_income","year":"2023Q1","value":"0.138"},{"name":"operating_income","year":"2023Q2","value":"0.210"},{"name":"operating_income","year":"2023Q3","value":"-0.480"},{"name":"operating_income","year":"2023Q4","value":"-0.318"},{"name":"operating_income","year":"2024Q1","value":"0.191"},{"name":"operating_income","year":"LTM\n?","value":"-0.397"},{"name":"net_income","year":"2023Q1","value":"0.149"},{"name":"net_income","year":"2023Q2","value":"1.44"},{"name":"net_income","year":"2023Q3","value":"-0.310"},{"name":"net_income","year":"2023Q4","value":"0.371"},{"name":"net_income","year":"2024Q1","value":"0.177"},{"name":"net_income","year":"LTM\n?","value":"1.68"},{"name":"dividend_payout","year":"2023Q1","value":""},{"name":"dividend_payout","year":"2023Q2","value":""},{"name":"dividend_payout","year":"2023Q3","value":""},{"name":"dividend_payout","year":"2023Q4","value":"0.024"},{"name":"dividend_payout","year":"2024Q1","value":""},{"name":"dividend_payout","year":"LTM\n?","value":"0.024"},{"name":"div_yield","year":"2023Q1","value":""},{"name":"div_yield","year":"2023Q2","value":""},{"name":"div_yield","year":"2023Q3","value":""},{"name":"div_yield","year":"2023Q4","value":"0.0%"},{"name":"div_yield","year":"2024Q1","value":""},{"name":"div_yield","year":"LTM\n?","value":""},{"name":"dividend_pr","year":"2023Q1","value":""},{"name":"dividend_pr","year":"2023Q2","value":""},{"name":"dividend_pr","year":"2023Q3","value":""},{"name":"dividend_pr","year":"2023Q4","value":"0.67"},{"name":"dividend_pr","year":"2024Q1","value":""},{"name":"dividend_pr","year":"LTM\n?","value":"0.67"},{"name":"div_yield_priv","year":"2023Q1","value":"0.0%"},{"name":"div_yield_priv","year":"2023Q2","value":"0.0%"},{"name":"div_yield_priv","year":"2023Q3","value":"0.0%"},{"name":"div_yield_priv","year":"2023Q4","value":"4.5%"},{"name":"div_yield_priv","year":"2024Q1","value":"0.0%"},{"name":"div_yield_priv","year":"LTM\n?","value":"7.3%"},{"name":"div_payout_ratio","year":"2023Q1","value":"0%"},{"name":"div_payout_ratio","year":"2023Q2","value":"0%"},{"name":"div_payout_ratio","year":"2023Q3","value":"0%"},{"name":"div_payout_ratio","year":"2023Q4","value":"6%"},{"name":"div_payout_ratio","year":"2024Q1","value":"0%"},{"name":"div_payout_ratio","year":"LTM\n?","value":"1%"},{"name":"cost_of_production","year":"2023Q1","value":"1.14"},{"name":"cost_of_production","year":"2023Q2","value":"1.14"},{"name":"cost_of_production","year":"2023Q3","value":"2.11"},{"name":"cost_of_production","year":"2023Q4","value":"1.68"},{"name":"cost_of_production","year":"2024Q1","value":"1.27"},{"name":"cost_of_production","year":"LTM\n?","value":"6.20"},{"name":"assets","year":"2023Q1","value":"27.2"},{"name":"assets","year":"2023Q2","value":"27.6"},{"name":"assets","year":"2023Q3","value":"27.2"},{"name":"assets","year":"2023Q4","value":"27.6"},{"name":"assets","year":"2024Q1","value":"27.7"},{"name":"assets","year":"LTM\n?","value":"27.7"},{"name":"net_assets","year":"2023Q1","value":"17.6"},{"name":"net_assets","year":"2023Q2","value":"19.0"},{"name":"net_assets","year":"2023Q3","value":"18.7"},{"name":"net_assets","year":"2023Q4","value":"19.0"},{"name":"net_assets","year":"2024Q1","value":"19.2"},{"name":"net_assets","year":"LTM\n?","value":"19.2"},{"name":"debt","year":"2023Q1","value":"7.16"},{"name":"debt","year":"2023Q2","value":"6.16"},{"name":"debt","year":"2023Q3","value":"6.16"},{"name":"debt","year":"2023Q4","value":"6.16"},{"name":"debt","year":"2024Q1","value":"5.89"},{"name":"debt","year":"LTM\n?","value":"5.89"},{"name":"cash","year":"2023Q1","value":"1.22"},{"name":"cash","year":"2023Q2","value":"0.310"},{"name":"cash","year":"2023Q3","value":"0.540"},{"name":"cash","year":"2023Q4","value":"0.500"},{"name":"cash","year":"2024Q1","value":"0.510"},{"name":"cash","year":"LTM\n?","value":"0.510"},{"name":"net_debt","year":"2023Q1","value":"5.94"},{"name":"net_debt","year":"2023Q2","value":"5.85"},{"name":"net_debt","year":"2023Q3","value":"5.62"},{"name":"net_debt","year":"2023Q4","value":"5.66"},{"name":"net_debt","year":"2024Q1","value":"5.38"},{"name":"net_debt","year":"LTM\n?","value":"5.38"},{"name":"common_share","year":"2023Q1","value":""},{"name":"common_share","year":"2023Q2","value":""},{"name":"common_share","year":"2023Q3","value":""},{"name":"common_share","year":"2023Q4","value":"15.0"},{"name":"common_share","year":"2024Q1","value":""},{"name":"common_share","year":"LTM\n?","value":""},{"name":"number_of_shares","year":"2023Q1","value":"949.0"},{"name":"number_of_shares","year":"2023Q2","value":"949.0"},{"name":"number_of_shares","year":"2023Q3","value":"949.0"},{"name":"number_of_shares","year":"2023Q4","value":"949.0"},{"name":"number_of_shares","year":"2024Q1","value":"949.0"},{"name":"number_of_shares","year":"LTM\n?","value":"949.0"},{"name":"priv_share","year":"2023Q1","value":"9.24"},{"name":"priv_share","year":"2023Q2","value":"11.0"},{"name":"priv_share","year":"2023Q3","value":"14.9"},{"name":"priv_share","year":"2023Q4","value":"15.0"},{"name":"priv_share","year":"2024Q1","value":"15.2"},{"name":"priv_share","year":"LTM\n?","value":"9.18"},{"name":"number_of_priv_shares","year":"2023Q1","value":"36.2"},{"name":"number_of_priv_shares","year":"2023Q2","value":"36.2"},{"name":"number_of_priv_shares","year":"2023Q3","value":"36.2"},{"name":"number_of_priv_shares","year":"2023Q4","value":"36.2"},{"name":"number_of_priv_shares","year":"2024Q1","value":"36.2"},{"name":"number_of_priv_shares","year":"LTM\n?","value":"36.2"},{"name":"market_cap","year":"2023Q1","value":"0.33"},{"name":"market_cap","year":"2023Q2","value":"0.40"},{"name":"market_cap","year":"2023Q3","value":"0.54"},{"name":"market_cap","year":"2023Q4","value":"14.8"},{"name":"market_cap","year":"2024Q1","value":"0.55"},{"name":"market_cap","year":"LTM\n?","value":"0.33"},{"name":"ev","year":"2023Q1","value":"6.27"},{"name":"ev","year":"2023Q2","value":"6.25"},{"name":"ev","year":"2023Q3","value":"6.16"},{"name":"ev","year":"2023Q4","value":"20.4"},{"name":"ev","year":"2024Q1","value":"5.93"},{"name":"ev","year":"LTM\n?","value":"5.71"},{"name":"book_value","year":"2023Q1","value":"17.6"},{"name":"book_value","year":"2023Q2","value":"19.0"},{"name":"book_value","year":"2023Q3","value":"18.7"},{"name":"book_value","year":"2023Q4","value":"19.0"},{"name":"book_value","year":"2024Q1","value":"19.2"},{"name":"book_value","year":"LTM\n?","value":"19.2"},{"name":"eps","year":"2023Q1","value":"0.16"},{"name":"eps","year":"2023Q2","value":"1.52"},{"name":"eps","year":"2023Q3","value":"-0.33"},{"name":"eps","year":"2023Q4","value":"0.39"},{"name":"eps","year":"2024Q1","value":"0.19"},{"name":"eps","year":"LTM\n?","value":"1.77"},{"name":"fcf_share","year":"2023Q1","value":"0.00"},{"name":"fcf_share","year":"2023Q2","value":"0.00"},{"name":"fcf_share","year":"2023Q3","value":"0.00"},{"name":"fcf_share","year":"2023Q4","value":"0.00"},{"name":"fcf_share","year":"2024Q1","value":"0.00"},{"name":"fcf_share","year":"LTM\n?","value":"0"},{"name":"bv_share","year":"2023Q1","value":"18.6"},{"name":"bv_share","year":"2023Q2","value":"20.0"},{"name":"bv_share","year":"2023Q3","value":"19.7"},{"name":"bv_share","year":"2023Q4","value":"20.0"},{"name":"bv_share","year":"2024Q1","value":"20.3"},{"name":"bv_share","year":"LTM\n?","value":"20.3"},{"name":"ebitda_margin","year":"2023Q1","value":"0.0%"},{"name":"ebitda_margin","year":"2023Q2","value":"0.0%"},{"name":"ebitda_margin","year":"2023Q3","value":"0.0%"},{"name":"ebitda_margin","year":"2023Q4","value":"0.0%"},{"name":"ebitda_margin","year":"2024Q1","value":"0.0%"},{"name":"ebitda_margin","year":"LTM\n?","value":"0"},{"name":"net_margin","year":"2023Q1","value":"11.6%"},{"name":"net_margin","year":"2023Q2","value":"106.7%"},{"name":"net_margin","year":"2023Q3","value":"-19.0%"},{"name":"net_margin","year":"2023Q4","value":"21.0%"},{"name":"net_margin","year":"2024Q1","value":"12.1%"},{"name":"net_margin","year":"LTM\n?","value":"27.0%"},{"name":"fcf_yield","year":"2023Q1","value":"0.0%"},{"name":"fcf_yield","year":"2023Q2","value":"0.0%"},{"name":"fcf_yield","year":"2023Q3","value":"0.0%"},{"name":"fcf_yield","year":"2023Q4","value":"0.0%"},{"name":"fcf_yield","year":"2024Q1","value":"0.0%"},{"name":"fcf_yield","year":"LTM\n?","value":""},{"name":"roe","year":"2023Q1","value":"8.9%"},{"name":"roe","year":"2023Q2","value":"9.6%"},{"name":"roe","year":"2023Q3","value":"6.9%"},{"name":"roe","year":"2023Q4","value":"8.7%"},{"name":"roe","year":"2024Q1","value":"8.7%"},{"name":"roe","year":"LTM\n?","value":"8.7%"},{"name":"roa","year":"2023Q1","value":"5.8%"},{"name":"roa","year":"2023Q2","value":"6.6%"},{"name":"roa","year":"2023Q3","value":"4.8%"},{"name":"roa","year":"2023Q4","value":"6.0%"},{"name":"roa","year":"2024Q1","value":"6.1%"},{"name":"roa","year":"LTM\n?","value":"6.1%"},{"name":"p_e","year":"2023Q1","value":"0.21"},{"name":"p_e","year":"2023Q2","value":"0.22"},{"name":"p_e","year":"2023Q3","value":"0.42"},{"name":"p_e","year":"2023Q4","value":"8.96"},{"name":"p_e","year":"2024Q1","value":"0.33"},{"name":"p_e","year":"LTM\n?","value":"0.20"},{"name":"p_s","year":"2023Q1","value":"0.06"},{"name":"p_s","year":"2023Q2","value":"0.07"},{"name":"p_s","year":"2023Q3","value":"0.09"},{"name":"p_s","year":"2023Q4","value":"2.45"},{"name":"p_s","year":"2024Q1","value":"0.09"},{"name":"p_s","year":"LTM\n?","value":"0.05"},{"name":"p_bv","year":"2023Q1","value":"0.02"},{"name":"p_bv","year":"2023Q2","value":"0.02"},{"name":"p_bv","year":"2023Q3","value":"0.03"},{"name":"p_bv","year":"2023Q4","value":"0.78"},{"name":"p_bv","year":"2024Q1","value":"0.03"},{"name":"p_bv","year":"LTM\n?","value":"0.02"},{"name":"capex_revenue","year":"2023Q1","value":"0%"},{"name":"capex_revenue","year":"2023Q2","value":"0%"},{"name":"capex_revenue","year":"2023Q3","value":"0%"},{"name":"capex_revenue","year":"2023Q4","value":"0%"},{"name":"capex_revenue","year":"2024Q1","value":"0%"},{"name":"capex_revenue","year":"LTM\n?","value":"0"}]