[
  {
    "name": "revenue",
    "year": "2019Q1",
    "value": 1.55
  },
  {
    "name": "revenue",
    "year": "2019Q2",
    "value": 1.51
  },
  {
    "name": "revenue",
    "year": "2019Q3",
    "value": 1.52
  },
  {
    "name": "revenue",
    "year": "2019Q4",
    "value": 1.756
  },
  {
    "name": "revenue",
    "year": "2020Q1",
    "value": 1.31
  },
  {
    "name": "revenue",
    "year": "2020Q2",
    "value": 1.5
  },
  {
    "name": "revenue",
    "year": "2020Q3",
    "value": 1.81
  },
  {
    "name": "revenue",
    "year": "2020Q4",
    "value": 1.54
  },
  {
    "name": "revenue",
    "year": "2021Q1",
    "value": 1.35
  },
  {
    "name": "revenue",
    "year": "2021Q2",
    "value": 1.353
  },
  {
    "name": "revenue",
    "year": "2021Q3",
    "value": 2.09
  },
  {
    "name": "revenue",
    "year": "2021Q4",
    "value": 1.46
  },
  {
    "name": "revenue",
    "year": "2022Q1",
    "value": 1.33
  },
  {
    "name": "revenue",
    "year": "2022Q2",
    "value": 1.37
  },
  {
    "name": "revenue",
    "year": "2022Q3",
    "value": 1.21
  },
  {
    "name": "revenue",
    "year": "2022Q4",
    "value": 1.65
  },
  {
    "name": "revenue",
    "year": "2023Q1",
    "value": 1.28
  },
  {
    "name": "revenue",
    "year": "2023Q2",
    "value": 1.35
  },
  {
    "name": "revenue",
    "year": "2023Q3",
    "value": 1.63
  },
  {
    "name": "revenue",
    "year": "2023Q4",
    "value": 1.77
  },
  {
    "name": "revenue",
    "year": "2024Q1",
    "value": 1.46
  },
  {
    "name": "operating_income",
    "year": "2020Q3",
    "value": 0.811
  },
  {
    "name": "operating_income",
    "year": "2020Q4",
    "value": 0.193
  },
  {
    "name": "operating_income",
    "year": "2021Q1",
    "value": 0.17
  },
  {
    "name": "operating_income",
    "year": "2021Q2",
    "value": 0.093
  },
  {
    "name": "operating_income",
    "year": "2021Q3",
    "value": 0.716
  },
  {
    "name": "operating_income",
    "year": "2021Q4",
    "value": 0.078
  },
  {
    "name": "operating_income",
    "year": "2022Q1",
    "value": 0.055
  },
  {
    "name": "operating_income",
    "year": "2022Q2",
    "value": 0.117
  },
  {
    "name": "operating_income",
    "year": "2022Q3",
    "value": 0.054
  },
  {
    "name": "operating_income",
    "year": "2022Q4",
    "value": 0.104
  },
  {
    "name": "operating_income",
    "year": "2023Q1",
    "value": 0.138
  },
  {
    "name": "operating_income",
    "year": "2023Q2",
    "value": 0.21
  },
  {
    "name": "operating_income",
    "year": "2023Q3",
    "value": -0.48
  },
  {
    "name": "operating_income",
    "year": "2023Q4",
    "value": -0.318
  },
  {
    "name": "operating_income",
    "year": "2024Q1",
    "value": 0.191
  },
  {
    "name": "net_income",
    "year": "2019Q1",
    "value": 0.16
  },
  {
    "name": "net_income",
    "year": "2019Q2",
    "value": 0.91
  },
  {
    "name": "net_income",
    "year": "2019Q3",
    "value": 0.42
  },
  {
    "name": "net_income",
    "year": "2019Q4",
    "value": 0.437
  },
  {
    "name": "net_income",
    "year": "2020Q1",
    "value": 0.079
  },
  {
    "name": "net_income",
    "year": "2020Q2",
    "value": 0.28
  },
  {
    "name": "net_income",
    "year": "2020Q3",
    "value": 0.99
  },
  {
    "name": "net_income",
    "year": "2020Q4",
    "value": -0.699
  },
  {
    "name": "net_income",
    "year": "2021Q1",
    "value": -0.069
  },
  {
    "name": "net_income",
    "year": "2021Q2",
    "value": -0.285
  },
  {
    "name": "net_income",
    "year": "2021Q3",
    "value": 2.63
  },
  {
    "name": "net_income",
    "year": "2021Q4",
    "value": 0.485
  },
  {
    "name": "net_income",
    "year": "2022Q1",
    "value": -0.147
  },
  {
    "name": "net_income",
    "year": "2022Q2",
    "value": 1.19
  },
  {
    "name": "net_income",
    "year": "2022Q3",
    "value": 0.21
  },
  {
    "name": "net_income",
    "year": "2022Q4",
    "value": 0.017
  },
  {
    "name": "net_income",
    "year": "2023Q1",
    "value": 0.149
  },
  {
    "name": "net_income",
    "year": "2023Q2",
    "value": 1.44
  },
  {
    "name": "net_income",
    "year": "2023Q3",
    "value": -0.31
  },
  {
    "name": "net_income",
    "year": "2023Q4",
    "value": 0.371
  },
  {
    "name": "net_income",
    "year": "2024Q1",
    "value": 0.177
  },
  {
    "name": "cost_of_production",
    "year": "2019Q1",
    "value": 1.2
  },
  {
    "name": "cost_of_production",
    "year": "2019Q2",
    "value": 1.19
  },
  {
    "name": "cost_of_production",
    "year": "2019Q3",
    "value": 1.21
  },
  {
    "name": "cost_of_production",
    "year": "2019Q4",
    "value": 1.266
  },
  {
    "name": "cost_of_production",
    "year": "2020Q1",
    "value": 1.22
  },
  {
    "name": "cost_of_production",
    "year": "2020Q2",
    "value": 1.33
  },
  {
    "name": "cost_of_production",
    "year": "2020Q3",
    "value": 1.26
  },
  {
    "name": "cost_of_production",
    "year": "2020Q4",
    "value": 1.34
  },
  {
    "name": "cost_of_production",
    "year": "2021Q1",
    "value": 1.18
  },
  {
    "name": "cost_of_production",
    "year": "2021Q2",
    "value": 1.26
  },
  {
    "name": "cost_of_production",
    "year": "2021Q3",
    "value": 1.38
  },
  {
    "name": "cost_of_production",
    "year": "2021Q4",
    "value": 1.38
  },
  {
    "name": "cost_of_production",
    "year": "2022Q1",
    "value": 1.27
  },
  {
    "name": "cost_of_production",
    "year": "2022Q2",
    "value": 1.26
  },
  {
    "name": "cost_of_production",
    "year": "2022Q3",
    "value": 1.15
  },
  {
    "name": "cost_of_production",
    "year": "2022Q4",
    "value": 1.55
  },
  {
    "name": "cost_of_production",
    "year": "2023Q1",
    "value": 1.14
  },
  {
    "name": "cost_of_production",
    "year": "2023Q2",
    "value": 1.14
  },
  {
    "name": "cost_of_production",
    "year": "2023Q3",
    "value": 2.11
  },
  {
    "name": "cost_of_production",
    "year": "2023Q4",
    "value": 1.68
  },
  {
    "name": "cost_of_production",
    "year": "2024Q1",
    "value": 1.27
  },
  {
    "name": "assets",
    "year": "2017Q4",
    "value": 19.66
  },
  {
    "name": "assets",
    "year": "2018Q4",
    "value": 20.63
  },
  {
    "name": "assets",
    "year": "2019Q1",
    "value": null
  },
  {
    "name": "assets",
    "year": "2019Q2",
    "value": null
  },
  {
    "name": "assets",
    "year": "2019Q3",
    "value": null
  },
  {
    "name": "assets",
    "year": "2019Q4",
    "value": 25.66
  },
  {
    "name": "assets",
    "year": "2020Q1",
    "value": null
  },
  {
    "name": "assets",
    "year": "2020Q2",
    "value": null
  },
  {
    "name": "assets",
    "year": "2020Q3",
    "value": null
  },
  {
    "name": "assets",
    "year": "2020Q4",
    "value": 29.16
  },
  {
    "name": "assets",
    "year": "2021Q1",
    "value": null
  },
  {
    "name": "assets",
    "year": "2021Q2",
    "value": null
  },
  {
    "name": "assets",
    "year": "2021Q3",
    "value": 31.12
  },
  {
    "name": "assets",
    "year": "2021Q4",
    "value": 30.88
  },
  {
    "name": "assets",
    "year": "2022Q1",
    "value": 28.6
  },
  {
    "name": "assets",
    "year": "2022Q2",
    "value": 29.82
  },
  {
    "name": "assets",
    "year": "2022Q3",
    "value": 27.16
  },
  {
    "name": "assets",
    "year": "2022Q4",
    "value": 27.18
  },
  {
    "name": "assets",
    "year": "2023Q1",
    "value": 27.23
  },
  {
    "name": "assets",
    "year": "2023Q2",
    "value": 27.56
  },
  {
    "name": "assets",
    "year": "2023Q3",
    "value": 27.24
  },
  {
    "name": "assets",
    "year": "2023Q4",
    "value": 27.6
  },
  {
    "name": "assets",
    "year": "2024Q1",
    "value": 27.7
  },
  {
    "name": "net_assets",
    "year": "2017Q4",
    "value": 12.0
  },
  {
    "name": "net_assets",
    "year": "2018Q4",
    "value": 13.0
  },
  {
    "name": "net_assets",
    "year": "2019Q1",
    "value": null
  },
  {
    "name": "net_assets",
    "year": "2019Q2",
    "value": null
  },
  {
    "name": "net_assets",
    "year": "2019Q3",
    "value": null
  },
  {
    "name": "net_assets",
    "year": "2019Q4",
    "value": 17.22
  },
  {
    "name": "net_assets",
    "year": "2020Q1",
    "value": null
  },
  {
    "name": "net_assets",
    "year": "2020Q2",
    "value": null
  },
  {
    "name": "net_assets",
    "year": "2020Q3",
    "value": null
  },
  {
    "name": "net_assets",
    "year": "2020Q4",
    "value": 17.03
  },
  {
    "name": "net_assets",
    "year": "2021Q1",
    "value": null
  },
  {
    "name": "net_assets",
    "year": "2021Q2",
    "value": null
  },
  {
    "name": "net_assets",
    "year": "2021Q3",
    "value": 18.98
  },
  {
    "name": "net_assets",
    "year": "2021Q4",
    "value": 16.96
  },
  {
    "name": "net_assets",
    "year": "2022Q1",
    "value": 17.2
  },
  {
    "name": "net_assets",
    "year": "2022Q2",
    "value": 17.37
  },
  {
    "name": "net_assets",
    "year": "2022Q3",
    "value": 17.75
  },
  {
    "name": "net_assets",
    "year": "2022Q4",
    "value": 17.46
  },
  {
    "name": "net_assets",
    "year": "2023Q1",
    "value": 17.61
  },
  {
    "name": "net_assets",
    "year": "2023Q2",
    "value": 18.97
  },
  {
    "name": "net_assets",
    "year": "2023Q3",
    "value": 18.65
  },
  {
    "name": "net_assets",
    "year": "2023Q4",
    "value": 19.0
  },
  {
    "name": "net_assets",
    "year": "2024Q1",
    "value": 19.23
  },
  {
    "name": "debt",
    "year": "2017Q4",
    "value": 4.93
  },
  {
    "name": "debt",
    "year": "2018Q4",
    "value": 5.2
  },
  {
    "name": "debt",
    "year": "2019Q1",
    "value": null
  },
  {
    "name": "debt",
    "year": "2019Q2",
    "value": null
  },
  {
    "name": "debt",
    "year": "2019Q3",
    "value": null
  },
  {
    "name": "debt",
    "year": "2019Q4",
    "value": 5.42
  },
  {
    "name": "debt",
    "year": "2020Q1",
    "value": null
  },
  {
    "name": "debt",
    "year": "2020Q2",
    "value": null
  },
  {
    "name": "debt",
    "year": "2020Q3",
    "value": null
  },
  {
    "name": "debt",
    "year": "2020Q4",
    "value": 9.15
  },
  {
    "name": "debt",
    "year": "2021Q1",
    "value": null
  },
  {
    "name": "debt",
    "year": "2021Q2",
    "value": null
  },
  {
    "name": "debt",
    "year": "2021Q3",
    "value": 9.56
  },
  {
    "name": "debt",
    "year": "2021Q4",
    "value": 9.16
  },
  {
    "name": "debt",
    "year": "2022Q1",
    "value": 9.2
  },
  {
    "name": "debt",
    "year": "2022Q2",
    "value": 9.16
  },
  {
    "name": "debt",
    "year": "2022Q3",
    "value": 7.16
  },
  {
    "name": "debt",
    "year": "2022Q4",
    "value": 7.16
  },
  {
    "name": "debt",
    "year": "2023Q1",
    "value": 7.16
  },
  {
    "name": "debt",
    "year": "2023Q2",
    "value": 6.16
  },
  {
    "name": "debt",
    "year": "2023Q3",
    "value": 6.16
  },
  {
    "name": "debt",
    "year": "2023Q4",
    "value": 6.16
  },
  {
    "name": "debt",
    "year": "2024Q1",
    "value": 5.89
  },
  {
    "name": "cash",
    "year": "2017Q4",
    "value": 2.25
  },
  {
    "name": "cash",
    "year": "2018Q4",
    "value": 0.52
  },
  {
    "name": "cash",
    "year": "2019Q1",
    "value": null
  },
  {
    "name": "cash",
    "year": "2019Q2",
    "value": null
  },
  {
    "name": "cash",
    "year": "2019Q3",
    "value": null
  },
  {
    "name": "cash",
    "year": "2019Q4",
    "value": 0.77
  },
  {
    "name": "cash",
    "year": "2020Q1",
    "value": null
  },
  {
    "name": "cash",
    "year": "2020Q2",
    "value": null
  },
  {
    "name": "cash",
    "year": "2020Q3",
    "value": null
  },
  {
    "name": "cash",
    "year": "2020Q4",
    "value": 1.37
  },
  {
    "name": "cash",
    "year": "2021Q1",
    "value": null
  },
  {
    "name": "cash",
    "year": "2021Q2",
    "value": null
  },
  {
    "name": "cash",
    "year": "2021Q3",
    "value": 2.43
  },
  {
    "name": "cash",
    "year": "2021Q4",
    "value": 3.52
  },
  {
    "name": "cash",
    "year": "2022Q1",
    "value": 1.13
  },
  {
    "name": "cash",
    "year": "2022Q2",
    "value": 1.7
  },
  {
    "name": "cash",
    "year": "2022Q3",
    "value": 1.02
  },
  {
    "name": "cash",
    "year": "2022Q4",
    "value": 1.13
  },
  {
    "name": "cash",
    "year": "2023Q1",
    "value": 1.22
  },
  {
    "name": "cash",
    "year": "2023Q2",
    "value": 0.31
  },
  {
    "name": "cash",
    "year": "2023Q3",
    "value": 0.54
  },
  {
    "name": "cash",
    "year": "2023Q4",
    "value": 0.5
  },
  {
    "name": "cash",
    "year": "2024Q1",
    "value": 0.51
  },
  {
    "name": "net_debt",
    "year": "2013Q4",
    "value": 0.0
  },
  {
    "name": "net_debt",
    "year": "2014Q4",
    "value": 0.0
  },
  {
    "name": "net_debt",
    "year": "2015Q4",
    "value": 0.0
  },
  {
    "name": "net_debt",
    "year": "2016Q4",
    "value": 0.0
  },
  {
    "name": "net_debt",
    "year": "2017Q4",
    "value": 2.68
  },
  {
    "name": "net_debt",
    "year": "2018Q4",
    "value": 4.68
  },
  {
    "name": "net_debt",
    "year": "2019Q1",
    "value": 0.0
  },
  {
    "name": "net_debt",
    "year": "2019Q2",
    "value": 0.0
  },
  {
    "name": "net_debt",
    "year": "2019Q3",
    "value": 0.0
  },
  {
    "name": "net_debt",
    "year": "2019Q4",
    "value": 4.65
  },
  {
    "name": "net_debt",
    "year": "2020Q1",
    "value": 0.0
  },
  {
    "name": "net_debt",
    "year": "2020Q2",
    "value": 0.0
  },
  {
    "name": "net_debt",
    "year": "2020Q3",
    "value": 0.0
  },
  {
    "name": "net_debt",
    "year": "2020Q4",
    "value": 7.78
  },
  {
    "name": "net_debt",
    "year": "2021Q1",
    "value": 0.0
  },
  {
    "name": "net_debt",
    "year": "2021Q2",
    "value": 0.0
  },
  {
    "name": "net_debt",
    "year": "2021Q3",
    "value": 7.13
  },
  {
    "name": "net_debt",
    "year": "2021Q4",
    "value": 5.64
  },
  {
    "name": "net_debt",
    "year": "2022Q1",
    "value": 8.07
  },
  {
    "name": "net_debt",
    "year": "2022Q2",
    "value": 7.46
  },
  {
    "name": "net_debt",
    "year": "2022Q3",
    "value": 6.14
  },
  {
    "name": "net_debt",
    "year": "2022Q4",
    "value": 6.03
  },
  {
    "name": "net_debt",
    "year": "2023Q1",
    "value": 5.94
  },
  {
    "name": "net_debt",
    "year": "2023Q2",
    "value": 5.85
  },
  {
    "name": "net_debt",
    "year": "2023Q3",
    "value": 5.62
  },
  {
    "name": "net_debt",
    "year": "2023Q4",
    "value": 5.66
  },
  {
    "name": "net_debt",
    "year": "2024Q1",
    "value": 5.38
  },
  {
    "name": "common_share",
    "year": "2016Q4",
    "value": 4.22
  },
  {
    "name": "common_share",
    "year": "2017Q4",
    "value": 3.8
  },
  {
    "name": "common_share",
    "year": "2018Q4",
    "value": 4.01
  },
  {
    "name": "common_share",
    "year": "2019Q1",
    "value": null
  },
  {
    "name": "common_share",
    "year": "2019Q2",
    "value": null
  },
  {
    "name": "common_share",
    "year": "2019Q3",
    "value": null
  },
  {
    "name": "common_share",
    "year": "2019Q4",
    "value": 6.11
  },
  {
    "name": "common_share",
    "year": "2020Q1",
    "value": null
  },
  {
    "name": "common_share",
    "year": "2020Q2",
    "value": null
  },
  {
    "name": "common_share",
    "year": "2020Q3",
    "value": null
  },
  {
    "name": "common_share",
    "year": "2020Q4",
    "value": 9.46
  },
  {
    "name": "common_share",
    "year": "2021Q1",
    "value": null
  },
  {
    "name": "common_share",
    "year": "2021Q2",
    "value": 9.49
  },
  {
    "name": "common_share",
    "year": "2021Q3",
    "value": 8.49
  },
  {
    "name": "common_share",
    "year": "2021Q4",
    "value": 11.4
  },
  {
    "name": "common_share",
    "year": "2022Q1",
    "value": 7.2
  },
  {
    "name": "common_share",
    "year": "2022Q2",
    "value": 7.32
  },
  {
    "name": "common_share",
    "year": "2022Q3",
    "value": 6.95
  },
  {
    "name": "common_share",
    "year": "2022Q4",
    "value": 9.31
  },
  {
    "name": "common_share",
    "year": "2023Q1",
    "value": null
  },
  {
    "name": "common_share",
    "year": "2023Q2",
    "value": null
  },
  {
    "name": "common_share",
    "year": "2023Q3",
    "value": null
  },
  {
    "name": "common_share",
    "year": "2023Q4",
    "value": 15.0
  },
  {
    "name": "number_of_shares",
    "year": "2015Q4",
    "value": 949.02384
  },
  {
    "name": "number_of_shares",
    "year": "2016Q4",
    "value": 949.02384
  },
  {
    "name": "number_of_shares",
    "year": "2017Q4",
    "value": 949.02384
  },
  {
    "name": "number_of_shares",
    "year": "2018Q4",
    "value": 949.02384
  },
  {
    "name": "number_of_shares",
    "year": "2019Q1",
    "value": 949.02384
  },
  {
    "name": "number_of_shares",
    "year": "2019Q2",
    "value": 949.02384
  },
  {
    "name": "number_of_shares",
    "year": "2019Q3",
    "value": 949.02384
  },
  {
    "name": "number_of_shares",
    "year": "2019Q4",
    "value": 949.02384
  },
  {
    "name": "number_of_shares",
    "year": "2020Q1",
    "value": 949.02384
  },
  {
    "name": "number_of_shares",
    "year": "2020Q2",
    "value": 949.02384
  },
  {
    "name": "number_of_shares",
    "year": "2020Q3",
    "value": 949.02384
  },
  {
    "name": "number_of_shares",
    "year": "2020Q4",
    "value": 949.02384
  },
  {
    "name": "number_of_shares",
    "year": "2021Q1",
    "value": 949.02384
  },
  {
    "name": "number_of_shares",
    "year": "2021Q2",
    "value": 949.02384
  },
  {
    "name": "number_of_shares",
    "year": "2021Q3",
    "value": 949.02384
  },
  {
    "name": "number_of_shares",
    "year": "2021Q4",
    "value": 949.02384
  },
  {
    "name": "number_of_shares",
    "year": "2022Q1",
    "value": 949.02384
  },
  {
    "name": "number_of_shares",
    "year": "2022Q2",
    "value": 949.02384
  },
  {
    "name": "number_of_shares",
    "year": "2022Q3",
    "value": 949.02384
  },
  {
    "name": "number_of_shares",
    "year": "2022Q4",
    "value": 949.02384
  },
  {
    "name": "number_of_shares",
    "year": "2023Q1",
    "value": 949.02384
  },
  {
    "name": "number_of_shares",
    "year": "2023Q2",
    "value": 949.02384
  },
  {
    "name": "number_of_shares",
    "year": "2023Q3",
    "value": 949.02384
  },
  {
    "name": "number_of_shares",
    "year": "2023Q4",
    "value": 949.02384
  },
  {
    "name": "number_of_shares",
    "year": "2024Q1",
    "value": 949.02384
  },
  {
    "name": "priv_share",
    "year": "2015Q4",
    "value": 4.19
  },
  {
    "name": "priv_share",
    "year": "2016Q4",
    "value": 4.22
  },
  {
    "name": "priv_share",
    "year": "2017Q4",
    "value": 3.8
  },
  {
    "name": "priv_share",
    "year": "2018Q4",
    "value": 4.01
  },
  {
    "name": "priv_share",
    "year": "2019Q1",
    "value": 4.5
  },
  {
    "name": "priv_share",
    "year": "2019Q2",
    "value": 5.19
  },
  {
    "name": "priv_share",
    "year": "2019Q3",
    "value": 5.15
  },
  {
    "name": "priv_share",
    "year": "2019Q4",
    "value": 6.11
  },
  {
    "name": "priv_share",
    "year": "2020Q1",
    "value": 6.76
  },
  {
    "name": "priv_share",
    "year": "2020Q2",
    "value": 8.26
  },
  {
    "name": "priv_share",
    "year": "2020Q3",
    "value": 11.84
  },
  {
    "name": "priv_share",
    "year": "2020Q4",
    "value": 9.46
  },
  {
    "name": "priv_share",
    "year": "2021Q1",
    "value": 9.5
  },
  {
    "name": "priv_share",
    "year": "2021Q2",
    "value": 9.49
  },
  {
    "name": "priv_share",
    "year": "2021Q3",
    "value": 8.49
  },
  {
    "name": "priv_share",
    "year": "2021Q4",
    "value": 11.4
  },
  {
    "name": "priv_share",
    "year": "2022Q1",
    "value": 7.2
  },
  {
    "name": "priv_share",
    "year": "2022Q2",
    "value": 7.32
  },
  {
    "name": "priv_share",
    "year": "2022Q3",
    "value": 6.95
  },
  {
    "name": "priv_share",
    "year": "2022Q4",
    "value": 9.31
  },
  {
    "name": "priv_share",
    "year": "2023Q1",
    "value": 9.24
  },
  {
    "name": "priv_share",
    "year": "2023Q2",
    "value": 11.01
  },
  {
    "name": "priv_share",
    "year": "2023Q3",
    "value": 14.92
  },
  {
    "name": "priv_share",
    "year": "2023Q4",
    "value": 14.98
  },
  {
    "name": "priv_share",
    "year": "2024Q1",
    "value": 15.24
  },
  {
    "name": "number_of_priv_shares",
    "year": "2015Q4",
    "value": 36.16527
  },
  {
    "name": "number_of_priv_shares",
    "year": "2016Q4",
    "value": 36.16527
  },
  {
    "name": "number_of_priv_shares",
    "year": "2017Q4",
    "value": 36.16527
  },
  {
    "name": "number_of_priv_shares",
    "year": "2018Q4",
    "value": 36.16527
  },
  {
    "name": "number_of_priv_shares",
    "year": "2019Q1",
    "value": 36.16527
  },
  {
    "name": "number_of_priv_shares",
    "year": "2019Q2",
    "value": 36.16527
  },
  {
    "name": "number_of_priv_shares",
    "year": "2019Q3",
    "value": 36.16527
  },
  {
    "name": "number_of_priv_shares",
    "year": "2019Q4",
    "value": 36.16527
  },
  {
    "name": "number_of_priv_shares",
    "year": "2020Q1",
    "value": 36.16527
  },
  {
    "name": "number_of_priv_shares",
    "year": "2020Q2",
    "value": 36.16527
  },
  {
    "name": "number_of_priv_shares",
    "year": "2020Q3",
    "value": 36.16527
  },
  {
    "name": "number_of_priv_shares",
    "year": "2020Q4",
    "value": 36.16527
  },
  {
    "name": "number_of_priv_shares",
    "year": "2021Q1",
    "value": 36.16527
  },
  {
    "name": "number_of_priv_shares",
    "year": "2021Q2",
    "value": 36.16527
  },
  {
    "name": "number_of_priv_shares",
    "year": "2021Q3",
    "value": 36.16527
  },
  {
    "name": "number_of_priv_shares",
    "year": "2021Q4",
    "value": 36.16527
  },
  {
    "name": "number_of_priv_shares",
    "year": "2022Q1",
    "value": 36.16527
  },
  {
    "name": "number_of_priv_shares",
    "year": "2022Q2",
    "value": 36.16527
  },
  {
    "name": "number_of_priv_shares",
    "year": "2022Q3",
    "value": 36.16527
  },
  {
    "name": "number_of_priv_shares",
    "year": "2022Q4",
    "value": 36.16527
  },
  {
    "name": "number_of_priv_shares",
    "year": "2023Q1",
    "value": 36.16527
  },
  {
    "name": "number_of_priv_shares",
    "year": "2023Q2",
    "value": 36.16527
  },
  {
    "name": "number_of_priv_shares",
    "year": "2023Q3",
    "value": 36.16527
  },
  {
    "name": "number_of_priv_shares",
    "year": "2023Q4",
    "value": 36.16527
  },
  {
    "name": "number_of_priv_shares",
    "year": "2024Q1",
    "value": 36.16527
  },
  {
    "name": "market_cap",
    "year": "2013Q4",
    "value": 0.0
  },
  {
    "name": "market_cap",
    "year": "2014Q4",
    "value": 0.0
  },
  {
    "name": "market_cap",
    "year": "2015Q4",
    "value": 0.15153248130000002
  },
  {
    "name": "market_cap",
    "year": "2016Q4",
    "value": 4.1574980442
  },
  {
    "name": "market_cap",
    "year": "2017Q4",
    "value": 3.743718618
  },
  {
    "name": "market_cap",
    "year": "2018Q4",
    "value": 3.9506083310999998
  },
  {
    "name": "market_cap",
    "year": "2019Q1",
    "value": 0.162743715
  },
  {
    "name": "market_cap",
    "year": "2019Q2",
    "value": 0.18769775130000002
  },
  {
    "name": "market_cap",
    "year": "2019Q3",
    "value": 0.1862511405
  },
  {
    "name": "market_cap",
    "year": "2019Q4",
    "value": 6.019505462100001
  },
  {
    "name": "market_cap",
    "year": "2020Q1",
    "value": 0.24447722519999998
  },
  {
    "name": "market_cap",
    "year": "2020Q2",
    "value": 0.29872513019999997
  },
  {
    "name": "market_cap",
    "year": "2020Q3",
    "value": 0.4281967968
  },
  {
    "name": "market_cap",
    "year": "2020Q4",
    "value": 9.3198889806
  },
  {
    "name": "market_cap",
    "year": "2021Q1",
    "value": 0.343570065
  },
  {
    "name": "market_cap",
    "year": "2021Q2",
    "value": 9.3494446539
  },
  {
    "name": "market_cap",
    "year": "2021Q3",
    "value": 8.364255543899999
  },
  {
    "name": "market_cap",
    "year": "2021Q4",
    "value": 11.231155854
  },
  {
    "name": "market_cap",
    "year": "2022Q1",
    "value": 7.093361592
  },
  {
    "name": "market_cap",
    "year": "2022Q2",
    "value": 7.2115842852
  },
  {
    "name": "market_cap",
    "year": "2022Q3",
    "value": 6.8470643145
  },
  {
    "name": "market_cap",
    "year": "2022Q4",
    "value": 9.172110614100001
  },
  {
    "name": "market_cap",
    "year": "2023Q1",
    "value": 0.3341670948
  },
  {
    "name": "market_cap",
    "year": "2023Q2",
    "value": 0.3981796227
  },
  {
    "name": "market_cap",
    "year": "2023Q3",
    "value": 0.5395858284
  },
  {
    "name": "market_cap",
    "year": "2023Q4",
    "value": 14.7771133446
  },
  {
    "name": "market_cap",
    "year": "2024Q1",
    "value": 0.5511587148
  },
  {
    "name": "ev",
    "year": "2013Q4",
    "value": 0.0
  },
  {
    "name": "ev",
    "year": "2014Q4",
    "value": 0.0
  },
  {
    "name": "ev",
    "year": "2015Q4",
    "value": 0.15153248130000002
  },
  {
    "name": "ev",
    "year": "2016Q4",
    "value": 4.1574980442
  },
  {
    "name": "ev",
    "year": "2017Q4",
    "value": 6.423718618
  },
  {
    "name": "ev",
    "year": "2018Q4",
    "value": 8.630608331100001
  },
  {
    "name": "ev",
    "year": "2019Q1",
    "value": 0.162743715
  },
  {
    "name": "ev",
    "year": "2019Q2",
    "value": 0.18769775130000002
  },
  {
    "name": "ev",
    "year": "2019Q3",
    "value": 0.1862511405
  },
  {
    "name": "ev",
    "year": "2019Q4",
    "value": 10.6695054621
  },
  {
    "name": "ev",
    "year": "2020Q1",
    "value": 0.24447722519999998
  },
  {
    "name": "ev",
    "year": "2020Q2",
    "value": 0.29872513019999997
  },
  {
    "name": "ev",
    "year": "2020Q3",
    "value": 0.4281967968
  },
  {
    "name": "ev",
    "year": "2020Q4",
    "value": 17.0998889806
  },
  {
    "name": "ev",
    "year": "2021Q1",
    "value": 0.343570065
  },
  {
    "name": "ev",
    "year": "2021Q2",
    "value": 9.3494446539
  },
  {
    "name": "ev",
    "year": "2021Q3",
    "value": 15.4942555439
  },
  {
    "name": "ev",
    "year": "2021Q4",
    "value": 16.871155854
  },
  {
    "name": "ev",
    "year": "2022Q1",
    "value": 15.163361592
  },
  {
    "name": "ev",
    "year": "2022Q2",
    "value": 14.671584285200002
  },
  {
    "name": "ev",
    "year": "2022Q3",
    "value": 12.9870643145
  },
  {
    "name": "ev",
    "year": "2022Q4",
    "value": 15.2021106141
  },
  {
    "name": "ev",
    "year": "2023Q1",
    "value": 6.2741670948
  },
  {
    "name": "ev",
    "year": "2023Q2",
    "value": 6.2481796226999995
  },
  {
    "name": "ev",
    "year": "2023Q3",
    "value": 6.1595858284
  },
  {
    "name": "ev",
    "year": "2023Q4",
    "value": 20.4371133446
  },
  {
    "name": "ev",
    "year": "2024Q1",
    "value": 5.9311587148000005
  },
  {
    "name": "book_value",
    "year": "2013Q4",
    "value": 0.0
  },
  {
    "name": "book_value",
    "year": "2014Q4",
    "value": 0.0
  },
  {
    "name": "book_value",
    "year": "2015Q4",
    "value": 0.0
  },
  {
    "name": "book_value",
    "year": "2016Q4",
    "value": 0.0
  },
  {
    "name": "book_value",
    "year": "2017Q4",
    "value": 12.0
  },
  {
    "name": "book_value",
    "year": "2018Q4",
    "value": 13.0
  },
  {
    "name": "book_value",
    "year": "2019Q1",
    "value": 0.0
  },
  {
    "name": "book_value",
    "year": "2019Q2",
    "value": 0.0
  },
  {
    "name": "book_value",
    "year": "2019Q3",
    "value": 0.0
  },
  {
    "name": "book_value",
    "year": "2019Q4",
    "value": 17.22
  },
  {
    "name": "book_value",
    "year": "2020Q1",
    "value": 0.0
  },
  {
    "name": "book_value",
    "year": "2020Q2",
    "value": 0.0
  },
  {
    "name": "book_value",
    "year": "2020Q3",
    "value": 0.0
  },
  {
    "name": "book_value",
    "year": "2020Q4",
    "value": 17.03
  },
  {
    "name": "book_value",
    "year": "2021Q1",
    "value": 0.0
  },
  {
    "name": "book_value",
    "year": "2021Q2",
    "value": 0.0
  },
  {
    "name": "book_value",
    "year": "2021Q3",
    "value": 18.98
  },
  {
    "name": "book_value",
    "year": "2021Q4",
    "value": 16.96
  },
  {
    "name": "book_value",
    "year": "2022Q1",
    "value": 17.2
  },
  {
    "name": "book_value",
    "year": "2022Q2",
    "value": 17.37
  },
  {
    "name": "book_value",
    "year": "2022Q3",
    "value": 17.75
  },
  {
    "name": "book_value",
    "year": "2022Q4",
    "value": 17.46
  },
  {
    "name": "book_value",
    "year": "2023Q1",
    "value": 17.61
  },
  {
    "name": "book_value",
    "year": "2023Q2",
    "value": 18.97
  },
  {
    "name": "book_value",
    "year": "2023Q3",
    "value": 18.65
  },
  {
    "name": "book_value",
    "year": "2023Q4",
    "value": 19.0
  },
  {
    "name": "book_value",
    "year": "2024Q1",
    "value": 19.23
  },
  {
    "name": "eps",
    "year": "2015Q4",
    "value": 0.0
  },
  {
    "name": "eps",
    "year": "2016Q4",
    "value": 0.0
  },
  {
    "name": "eps",
    "year": "2017Q4",
    "value": 0.0
  },
  {
    "name": "eps",
    "year": "2018Q4",
    "value": 0.0
  },
  {
    "name": "eps",
    "year": "2019Q1",
    "value": 0.168594289475
  },
  {
    "name": "eps",
    "year": "2019Q2",
    "value": 0.958880021391
  },
  {
    "name": "eps",
    "year": "2019Q3",
    "value": 0.442560009873
  },
  {
    "name": "eps",
    "year": "2019Q4",
    "value": 0.46047315313
  },
  {
    "name": "eps",
    "year": "2020Q1",
    "value": 0.0832434304285
  },
  {
    "name": "eps",
    "year": "2020Q2",
    "value": 0.295040006582
  },
  {
    "name": "eps",
    "year": "2020Q3",
    "value": 1.04317716613
  },
  {
    "name": "eps",
    "year": "2020Q4",
    "value": -0.736546302146
  },
  {
    "name": "eps",
    "year": "2021Q1",
    "value": -0.0727062873363
  },
  {
    "name": "eps",
    "year": "2021Q2",
    "value": -0.300308578128
  },
  {
    "name": "eps",
    "year": "2021Q3",
    "value": 2.77126863325
  },
  {
    "name": "eps",
    "year": "2021Q4",
    "value": 0.511051439972
  },
  {
    "name": "eps",
    "year": "2022Q1",
    "value": -0.154896003456
  },
  {
    "name": "eps",
    "year": "2022Q2",
    "value": 1.25392002797
  },
  {
    "name": "eps",
    "year": "2022Q3",
    "value": 0.221280004936
  },
  {
    "name": "eps",
    "year": "2022Q4",
    "value": 0.0179131432568
  },
  {
    "name": "eps",
    "year": "2023Q1",
    "value": 0.157003432074
  },
  {
    "name": "eps",
    "year": "2023Q2",
    "value": 1.51734860528
  },
  {
    "name": "eps",
    "year": "2023Q3",
    "value": -0.326651435859
  },
  {
    "name": "eps",
    "year": "2023Q4",
    "value": 0.390928008721
  },
  {
    "name": "eps",
    "year": "2024Q1",
    "value": 0.186507432732
  },
  {
    "name": "fcf_share",
    "year": "2015Q4",
    "value": 0.0
  },
  {
    "name": "fcf_share",
    "year": "2016Q4",
    "value": 0.0
  },
  {
    "name": "fcf_share",
    "year": "2017Q4",
    "value": 0.0
  },
  {
    "name": "fcf_share",
    "year": "2018Q4",
    "value": 0.0
  },
  {
    "name": "fcf_share",
    "year": "2019Q1",
    "value": 0.0
  },
  {
    "name": "fcf_share",
    "year": "2019Q2",
    "value": 0.0
  },
  {
    "name": "fcf_share",
    "year": "2019Q3",
    "value": 0.0
  },
  {
    "name": "fcf_share",
    "year": "2019Q4",
    "value": 0.0
  },
  {
    "name": "fcf_share",
    "year": "2020Q1",
    "value": 0.0
  },
  {
    "name": "fcf_share",
    "year": "2020Q2",
    "value": 0.0
  },
  {
    "name": "fcf_share",
    "year": "2020Q3",
    "value": 0.0
  },
  {
    "name": "fcf_share",
    "year": "2020Q4",
    "value": 0.0
  },
  {
    "name": "fcf_share",
    "year": "2021Q1",
    "value": 0.0
  },
  {
    "name": "fcf_share",
    "year": "2021Q2",
    "value": 0.0
  },
  {
    "name": "fcf_share",
    "year": "2021Q3",
    "value": 0.0
  },
  {
    "name": "fcf_share",
    "year": "2021Q4",
    "value": 0.0
  },
  {
    "name": "fcf_share",
    "year": "2022Q1",
    "value": 0.0
  },
  {
    "name": "fcf_share",
    "year": "2022Q2",
    "value": 0.0
  },
  {
    "name": "fcf_share",
    "year": "2022Q3",
    "value": 0.0
  },
  {
    "name": "fcf_share",
    "year": "2022Q4",
    "value": 0.0
  },
  {
    "name": "fcf_share",
    "year": "2023Q1",
    "value": 0.0
  },
  {
    "name": "fcf_share",
    "year": "2023Q2",
    "value": 0.0
  },
  {
    "name": "fcf_share",
    "year": "2023Q3",
    "value": 0.0
  },
  {
    "name": "fcf_share",
    "year": "2023Q4",
    "value": 0.0
  },
  {
    "name": "fcf_share",
    "year": "2024Q1",
    "value": 0.0
  },
  {
    "name": "bv_share",
    "year": "2015Q4",
    "value": 0.0
  },
  {
    "name": "bv_share",
    "year": "2016Q4",
    "value": 0.0
  },
  {
    "name": "bv_share",
    "year": "2017Q4",
    "value": 12.6445717107
  },
  {
    "name": "bv_share",
    "year": "2018Q4",
    "value": 13.6982860199
  },
  {
    "name": "bv_share",
    "year": "2019Q1",
    "value": 0.0
  },
  {
    "name": "bv_share",
    "year": "2019Q2",
    "value": 0.0
  },
  {
    "name": "bv_share",
    "year": "2019Q3",
    "value": 0.0
  },
  {
    "name": "bv_share",
    "year": "2019Q4",
    "value": 18.1449604048
  },
  {
    "name": "bv_share",
    "year": "2020Q1",
    "value": 0.0
  },
  {
    "name": "bv_share",
    "year": "2020Q2",
    "value": 0.0
  },
  {
    "name": "bv_share",
    "year": "2020Q3",
    "value": 0.0
  },
  {
    "name": "bv_share",
    "year": "2020Q4",
    "value": 17.944754686
  },
  {
    "name": "bv_share",
    "year": "2021Q1",
    "value": 0.0
  },
  {
    "name": "bv_share",
    "year": "2021Q2",
    "value": 0.0
  },
  {
    "name": "bv_share",
    "year": "2021Q3",
    "value": 19.999497589
  },
  {
    "name": "bv_share",
    "year": "2021Q4",
    "value": 17.8709946844
  },
  {
    "name": "bv_share",
    "year": "2022Q1",
    "value": 18.1238861186
  },
  {
    "name": "bv_share",
    "year": "2022Q2",
    "value": 18.3030175512
  },
  {
    "name": "bv_share",
    "year": "2022Q3",
    "value": 18.7034289887
  },
  {
    "name": "bv_share",
    "year": "2022Q4",
    "value": 18.397851839
  },
  {
    "name": "bv_share",
    "year": "2023Q1",
    "value": 18.5559089854
  },
  {
    "name": "bv_share",
    "year": "2023Q2",
    "value": 19.9889604459
  },
  {
    "name": "bv_share",
    "year": "2023Q3",
    "value": 19.651771867
  },
  {
    "name": "bv_share",
    "year": "2023Q4",
    "value": 20.0205718752
  },
  {
    "name": "bv_share",
    "year": "2024Q1",
    "value": 20.2629261663
  },
  {
    "name": "ebitda_margin",
    "year": "2019Q1",
    "value": 0.0
  },
  {
    "name": "ebitda_margin",
    "year": "2019Q2",
    "value": 0.0
  },
  {
    "name": "ebitda_margin",
    "year": "2019Q3",
    "value": 0.0
  },
  {
    "name": "ebitda_margin",
    "year": "2019Q4",
    "value": 0.0
  },
  {
    "name": "ebitda_margin",
    "year": "2020Q1",
    "value": 0.0
  },
  {
    "name": "ebitda_margin",
    "year": "2020Q2",
    "value": 0.0
  },
  {
    "name": "ebitda_margin",
    "year": "2020Q3",
    "value": 0.0
  },
  {
    "name": "ebitda_margin",
    "year": "2020Q4",
    "value": 0.0
  },
  {
    "name": "ebitda_margin",
    "year": "2021Q1",
    "value": 0.0
  },
  {
    "name": "ebitda_margin",
    "year": "2021Q2",
    "value": 0.0
  },
  {
    "name": "ebitda_margin",
    "year": "2021Q3",
    "value": 0.0
  },
  {
    "name": "ebitda_margin",
    "year": "2021Q4",
    "value": 0.0
  },
  {
    "name": "ebitda_margin",
    "year": "2022Q1",
    "value": 0.0
  },
  {
    "name": "ebitda_margin",
    "year": "2022Q2",
    "value": 0.0
  },
  {
    "name": "ebitda_margin",
    "year": "2022Q3",
    "value": 0.0
  },
  {
    "name": "ebitda_margin",
    "year": "2022Q4",
    "value": 0.0
  },
  {
    "name": "ebitda_margin",
    "year": "2023Q1",
    "value": 0.0
  },
  {
    "name": "ebitda_margin",
    "year": "2023Q2",
    "value": 0.0
  },
  {
    "name": "ebitda_margin",
    "year": "2023Q3",
    "value": 0.0
  },
  {
    "name": "ebitda_margin",
    "year": "2023Q4",
    "value": 0.0
  },
  {
    "name": "ebitda_margin",
    "year": "2024Q1",
    "value": 0.0
  },
  {
    "name": "net_margin",
    "year": "2019Q1",
    "value": 10.3225806452
  },
  {
    "name": "net_margin",
    "year": "2019Q2",
    "value": 60.2649006623
  },
  {
    "name": "net_margin",
    "year": "2019Q3",
    "value": 27.631578947399998
  },
  {
    "name": "net_margin",
    "year": "2019Q4",
    "value": 24.8861047836
  },
  {
    "name": "net_margin",
    "year": "2020Q1",
    "value": 6.03053435115
  },
  {
    "name": "net_margin",
    "year": "2020Q2",
    "value": 18.6666666667
  },
  {
    "name": "net_margin",
    "year": "2020Q3",
    "value": 54.6961325967
  },
  {
    "name": "net_margin",
    "year": "2020Q4",
    "value": -45.3896103896
  },
  {
    "name": "net_margin",
    "year": "2021Q1",
    "value": -5.11111111111
  },
  {
    "name": "net_margin",
    "year": "2021Q2",
    "value": -21.0643015521
  },
  {
    "name": "net_margin",
    "year": "2021Q3",
    "value": 125.83732057399999
  },
  {
    "name": "net_margin",
    "year": "2021Q4",
    "value": 33.2191780822
  },
  {
    "name": "net_margin",
    "year": "2022Q1",
    "value": -11.0526315789
  },
  {
    "name": "net_margin",
    "year": "2022Q2",
    "value": 86.86131386859999
  },
  {
    "name": "net_margin",
    "year": "2022Q3",
    "value": 17.3553719008
  },
  {
    "name": "net_margin",
    "year": "2022Q4",
    "value": 1.0303030303
  },
  {
    "name": "net_margin",
    "year": "2023Q1",
    "value": 11.640625
  },
  {
    "name": "net_margin",
    "year": "2023Q2",
    "value": 106.666666667
  },
  {
    "name": "net_margin",
    "year": "2023Q3",
    "value": -19.018404908
  },
  {
    "name": "net_margin",
    "year": "2023Q4",
    "value": 20.960451977399998
  },
  {
    "name": "net_margin",
    "year": "2024Q1",
    "value": 12.1232876712
  },
  {
    "name": "fcf_yield",
    "year": "2015Q4",
    "value": 0.0
  },
  {
    "name": "fcf_yield",
    "year": "2016Q4",
    "value": 0.0
  },
  {
    "name": "fcf_yield",
    "year": "2017Q4",
    "value": 0.0
  },
  {
    "name": "fcf_yield",
    "year": "2018Q4",
    "value": 0.0
  },
  {
    "name": "fcf_yield",
    "year": "2019Q1",
    "value": 0.0
  },
  {
    "name": "fcf_yield",
    "year": "2019Q2",
    "value": 0.0
  },
  {
    "name": "fcf_yield",
    "year": "2019Q3",
    "value": 0.0
  },
  {
    "name": "fcf_yield",
    "year": "2019Q4",
    "value": 0.0
  },
  {
    "name": "fcf_yield",
    "year": "2020Q1",
    "value": 0.0
  },
  {
    "name": "fcf_yield",
    "year": "2020Q2",
    "value": 0.0
  },
  {
    "name": "fcf_yield",
    "year": "2020Q3",
    "value": 0.0
  },
  {
    "name": "fcf_yield",
    "year": "2020Q4",
    "value": 0.0
  },
  {
    "name": "fcf_yield",
    "year": "2021Q1",
    "value": 0.0
  },
  {
    "name": "fcf_yield",
    "year": "2021Q2",
    "value": 0.0
  },
  {
    "name": "fcf_yield",
    "year": "2021Q3",
    "value": 0.0
  },
  {
    "name": "fcf_yield",
    "year": "2021Q4",
    "value": 0.0
  },
  {
    "name": "fcf_yield",
    "year": "2022Q1",
    "value": 0.0
  },
  {
    "name": "fcf_yield",
    "year": "2022Q2",
    "value": 0.0
  },
  {
    "name": "fcf_yield",
    "year": "2022Q3",
    "value": 0.0
  },
  {
    "name": "fcf_yield",
    "year": "2022Q4",
    "value": 0.0
  },
  {
    "name": "fcf_yield",
    "year": "2023Q1",
    "value": 0.0
  },
  {
    "name": "fcf_yield",
    "year": "2023Q2",
    "value": 0.0
  },
  {
    "name": "fcf_yield",
    "year": "2023Q3",
    "value": 0.0
  },
  {
    "name": "fcf_yield",
    "year": "2023Q4",
    "value": 0.0
  },
  {
    "name": "fcf_yield",
    "year": "2024Q1",
    "value": 0.0
  },
  {
    "name": "roe",
    "year": "2017Q4",
    "value": 0.0
  },
  {
    "name": "roe",
    "year": "2018Q4",
    "value": 0.0
  },
  {
    "name": "roe",
    "year": "2019Q1",
    "value": null
  },
  {
    "name": "roe",
    "year": "2019Q2",
    "value": null
  },
  {
    "name": "roe",
    "year": "2019Q3",
    "value": null
  },
  {
    "name": "roe",
    "year": "2019Q4",
    "value": 11.1904761905
  },
  {
    "name": "roe",
    "year": "2020Q1",
    "value": null
  },
  {
    "name": "roe",
    "year": "2020Q2",
    "value": null
  },
  {
    "name": "roe",
    "year": "2020Q3",
    "value": null
  },
  {
    "name": "roe",
    "year": "2020Q4",
    "value": 3.8167938931300003
  },
  {
    "name": "roe",
    "year": "2021Q1",
    "value": null
  },
  {
    "name": "roe",
    "year": "2021Q2",
    "value": null
  },
  {
    "name": "roe",
    "year": "2021Q3",
    "value": 8.30874604847
  },
  {
    "name": "roe",
    "year": "2021Q4",
    "value": 16.2794811321
  },
  {
    "name": "roe",
    "year": "2022Q1",
    "value": 15.598837209300001
  },
  {
    "name": "roe",
    "year": "2022Q2",
    "value": 23.9378238342
  },
  {
    "name": "roe",
    "year": "2022Q3",
    "value": 9.79154929577
  },
  {
    "name": "roe",
    "year": "2022Q4",
    "value": 7.27376861397
  },
  {
    "name": "roe",
    "year": "2023Q1",
    "value": 8.892674616699999
  },
  {
    "name": "roe",
    "year": "2023Q2",
    "value": 9.57301001581
  },
  {
    "name": "roe",
    "year": "2023Q3",
    "value": 6.9490616622
  },
  {
    "name": "roe",
    "year": "2023Q4",
    "value": 8.684210526320001
  },
  {
    "name": "roe",
    "year": "2024Q1",
    "value": 8.72594903796
  },
  {
    "name": "roa",
    "year": "2017Q4",
    "value": 0.0
  },
  {
    "name": "roa",
    "year": "2018Q4",
    "value": 0.0
  },
  {
    "name": "roa",
    "year": "2019Q1",
    "value": null
  },
  {
    "name": "roa",
    "year": "2019Q2",
    "value": null
  },
  {
    "name": "roa",
    "year": "2019Q3",
    "value": null
  },
  {
    "name": "roa",
    "year": "2019Q4",
    "value": 7.50974279034
  },
  {
    "name": "roa",
    "year": "2020Q1",
    "value": null
  },
  {
    "name": "roa",
    "year": "2020Q2",
    "value": null
  },
  {
    "name": "roa",
    "year": "2020Q3",
    "value": null
  },
  {
    "name": "roa",
    "year": "2020Q4",
    "value": 2.22908093278
  },
  {
    "name": "roa",
    "year": "2021Q1",
    "value": null
  },
  {
    "name": "roa",
    "year": "2021Q2",
    "value": null
  },
  {
    "name": "roa",
    "year": "2021Q3",
    "value": 5.06748071979
  },
  {
    "name": "roa",
    "year": "2021Q4",
    "value": 8.94106217617
  },
  {
    "name": "roa",
    "year": "2022Q1",
    "value": 9.38111888112
  },
  {
    "name": "roa",
    "year": "2022Q2",
    "value": 13.943661971800001
  },
  {
    "name": "roa",
    "year": "2022Q3",
    "value": 6.39911634757
  },
  {
    "name": "roa",
    "year": "2022Q4",
    "value": 4.67255334805
  },
  {
    "name": "roa",
    "year": "2023Q1",
    "value": 5.75100991553
  },
  {
    "name": "roa",
    "year": "2023Q2",
    "value": 6.58925979681
  },
  {
    "name": "roa",
    "year": "2023Q3",
    "value": 4.7577092511
  },
  {
    "name": "roa",
    "year": "2023Q4",
    "value": 5.97826086957
  },
  {
    "name": "roa",
    "year": "2024Q1",
    "value": 6.0577617328499995
  },
  {
    "name": "p_e",
    "year": "2019Q1",
    "value": 1.01714821875
  },
  {
    "name": "p_e",
    "year": "2019Q2",
    "value": 0.175418459159
  },
  {
    "name": "p_e",
    "year": "2019Q3",
    "value": 0.125000765436
  },
  {
    "name": "p_e",
    "year": "2019Q4",
    "value": 3.12377034878
  },
  {
    "name": "p_e",
    "year": "2020Q1",
    "value": 0.1324362
  },
  {
    "name": "p_e",
    "year": "2020Q2",
    "value": 0.245662113651
  },
  {
    "name": "p_e",
    "year": "2020Q3",
    "value": 0.239751845913
  },
  {
    "name": "p_e",
    "year": "2020Q4",
    "value": 14.3382907394
  },
  {
    "name": "p_e",
    "year": "2021Q1",
    "value": 0.68440251992
  },
  {
    "name": "p_e",
    "year": "2021Q2",
    "value": -148.403883395
  },
  {
    "name": "p_e",
    "year": "2021Q3",
    "value": 5.30390332524
  },
  {
    "name": "p_e",
    "year": "2021Q4",
    "value": 4.06778553205
  },
  {
    "name": "p_e",
    "year": "2022Q1",
    "value": 2.64381721655
  },
  {
    "name": "p_e",
    "year": "2022Q2",
    "value": 1.73438775498
  },
  {
    "name": "p_e",
    "year": "2022Q3",
    "value": 3.93962273562
  },
  {
    "name": "p_e",
    "year": "2022Q4",
    "value": 7.22213434181
  },
  {
    "name": "p_e",
    "year": "2023Q1",
    "value": 0.213388949425
  },
  {
    "name": "p_e",
    "year": "2023Q2",
    "value": 0.219261906773
  },
  {
    "name": "p_e",
    "year": "2023Q3",
    "value": 0.416347089815
  },
  {
    "name": "p_e",
    "year": "2023Q4",
    "value": 8.95582626945
  },
  {
    "name": "p_e",
    "year": "2024Q1",
    "value": 0.328461689392
  },
  {
    "name": "p_s",
    "year": "2019Q1",
    "value": 0.104995945161
  },
  {
    "name": "p_s",
    "year": "2019Q2",
    "value": 0.0613391344118
  },
  {
    "name": "p_s",
    "year": "2019Q3",
    "value": 0.0406661878821
  },
  {
    "name": "p_s",
    "year": "2019Q4",
    "value": 0.950048210559
  },
  {
    "name": "p_s",
    "year": "2020Q1",
    "value": 0.0401045316929
  },
  {
    "name": "p_s",
    "year": "2020Q2",
    "value": 0.0490839845876
  },
  {
    "name": "p_s",
    "year": "2020Q3",
    "value": 0.0671575904642
  },
  {
    "name": "p_s",
    "year": "2020Q4",
    "value": 1.51296899036
  },
  {
    "name": "p_s",
    "year": "2021Q1",
    "value": 0.0554145266129
  },
  {
    "name": "p_s",
    "year": "2021Q2",
    "value": 1.54459683692
  },
  {
    "name": "p_s",
    "year": "2021Q3",
    "value": 1.32074144069
  },
  {
    "name": "p_s",
    "year": "2021Q4",
    "value": 1.7961227977
  },
  {
    "name": "p_s",
    "year": "2022Q1",
    "value": 1.13803330531
  },
  {
    "name": "p_s",
    "year": "2022Q2",
    "value": 1.15385348563
  },
  {
    "name": "p_s",
    "year": "2022Q3",
    "value": 1.27505853156
  },
  {
    "name": "p_s",
    "year": "2022Q4",
    "value": 1.64966018239
  },
  {
    "name": "p_s",
    "year": "2023Q1",
    "value": 0.0606473856261
  },
  {
    "name": "p_s",
    "year": "2023Q2",
    "value": 0.0725281644262
  },
  {
    "name": "p_s",
    "year": "2023Q3",
    "value": 0.0913004785787
  },
  {
    "name": "p_s",
    "year": "2023Q4",
    "value": 2.45059922796
  },
  {
    "name": "p_s",
    "year": "2024Q1",
    "value": 0.0887534162319
  },
  {
    "name": "p_bv",
    "year": "2017Q4",
    "value": 0.3119765515
  },
  {
    "name": "p_bv",
    "year": "2018Q4",
    "value": 0.303892948546
  },
  {
    "name": "p_bv",
    "year": "2019Q1",
    "value": null
  },
  {
    "name": "p_bv",
    "year": "2019Q2",
    "value": null
  },
  {
    "name": "p_bv",
    "year": "2019Q3",
    "value": null
  },
  {
    "name": "p_bv",
    "year": "2019Q4",
    "value": 0.349564777125
  },
  {
    "name": "p_bv",
    "year": "2020Q1",
    "value": null
  },
  {
    "name": "p_bv",
    "year": "2020Q2",
    "value": null
  },
  {
    "name": "p_bv",
    "year": "2020Q3",
    "value": null
  },
  {
    "name": "p_bv",
    "year": "2020Q4",
    "value": 0.54726300532
  },
  {
    "name": "p_bv",
    "year": "2021Q1",
    "value": null
  },
  {
    "name": "p_bv",
    "year": "2021Q2",
    "value": null
  },
  {
    "name": "p_bv",
    "year": "2021Q3",
    "value": 0.44068785795
  },
  {
    "name": "p_bv",
    "year": "2021Q4",
    "value": 0.662214378184
  },
  {
    "name": "p_bv",
    "year": "2022Q1",
    "value": 0.412404743721
  },
  {
    "name": "p_bv",
    "year": "2022Q2",
    "value": 0.415174685389
  },
  {
    "name": "p_bv",
    "year": "2022Q3",
    "value": 0.385750102225
  },
  {
    "name": "p_bv",
    "year": "2022Q4",
    "value": 0.525321341014
  },
  {
    "name": "p_bv",
    "year": "2023Q1",
    "value": 0.0189759849404
  },
  {
    "name": "p_bv",
    "year": "2023Q2",
    "value": 0.0209899642963
  },
  {
    "name": "p_bv",
    "year": "2023Q3",
    "value": 0.028932216
  },
  {
    "name": "p_bv",
    "year": "2023Q4",
    "value": 0.777742807611
  },
  {
    "name": "p_bv",
    "year": "2024Q1",
    "value": 0.0286613996256
  },
  {
    "name": "capex_revenue",
    "year": "2019Q1",
    "value": 0.0
  },
  {
    "name": "capex_revenue",
    "year": "2019Q2",
    "value": 0.0
  },
  {
    "name": "capex_revenue",
    "year": "2019Q3",
    "value": 0.0
  },
  {
    "name": "capex_revenue",
    "year": "2019Q4",
    "value": 0.0
  },
  {
    "name": "capex_revenue",
    "year": "2020Q1",
    "value": 0.0
  },
  {
    "name": "capex_revenue",
    "year": "2020Q2",
    "value": 0.0
  },
  {
    "name": "capex_revenue",
    "year": "2020Q3",
    "value": 0.0
  },
  {
    "name": "capex_revenue",
    "year": "2020Q4",
    "value": 0.0
  },
  {
    "name": "capex_revenue",
    "year": "2021Q1",
    "value": 0.0
  },
  {
    "name": "capex_revenue",
    "year": "2021Q2",
    "value": 0.0
  },
  {
    "name": "capex_revenue",
    "year": "2021Q3",
    "value": 0.0
  },
  {
    "name": "capex_revenue",
    "year": "2021Q4",
    "value": 0.0
  },
  {
    "name": "capex_revenue",
    "year": "2022Q1",
    "value": 0.0
  },
  {
    "name": "capex_revenue",
    "year": "2022Q2",
    "value": 0.0
  },
  {
    "name": "capex_revenue",
    "year": "2022Q3",
    "value": 0.0
  },
  {
    "name": "capex_revenue",
    "year": "2022Q4",
    "value": 0.0
  },
  {
    "name": "capex_revenue",
    "year": "2023Q1",
    "value": 0.0
  },
  {
    "name": "capex_revenue",
    "year": "2023Q2",
    "value": 0.0
  },
  {
    "name": "capex_revenue",
    "year": "2023Q3",
    "value": 0.0
  },
  {
    "name": "capex_revenue",
    "year": "2023Q4",
    "value": 0.0
  },
  {
    "name": "capex_revenue",
    "year": "2024Q1",
    "value": 0.0
  }
]