[
  {
    "name": "fertilizers_production",
    "year": "2023Q1",
    "value": 2.186
  },
  {
    "name": "fertilizers_production",
    "year": "2023Q2",
    "value": 2.114
  },
  {
    "name": "fertilizers_production",
    "year": "2023Q3",
    "value": 1.971
  },
  {
    "name": "fertilizers_production",
    "year": "2023Q4",
    "value": 2.109
  },
  {
    "name": "fertilizers_production",
    "year": "2024Q1",
    "value": 2.107
  },
  {
    "name": "fertilizers_sales",
    "year": "2023Q1",
    "value": 2.104
  },
  {
    "name": "fertilizers_sales",
    "year": "2023Q2",
    "value": 2.104
  },
  {
    "name": "fertilizers_sales",
    "year": "2023Q3",
    "value": 2.132
  },
  {
    "name": "fertilizers_sales",
    "year": "2023Q4",
    "value": 1.97
  },
  {
    "name": "fertilizers_sales",
    "year": "2024Q1",
    "value": 2.261
  },
  {
    "name": "revenue",
    "year": "2016Q1",
    "value": 13.705
  },
  {
    "name": "revenue",
    "year": "2016Q2",
    "value": 11.536
  },
  {
    "name": "revenue",
    "year": "2016Q3",
    "value": 11.99
  },
  {
    "name": "revenue",
    "year": "2016Q4",
    "value": null
  },
  {
    "name": "revenue",
    "year": "2017Q1",
    "value": 13.999
  },
  {
    "name": "revenue",
    "year": "2017Q2",
    "value": 12.204
  },
  {
    "name": "revenue",
    "year": "2017Q3",
    "value": 13.015
  },
  {
    "name": "revenue",
    "year": "2017Q4",
    "value": 15.565
  },
  {
    "name": "revenue",
    "year": "2018Q1",
    "value": 14.826
  },
  {
    "name": "revenue",
    "year": "2018Q2",
    "value": 14.383
  },
  {
    "name": "revenue",
    "year": "2018Q3",
    "value": 17.445
  },
  {
    "name": "revenue",
    "year": "2018Q4",
    "value": 21.1
  },
  {
    "name": "revenue",
    "year": "2019Q1",
    "value": 19.876
  },
  {
    "name": "revenue",
    "year": "2019Q2",
    "value": 16.219
  },
  {
    "name": "revenue",
    "year": "2019Q3",
    "value": 16.064
  },
  {
    "name": "revenue",
    "year": "2019Q4",
    "value": 14.953
  },
  {
    "name": "revenue",
    "year": "2020Q1",
    "value": 14.92
  },
  {
    "name": "revenue",
    "year": "2020Q2",
    "value": 16.21
  },
  {
    "name": "revenue",
    "year": "2020Q3",
    "value": 17.41
  },
  {
    "name": "revenue",
    "year": "2020Q4",
    "value": 17.96
  },
  {
    "name": "revenue",
    "year": "2021Q1",
    "value": 24.12
  },
  {
    "name": "revenue",
    "year": "2021Q2",
    "value": 30.0
  },
  {
    "name": "revenue",
    "year": "2021Q3",
    "value": 32.2
  },
  {
    "name": "revenue",
    "year": "2021Q4",
    "value": 58.6
  },
  {
    "name": "revenue",
    "year": "2022Q1",
    "value": 66.07
  },
  {
    "name": "revenue",
    "year": "2022Q2",
    "value": 32.61
  },
  {
    "name": "revenue",
    "year": "2022Q3",
    "value": 34.46
  },
  {
    "name": "revenue",
    "year": "2022Q4",
    "value": 47.43
  },
  {
    "name": "revenue",
    "year": "2023Q1",
    "value": 37.94
  },
  {
    "name": "revenue",
    "year": "2023Q2",
    "value": 27.23
  },
  {
    "name": "revenue",
    "year": "2023Q3",
    "value": 29.23
  },
  {
    "name": "revenue",
    "year": "2023Q4",
    "value": 32.4
  },
  {
    "name": "revenue",
    "year": "2024Q1",
    "value": 37.93
  },
  {
    "name": "operating_income",
    "year": "2020Q1",
    "value": 2.4
  },
  {
    "name": "operating_income",
    "year": "2020Q2",
    "value": 4.21
  },
  {
    "name": "operating_income",
    "year": "2020Q3",
    "value": 5.0
  },
  {
    "name": "operating_income",
    "year": "2020Q4",
    "value": null
  },
  {
    "name": "operating_income",
    "year": "2021Q1",
    "value": 9.66
  },
  {
    "name": "operating_income",
    "year": "2021Q2",
    "value": 16.8
  },
  {
    "name": "operating_income",
    "year": "2021Q3",
    "value": 18.79
  },
  {
    "name": "operating_income",
    "year": "2021Q4",
    "value": 40.95
  },
  {
    "name": "operating_income",
    "year": "2022Q1",
    "value": 44.83
  },
  {
    "name": "operating_income",
    "year": "2022Q2",
    "value": 16.81
  },
  {
    "name": "operating_income",
    "year": "2022Q3",
    "value": 16.7
  },
  {
    "name": "operating_income",
    "year": "2022Q4",
    "value": 25.64
  },
  {
    "name": "operating_income",
    "year": "2023Q1",
    "value": 15.72
  },
  {
    "name": "operating_income",
    "year": "2023Q2",
    "value": 7.0
  },
  {
    "name": "operating_income",
    "year": "2023Q3",
    "value": 9.16
  },
  {
    "name": "operating_income",
    "year": "2023Q4",
    "value": 14.82
  },
  {
    "name": "operating_income",
    "year": "2024Q1",
    "value": 9.68
  },
  {
    "name": "net_income",
    "year": "2016Q1",
    "value": 7.221
  },
  {
    "name": "net_income",
    "year": "2016Q2",
    "value": 3.338
  },
  {
    "name": "net_income",
    "year": "2016Q3",
    "value": -0.94
  },
  {
    "name": "net_income",
    "year": "2016Q4",
    "value": null
  },
  {
    "name": "net_income",
    "year": "2017Q1",
    "value": 2.865
  },
  {
    "name": "net_income",
    "year": "2017Q2",
    "value": 1.211
  },
  {
    "name": "net_income",
    "year": "2017Q3",
    "value": 2.965
  },
  {
    "name": "net_income",
    "year": "2017Q4",
    "value": 0.587
  },
  {
    "name": "net_income",
    "year": "2018Q1",
    "value": 0.692
  },
  {
    "name": "net_income",
    "year": "2018Q2",
    "value": -0.194
  },
  {
    "name": "net_income",
    "year": "2018Q3",
    "value": 1.199
  },
  {
    "name": "net_income",
    "year": "2018Q4",
    "value": 9.113
  },
  {
    "name": "net_income",
    "year": "2019Q1",
    "value": 7.009
  },
  {
    "name": "net_income",
    "year": "2019Q2",
    "value": 6.996
  },
  {
    "name": "net_income",
    "year": "2019Q3",
    "value": 4.929
  },
  {
    "name": "net_income",
    "year": "2019Q4",
    "value": 0.597
  },
  {
    "name": "net_income",
    "year": "2020Q1",
    "value": -10.17
  },
  {
    "name": "net_income",
    "year": "2020Q2",
    "value": 9.02
  },
  {
    "name": "net_income",
    "year": "2020Q3",
    "value": -6.8
  },
  {
    "name": "net_income",
    "year": "2020Q4",
    "value": 13.65
  },
  {
    "name": "net_income",
    "year": "2021Q1",
    "value": 5.6
  },
  {
    "name": "net_income",
    "year": "2021Q2",
    "value": 20.3
  },
  {
    "name": "net_income",
    "year": "2021Q3",
    "value": 29.44
  },
  {
    "name": "net_income",
    "year": "2021Q4",
    "value": 26.88
  },
  {
    "name": "net_income",
    "year": "2022Q1",
    "value": 39.26
  },
  {
    "name": "net_income",
    "year": "2022Q2",
    "value": 27.76
  },
  {
    "name": "net_income",
    "year": "2022Q3",
    "value": 8.42
  },
  {
    "name": "net_income",
    "year": "2022Q4",
    "value": -3.64
  },
  {
    "name": "net_income",
    "year": "2023Q1",
    "value": 13.82
  },
  {
    "name": "net_income",
    "year": "2023Q2",
    "value": 4.37
  },
  {
    "name": "net_income",
    "year": "2023Q3",
    "value": 7.67
  },
  {
    "name": "net_income",
    "year": "2023Q4",
    "value": 3.24
  },
  {
    "name": "net_income",
    "year": "2024Q1",
    "value": 6.2
  },
  {
    "name": "opex",
    "year": "2020Q1",
    "value": 2.13
  },
  {
    "name": "opex",
    "year": "2020Q2",
    "value": 2.36
  },
  {
    "name": "opex",
    "year": "2020Q3",
    "value": 1.97
  },
  {
    "name": "opex",
    "year": "2020Q4",
    "value": null
  },
  {
    "name": "opex",
    "year": "2021Q1",
    "value": 2.67
  },
  {
    "name": "opex",
    "year": "2021Q2",
    "value": 2.07
  },
  {
    "name": "opex",
    "year": "2021Q3",
    "value": 2.01
  },
  {
    "name": "opex",
    "year": "2021Q4",
    "value": 2.53
  },
  {
    "name": "opex",
    "year": "2022Q1",
    "value": 4.11
  },
  {
    "name": "opex",
    "year": "2022Q2",
    "value": 4.0
  },
  {
    "name": "opex",
    "year": "2022Q3",
    "value": 6.61
  },
  {
    "name": "opex",
    "year": "2022Q4",
    "value": 1.28
  },
  {
    "name": "opex",
    "year": "2023Q1",
    "value": 4.79
  },
  {
    "name": "opex",
    "year": "2023Q2",
    "value": 4.0
  },
  {
    "name": "opex",
    "year": "2023Q3",
    "value": 4.75
  },
  {
    "name": "opex",
    "year": "2023Q4",
    "value": 7.06
  },
  {
    "name": "opex",
    "year": "2024Q1",
    "value": 10.2
  },
  {
    "name": "cost_of_production",
    "year": "2016Q1",
    "value": 6.911
  },
  {
    "name": "cost_of_production",
    "year": "2016Q2",
    "value": 6.362
  },
  {
    "name": "cost_of_production",
    "year": "2016Q3",
    "value": 7.219
  },
  {
    "name": "cost_of_production",
    "year": "2016Q4",
    "value": null
  },
  {
    "name": "cost_of_production",
    "year": "2017Q1",
    "value": 8.545
  },
  {
    "name": "cost_of_production",
    "year": "2017Q2",
    "value": 8.207
  },
  {
    "name": "cost_of_production",
    "year": "2017Q3",
    "value": 8.824
  },
  {
    "name": "cost_of_production",
    "year": "2017Q4",
    "value": 8.95
  },
  {
    "name": "cost_of_production",
    "year": "2018Q1",
    "value": 8.688
  },
  {
    "name": "cost_of_production",
    "year": "2018Q2",
    "value": 8.894
  },
  {
    "name": "cost_of_production",
    "year": "2018Q3",
    "value": 9.07
  },
  {
    "name": "cost_of_production",
    "year": "2018Q4",
    "value": 9.977
  },
  {
    "name": "cost_of_production",
    "year": "2019Q1",
    "value": 10.358
  },
  {
    "name": "cost_of_production",
    "year": "2019Q2",
    "value": 9.725
  },
  {
    "name": "cost_of_production",
    "year": "2019Q3",
    "value": 10.02
  },
  {
    "name": "cost_of_production",
    "year": "2019Q4",
    "value": 10.628
  },
  {
    "name": "cost_of_production",
    "year": "2020Q1",
    "value": 10.34
  },
  {
    "name": "cost_of_production",
    "year": "2020Q2",
    "value": 9.7
  },
  {
    "name": "cost_of_production",
    "year": "2020Q3",
    "value": 10.44
  },
  {
    "name": "cost_of_production",
    "year": "2020Q4",
    "value": 11.02
  },
  {
    "name": "cost_of_production",
    "year": "2021Q1",
    "value": 11.79
  },
  {
    "name": "cost_of_production",
    "year": "2021Q2",
    "value": 11.6
  },
  {
    "name": "cost_of_production",
    "year": "2021Q3",
    "value": 10.94
  },
  {
    "name": "cost_of_production",
    "year": "2021Q4",
    "value": 15.12
  },
  {
    "name": "cost_of_production",
    "year": "2022Q1",
    "value": 17.14
  },
  {
    "name": "cost_of_production",
    "year": "2022Q2",
    "value": 11.8
  },
  {
    "name": "cost_of_production",
    "year": "2022Q3",
    "value": 14.14
  },
  {
    "name": "cost_of_production",
    "year": "2022Q4",
    "value": 17.5
  },
  {
    "name": "cost_of_production",
    "year": "2023Q1",
    "value": 17.44
  },
  {
    "name": "cost_of_production",
    "year": "2023Q2",
    "value": 16.2
  },
  {
    "name": "cost_of_production",
    "year": "2023Q3",
    "value": 15.34
  },
  {
    "name": "cost_of_production",
    "year": "2023Q4",
    "value": 13.62
  },
  {
    "name": "cost_of_production",
    "year": "2024Q1",
    "value": 18.05
  },
  {
    "name": "assets",
    "year": "2014Q4",
    "value": 108.51
  },
  {
    "name": "assets",
    "year": "2015Q4",
    "value": 148.23
  },
  {
    "name": "assets",
    "year": "2016Q1",
    "value": null
  },
  {
    "name": "assets",
    "year": "2016Q2",
    "value": null
  },
  {
    "name": "assets",
    "year": "2016Q3",
    "value": null
  },
  {
    "name": "assets",
    "year": "2016Q4",
    "value": 151.87
  },
  {
    "name": "assets",
    "year": "2017Q1",
    "value": null
  },
  {
    "name": "assets",
    "year": "2017Q2",
    "value": null
  },
  {
    "name": "assets",
    "year": "2017Q3",
    "value": null
  },
  {
    "name": "assets",
    "year": "2017Q4",
    "value": 148.85
  },
  {
    "name": "assets",
    "year": "2018Q1",
    "value": null
  },
  {
    "name": "assets",
    "year": "2018Q2",
    "value": null
  },
  {
    "name": "assets",
    "year": "2018Q3",
    "value": null
  },
  {
    "name": "assets",
    "year": "2018Q4",
    "value": 151.91
  },
  {
    "name": "assets",
    "year": "2019Q1",
    "value": null
  },
  {
    "name": "assets",
    "year": "2019Q2",
    "value": null
  },
  {
    "name": "assets",
    "year": "2019Q3",
    "value": null
  },
  {
    "name": "assets",
    "year": "2019Q4",
    "value": 156.52
  },
  {
    "name": "assets",
    "year": "2020Q1",
    "value": null
  },
  {
    "name": "assets",
    "year": "2020Q2",
    "value": null
  },
  {
    "name": "assets",
    "year": "2020Q3",
    "value": null
  },
  {
    "name": "assets",
    "year": "2020Q4",
    "value": 157.786
  },
  {
    "name": "assets",
    "year": "2021Q1",
    "value": 159.3
  },
  {
    "name": "assets",
    "year": "2021Q2",
    "value": 169.7
  },
  {
    "name": "assets",
    "year": "2021Q3",
    "value": 167.82
  },
  {
    "name": "assets",
    "year": "2021Q4",
    "value": 175.805
  },
  {
    "name": "assets",
    "year": "2022Q1",
    "value": null
  },
  {
    "name": "assets",
    "year": "2022Q2",
    "value": null
  },
  {
    "name": "assets",
    "year": "2022Q3",
    "value": null
  },
  {
    "name": "assets",
    "year": "2022Q4",
    "value": 235.1
  },
  {
    "name": "assets",
    "year": "2023Q1",
    "value": 249.92
  },
  {
    "name": "assets",
    "year": "2023Q2",
    "value": 250.68
  },
  {
    "name": "assets",
    "year": "2023Q3",
    "value": 282.0
  },
  {
    "name": "assets",
    "year": "2023Q4",
    "value": 289.3
  },
  {
    "name": "assets",
    "year": "2024Q1",
    "value": 296.8
  },
  {
    "name": "net_assets",
    "year": "2014Q4",
    "value": 21.92
  },
  {
    "name": "net_assets",
    "year": "2015Q4",
    "value": 30.65
  },
  {
    "name": "net_assets",
    "year": "2016Q1",
    "value": null
  },
  {
    "name": "net_assets",
    "year": "2016Q2",
    "value": null
  },
  {
    "name": "net_assets",
    "year": "2016Q3",
    "value": null
  },
  {
    "name": "net_assets",
    "year": "2016Q4",
    "value": 28.16
  },
  {
    "name": "net_assets",
    "year": "2017Q1",
    "value": null
  },
  {
    "name": "net_assets",
    "year": "2017Q2",
    "value": null
  },
  {
    "name": "net_assets",
    "year": "2017Q3",
    "value": null
  },
  {
    "name": "net_assets",
    "year": "2017Q4",
    "value": 22.41
  },
  {
    "name": "net_assets",
    "year": "2018Q1",
    "value": null
  },
  {
    "name": "net_assets",
    "year": "2018Q2",
    "value": null
  },
  {
    "name": "net_assets",
    "year": "2018Q3",
    "value": null
  },
  {
    "name": "net_assets",
    "year": "2018Q4",
    "value": 18.4
  },
  {
    "name": "net_assets",
    "year": "2019Q1",
    "value": null
  },
  {
    "name": "net_assets",
    "year": "2019Q2",
    "value": null
  },
  {
    "name": "net_assets",
    "year": "2019Q3",
    "value": null
  },
  {
    "name": "net_assets",
    "year": "2019Q4",
    "value": 23.1
  },
  {
    "name": "net_assets",
    "year": "2020Q1",
    "value": null
  },
  {
    "name": "net_assets",
    "year": "2020Q2",
    "value": null
  },
  {
    "name": "net_assets",
    "year": "2020Q3",
    "value": null
  },
  {
    "name": "net_assets",
    "year": "2020Q4",
    "value": 12.46
  },
  {
    "name": "net_assets",
    "year": "2021Q1",
    "value": 18.06
  },
  {
    "name": "net_assets",
    "year": "2021Q2",
    "value": 37.2
  },
  {
    "name": "net_assets",
    "year": "2021Q3",
    "value": 43.74
  },
  {
    "name": "net_assets",
    "year": "2021Q4",
    "value": 46.92
  },
  {
    "name": "net_assets",
    "year": "2022Q1",
    "value": null
  },
  {
    "name": "net_assets",
    "year": "2022Q2",
    "value": null
  },
  {
    "name": "net_assets",
    "year": "2022Q3",
    "value": null
  },
  {
    "name": "net_assets",
    "year": "2022Q4",
    "value": 132.72
  },
  {
    "name": "net_assets",
    "year": "2023Q1",
    "value": 146.53
  },
  {
    "name": "net_assets",
    "year": "2023Q2",
    "value": 150.92
  },
  {
    "name": "net_assets",
    "year": "2023Q3",
    "value": 158.6
  },
  {
    "name": "net_assets",
    "year": "2023Q4",
    "value": 161.8
  },
  {
    "name": "net_assets",
    "year": "2024Q1",
    "value": 168.0
  },
  {
    "name": "debt",
    "year": "2014Q4",
    "value": 80.0
  },
  {
    "name": "debt",
    "year": "2015Q4",
    "value": 106.84
  },
  {
    "name": "debt",
    "year": "2016Q1",
    "value": null
  },
  {
    "name": "debt",
    "year": "2016Q2",
    "value": null
  },
  {
    "name": "debt",
    "year": "2016Q3",
    "value": null
  },
  {
    "name": "debt",
    "year": "2016Q4",
    "value": 114.0
  },
  {
    "name": "debt",
    "year": "2017Q1",
    "value": null
  },
  {
    "name": "debt",
    "year": "2017Q2",
    "value": null
  },
  {
    "name": "debt",
    "year": "2017Q3",
    "value": null
  },
  {
    "name": "debt",
    "year": "2017Q4",
    "value": 117.1
  },
  {
    "name": "debt",
    "year": "2018Q1",
    "value": null
  },
  {
    "name": "debt",
    "year": "2018Q2",
    "value": null
  },
  {
    "name": "debt",
    "year": "2018Q3",
    "value": null
  },
  {
    "name": "debt",
    "year": "2018Q4",
    "value": 121.83
  },
  {
    "name": "debt",
    "year": "2019Q1",
    "value": null
  },
  {
    "name": "debt",
    "year": "2019Q2",
    "value": null
  },
  {
    "name": "debt",
    "year": "2019Q3",
    "value": null
  },
  {
    "name": "debt",
    "year": "2019Q4",
    "value": 116.74
  },
  {
    "name": "debt",
    "year": "2020Q1",
    "value": null
  },
  {
    "name": "debt",
    "year": "2020Q2",
    "value": null
  },
  {
    "name": "debt",
    "year": "2020Q3",
    "value": null
  },
  {
    "name": "debt",
    "year": "2020Q4",
    "value": 130.22
  },
  {
    "name": "debt",
    "year": "2021Q1",
    "value": 120.0
  },
  {
    "name": "debt",
    "year": "2021Q2",
    "value": 104.36
  },
  {
    "name": "debt",
    "year": "2021Q3",
    "value": 103.71
  },
  {
    "name": "debt",
    "year": "2021Q4",
    "value": 94.53
  },
  {
    "name": "debt",
    "year": "2022Q1",
    "value": null
  },
  {
    "name": "debt",
    "year": "2022Q2",
    "value": null
  },
  {
    "name": "debt",
    "year": "2022Q3",
    "value": null
  },
  {
    "name": "debt",
    "year": "2022Q4",
    "value": 73.45
  },
  {
    "name": "debt",
    "year": "2023Q1",
    "value": 70.35
  },
  {
    "name": "debt",
    "year": "2023Q2",
    "value": 72.6
  },
  {
    "name": "debt",
    "year": "2023Q3",
    "value": 95.0
  },
  {
    "name": "debt",
    "year": "2023Q4",
    "value": 88.7
  },
  {
    "name": "debt",
    "year": "2024Q1",
    "value": 91.54
  },
  {
    "name": "cash",
    "year": "2014Q4",
    "value": 3.7
  },
  {
    "name": "cash",
    "year": "2015Q4",
    "value": 6.8
  },
  {
    "name": "cash",
    "year": "2016Q1",
    "value": null
  },
  {
    "name": "cash",
    "year": "2016Q2",
    "value": null
  },
  {
    "name": "cash",
    "year": "2016Q3",
    "value": null
  },
  {
    "name": "cash",
    "year": "2016Q4",
    "value": 3.33
  },
  {
    "name": "cash",
    "year": "2017Q1",
    "value": null
  },
  {
    "name": "cash",
    "year": "2017Q2",
    "value": null
  },
  {
    "name": "cash",
    "year": "2017Q3",
    "value": null
  },
  {
    "name": "cash",
    "year": "2017Q4",
    "value": 7.16
  },
  {
    "name": "cash",
    "year": "2018Q1",
    "value": null
  },
  {
    "name": "cash",
    "year": "2018Q2",
    "value": null
  },
  {
    "name": "cash",
    "year": "2018Q3",
    "value": null
  },
  {
    "name": "cash",
    "year": "2018Q4",
    "value": 4.41
  },
  {
    "name": "cash",
    "year": "2019Q1",
    "value": null
  },
  {
    "name": "cash",
    "year": "2019Q2",
    "value": null
  },
  {
    "name": "cash",
    "year": "2019Q3",
    "value": null
  },
  {
    "name": "cash",
    "year": "2019Q4",
    "value": 2.58
  },
  {
    "name": "cash",
    "year": "2020Q1",
    "value": null
  },
  {
    "name": "cash",
    "year": "2020Q2",
    "value": null
  },
  {
    "name": "cash",
    "year": "2020Q3",
    "value": null
  },
  {
    "name": "cash",
    "year": "2020Q4",
    "value": 6.18
  },
  {
    "name": "cash",
    "year": "2021Q1",
    "value": 4.95
  },
  {
    "name": "cash",
    "year": "2021Q2",
    "value": 7.6
  },
  {
    "name": "cash",
    "year": "2021Q3",
    "value": 5.45
  },
  {
    "name": "cash",
    "year": "2021Q4",
    "value": 6.13
  },
  {
    "name": "cash",
    "year": "2022Q1",
    "value": null
  },
  {
    "name": "cash",
    "year": "2022Q2",
    "value": null
  },
  {
    "name": "cash",
    "year": "2022Q3",
    "value": null
  },
  {
    "name": "cash",
    "year": "2022Q4",
    "value": 25.02
  },
  {
    "name": "cash",
    "year": "2023Q1",
    "value": 35.2
  },
  {
    "name": "cash",
    "year": "2023Q2",
    "value": 39.67
  },
  {
    "name": "cash",
    "year": "2023Q3",
    "value": 52.1
  },
  {
    "name": "cash",
    "year": "2023Q4",
    "value": 54.3
  },
  {
    "name": "cash",
    "year": "2024Q1",
    "value": 20.0
  },
  {
    "name": "net_debt",
    "year": "2014Q4",
    "value": 76.3
  },
  {
    "name": "net_debt",
    "year": "2015Q4",
    "value": 100.04
  },
  {
    "name": "net_debt",
    "year": "2016Q1",
    "value": 0.0
  },
  {
    "name": "net_debt",
    "year": "2016Q2",
    "value": 0.0
  },
  {
    "name": "net_debt",
    "year": "2016Q3",
    "value": 0.0
  },
  {
    "name": "net_debt",
    "year": "2016Q4",
    "value": 110.67
  },
  {
    "name": "net_debt",
    "year": "2017Q1",
    "value": 0.0
  },
  {
    "name": "net_debt",
    "year": "2017Q2",
    "value": 0.0
  },
  {
    "name": "net_debt",
    "year": "2017Q3",
    "value": 0.0
  },
  {
    "name": "net_debt",
    "year": "2017Q4",
    "value": 109.94
  },
  {
    "name": "net_debt",
    "year": "2018Q1",
    "value": 0.0
  },
  {
    "name": "net_debt",
    "year": "2018Q2",
    "value": 0.0
  },
  {
    "name": "net_debt",
    "year": "2018Q3",
    "value": 0.0
  },
  {
    "name": "net_debt",
    "year": "2018Q4",
    "value": 117.42
  },
  {
    "name": "net_debt",
    "year": "2019Q1",
    "value": 0.0
  },
  {
    "name": "net_debt",
    "year": "2019Q2",
    "value": 0.0
  },
  {
    "name": "net_debt",
    "year": "2019Q3",
    "value": 0.0
  },
  {
    "name": "net_debt",
    "year": "2019Q4",
    "value": 114.16
  },
  {
    "name": "net_debt",
    "year": "2020Q1",
    "value": 0.0
  },
  {
    "name": "net_debt",
    "year": "2020Q2",
    "value": 0.0
  },
  {
    "name": "net_debt",
    "year": "2020Q3",
    "value": 0.0
  },
  {
    "name": "net_debt",
    "year": "2020Q4",
    "value": 124.04
  },
  {
    "name": "net_debt",
    "year": "2021Q1",
    "value": 115.05
  },
  {
    "name": "net_debt",
    "year": "2021Q2",
    "value": 96.76
  },
  {
    "name": "net_debt",
    "year": "2021Q3",
    "value": 98.26
  },
  {
    "name": "net_debt",
    "year": "2021Q4",
    "value": 88.4
  },
  {
    "name": "net_debt",
    "year": "2022Q1",
    "value": 0.0
  },
  {
    "name": "net_debt",
    "year": "2022Q2",
    "value": 0.0
  },
  {
    "name": "net_debt",
    "year": "2022Q3",
    "value": 0.0
  },
  {
    "name": "net_debt",
    "year": "2022Q4",
    "value": 48.43
  },
  {
    "name": "net_debt",
    "year": "2023Q1",
    "value": 35.15
  },
  {
    "name": "net_debt",
    "year": "2023Q2",
    "value": 32.93
  },
  {
    "name": "net_debt",
    "year": "2023Q3",
    "value": 42.9
  },
  {
    "name": "net_debt",
    "year": "2023Q4",
    "value": 34.4
  },
  {
    "name": "net_debt",
    "year": "2024Q1",
    "value": 71.54
  },
  {
    "name": "common_share",
    "year": "2014Q4",
    "value": 1799.0
  },
  {
    "name": "common_share",
    "year": "2015Q4",
    "value": 3779.0
  },
  {
    "name": "common_share",
    "year": "2016Q1",
    "value": 3665.0
  },
  {
    "name": "common_share",
    "year": "2016Q2",
    "value": 3495.0
  },
  {
    "name": "common_share",
    "year": "2016Q3",
    "value": 3375.0
  },
  {
    "name": "common_share",
    "year": "2016Q4",
    "value": 3575.0
  },
  {
    "name": "common_share",
    "year": "2017Q1",
    "value": 3309.0
  },
  {
    "name": "common_share",
    "year": "2017Q2",
    "value": 3135.0
  },
  {
    "name": "common_share",
    "year": "2017Q3",
    "value": 3419.0
  },
  {
    "name": "common_share",
    "year": "2017Q4",
    "value": 3870.0
  },
  {
    "name": "common_share",
    "year": "2018Q1",
    "value": 4158.0
  },
  {
    "name": "common_share",
    "year": "2018Q2",
    "value": 4350.0
  },
  {
    "name": "common_share",
    "year": "2018Q3",
    "value": 4686.0
  },
  {
    "name": "common_share",
    "year": "2018Q4",
    "value": 4710.0
  },
  {
    "name": "common_share",
    "year": "2019Q1",
    "value": 4574.0
  },
  {
    "name": "common_share",
    "year": "2019Q2",
    "value": 4564.0
  },
  {
    "name": "common_share",
    "year": "2019Q3",
    "value": 5044.0
  },
  {
    "name": "common_share",
    "year": "2019Q4",
    "value": 4790.0
  },
  {
    "name": "common_share",
    "year": "2020Q1",
    "value": 6000.0
  },
  {
    "name": "common_share",
    "year": "2020Q2",
    "value": 5564.0
  },
  {
    "name": "common_share",
    "year": "2020Q3",
    "value": 6266.0
  },
  {
    "name": "common_share",
    "year": "2020Q4",
    "value": 5940.0
  },
  {
    "name": "common_share",
    "year": "2021Q1",
    "value": 6208.0
  },
  {
    "name": "common_share",
    "year": "2021Q2",
    "value": 5950.0
  },
  {
    "name": "common_share",
    "year": "2021Q3",
    "value": 7050.0
  },
  {
    "name": "common_share",
    "year": "2021Q4",
    "value": 12342.0
  },
  {
    "name": "common_share",
    "year": "2022Q1",
    "value": 23000.0
  },
  {
    "name": "common_share",
    "year": "2022Q2",
    "value": 18210.0
  },
  {
    "name": "common_share",
    "year": "2022Q3",
    "value": 14396.0
  },
  {
    "name": "common_share",
    "year": "2022Q4",
    "value": 18210.0
  },
  {
    "name": "common_share",
    "year": "2023Q1",
    "value": 18508.0
  },
  {
    "name": "common_share",
    "year": "2023Q2",
    "value": 18968.0
  },
  {
    "name": "common_share",
    "year": "2023Q3",
    "value": 19048.0
  },
  {
    "name": "common_share",
    "year": "2023Q4",
    "value": 18848.0
  },
  {
    "name": "common_share",
    "year": "2024Q1",
    "value": 17298.0
  },
  {
    "name": "number_of_shares",
    "year": "2014Q4",
    "value": 40.534
  },
  {
    "name": "number_of_shares",
    "year": "2015Q4",
    "value": 40.534
  },
  {
    "name": "number_of_shares",
    "year": "2016Q1",
    "value": 40.534
  },
  {
    "name": "number_of_shares",
    "year": "2016Q2",
    "value": 40.534
  },
  {
    "name": "number_of_shares",
    "year": "2016Q3",
    "value": 40.534
  },
  {
    "name": "number_of_shares",
    "year": "2016Q4",
    "value": 40.534
  },
  {
    "name": "number_of_shares",
    "year": "2017Q1",
    "value": 40.534
  },
  {
    "name": "number_of_shares",
    "year": "2017Q2",
    "value": 40.534
  },
  {
    "name": "number_of_shares",
    "year": "2017Q3",
    "value": 40.534
  },
  {
    "name": "number_of_shares",
    "year": "2017Q4",
    "value": 40.534
  },
  {
    "name": "number_of_shares",
    "year": "2018Q1",
    "value": 40.534
  },
  {
    "name": "number_of_shares",
    "year": "2018Q2",
    "value": 40.534
  },
  {
    "name": "number_of_shares",
    "year": "2018Q3",
    "value": 40.534
  },
  {
    "name": "number_of_shares",
    "year": "2018Q4",
    "value": 40.534
  },
  {
    "name": "number_of_shares",
    "year": "2019Q1",
    "value": 40.534
  },
  {
    "name": "number_of_shares",
    "year": "2019Q2",
    "value": 40.534
  },
  {
    "name": "number_of_shares",
    "year": "2019Q3",
    "value": 40.534
  },
  {
    "name": "number_of_shares",
    "year": "2019Q4",
    "value": 40.534
  },
  {
    "name": "number_of_shares",
    "year": "2020Q1",
    "value": 40.534
  },
  {
    "name": "number_of_shares",
    "year": "2020Q2",
    "value": 40.534
  },
  {
    "name": "number_of_shares",
    "year": "2020Q3",
    "value": 40.534
  },
  {
    "name": "number_of_shares",
    "year": "2020Q4",
    "value": 40.534
  },
  {
    "name": "number_of_shares",
    "year": "2021Q1",
    "value": 40.534
  },
  {
    "name": "number_of_shares",
    "year": "2021Q2",
    "value": 40.534
  },
  {
    "name": "number_of_shares",
    "year": "2021Q3",
    "value": 40.534
  },
  {
    "name": "number_of_shares",
    "year": "2021Q4",
    "value": 39.275
  },
  {
    "name": "number_of_shares",
    "year": "2022Q1",
    "value": 40.534
  },
  {
    "name": "number_of_shares",
    "year": "2022Q2",
    "value": 36.76
  },
  {
    "name": "number_of_shares",
    "year": "2022Q3",
    "value": 36.76
  },
  {
    "name": "number_of_shares",
    "year": "2022Q4",
    "value": 36.76
  },
  {
    "name": "number_of_shares",
    "year": "2023Q1",
    "value": 36.76
  },
  {
    "name": "number_of_shares",
    "year": "2023Q2",
    "value": 36.76
  },
  {
    "name": "number_of_shares",
    "year": "2023Q3",
    "value": 36.76
  },
  {
    "name": "number_of_shares",
    "year": "2023Q4",
    "value": 36.76
  },
  {
    "name": "number_of_shares",
    "year": "2024Q1",
    "value": 36.76
  },
  {
    "name": "market_cap",
    "year": "2014Q4",
    "value": 72.920666
  },
  {
    "name": "market_cap",
    "year": "2015Q4",
    "value": 153.177986
  },
  {
    "name": "market_cap",
    "year": "2016Q1",
    "value": 148.55711
  },
  {
    "name": "market_cap",
    "year": "2016Q2",
    "value": 141.66633
  },
  {
    "name": "market_cap",
    "year": "2016Q3",
    "value": 136.80225
  },
  {
    "name": "market_cap",
    "year": "2016Q4",
    "value": 144.90905
  },
  {
    "name": "market_cap",
    "year": "2017Q1",
    "value": 134.127006
  },
  {
    "name": "market_cap",
    "year": "2017Q2",
    "value": 127.07409
  },
  {
    "name": "market_cap",
    "year": "2017Q3",
    "value": 138.585746
  },
  {
    "name": "market_cap",
    "year": "2017Q4",
    "value": 156.86658
  },
  {
    "name": "market_cap",
    "year": "2018Q1",
    "value": 168.540372
  },
  {
    "name": "market_cap",
    "year": "2018Q2",
    "value": 176.3229
  },
  {
    "name": "market_cap",
    "year": "2018Q3",
    "value": 189.942324
  },
  {
    "name": "market_cap",
    "year": "2018Q4",
    "value": 190.91514
  },
  {
    "name": "market_cap",
    "year": "2019Q1",
    "value": 185.402516
  },
  {
    "name": "market_cap",
    "year": "2019Q2",
    "value": 184.997176
  },
  {
    "name": "market_cap",
    "year": "2019Q3",
    "value": 204.453496
  },
  {
    "name": "market_cap",
    "year": "2019Q4",
    "value": 194.15786
  },
  {
    "name": "market_cap",
    "year": "2020Q1",
    "value": 243.204
  },
  {
    "name": "market_cap",
    "year": "2020Q2",
    "value": 225.531176
  },
  {
    "name": "market_cap",
    "year": "2020Q3",
    "value": 253.986044
  },
  {
    "name": "market_cap",
    "year": "2020Q4",
    "value": 240.77196
  },
  {
    "name": "market_cap",
    "year": "2021Q1",
    "value": 251.635072
  },
  {
    "name": "market_cap",
    "year": "2021Q2",
    "value": 241.1773
  },
  {
    "name": "market_cap",
    "year": "2021Q3",
    "value": 285.7647
  },
  {
    "name": "market_cap",
    "year": "2021Q4",
    "value": 484.73205
  },
  {
    "name": "market_cap",
    "year": "2022Q1",
    "value": 932.282
  },
  {
    "name": "market_cap",
    "year": "2022Q2",
    "value": 669.3996
  },
  {
    "name": "market_cap",
    "year": "2022Q3",
    "value": 529.19696
  },
  {
    "name": "market_cap",
    "year": "2022Q4",
    "value": 669.3996
  },
  {
    "name": "market_cap",
    "year": "2023Q1",
    "value": 680.35408
  },
  {
    "name": "market_cap",
    "year": "2023Q2",
    "value": 697.26368
  },
  {
    "name": "market_cap",
    "year": "2023Q3",
    "value": 700.20448
  },
  {
    "name": "market_cap",
    "year": "2023Q4",
    "value": 692.85248
  },
  {
    "name": "market_cap",
    "year": "2024Q1",
    "value": 635.87448
  },
  {
    "name": "ev",
    "year": "2014Q4",
    "value": 149.220666
  },
  {
    "name": "ev",
    "year": "2015Q4",
    "value": 253.217986
  },
  {
    "name": "ev",
    "year": "2016Q1",
    "value": 148.55711
  },
  {
    "name": "ev",
    "year": "2016Q2",
    "value": 141.66633
  },
  {
    "name": "ev",
    "year": "2016Q3",
    "value": 136.80225
  },
  {
    "name": "ev",
    "year": "2016Q4",
    "value": 255.57905
  },
  {
    "name": "ev",
    "year": "2017Q1",
    "value": 134.127006
  },
  {
    "name": "ev",
    "year": "2017Q2",
    "value": 127.07409
  },
  {
    "name": "ev",
    "year": "2017Q3",
    "value": 138.585746
  },
  {
    "name": "ev",
    "year": "2017Q4",
    "value": 266.80658
  },
  {
    "name": "ev",
    "year": "2018Q1",
    "value": 168.540372
  },
  {
    "name": "ev",
    "year": "2018Q2",
    "value": 176.3229
  },
  {
    "name": "ev",
    "year": "2018Q3",
    "value": 189.942324
  },
  {
    "name": "ev",
    "year": "2018Q4",
    "value": 308.33514
  },
  {
    "name": "ev",
    "year": "2019Q1",
    "value": 185.402516
  },
  {
    "name": "ev",
    "year": "2019Q2",
    "value": 184.997176
  },
  {
    "name": "ev",
    "year": "2019Q3",
    "value": 204.453496
  },
  {
    "name": "ev",
    "year": "2019Q4",
    "value": 308.31786
  },
  {
    "name": "ev",
    "year": "2020Q1",
    "value": 243.204
  },
  {
    "name": "ev",
    "year": "2020Q2",
    "value": 225.531176
  },
  {
    "name": "ev",
    "year": "2020Q3",
    "value": 253.986044
  },
  {
    "name": "ev",
    "year": "2020Q4",
    "value": 364.81196
  },
  {
    "name": "ev",
    "year": "2021Q1",
    "value": 366.685072
  },
  {
    "name": "ev",
    "year": "2021Q2",
    "value": 337.9373
  },
  {
    "name": "ev",
    "year": "2021Q3",
    "value": 384.0247
  },
  {
    "name": "ev",
    "year": "2021Q4",
    "value": 573.13205
  },
  {
    "name": "ev",
    "year": "2022Q1",
    "value": 932.282
  },
  {
    "name": "ev",
    "year": "2022Q2",
    "value": 669.3996
  },
  {
    "name": "ev",
    "year": "2022Q3",
    "value": 529.19696
  },
  {
    "name": "ev",
    "year": "2022Q4",
    "value": 717.8296
  },
  {
    "name": "ev",
    "year": "2023Q1",
    "value": 715.50408
  },
  {
    "name": "ev",
    "year": "2023Q2",
    "value": 730.19368
  },
  {
    "name": "ev",
    "year": "2023Q3",
    "value": 743.10448
  },
  {
    "name": "ev",
    "year": "2023Q4",
    "value": 727.25248
  },
  {
    "name": "ev",
    "year": "2024Q1",
    "value": 707.41448
  },
  {
    "name": "book_value",
    "year": "2014Q4",
    "value": 21.92
  },
  {
    "name": "book_value",
    "year": "2015Q4",
    "value": 30.65
  },
  {
    "name": "book_value",
    "year": "2016Q1",
    "value": 0.0
  },
  {
    "name": "book_value",
    "year": "2016Q2",
    "value": 0.0
  },
  {
    "name": "book_value",
    "year": "2016Q3",
    "value": 0.0
  },
  {
    "name": "book_value",
    "year": "2016Q4",
    "value": 28.16
  },
  {
    "name": "book_value",
    "year": "2017Q1",
    "value": 0.0
  },
  {
    "name": "book_value",
    "year": "2017Q2",
    "value": 0.0
  },
  {
    "name": "book_value",
    "year": "2017Q3",
    "value": 0.0
  },
  {
    "name": "book_value",
    "year": "2017Q4",
    "value": 22.41
  },
  {
    "name": "book_value",
    "year": "2018Q1",
    "value": 0.0
  },
  {
    "name": "book_value",
    "year": "2018Q2",
    "value": 0.0
  },
  {
    "name": "book_value",
    "year": "2018Q3",
    "value": 0.0
  },
  {
    "name": "book_value",
    "year": "2018Q4",
    "value": 18.4
  },
  {
    "name": "book_value",
    "year": "2019Q1",
    "value": 0.0
  },
  {
    "name": "book_value",
    "year": "2019Q2",
    "value": 0.0
  },
  {
    "name": "book_value",
    "year": "2019Q3",
    "value": 0.0
  },
  {
    "name": "book_value",
    "year": "2019Q4",
    "value": 23.1
  },
  {
    "name": "book_value",
    "year": "2020Q1",
    "value": 0.0
  },
  {
    "name": "book_value",
    "year": "2020Q2",
    "value": 0.0
  },
  {
    "name": "book_value",
    "year": "2020Q3",
    "value": 0.0
  },
  {
    "name": "book_value",
    "year": "2020Q4",
    "value": 12.46
  },
  {
    "name": "book_value",
    "year": "2021Q1",
    "value": 18.06
  },
  {
    "name": "book_value",
    "year": "2021Q2",
    "value": 37.2
  },
  {
    "name": "book_value",
    "year": "2021Q3",
    "value": 43.74
  },
  {
    "name": "book_value",
    "year": "2021Q4",
    "value": 46.92
  },
  {
    "name": "book_value",
    "year": "2022Q1",
    "value": 0.0
  },
  {
    "name": "book_value",
    "year": "2022Q2",
    "value": 0.0
  },
  {
    "name": "book_value",
    "year": "2022Q3",
    "value": 0.0
  },
  {
    "name": "book_value",
    "year": "2022Q4",
    "value": 132.72
  },
  {
    "name": "book_value",
    "year": "2023Q1",
    "value": 146.53
  },
  {
    "name": "book_value",
    "year": "2023Q2",
    "value": 150.92
  },
  {
    "name": "book_value",
    "year": "2023Q3",
    "value": 158.6
  },
  {
    "name": "book_value",
    "year": "2023Q4",
    "value": 161.8
  },
  {
    "name": "book_value",
    "year": "2024Q1",
    "value": 168.0
  },
  {
    "name": "eps",
    "year": "2014Q4",
    "value": 0.0
  },
  {
    "name": "eps",
    "year": "2015Q4",
    "value": 0.0
  },
  {
    "name": "eps",
    "year": "2016Q1",
    "value": 178.146741008
  },
  {
    "name": "eps",
    "year": "2016Q2",
    "value": 82.3506192332
  },
  {
    "name": "eps",
    "year": "2016Q3",
    "value": -23.1904080525
  },
  {
    "name": "eps",
    "year": "2016Q4",
    "value": 0.0
  },
  {
    "name": "eps",
    "year": "2017Q1",
    "value": 70.6814032664
  },
  {
    "name": "eps",
    "year": "2017Q2",
    "value": 29.8761533527
  },
  {
    "name": "eps",
    "year": "2017Q3",
    "value": 73.1484679528
  },
  {
    "name": "eps",
    "year": "2017Q4",
    "value": 14.4816697094
  },
  {
    "name": "eps",
    "year": "2018Q1",
    "value": 17.0720876301
  },
  {
    "name": "eps",
    "year": "2018Q2",
    "value": -4.78610549169
  },
  {
    "name": "eps",
    "year": "2018Q3",
    "value": 29.5801055904
  },
  {
    "name": "eps",
    "year": "2018Q4",
    "value": 224.823604875
  },
  {
    "name": "eps",
    "year": "2019Q1",
    "value": 172.916563872
  },
  {
    "name": "eps",
    "year": "2019Q2",
    "value": 172.595845463
  },
  {
    "name": "eps",
    "year": "2019Q3",
    "value": 121.601618394
  },
  {
    "name": "eps",
    "year": "2019Q4",
    "value": 14.728376178
  },
  {
    "name": "eps",
    "year": "2020Q1",
    "value": -250.900478611
  },
  {
    "name": "eps",
    "year": "2020Q2",
    "value": 222.529234717
  },
  {
    "name": "eps",
    "year": "2020Q3",
    "value": -167.760398678
  },
  {
    "name": "eps",
    "year": "2020Q4",
    "value": 336.754329699
  },
  {
    "name": "eps",
    "year": "2021Q1",
    "value": 138.15562244
  },
  {
    "name": "eps",
    "year": "2021Q2",
    "value": 500.814131347
  },
  {
    "name": "eps",
    "year": "2021Q3",
    "value": 726.303843687
  },
  {
    "name": "eps",
    "year": "2021Q4",
    "value": 684.404837683
  },
  {
    "name": "eps",
    "year": "2022Q1",
    "value": 968.569595895
  },
  {
    "name": "eps",
    "year": "2022Q2",
    "value": 755.168661589
  },
  {
    "name": "eps",
    "year": "2022Q3",
    "value": 229.053318825
  },
  {
    "name": "eps",
    "year": "2022Q4",
    "value": -99.0206746464
  },
  {
    "name": "eps",
    "year": "2023Q1",
    "value": 375.952121872
  },
  {
    "name": "eps",
    "year": "2023Q2",
    "value": 118.87921654
  },
  {
    "name": "eps",
    "year": "2023Q3",
    "value": 208.650707291
  },
  {
    "name": "eps",
    "year": "2023Q4",
    "value": 88.1392818281
  },
  {
    "name": "eps",
    "year": "2024Q1",
    "value": 168.661588683
  },
  {
    "name": "fcf_share",
    "year": "2014Q4",
    "value": 0.0
  },
  {
    "name": "fcf_share",
    "year": "2015Q4",
    "value": 0.0
  },
  {
    "name": "fcf_share",
    "year": "2016Q1",
    "value": 0.0
  },
  {
    "name": "fcf_share",
    "year": "2016Q2",
    "value": 0.0
  },
  {
    "name": "fcf_share",
    "year": "2016Q3",
    "value": 0.0
  },
  {
    "name": "fcf_share",
    "year": "2016Q4",
    "value": 0.0
  },
  {
    "name": "fcf_share",
    "year": "2017Q1",
    "value": 0.0
  },
  {
    "name": "fcf_share",
    "year": "2017Q2",
    "value": 0.0
  },
  {
    "name": "fcf_share",
    "year": "2017Q3",
    "value": 0.0
  },
  {
    "name": "fcf_share",
    "year": "2017Q4",
    "value": 0.0
  },
  {
    "name": "fcf_share",
    "year": "2018Q1",
    "value": 0.0
  },
  {
    "name": "fcf_share",
    "year": "2018Q2",
    "value": 0.0
  },
  {
    "name": "fcf_share",
    "year": "2018Q3",
    "value": 0.0
  },
  {
    "name": "fcf_share",
    "year": "2018Q4",
    "value": 0.0
  },
  {
    "name": "fcf_share",
    "year": "2019Q1",
    "value": 0.0
  },
  {
    "name": "fcf_share",
    "year": "2019Q2",
    "value": 0.0
  },
  {
    "name": "fcf_share",
    "year": "2019Q3",
    "value": 0.0
  },
  {
    "name": "fcf_share",
    "year": "2019Q4",
    "value": 0.0
  },
  {
    "name": "fcf_share",
    "year": "2020Q1",
    "value": 0.0
  },
  {
    "name": "fcf_share",
    "year": "2020Q2",
    "value": 0.0
  },
  {
    "name": "fcf_share",
    "year": "2020Q3",
    "value": 0.0
  },
  {
    "name": "fcf_share",
    "year": "2020Q4",
    "value": 0.0
  },
  {
    "name": "fcf_share",
    "year": "2021Q1",
    "value": 0.0
  },
  {
    "name": "fcf_share",
    "year": "2021Q2",
    "value": 0.0
  },
  {
    "name": "fcf_share",
    "year": "2021Q3",
    "value": 0.0
  },
  {
    "name": "fcf_share",
    "year": "2021Q4",
    "value": 0.0
  },
  {
    "name": "fcf_share",
    "year": "2022Q1",
    "value": 0.0
  },
  {
    "name": "fcf_share",
    "year": "2022Q2",
    "value": 0.0
  },
  {
    "name": "fcf_share",
    "year": "2022Q3",
    "value": 0.0
  },
  {
    "name": "fcf_share",
    "year": "2022Q4",
    "value": 0.0
  },
  {
    "name": "fcf_share",
    "year": "2023Q1",
    "value": 0.0
  },
  {
    "name": "fcf_share",
    "year": "2023Q2",
    "value": 0.0
  },
  {
    "name": "fcf_share",
    "year": "2023Q3",
    "value": 0.0
  },
  {
    "name": "fcf_share",
    "year": "2023Q4",
    "value": 0.0
  },
  {
    "name": "fcf_share",
    "year": "2024Q1",
    "value": 0.0
  },
  {
    "name": "bv_share",
    "year": "2014Q4",
    "value": 540.780579267
  },
  {
    "name": "bv_share",
    "year": "2015Q4",
    "value": 756.155326393
  },
  {
    "name": "bv_share",
    "year": "2016Q1",
    "value": 0.0
  },
  {
    "name": "bv_share",
    "year": "2016Q2",
    "value": 0.0
  },
  {
    "name": "bv_share",
    "year": "2016Q3",
    "value": 0.0
  },
  {
    "name": "bv_share",
    "year": "2016Q4",
    "value": 694.7254157
  },
  {
    "name": "bv_share",
    "year": "2017Q1",
    "value": 0.0
  },
  {
    "name": "bv_share",
    "year": "2017Q2",
    "value": 0.0
  },
  {
    "name": "bv_share",
    "year": "2017Q3",
    "value": 0.0
  },
  {
    "name": "bv_share",
    "year": "2017Q4",
    "value": 552.86919623
  },
  {
    "name": "bv_share",
    "year": "2018Q1",
    "value": 0.0
  },
  {
    "name": "bv_share",
    "year": "2018Q2",
    "value": 0.0
  },
  {
    "name": "bv_share",
    "year": "2018Q3",
    "value": 0.0
  },
  {
    "name": "bv_share",
    "year": "2018Q4",
    "value": 453.939902304
  },
  {
    "name": "bv_share",
    "year": "2019Q1",
    "value": 0.0
  },
  {
    "name": "bv_share",
    "year": "2019Q2",
    "value": 0.0
  },
  {
    "name": "bv_share",
    "year": "2019Q3",
    "value": 0.0
  },
  {
    "name": "bv_share",
    "year": "2019Q4",
    "value": 569.891942567
  },
  {
    "name": "bv_share",
    "year": "2020Q1",
    "value": 0.0
  },
  {
    "name": "bv_share",
    "year": "2020Q2",
    "value": 0.0
  },
  {
    "name": "bv_share",
    "year": "2020Q3",
    "value": 0.0
  },
  {
    "name": "bv_share",
    "year": "2020Q4",
    "value": 307.39625993
  },
  {
    "name": "bv_share",
    "year": "2021Q1",
    "value": 445.55188237
  },
  {
    "name": "bv_share",
    "year": "2021Q2",
    "value": 917.748063354
  },
  {
    "name": "bv_share",
    "year": "2021Q3",
    "value": 1079.09409385
  },
  {
    "name": "bv_share",
    "year": "2021Q4",
    "value": 1194.65308721
  },
  {
    "name": "bv_share",
    "year": "2022Q1",
    "value": 0.0
  },
  {
    "name": "bv_share",
    "year": "2022Q2",
    "value": 0.0
  },
  {
    "name": "bv_share",
    "year": "2022Q3",
    "value": 0.0
  },
  {
    "name": "bv_share",
    "year": "2022Q4",
    "value": 3610.44613711
  },
  {
    "name": "bv_share",
    "year": "2023Q1",
    "value": 3986.12622416
  },
  {
    "name": "bv_share",
    "year": "2023Q2",
    "value": 4105.54951034
  },
  {
    "name": "bv_share",
    "year": "2023Q3",
    "value": 4314.47225245
  },
  {
    "name": "bv_share",
    "year": "2023Q4",
    "value": 4401.52339499
  },
  {
    "name": "bv_share",
    "year": "2024Q1",
    "value": 4570.18498368
  },
  {
    "name": "ebitda_margin",
    "year": "2016Q1",
    "value": 0.0
  },
  {
    "name": "ebitda_margin",
    "year": "2016Q2",
    "value": 0.0
  },
  {
    "name": "ebitda_margin",
    "year": "2016Q3",
    "value": 0.0
  },
  {
    "name": "ebitda_margin",
    "year": "2016Q4",
    "value": null
  },
  {
    "name": "ebitda_margin",
    "year": "2017Q1",
    "value": 32.8737766983
  },
  {
    "name": "ebitda_margin",
    "year": "2017Q2",
    "value": 0.0
  },
  {
    "name": "ebitda_margin",
    "year": "2017Q3",
    "value": 0.0
  },
  {
    "name": "ebitda_margin",
    "year": "2017Q4",
    "value": 0.0
  },
  {
    "name": "ebitda_margin",
    "year": "2018Q1",
    "value": 34.6418454067
  },
  {
    "name": "ebitda_margin",
    "year": "2018Q2",
    "value": 33.8663700202
  },
  {
    "name": "ebitda_margin",
    "year": "2018Q3",
    "value": 43.4967039266
  },
  {
    "name": "ebitda_margin",
    "year": "2018Q4",
    "value": 0.0
  },
  {
    "name": "ebitda_margin",
    "year": "2019Q1",
    "value": 0.0
  },
  {
    "name": "ebitda_margin",
    "year": "2019Q2",
    "value": 0.0
  },
  {
    "name": "ebitda_margin",
    "year": "2019Q3",
    "value": 0.0
  },
  {
    "name": "ebitda_margin",
    "year": "2019Q4",
    "value": 0.0
  },
  {
    "name": "ebitda_margin",
    "year": "2020Q1",
    "value": 0.0
  },
  {
    "name": "ebitda_margin",
    "year": "2020Q2",
    "value": 0.0
  },
  {
    "name": "ebitda_margin",
    "year": "2020Q3",
    "value": 0.0
  },
  {
    "name": "ebitda_margin",
    "year": "2020Q4",
    "value": 0.0
  },
  {
    "name": "ebitda_margin",
    "year": "2021Q1",
    "value": 0.0
  },
  {
    "name": "ebitda_margin",
    "year": "2021Q2",
    "value": 0.0
  },
  {
    "name": "ebitda_margin",
    "year": "2021Q3",
    "value": 0.0
  },
  {
    "name": "ebitda_margin",
    "year": "2021Q4",
    "value": 0.0
  },
  {
    "name": "ebitda_margin",
    "year": "2022Q1",
    "value": 0.0
  },
  {
    "name": "ebitda_margin",
    "year": "2022Q2",
    "value": 0.0
  },
  {
    "name": "ebitda_margin",
    "year": "2022Q3",
    "value": 0.0
  },
  {
    "name": "ebitda_margin",
    "year": "2022Q4",
    "value": 0.0
  },
  {
    "name": "ebitda_margin",
    "year": "2023Q1",
    "value": 0.0
  },
  {
    "name": "ebitda_margin",
    "year": "2023Q2",
    "value": 0.0
  },
  {
    "name": "ebitda_margin",
    "year": "2023Q3",
    "value": 0.0
  },
  {
    "name": "ebitda_margin",
    "year": "2023Q4",
    "value": 0.0
  },
  {
    "name": "ebitda_margin",
    "year": "2024Q1",
    "value": 0.0
  },
  {
    "name": "net_margin",
    "year": "2016Q1",
    "value": 52.6887997081
  },
  {
    "name": "net_margin",
    "year": "2016Q2",
    "value": 28.9355062413
  },
  {
    "name": "net_margin",
    "year": "2016Q3",
    "value": -7.8398665554599996
  },
  {
    "name": "net_margin",
    "year": "2016Q4",
    "value": null
  },
  {
    "name": "net_margin",
    "year": "2017Q1",
    "value": 20.4657475534
  },
  {
    "name": "net_margin",
    "year": "2017Q2",
    "value": 9.922976073420001
  },
  {
    "name": "net_margin",
    "year": "2017Q3",
    "value": 22.7814060699
  },
  {
    "name": "net_margin",
    "year": "2017Q4",
    "value": 3.77128172181
  },
  {
    "name": "net_margin",
    "year": "2018Q1",
    "value": 4.66747605558
  },
  {
    "name": "net_margin",
    "year": "2018Q2",
    "value": -1.3488145727599998
  },
  {
    "name": "net_margin",
    "year": "2018Q3",
    "value": 6.87302952135
  },
  {
    "name": "net_margin",
    "year": "2018Q4",
    "value": 43.1895734597
  },
  {
    "name": "net_margin",
    "year": "2019Q1",
    "value": 35.2636345341
  },
  {
    "name": "net_margin",
    "year": "2019Q2",
    "value": 43.1345952278
  },
  {
    "name": "net_margin",
    "year": "2019Q3",
    "value": 30.683515936299997
  },
  {
    "name": "net_margin",
    "year": "2019Q4",
    "value": 3.99250986424
  },
  {
    "name": "net_margin",
    "year": "2020Q1",
    "value": -68.163538874
  },
  {
    "name": "net_margin",
    "year": "2020Q2",
    "value": 55.6446637878
  },
  {
    "name": "net_margin",
    "year": "2020Q3",
    "value": -39.0580126364
  },
  {
    "name": "net_margin",
    "year": "2020Q4",
    "value": 76.00222717150001
  },
  {
    "name": "net_margin",
    "year": "2021Q1",
    "value": 23.2172470978
  },
  {
    "name": "net_margin",
    "year": "2021Q2",
    "value": 67.66666666670001
  },
  {
    "name": "net_margin",
    "year": "2021Q3",
    "value": 91.42857142860001
  },
  {
    "name": "net_margin",
    "year": "2021Q4",
    "value": 45.8703071672
  },
  {
    "name": "net_margin",
    "year": "2022Q1",
    "value": 59.421825336800005
  },
  {
    "name": "net_margin",
    "year": "2022Q2",
    "value": 85.1272615762
  },
  {
    "name": "net_margin",
    "year": "2022Q3",
    "value": 24.434126523499998
  },
  {
    "name": "net_margin",
    "year": "2022Q4",
    "value": -7.674467636520001
  },
  {
    "name": "net_margin",
    "year": "2023Q1",
    "value": 36.4259356879
  },
  {
    "name": "net_margin",
    "year": "2023Q2",
    "value": 16.0484759456
  },
  {
    "name": "net_margin",
    "year": "2023Q3",
    "value": 26.2401642148
  },
  {
    "name": "net_margin",
    "year": "2023Q4",
    "value": 10.0
  },
  {
    "name": "net_margin",
    "year": "2024Q1",
    "value": 16.345900342700002
  },
  {
    "name": "fcf_yield",
    "year": "2014Q4",
    "value": 0.0
  },
  {
    "name": "fcf_yield",
    "year": "2015Q4",
    "value": 0.0
  },
  {
    "name": "fcf_yield",
    "year": "2016Q1",
    "value": 0.0
  },
  {
    "name": "fcf_yield",
    "year": "2016Q2",
    "value": 0.0
  },
  {
    "name": "fcf_yield",
    "year": "2016Q3",
    "value": 0.0
  },
  {
    "name": "fcf_yield",
    "year": "2016Q4",
    "value": 0.0
  },
  {
    "name": "fcf_yield",
    "year": "2017Q1",
    "value": 0.0
  },
  {
    "name": "fcf_yield",
    "year": "2017Q2",
    "value": 0.0
  },
  {
    "name": "fcf_yield",
    "year": "2017Q3",
    "value": 0.0
  },
  {
    "name": "fcf_yield",
    "year": "2017Q4",
    "value": 0.0
  },
  {
    "name": "fcf_yield",
    "year": "2018Q1",
    "value": 0.0
  },
  {
    "name": "fcf_yield",
    "year": "2018Q2",
    "value": 0.0
  },
  {
    "name": "fcf_yield",
    "year": "2018Q3",
    "value": 0.0
  },
  {
    "name": "fcf_yield",
    "year": "2018Q4",
    "value": 0.0
  },
  {
    "name": "fcf_yield",
    "year": "2019Q1",
    "value": 0.0
  },
  {
    "name": "fcf_yield",
    "year": "2019Q2",
    "value": 0.0
  },
  {
    "name": "fcf_yield",
    "year": "2019Q3",
    "value": 0.0
  },
  {
    "name": "fcf_yield",
    "year": "2019Q4",
    "value": 0.0
  },
  {
    "name": "fcf_yield",
    "year": "2020Q1",
    "value": 0.0
  },
  {
    "name": "fcf_yield",
    "year": "2020Q2",
    "value": 0.0
  },
  {
    "name": "fcf_yield",
    "year": "2020Q3",
    "value": 0.0
  },
  {
    "name": "fcf_yield",
    "year": "2020Q4",
    "value": 0.0
  },
  {
    "name": "fcf_yield",
    "year": "2021Q1",
    "value": 0.0
  },
  {
    "name": "fcf_yield",
    "year": "2021Q2",
    "value": 0.0
  },
  {
    "name": "fcf_yield",
    "year": "2021Q3",
    "value": 0.0
  },
  {
    "name": "fcf_yield",
    "year": "2021Q4",
    "value": 0.0
  },
  {
    "name": "fcf_yield",
    "year": "2022Q1",
    "value": 0.0
  },
  {
    "name": "fcf_yield",
    "year": "2022Q2",
    "value": 0.0
  },
  {
    "name": "fcf_yield",
    "year": "2022Q3",
    "value": 0.0
  },
  {
    "name": "fcf_yield",
    "year": "2022Q4",
    "value": 0.0
  },
  {
    "name": "fcf_yield",
    "year": "2023Q1",
    "value": 0.0
  },
  {
    "name": "fcf_yield",
    "year": "2023Q2",
    "value": 0.0
  },
  {
    "name": "fcf_yield",
    "year": "2023Q3",
    "value": 0.0
  },
  {
    "name": "fcf_yield",
    "year": "2023Q4",
    "value": 0.0
  },
  {
    "name": "fcf_yield",
    "year": "2024Q1",
    "value": 0.0
  },
  {
    "name": "roe",
    "year": "2014Q4",
    "value": 0.0
  },
  {
    "name": "roe",
    "year": "2015Q4",
    "value": 0.0
  },
  {
    "name": "roe",
    "year": "2016Q1",
    "value": null
  },
  {
    "name": "roe",
    "year": "2016Q2",
    "value": null
  },
  {
    "name": "roe",
    "year": "2016Q3",
    "value": null
  },
  {
    "name": "roe",
    "year": "2016Q4",
    "value": 34.1583806818
  },
  {
    "name": "roe",
    "year": "2017Q1",
    "value": null
  },
  {
    "name": "roe",
    "year": "2017Q2",
    "value": null
  },
  {
    "name": "roe",
    "year": "2017Q3",
    "value": null
  },
  {
    "name": "roe",
    "year": "2017Q4",
    "value": 34.0383757251
  },
  {
    "name": "roe",
    "year": "2018Q1",
    "value": null
  },
  {
    "name": "roe",
    "year": "2018Q2",
    "value": null
  },
  {
    "name": "roe",
    "year": "2018Q3",
    "value": null
  },
  {
    "name": "roe",
    "year": "2018Q4",
    "value": 58.75
  },
  {
    "name": "roe",
    "year": "2019Q1",
    "value": null
  },
  {
    "name": "roe",
    "year": "2019Q2",
    "value": null
  },
  {
    "name": "roe",
    "year": "2019Q3",
    "value": null
  },
  {
    "name": "roe",
    "year": "2019Q4",
    "value": 84.5497835498
  },
  {
    "name": "roe",
    "year": "2020Q1",
    "value": null
  },
  {
    "name": "roe",
    "year": "2020Q2",
    "value": null
  },
  {
    "name": "roe",
    "year": "2020Q3",
    "value": null
  },
  {
    "name": "roe",
    "year": "2020Q4",
    "value": 45.746388443
  },
  {
    "name": "roe",
    "year": "2021Q1",
    "value": 118.881506091
  },
  {
    "name": "roe",
    "year": "2021Q2",
    "value": 88.0376344086
  },
  {
    "name": "roe",
    "year": "2021Q3",
    "value": 157.727480567
  },
  {
    "name": "roe",
    "year": "2021Q4",
    "value": 175.234441603
  },
  {
    "name": "roe",
    "year": "2022Q1",
    "value": null
  },
  {
    "name": "roe",
    "year": "2022Q2",
    "value": null
  },
  {
    "name": "roe",
    "year": "2022Q3",
    "value": null
  },
  {
    "name": "roe",
    "year": "2022Q4",
    "value": 54.098854731799996
  },
  {
    "name": "roe",
    "year": "2023Q1",
    "value": 31.638572306
  },
  {
    "name": "roe",
    "year": "2023Q2",
    "value": 15.2199840975
  },
  {
    "name": "roe",
    "year": "2023Q3",
    "value": 14.0100882724
  },
  {
    "name": "roe",
    "year": "2023Q4",
    "value": 17.985166872700002
  },
  {
    "name": "roe",
    "year": "2024Q1",
    "value": 12.785714285700001
  },
  {
    "name": "roa",
    "year": "2014Q4",
    "value": 0.0
  },
  {
    "name": "roa",
    "year": "2015Q4",
    "value": 0.0
  },
  {
    "name": "roa",
    "year": "2016Q1",
    "value": null
  },
  {
    "name": "roa",
    "year": "2016Q2",
    "value": null
  },
  {
    "name": "roa",
    "year": "2016Q3",
    "value": null
  },
  {
    "name": "roa",
    "year": "2016Q4",
    "value": 6.333706459469999
  },
  {
    "name": "roa",
    "year": "2017Q1",
    "value": null
  },
  {
    "name": "roa",
    "year": "2017Q2",
    "value": null
  },
  {
    "name": "roa",
    "year": "2017Q3",
    "value": null
  },
  {
    "name": "roa",
    "year": "2017Q4",
    "value": 5.12462210279
  },
  {
    "name": "roa",
    "year": "2018Q1",
    "value": null
  },
  {
    "name": "roa",
    "year": "2018Q2",
    "value": null
  },
  {
    "name": "roa",
    "year": "2018Q3",
    "value": null
  },
  {
    "name": "roa",
    "year": "2018Q4",
    "value": 7.116055559209999
  },
  {
    "name": "roa",
    "year": "2019Q1",
    "value": null
  },
  {
    "name": "roa",
    "year": "2019Q2",
    "value": null
  },
  {
    "name": "roa",
    "year": "2019Q3",
    "value": null
  },
  {
    "name": "roa",
    "year": "2019Q4",
    "value": 12.4782775364
  },
  {
    "name": "roa",
    "year": "2020Q1",
    "value": null
  },
  {
    "name": "roa",
    "year": "2020Q2",
    "value": null
  },
  {
    "name": "roa",
    "year": "2020Q3",
    "value": null
  },
  {
    "name": "roa",
    "year": "2020Q4",
    "value": 3.61248779993
  },
  {
    "name": "roa",
    "year": "2021Q1",
    "value": 13.477715003099998
  },
  {
    "name": "roa",
    "year": "2021Q2",
    "value": 19.2987625221
  },
  {
    "name": "roa",
    "year": "2021Q3",
    "value": 41.109522107000004
  },
  {
    "name": "roa",
    "year": "2021Q4",
    "value": 46.767725605100004
  },
  {
    "name": "roa",
    "year": "2022Q1",
    "value": null
  },
  {
    "name": "roa",
    "year": "2022Q2",
    "value": null
  },
  {
    "name": "roa",
    "year": "2022Q3",
    "value": null
  },
  {
    "name": "roa",
    "year": "2022Q4",
    "value": 30.5401956614
  },
  {
    "name": "roa",
    "year": "2023Q1",
    "value": 18.549935979500003
  },
  {
    "name": "roa",
    "year": "2023Q2",
    "value": 9.163076432099999
  },
  {
    "name": "roa",
    "year": "2023Q3",
    "value": 7.87943262411
  },
  {
    "name": "roa",
    "year": "2023Q4",
    "value": 10.0587625302
  },
  {
    "name": "roa",
    "year": "2024Q1",
    "value": 7.237196765499999
  },
  {
    "name": "p_e",
    "year": "2016Q1",
    "value": 20.5729275724
  },
  {
    "name": "p_e",
    "year": "2016Q2",
    "value": 13.4166426745
  },
  {
    "name": "p_e",
    "year": "2016Q3",
    "value": 14.2220864955
  },
  {
    "name": "p_e",
    "year": "2016Q4",
    "value": 15.0648768063
  },
  {
    "name": "p_e",
    "year": "2017Q1",
    "value": 25.4848956869
  },
  {
    "name": "p_e",
    "year": "2017Q2",
    "value": 40.5210746173
  },
  {
    "name": "p_e",
    "year": "2017Q3",
    "value": 19.6826794489
  },
  {
    "name": "p_e",
    "year": "2017Q4",
    "value": 20.5645752491
  },
  {
    "name": "p_e",
    "year": "2018Q1",
    "value": 30.8964934922
  },
  {
    "name": "p_e",
    "year": "2018Q2",
    "value": 43.5365185185
  },
  {
    "name": "p_e",
    "year": "2018Q3",
    "value": 83.1621383538
  },
  {
    "name": "p_e",
    "year": "2018Q4",
    "value": 17.6609750231
  },
  {
    "name": "p_e",
    "year": "2019Q1",
    "value": 10.8251600397
  },
  {
    "name": "p_e",
    "year": "2019Q2",
    "value": 7.60773022988
  },
  {
    "name": "p_e",
    "year": "2019Q3",
    "value": 7.28967433237
  },
  {
    "name": "p_e",
    "year": "2019Q4",
    "value": 9.94100967692
  },
  {
    "name": "p_e",
    "year": "2020Q1",
    "value": 103.403061224
  },
  {
    "name": "p_e",
    "year": "2020Q2",
    "value": 51.538202925
  },
  {
    "name": "p_e",
    "year": "2020Q3",
    "value": -34.5418256494
  },
  {
    "name": "p_e",
    "year": "2020Q4",
    "value": 42.2406947368
  },
  {
    "name": "p_e",
    "year": "2021Q1",
    "value": 11.7203107592
  },
  {
    "name": "p_e",
    "year": "2021Q2",
    "value": 7.36419236641
  },
  {
    "name": "p_e",
    "year": "2021Q3",
    "value": 4.14211769822
  },
  {
    "name": "p_e",
    "year": "2021Q4",
    "value": 5.89554913646
  },
  {
    "name": "p_e",
    "year": "2022Q1",
    "value": 8.0452364515
  },
  {
    "name": "p_e",
    "year": "2022Q2",
    "value": 5.42727095833
  },
  {
    "name": "p_e",
    "year": "2022Q3",
    "value": 5.17197967162
  },
  {
    "name": "p_e",
    "year": "2022Q4",
    "value": 9.32311420613
  },
  {
    "name": "p_e",
    "year": "2023Q1",
    "value": 14.6754547023
  },
  {
    "name": "p_e",
    "year": "2023Q2",
    "value": 30.355406182
  },
  {
    "name": "p_e",
    "year": "2023Q3",
    "value": 31.5123528353
  },
  {
    "name": "p_e",
    "year": "2023Q4",
    "value": 23.8093635739
  },
  {
    "name": "p_e",
    "year": "2024Q1",
    "value": 29.6030949721
  },
  {
    "name": "p_s",
    "year": "2016Q1",
    "value": 10.8396286027
  },
  {
    "name": "p_s",
    "year": "2016Q2",
    "value": 5.61254823501
  },
  {
    "name": "p_s",
    "year": "2016Q3",
    "value": 3.67441782386
  },
  {
    "name": "p_s",
    "year": "2016Q4",
    "value": 3.89216110231
  },
  {
    "name": "p_s",
    "year": "2017Q1",
    "value": 3.57433726849
  },
  {
    "name": "p_s",
    "year": "2017Q2",
    "value": 3.32715654701
  },
  {
    "name": "p_s",
    "year": "2017Q3",
    "value": 3.53372803305
  },
  {
    "name": "p_s",
    "year": "2017Q4",
    "value": 2.86341711845
  },
  {
    "name": "p_s",
    "year": "2018Q1",
    "value": 3.03075655458
  },
  {
    "name": "p_s",
    "year": "2018Q2",
    "value": 3.05114987281
  },
  {
    "name": "p_s",
    "year": "2018Q3",
    "value": 3.05280258442
  },
  {
    "name": "p_s",
    "year": "2018Q4",
    "value": 2.81776928299
  },
  {
    "name": "p_s",
    "year": "2019Q1",
    "value": 2.54659793418
  },
  {
    "name": "p_s",
    "year": "2019Q2",
    "value": 2.47852593783
  },
  {
    "name": "p_s",
    "year": "2019Q3",
    "value": 2.79083110608
  },
  {
    "name": "p_s",
    "year": "2019Q4",
    "value": 2.89304237692
  },
  {
    "name": "p_s",
    "year": "2020Q1",
    "value": 3.91280005148
  },
  {
    "name": "p_s",
    "year": "2020Q2",
    "value": 3.62899538192
  },
  {
    "name": "p_s",
    "year": "2020Q3",
    "value": 4.00022118974
  },
  {
    "name": "p_s",
    "year": "2020Q4",
    "value": 3.62063097744
  },
  {
    "name": "p_s",
    "year": "2021Q1",
    "value": 3.32410927345
  },
  {
    "name": "p_s",
    "year": "2021Q2",
    "value": 2.69501955526
  },
  {
    "name": "p_s",
    "year": "2021Q3",
    "value": 2.74035960875
  },
  {
    "name": "p_s",
    "year": "2021Q4",
    "value": 3.3448250759
  },
  {
    "name": "p_s",
    "year": "2022Q1",
    "value": 4.98893348317
  },
  {
    "name": "p_s",
    "year": "2022Q2",
    "value": 3.53282457251
  },
  {
    "name": "p_s",
    "year": "2022Q3",
    "value": 2.75997162825
  },
  {
    "name": "p_s",
    "year": "2022Q4",
    "value": 3.70714736667
  },
  {
    "name": "p_s",
    "year": "2023Q1",
    "value": 4.463094201
  },
  {
    "name": "p_s",
    "year": "2023Q2",
    "value": 4.74135509316
  },
  {
    "name": "p_s",
    "year": "2023Q3",
    "value": 4.9369278714
  },
  {
    "name": "p_s",
    "year": "2023Q4",
    "value": 5.4641362776
  },
  {
    "name": "p_s",
    "year": "2024Q1",
    "value": 5.01517848411
  },
  {
    "name": "p_bv",
    "year": "2014Q4",
    "value": 3.32667271898
  },
  {
    "name": "p_bv",
    "year": "2015Q4",
    "value": 4.99765044046
  },
  {
    "name": "p_bv",
    "year": "2016Q1",
    "value": null
  },
  {
    "name": "p_bv",
    "year": "2016Q2",
    "value": null
  },
  {
    "name": "p_bv",
    "year": "2016Q3",
    "value": null
  },
  {
    "name": "p_bv",
    "year": "2016Q4",
    "value": 5.14591796875
  },
  {
    "name": "p_bv",
    "year": "2017Q1",
    "value": null
  },
  {
    "name": "p_bv",
    "year": "2017Q2",
    "value": null
  },
  {
    "name": "p_bv",
    "year": "2017Q3",
    "value": null
  },
  {
    "name": "p_bv",
    "year": "2017Q4",
    "value": 6.99984738956
  },
  {
    "name": "p_bv",
    "year": "2018Q1",
    "value": null
  },
  {
    "name": "p_bv",
    "year": "2018Q2",
    "value": null
  },
  {
    "name": "p_bv",
    "year": "2018Q3",
    "value": null
  },
  {
    "name": "p_bv",
    "year": "2018Q4",
    "value": 10.3758228261
  },
  {
    "name": "p_bv",
    "year": "2019Q1",
    "value": null
  },
  {
    "name": "p_bv",
    "year": "2019Q2",
    "value": null
  },
  {
    "name": "p_bv",
    "year": "2019Q3",
    "value": null
  },
  {
    "name": "p_bv",
    "year": "2019Q4",
    "value": 8.4051021645
  },
  {
    "name": "p_bv",
    "year": "2020Q1",
    "value": null
  },
  {
    "name": "p_bv",
    "year": "2020Q2",
    "value": null
  },
  {
    "name": "p_bv",
    "year": "2020Q3",
    "value": null
  },
  {
    "name": "p_bv",
    "year": "2020Q4",
    "value": 19.3235922953
  },
  {
    "name": "p_bv",
    "year": "2021Q1",
    "value": 13.9332819491
  },
  {
    "name": "p_bv",
    "year": "2021Q2",
    "value": 6.48326075269
  },
  {
    "name": "p_bv",
    "year": "2021Q3",
    "value": 6.53325788752
  },
  {
    "name": "p_bv",
    "year": "2021Q4",
    "value": 10.3310326087
  },
  {
    "name": "p_bv",
    "year": "2022Q1",
    "value": null
  },
  {
    "name": "p_bv",
    "year": "2022Q2",
    "value": null
  },
  {
    "name": "p_bv",
    "year": "2022Q3",
    "value": null
  },
  {
    "name": "p_bv",
    "year": "2022Q4",
    "value": 5.04369801085
  },
  {
    "name": "p_bv",
    "year": "2023Q1",
    "value": 4.64310434723
  },
  {
    "name": "p_bv",
    "year": "2023Q2",
    "value": 4.62008799364
  },
  {
    "name": "p_bv",
    "year": "2023Q3",
    "value": 4.41490844893
  },
  {
    "name": "p_bv",
    "year": "2023Q4",
    "value": 4.28215377009
  },
  {
    "name": "p_bv",
    "year": "2024Q1",
    "value": 3.78496714286
  },
  {
    "name": "employees",
    "year": "2015Q4",
    "value": 13261.0
  },
  {
    "name": "employees",
    "year": "2016Q1",
    "value": null
  },
  {
    "name": "employees",
    "year": "2016Q2",
    "value": null
  },
  {
    "name": "employees",
    "year": "2016Q3",
    "value": null
  },
  {
    "name": "employees",
    "year": "2016Q4",
    "value": 11201.0
  },
  {
    "name": "employees",
    "year": "2017Q1",
    "value": null
  },
  {
    "name": "employees",
    "year": "2017Q2",
    "value": null
  },
  {
    "name": "employees",
    "year": "2017Q3",
    "value": null
  },
  {
    "name": "employees",
    "year": "2017Q4",
    "value": 10883.0
  },
  {
    "name": "employees",
    "year": "2018Q1",
    "value": null
  },
  {
    "name": "employees",
    "year": "2018Q2",
    "value": null
  },
  {
    "name": "employees",
    "year": "2018Q3",
    "value": null
  },
  {
    "name": "employees",
    "year": "2018Q4",
    "value": 10696.0
  },
  {
    "name": "employees",
    "year": "2019Q1",
    "value": null
  },
  {
    "name": "employees",
    "year": "2019Q2",
    "value": null
  },
  {
    "name": "employees",
    "year": "2019Q3",
    "value": null
  },
  {
    "name": "employees",
    "year": "2019Q4",
    "value": 11205.0
  },
  {
    "name": "employees",
    "year": "2020Q1",
    "value": null
  },
  {
    "name": "employees",
    "year": "2020Q2",
    "value": null
  },
  {
    "name": "employees",
    "year": "2020Q3",
    "value": null
  },
  {
    "name": "employees",
    "year": "2020Q4",
    "value": 11429.0
  },
  {
    "name": "labour_productivity",
    "year": "2015Q4",
    "value": 0.0
  },
  {
    "name": "labour_productivity",
    "year": "2016Q1",
    "value": null
  },
  {
    "name": "labour_productivity",
    "year": "2016Q2",
    "value": null
  },
  {
    "name": "labour_productivity",
    "year": "2016Q3",
    "value": null
  },
  {
    "name": "labour_productivity",
    "year": "2016Q4",
    "value": 0.0
  },
  {
    "name": "labour_productivity",
    "year": "2017Q1",
    "value": null
  },
  {
    "name": "labour_productivity",
    "year": "2017Q2",
    "value": null
  },
  {
    "name": "labour_productivity",
    "year": "2017Q3",
    "value": null
  },
  {
    "name": "labour_productivity",
    "year": "2017Q4",
    "value": 1.43021225765
  },
  {
    "name": "labour_productivity",
    "year": "2018Q1",
    "value": null
  },
  {
    "name": "labour_productivity",
    "year": "2018Q2",
    "value": null
  },
  {
    "name": "labour_productivity",
    "year": "2018Q3",
    "value": null
  },
  {
    "name": "labour_productivity",
    "year": "2018Q4",
    "value": 1.97270007479
  },
  {
    "name": "labour_productivity",
    "year": "2019Q1",
    "value": null
  },
  {
    "name": "labour_productivity",
    "year": "2019Q2",
    "value": null
  },
  {
    "name": "labour_productivity",
    "year": "2019Q3",
    "value": null
  },
  {
    "name": "labour_productivity",
    "year": "2019Q4",
    "value": 1.33449352967
  },
  {
    "name": "labour_productivity",
    "year": "2020Q1",
    "value": null
  },
  {
    "name": "labour_productivity",
    "year": "2020Q2",
    "value": null
  },
  {
    "name": "labour_productivity",
    "year": "2020Q3",
    "value": null
  },
  {
    "name": "labour_productivity",
    "year": "2020Q4",
    "value": 1.57144107096
  },
  {
    "name": "expenses_per_employee",
    "year": "2015Q4",
    "value": 0.0
  },
  {
    "name": "expenses_per_employee",
    "year": "2016Q1",
    "value": null
  },
  {
    "name": "expenses_per_employee",
    "year": "2016Q2",
    "value": null
  },
  {
    "name": "expenses_per_employee",
    "year": "2016Q3",
    "value": null
  },
  {
    "name": "expenses_per_employee",
    "year": "2016Q4",
    "value": 0.0
  },
  {
    "name": "expenses_per_employee",
    "year": "2017Q1",
    "value": null
  },
  {
    "name": "expenses_per_employee",
    "year": "2017Q2",
    "value": null
  },
  {
    "name": "expenses_per_employee",
    "year": "2017Q3",
    "value": null
  },
  {
    "name": "expenses_per_employee",
    "year": "2017Q4",
    "value": 0.0
  },
  {
    "name": "expenses_per_employee",
    "year": "2018Q1",
    "value": null
  },
  {
    "name": "expenses_per_employee",
    "year": "2018Q2",
    "value": null
  },
  {
    "name": "expenses_per_employee",
    "year": "2018Q3",
    "value": null
  },
  {
    "name": "expenses_per_employee",
    "year": "2018Q4",
    "value": 0.0
  },
  {
    "name": "expenses_per_employee",
    "year": "2019Q1",
    "value": null
  },
  {
    "name": "expenses_per_employee",
    "year": "2019Q2",
    "value": null
  },
  {
    "name": "expenses_per_employee",
    "year": "2019Q3",
    "value": null
  },
  {
    "name": "expenses_per_employee",
    "year": "2019Q4",
    "value": 0.0
  },
  {
    "name": "expenses_per_employee",
    "year": "2020Q1",
    "value": null
  },
  {
    "name": "expenses_per_employee",
    "year": "2020Q2",
    "value": null
  },
  {
    "name": "expenses_per_employee",
    "year": "2020Q3",
    "value": null
  },
  {
    "name": "expenses_per_employee",
    "year": "2020Q4",
    "value": 0.0
  },
  {
    "name": "capex_revenue",
    "year": "2016Q1",
    "value": 0.0
  },
  {
    "name": "capex_revenue",
    "year": "2016Q2",
    "value": 0.0
  },
  {
    "name": "capex_revenue",
    "year": "2016Q3",
    "value": 0.0
  },
  {
    "name": "capex_revenue",
    "year": "2016Q4",
    "value": null
  },
  {
    "name": "capex_revenue",
    "year": "2017Q1",
    "value": 0.0
  },
  {
    "name": "capex_revenue",
    "year": "2017Q2",
    "value": 0.0
  },
  {
    "name": "capex_revenue",
    "year": "2017Q3",
    "value": 0.0
  },
  {
    "name": "capex_revenue",
    "year": "2017Q4",
    "value": 0.0
  },
  {
    "name": "capex_revenue",
    "year": "2018Q1",
    "value": 0.0
  },
  {
    "name": "capex_revenue",
    "year": "2018Q2",
    "value": 0.0
  },
  {
    "name": "capex_revenue",
    "year": "2018Q3",
    "value": 0.0
  },
  {
    "name": "capex_revenue",
    "year": "2018Q4",
    "value": 0.0
  },
  {
    "name": "capex_revenue",
    "year": "2019Q1",
    "value": 0.0
  },
  {
    "name": "capex_revenue",
    "year": "2019Q2",
    "value": 0.0
  },
  {
    "name": "capex_revenue",
    "year": "2019Q3",
    "value": 0.0
  },
  {
    "name": "capex_revenue",
    "year": "2019Q4",
    "value": 0.0
  },
  {
    "name": "capex_revenue",
    "year": "2020Q1",
    "value": 0.0
  },
  {
    "name": "capex_revenue",
    "year": "2020Q2",
    "value": 0.0
  },
  {
    "name": "capex_revenue",
    "year": "2020Q3",
    "value": 0.0
  },
  {
    "name": "capex_revenue",
    "year": "2020Q4",
    "value": 0.0
  },
  {
    "name": "capex_revenue",
    "year": "2021Q1",
    "value": 0.0
  },
  {
    "name": "capex_revenue",
    "year": "2021Q2",
    "value": 0.0
  },
  {
    "name": "capex_revenue",
    "year": "2021Q3",
    "value": 0.0
  },
  {
    "name": "capex_revenue",
    "year": "2021Q4",
    "value": 0.0
  },
  {
    "name": "capex_revenue",
    "year": "2022Q1",
    "value": 0.0
  },
  {
    "name": "capex_revenue",
    "year": "2022Q2",
    "value": 0.0
  },
  {
    "name": "capex_revenue",
    "year": "2022Q3",
    "value": 0.0
  },
  {
    "name": "capex_revenue",
    "year": "2022Q4",
    "value": 0.0
  },
  {
    "name": "capex_revenue",
    "year": "2023Q1",
    "value": 0.0
  },
  {
    "name": "capex_revenue",
    "year": "2023Q2",
    "value": 0.0
  },
  {
    "name": "capex_revenue",
    "year": "2023Q3",
    "value": 0.0
  },
  {
    "name": "capex_revenue",
    "year": "2023Q4",
    "value": 0.0
  },
  {
    "name": "capex_revenue",
    "year": "2024Q1",
    "value": 0.0
  },
  {
    "name": "irr",
    "year": "2021Q2",
    "value": 2.28571
  },
  {
    "name": "irr",
    "year": "2021Q3",
    "value": 2.85714
  },
  {
    "name": "irr",
    "year": "2021Q4",
    "value": 1.42857
  },
  {
    "name": "irr",
    "year": "2022Q1",
    "value": 1.42857
  },
  {
    "name": "irr",
    "year": "2022Q2",
    "value": null
  },
  {
    "name": "irr",
    "year": "2022Q3",
    "value": null
  },
  {
    "name": "irr",
    "year": "2022Q4",
    "value": 1.85714
  },
  {
    "name": "irr",
    "year": "2023Q1",
    "value": null
  },
  {
    "name": "irr",
    "year": "2023Q2",
    "value": null
  },
  {
    "name": "irr",
    "year": "2023Q3",
    "value": null
  },
  {
    "name": "irr",
    "year": "2023Q4",
    "value": 1.85714
  },
  {
    "name": "irr",
    "year": "2024Q1",
    "value": 1.85714
  },
  {
    "name": "ir_fs_quality",
    "year": "2021Q2",
    "value": 1.0
  },
  {
    "name": "ir_fs_quality",
    "year": "2021Q3",
    "value": 3.0
  },
  {
    "name": "ir_fs_quality",
    "year": "2021Q4",
    "value": 1.0
  },
  {
    "name": "ir_fs_quality",
    "year": "2022Q1",
    "value": 1.0
  },
  {
    "name": "ir_fs_quality",
    "year": "2022Q2",
    "value": null
  },
  {
    "name": "ir_fs_quality",
    "year": "2022Q3",
    "value": null
  },
  {
    "name": "ir_fs_quality",
    "year": "2022Q4",
    "value": 1.0
  },
  {
    "name": "ir_fs_quality",
    "year": "2023Q1",
    "value": null
  },
  {
    "name": "ir_fs_quality",
    "year": "2023Q2",
    "value": null
  },
  {
    "name": "ir_fs_quality",
    "year": "2023Q3",
    "value": null
  },
  {
    "name": "ir_fs_quality",
    "year": "2023Q4",
    "value": 1.0
  },
  {
    "name": "ir_fs_quality",
    "year": "2024Q1",
    "value": 1.0
  },
  {
    "name": "ir_investor_presentations",
    "year": "2021Q2",
    "value": 1.0
  },
  {
    "name": "ir_investor_presentations",
    "year": "2021Q3",
    "value": 3.0
  },
  {
    "name": "ir_investor_presentations",
    "year": "2021Q4",
    "value": 1.0
  },
  {
    "name": "ir_investor_presentations",
    "year": "2022Q1",
    "value": 1.0
  },
  {
    "name": "ir_investor_presentations",
    "year": "2022Q2",
    "value": null
  },
  {
    "name": "ir_investor_presentations",
    "year": "2022Q3",
    "value": null
  },
  {
    "name": "ir_investor_presentations",
    "year": "2022Q4",
    "value": 1.0
  },
  {
    "name": "ir_investor_presentations",
    "year": "2023Q1",
    "value": null
  },
  {
    "name": "ir_investor_presentations",
    "year": "2023Q2",
    "value": null
  },
  {
    "name": "ir_investor_presentations",
    "year": "2023Q3",
    "value": null
  },
  {
    "name": "ir_investor_presentations",
    "year": "2023Q4",
    "value": 1.0
  },
  {
    "name": "ir_investor_presentations",
    "year": "2024Q1",
    "value": 1.0
  },
  {
    "name": "ir_annual_report",
    "year": "2021Q2",
    "value": 5.0
  },
  {
    "name": "ir_annual_report",
    "year": "2021Q3",
    "value": 5.0
  },
  {
    "name": "ir_annual_report",
    "year": "2021Q4",
    "value": 1.0
  },
  {
    "name": "ir_annual_report",
    "year": "2022Q1",
    "value": 1.0
  },
  {
    "name": "ir_annual_report",
    "year": "2022Q2",
    "value": null
  },
  {
    "name": "ir_annual_report",
    "year": "2022Q3",
    "value": null
  },
  {
    "name": "ir_annual_report",
    "year": "2022Q4",
    "value": 1.0
  },
  {
    "name": "ir_annual_report",
    "year": "2023Q1",
    "value": null
  },
  {
    "name": "ir_annual_report",
    "year": "2023Q2",
    "value": null
  },
  {
    "name": "ir_annual_report",
    "year": "2023Q3",
    "value": null
  },
  {
    "name": "ir_annual_report",
    "year": "2023Q4",
    "value": 1.0
  },
  {
    "name": "ir_annual_report",
    "year": "2024Q1",
    "value": 1.0
  },
  {
    "name": "ir_investor_site",
    "year": "2021Q2",
    "value": 3.0
  },
  {
    "name": "ir_investor_site",
    "year": "2021Q3",
    "value": 3.0
  },
  {
    "name": "ir_investor_site",
    "year": "2021Q4",
    "value": 4.0
  },
  {
    "name": "ir_investor_site",
    "year": "2022Q1",
    "value": 4.0
  },
  {
    "name": "ir_investor_site",
    "year": "2022Q2",
    "value": null
  },
  {
    "name": "ir_investor_site",
    "year": "2022Q3",
    "value": null
  },
  {
    "name": "ir_investor_site",
    "year": "2022Q4",
    "value": 5.0
  },
  {
    "name": "ir_investor_site",
    "year": "2023Q1",
    "value": null
  },
  {
    "name": "ir_investor_site",
    "year": "2023Q2",
    "value": null
  },
  {
    "name": "ir_investor_site",
    "year": "2023Q3",
    "value": null
  },
  {
    "name": "ir_investor_site",
    "year": "2023Q4",
    "value": 5.0
  },
  {
    "name": "ir_investor_site",
    "year": "2024Q1",
    "value": 5.0
  },
  {
    "name": "ir_investor_calendar",
    "year": "2021Q2",
    "value": 4.0
  },
  {
    "name": "ir_investor_calendar",
    "year": "2021Q3",
    "value": 4.0
  },
  {
    "name": "ir_investor_calendar",
    "year": "2021Q4",
    "value": 1.0
  },
  {
    "name": "ir_investor_calendar",
    "year": "2022Q1",
    "value": 1.0
  },
  {
    "name": "ir_investor_calendar",
    "year": "2022Q2",
    "value": null
  },
  {
    "name": "ir_investor_calendar",
    "year": "2022Q3",
    "value": null
  },
  {
    "name": "ir_investor_calendar",
    "year": "2022Q4",
    "value": 1.0
  },
  {
    "name": "ir_investor_calendar",
    "year": "2023Q1",
    "value": null
  },
  {
    "name": "ir_investor_calendar",
    "year": "2023Q2",
    "value": null
  },
  {
    "name": "ir_investor_calendar",
    "year": "2023Q3",
    "value": null
  },
  {
    "name": "ir_investor_calendar",
    "year": "2023Q4",
    "value": 1.0
  },
  {
    "name": "ir_investor_calendar",
    "year": "2024Q1",
    "value": 1.0
  },
  {
    "name": "ir_feedback",
    "year": "2021Q2",
    "value": 1.0
  },
  {
    "name": "ir_feedback",
    "year": "2021Q3",
    "value": 1.0
  },
  {
    "name": "ir_feedback",
    "year": "2021Q4",
    "value": 1.0
  },
  {
    "name": "ir_feedback",
    "year": "2022Q1",
    "value": 1.0
  },
  {
    "name": "ir_feedback",
    "year": "2022Q2",
    "value": null
  },
  {
    "name": "ir_feedback",
    "year": "2022Q3",
    "value": null
  },
  {
    "name": "ir_feedback",
    "year": "2022Q4",
    "value": 3.0
  },
  {
    "name": "ir_feedback",
    "year": "2023Q1",
    "value": null
  },
  {
    "name": "ir_feedback",
    "year": "2023Q2",
    "value": null
  },
  {
    "name": "ir_feedback",
    "year": "2023Q3",
    "value": null
  },
  {
    "name": "ir_feedback",
    "year": "2023Q4",
    "value": 3.0
  },
  {
    "name": "ir_feedback",
    "year": "2024Q1",
    "value": 3.0
  }
]