[{"name":"date","year":"2023Q1","value":"04.05.2023"},{"name":"date","year":"2023Q2","value":"28.07.2023"},{"name":"date","year":"2023Q3","value":"31.10.2023"},{"name":"date","year":"2023Q4","value":"29.03.2024"},{"name":"date","year":"2024Q1","value":"27.04.2024"},{"name":"currency","year":"2023Q1","value":"RUB"},{"name":"currency","year":"2023Q2","value":"RUB"},{"name":"currency","year":"2023Q3","value":"RUB"},{"name":"currency","year":"2023Q4","value":"RUB"},{"name":"currency","year":"2024Q1","value":"RUB"},{"name":"report_url","year":"2023Q1","value":"https://www.e-disclosure.ru/portal/FileLoad.ashx?Fileid=1791914"},{"name":"report_url","year":"2023Q2","value":"https://www.e-disclosure.ru/portal/FileLoad.ashx?Fileid=1805889"},{"name":"report_url","year":"2023Q3","value":"https://www.e-disclosure.ru/portal/FileLoad.ashx?Fileid=1814243"},{"name":"report_url","year":"2023Q4","value":"https://www.e-disclosure.ru/portal/FileLoad.ashx?Fileid=1828312"},{"name":"report_url","year":"2024Q1","value":"https://www.e-disclosure.ru/portal/FileLoad.ashx?Fileid=1834782"},{"name":"fertilizers_production","year":"2023Q1","value":"2.19"},{"name":"fertilizers_production","year":"2023Q2","value":"2.11"},{"name":"fertilizers_production","year":"2023Q3","value":"1.97"},{"name":"fertilizers_production","year":"2023Q4","value":"2.11"},{"name":"fertilizers_production","year":"2024Q1","value":"2.11"},{"name":"fertilizers_sales","year":"2023Q1","value":"2.10"},{"name":"fertilizers_sales","year":"2023Q2","value":"2.10"},{"name":"fertilizers_sales","year":"2023Q3","value":"2.13"},{"name":"fertilizers_sales","year":"2023Q4","value":"1.97"},{"name":"fertilizers_sales","year":"2024Q1","value":"2.26"},{"name":"revenue","year":"2023Q1","value":"37.9"},{"name":"revenue","year":"2023Q2","value":"27.2"},{"name":"revenue","year":"2023Q3","value":"29.2"},{"name":"revenue","year":"2023Q4","value":"32.4"},{"name":"revenue","year":"2024Q1","value":"37.9"},{"name":"operating_income","year":"2023Q1","value":"15.7"},{"name":"operating_income","year":"2023Q2","value":"7.00"},{"name":"operating_income","year":"2023Q3","value":"9.16"},{"name":"operating_income","year":"2023Q4","value":"14.8"},{"name":"operating_income","year":"2024Q1","value":"9.68"},{"name":"net_income","year":"2023Q1","value":"13.8"},{"name":"net_income","year":"2023Q2","value":"4.37"},{"name":"net_income","year":"2023Q3","value":"7.67"},{"name":"net_income","year":"2023Q4","value":"3.24"},{"name":"net_income","year":"2024Q1","value":"6.20"},{"name":"dividend_payout","year":"2023Q1","value":""},{"name":"dividend_payout","year":"2023Q2","value":""},{"name":"dividend_payout","year":"2023Q3","value":""},{"name":"dividend_payout","year":"2023Q4","value":"15.7"},{"name":"dividend_payout","year":"2024Q1","value":""},{"name":"dividend","year":"2023Q1","value":""},{"name":"dividend","year":"2023Q2","value":""},{"name":"dividend","year":"2023Q3","value":""},{"name":"dividend","year":"2023Q4","value":"427"},{"name":"dividend","year":"2024Q1","value":""},{"name":"div_yield","year":"2023Q1","value":"0.0%"},{"name":"div_yield","year":"2023Q2","value":"0.0%"},{"name":"div_yield","year":"2023Q3","value":"0.0%"},{"name":"div_yield","year":"2023Q4","value":"2.3%"},{"name":"div_yield","year":"2024Q1","value":"0.0%"},{"name":"div_payout_ratio","year":"2023Q1","value":"0%"},{"name":"div_payout_ratio","year":"2023Q2","value":"0%"},{"name":"div_payout_ratio","year":"2023Q3","value":"0%"},{"name":"div_payout_ratio","year":"2023Q4","value":"485%"},{"name":"div_payout_ratio","year":"2024Q1","value":"0%"},{"name":"opex","year":"2023Q1","value":"4.79"},{"name":"opex","year":"2023Q2","value":"4.00"},{"name":"opex","year":"2023Q3","value":"4.75"},{"name":"opex","year":"2023Q4","value":"7.06"},{"name":"opex","year":"2024Q1","value":"10.2"},{"name":"cost_of_production","year":"2023Q1","value":"17.4"},{"name":"cost_of_production","year":"2023Q2","value":"16.2"},{"name":"cost_of_production","year":"2023Q3","value":"15.3"},{"name":"cost_of_production","year":"2023Q4","value":"13.6"},{"name":"cost_of_production","year":"2024Q1","value":"18.1"},{"name":"assets","year":"2023Q1","value":"249.9"},{"name":"assets","year":"2023Q2","value":"250.7"},{"name":"assets","year":"2023Q3","value":"282.0"},{"name":"assets","year":"2023Q4","value":"289.3"},{"name":"assets","year":"2024Q1","value":"296.8"},{"name":"net_assets","year":"2023Q1","value":"146.5"},{"name":"net_assets","year":"2023Q2","value":"150.9"},{"name":"net_assets","year":"2023Q3","value":"158.6"},{"name":"net_assets","year":"2023Q4","value":"161.8"},{"name":"net_assets","year":"2024Q1","value":"168.0"},{"name":"debt","year":"2023Q1","value":"70.4"},{"name":"debt","year":"2023Q2","value":"72.6"},{"name":"debt","year":"2023Q3","value":"95.0"},{"name":"debt","year":"2023Q4","value":"88.7"},{"name":"debt","year":"2024Q1","value":"91.5"},{"name":"cash","year":"2023Q1","value":"35.2"},{"name":"cash","year":"2023Q2","value":"39.7"},{"name":"cash","year":"2023Q3","value":"52.1"},{"name":"cash","year":"2023Q4","value":"54.3"},{"name":"cash","year":"2024Q1","value":"20.0"},{"name":"net_debt","year":"2023Q1","value":"35.2"},{"name":"net_debt","year":"2023Q2","value":"32.9"},{"name":"net_debt","year":"2023Q3","value":"42.9"},{"name":"net_debt","year":"2023Q4","value":"34.4"},{"name":"net_debt","year":"2024Q1","value":"71.5"},{"name":"common_share","year":"2023Q1","value":"18 508"},{"name":"common_share","year":"2023Q2","value":"18 968"},{"name":"common_share","year":"2023Q3","value":"19 048"},{"name":"common_share","year":"2023Q4","value":"18 848"},{"name":"common_share","year":"2024Q1","value":"17 298"},{"name":"number_of_shares","year":"2023Q1","value":"36.8"},{"name":"number_of_shares","year":"2023Q2","value":"36.8"},{"name":"number_of_shares","year":"2023Q3","value":"36.8"},{"name":"number_of_shares","year":"2023Q4","value":"36.8"},{"name":"number_of_shares","year":"2024Q1","value":"36.8"},{"name":"market_cap","year":"2023Q1","value":"680.4"},{"name":"market_cap","year":"2023Q2","value":"697.3"},{"name":"market_cap","year":"2023Q3","value":"700.2"},{"name":"market_cap","year":"2023Q4","value":"692.9"},{"name":"market_cap","year":"2024Q1","value":"635.9"},{"name":"ev","year":"2023Q1","value":"715.5"},{"name":"ev","year":"2023Q2","value":"730.2"},{"name":"ev","year":"2023Q3","value":"743.1"},{"name":"ev","year":"2023Q4","value":"727.3"},{"name":"ev","year":"2024Q1","value":"707.4"},{"name":"book_value","year":"2023Q1","value":"146.5"},{"name":"book_value","year":"2023Q2","value":"150.9"},{"name":"book_value","year":"2023Q3","value":"158.6"},{"name":"book_value","year":"2023Q4","value":"161.8"},{"name":"book_value","year":"2024Q1","value":"168.0"},{"name":"eps","year":"2023Q1","value":"376.0"},{"name":"eps","year":"2023Q2","value":"118.9"},{"name":"eps","year":"2023Q3","value":"208.7"},{"name":"eps","year":"2023Q4","value":"88.1"},{"name":"eps","year":"2024Q1","value":"168.7"},{"name":"fcf_share","year":"2023Q1","value":"0.00"},{"name":"fcf_share","year":"2023Q2","value":"0.00"},{"name":"fcf_share","year":"2023Q3","value":"0.00"},{"name":"fcf_share","year":"2023Q4","value":"0.00"},{"name":"fcf_share","year":"2024Q1","value":"0.00"},{"name":"bv_share","year":"2023Q1","value":"3 986"},{"name":"bv_share","year":"2023Q2","value":"4 106"},{"name":"bv_share","year":"2023Q3","value":"4 314"},{"name":"bv_share","year":"2023Q4","value":"4 402"},{"name":"bv_share","year":"2024Q1","value":"4 570"},{"name":"ebitda_margin","year":"2023Q1","value":"0.0%"},{"name":"ebitda_margin","year":"2023Q2","value":"0.0%"},{"name":"ebitda_margin","year":"2023Q3","value":"0.0%"},{"name":"ebitda_margin","year":"2023Q4","value":"0.0%"},{"name":"ebitda_margin","year":"2024Q1","value":"0.0%"},{"name":"net_margin","year":"2023Q1","value":"36.4%"},{"name":"net_margin","year":"2023Q2","value":"16.0%"},{"name":"net_margin","year":"2023Q3","value":"26.2%"},{"name":"net_margin","year":"2023Q4","value":"10.0%"},{"name":"net_margin","year":"2024Q1","value":"16.3%"},{"name":"fcf_yield","year":"2023Q1","value":"0.0%"},{"name":"fcf_yield","year":"2023Q2","value":"0.0%"},{"name":"fcf_yield","year":"2023Q3","value":"0.0%"},{"name":"fcf_yield","year":"2023Q4","value":"0.0%"},{"name":"fcf_yield","year":"2024Q1","value":"0.0%"},{"name":"roe","year":"2023Q1","value":"31.6%"},{"name":"roe","year":"2023Q2","value":"15.2%"},{"name":"roe","year":"2023Q3","value":"14.0%"},{"name":"roe","year":"2023Q4","value":"18.0%"},{"name":"roe","year":"2024Q1","value":"12.8%"},{"name":"roa","year":"2023Q1","value":"18.5%"},{"name":"roa","year":"2023Q2","value":"9.2%"},{"name":"roa","year":"2023Q3","value":"7.9%"},{"name":"roa","year":"2023Q4","value":"10.1%"},{"name":"roa","year":"2024Q1","value":"7.2%"},{"name":"p_e","year":"2023Q1","value":"14.7"},{"name":"p_e","year":"2023Q2","value":"30.4"},{"name":"p_e","year":"2023Q3","value":"31.5"},{"name":"p_e","year":"2023Q4","value":"23.8"},{"name":"p_e","year":"2024Q1","value":"29.6"},{"name":"p_s","year":"2023Q1","value":"4.46"},{"name":"p_s","year":"2023Q2","value":"4.74"},{"name":"p_s","year":"2023Q3","value":"4.94"},{"name":"p_s","year":"2023Q4","value":"5.46"},{"name":"p_s","year":"2024Q1","value":"5.02"},{"name":"p_bv","year":"2023Q1","value":"4.64"},{"name":"p_bv","year":"2023Q2","value":"4.62"},{"name":"p_bv","year":"2023Q3","value":"4.41"},{"name":"p_bv","year":"2023Q4","value":"4.28"},{"name":"p_bv","year":"2024Q1","value":"3.78"},{"name":"capex_revenue","year":"2023Q1","value":"0%"},{"name":"capex_revenue","year":"2023Q2","value":"0%"},{"name":"capex_revenue","year":"2023Q3","value":"0%"},{"name":"capex_revenue","year":"2023Q4","value":"0%"},{"name":"capex_revenue","year":"2024Q1","value":"0%"},{"name":"irr","year":"2023Q1","value":""},{"name":"irr","year":"2023Q2","value":""},{"name":"irr","year":"2023Q3","value":""},{"name":"irr","year":"2023Q4","value":"1.9"},{"name":"irr","year":"2024Q1","value":"1.9"},{"name":"ir_fs_quality","year":"2023Q1","value":""},{"name":"ir_fs_quality","year":"2023Q2","value":""},{"name":"ir_fs_quality","year":"2023Q3","value":""},{"name":"ir_fs_quality","year":"2023Q4","value":"1"},{"name":"ir_fs_quality","year":"2024Q1","value":"1"},{"name":"ir_investor_presentations","year":"2023Q1","value":""},{"name":"ir_investor_presentations","year":"2023Q2","value":""},{"name":"ir_investor_presentations","year":"2023Q3","value":""},{"name":"ir_investor_presentations","year":"2023Q4","value":"1"},{"name":"ir_investor_presentations","year":"2024Q1","value":"1"},{"name":"ir_annual_report","year":"2023Q1","value":""},{"name":"ir_annual_report","year":"2023Q2","value":""},{"name":"ir_annual_report","year":"2023Q3","value":""},{"name":"ir_annual_report","year":"2023Q4","value":"1"},{"name":"ir_annual_report","year":"2024Q1","value":"1"},{"name":"ir_investor_site","year":"2023Q1","value":""},{"name":"ir_investor_site","year":"2023Q2","value":""},{"name":"ir_investor_site","year":"2023Q3","value":""},{"name":"ir_investor_site","year":"2023Q4","value":"5"},{"name":"ir_investor_site","year":"2024Q1","value":"5"},{"name":"ir_investor_calendar","year":"2023Q1","value":""},{"name":"ir_investor_calendar","year":"2023Q2","value":""},{"name":"ir_investor_calendar","year":"2023Q3","value":""},{"name":"ir_investor_calendar","year":"2023Q4","value":"1"},{"name":"ir_investor_calendar","year":"2024Q1","value":"1"},{"name":"ir_feedback","year":"2023Q1","value":""},{"name":"ir_feedback","year":"2023Q2","value":""},{"name":"ir_feedback","year":"2023Q3","value":""},{"name":"ir_feedback","year":"2023Q4","value":"3"},{"name":"ir_feedback","year":"2024Q1","value":"3"}]