[{"name":"date","year":"2019","value":"26.03.2020"},{"name":"date","year":"2020","value":"05.04.2022"},{"name":"date","year":"2021","value":"23.03.2022"},{"name":"date","year":"2022","value":"12.04.2023"},{"name":"date","year":"2023","value":""},{"name":"currency","year":"2019","value":"RUB"},{"name":"currency","year":"2020","value":"RUB"},{"name":"currency","year":"2021","value":"RUB"},{"name":"currency","year":"2022","value":"RUB"},{"name":"currency","year":"2023","value":"RUB"},{"name":"report_url","year":"2019","value":"http://cnt.ru/upload/iblock/7cb/AZ-2019-MSFO-TST.pdf"},{"name":"report_url","year":"2020","value":"https://www.e-disclosure.ru/portal/FileLoad.ashx?Fileid=1693752"},{"name":"report_url","year":"2021","value":"https://www.e-disclosure.ru/portal/FileLoad.ashx?Fileid=1739537"},{"name":"report_url","year":"2022","value":"https://www.cnt.ru/upload/iblock/bba/TST_MSFO_2022.pdf"},{"name":"report_url","year":"2023","value":""},{"name":"year_report_url","year":"2019","value":"https://e-disclosure.ru/portal/FileLoad.ashx?Fileid=1652440"},{"name":"year_report_url","year":"2020","value":"https://e-disclosure.ru/portal/FileLoad.ashx?Fileid=1706473"},{"name":"year_report_url","year":"2021","value":""},{"name":"year_report_url","year":"2022","value":""},{"name":"year_report_url","year":"2023","value":""},{"name":"revenue","year":"2019","value":"2.09"},{"name":"revenue","year":"2020","value":"1.62"},{"name":"revenue","year":"2021","value":"1.48"},{"name":"revenue","year":"2022","value":"1.33"},{"name":"revenue","year":"2023","value":""},{"name":"operating_income","year":"2019","value":"2.74"},{"name":"operating_income","year":"2020","value":"0.096"},{"name":"operating_income","year":"2021","value":"0.442"},{"name":"operating_income","year":"2022","value":"-0.103"},{"name":"operating_income","year":"2023","value":""},{"name":"ebitda","year":"2019","value":"2.96"},{"name":"ebitda","year":"2020","value":"0.347"},{"name":"ebitda","year":"2021","value":"0.585"},{"name":"ebitda","year":"2022","value":"0.128"},{"name":"ebitda","year":"2023","value":""},{"name":"net_income","year":"2019","value":"2.26"},{"name":"net_income","year":"2020","value":"0.136"},{"name":"net_income","year":"2021","value":"0.356"},{"name":"net_income","year":"2022","value":"-0.046"},{"name":"net_income","year":"2023","value":""},{"name":"ocf","year":"2019","value":"-0.135"},{"name":"ocf","year":"2020","value":"-1.06"},{"name":"ocf","year":"2021","value":"0.337"},{"name":"ocf","year":"2022","value":"0.291"},{"name":"ocf","year":"2023","value":""},{"name":"capex","year":"2019","value":"0.194"},{"name":"capex","year":"2020","value":"0.050"},{"name":"capex","year":"2021","value":"0.017"},{"name":"capex","year":"2022","value":"0.043"},{"name":"capex","year":"2023","value":""},{"name":"fcf","year":"2019","value":"2.67"},{"name":"fcf","year":"2020","value":"-0.800"},{"name":"fcf","year":"2021","value":"0.332"},{"name":"fcf","year":"2022","value":"0.290"},{"name":"fcf","year":"2023","value":""},{"name":"dividend_payout","year":"2019","value":"2.50"},{"name":"dividend_payout","year":"2020","value":"0.014"},{"name":"dividend_payout","year":"2021","value":"0.338"},{"name":"dividend_payout","year":"2022","value":"0.008"},{"name":"dividend_payout","year":"2023","value":"0.042"},{"name":"dividend","year":"2019","value":"11.83"},{"name":"dividend","year":"2020","value":""},{"name":"dividend","year":"2021","value":"1.524"},{"name":"dividend","year":"2022","value":"0.034"},{"name":"dividend","year":"2023","value":"0.189"},{"name":"div_yield","year":"2019","value":"67.2%"},{"name":"div_yield","year":"2020","value":"0.0%"},{"name":"div_yield","year":"2021","value":"12.7%"},{"name":"div_yield","year":"2022","value":"0.3%"},{"name":"div_yield","year":"2023","value":"1.3%"},{"name":"dividend_pr","year":"2019","value":"11.83"},{"name":"dividend_pr","year":"2020","value":"0.25"},{"name":"dividend_pr","year":"2021","value":"1.524"},{"name":"dividend_pr","year":"2022","value":"0.034"},{"name":"dividend_pr","year":"2023","value":"0.189"},{"name":"div_yield_priv","year":"2019","value":"82.4%"},{"name":"div_yield_priv","year":"2020","value":"1.9%"},{"name":"div_yield_priv","year":"2021","value":"18.9%"},{"name":"div_yield_priv","year":"2022","value":"0.5%"},{"name":"div_yield_priv","year":"2023","value":"1.8%"},{"name":"div_payout_ratio","year":"2019","value":"111%"},{"name":"div_payout_ratio","year":"2020","value":"10%"},{"name":"div_payout_ratio","year":"2021","value":"95%"},{"name":"div_payout_ratio","year":"2022","value":"0%"},{"name":"div_payout_ratio","year":"2023","value":""},{"name":"opex","year":"2019","value":"1.29"},{"name":"opex","year":"2020","value":"1.53"},{"name":"opex","year":"2021","value":"1.03"},{"name":"opex","year":"2022","value":"1.43"},{"name":"opex","year":"2023","value":""},{"name":"employment_expenses","year":"2019","value":"0.122"},{"name":"employment_expenses","year":"2020","value":"0.106"},{"name":"employment_expenses","year":"2021","value":"0.108"},{"name":"employment_expenses","year":"2022","value":"0.101"},{"name":"employment_expenses","year":"2023","value":""},{"name":"interest_expenses","year":"2019","value":"0.001"},{"name":"interest_expenses","year":"2020","value":"0.003"},{"name":"interest_expenses","year":"2021","value":"0.003"},{"name":"interest_expenses","year":"2022","value":"0.000"},{"name":"interest_expenses","year":"2023","value":""},{"name":"assets","year":"2019","value":"4.93"},{"name":"assets","year":"2020","value":"1.42"},{"name":"assets","year":"2021","value":"1.61"},{"name":"assets","year":"2022","value":"1.15"},{"name":"assets","year":"2023","value":""},{"name":"net_assets","year":"2019","value":"3.15"},{"name":"net_assets","year":"2020","value":"0.790"},{"name":"net_assets","year":"2021","value":"1.13"},{"name":"net_assets","year":"2022","value":"0.782"},{"name":"net_assets","year":"2023","value":""},{"name":"debt","year":"2019","value":"0.000"},{"name":"debt","year":"2020","value":"0.000"},{"name":"debt","year":"2021","value":"0.000"},{"name":"debt","year":"2022","value":"0.000"},{"name":"debt","year":"2023","value":""},{"name":"cash","year":"2019","value":"0.006"},{"name":"cash","year":"2020","value":"0.002"},{"name":"cash","year":"2021","value":"0.003"},{"name":"cash","year":"2022","value":"0.003"},{"name":"cash","year":"2023","value":""},{"name":"net_debt","year":"2019","value":"-0.01"},{"name":"net_debt","year":"2020","value":"0.00"},{"name":"net_debt","year":"2021","value":"0.00"},{"name":"net_debt","year":"2022","value":"0.00"},{"name":"net_debt","year":"2023","value":"0.00"},{"name":"common_share","year":"2019","value":"17.6"},{"name":"common_share","year":"2020","value":"15.4"},{"name":"common_share","year":"2021","value":"12.0"},{"name":"common_share","year":"2022","value":"9.98"},{"name":"common_share","year":"2023","value":"14.9"},{"name":"number_of_shares","year":"2019","value":"166.2"},{"name":"number_of_shares","year":"2020","value":"166.2"},{"name":"number_of_shares","year":"2021","value":"166.2"},{"name":"number_of_shares","year":"2022","value":"166.2"},{"name":"number_of_shares","year":"2023","value":"166.2"},{"name":"priv_share","year":"2019","value":"14.4"},{"name":"priv_share","year":"2020","value":"13.1"},{"name":"priv_share","year":"2021","value":"8.08"},{"name":"priv_share","year":"2022","value":"7.24"},{"name":"priv_share","year":"2023","value":"10.7"},{"name":"number_of_priv_shares","year":"2019","value":"55.4"},{"name":"number_of_priv_shares","year":"2020","value":"55.4"},{"name":"number_of_priv_shares","year":"2021","value":"55.4"},{"name":"number_of_priv_shares","year":"2022","value":"55.4"},{"name":"number_of_priv_shares","year":"2023","value":"55.4"},{"name":"market_cap","year":"2019","value":"3.72"},{"name":"market_cap","year":"2020","value":"3.28"},{"name":"market_cap","year":"2021","value":"2.43"},{"name":"market_cap","year":"2022","value":"2.06"},{"name":"market_cap","year":"2023","value":"3.08"},{"name":"ev","year":"2019","value":"3.71"},{"name":"ev","year":"2020","value":"3.28"},{"name":"ev","year":"2021","value":"2.43"},{"name":"ev","year":"2022","value":"2.06"},{"name":"ev","year":"2023","value":"3.08"},{"name":"book_value","year":"2019","value":"3.08"},{"name":"book_value","year":"2020","value":"0.74"},{"name":"book_value","year":"2021","value":"1.09"},{"name":"book_value","year":"2022","value":"0.75"},{"name":"book_value","year":"2023","value":"0.00"},{"name":"eps","year":"2019","value":"13.6"},{"name":"eps","year":"2020","value":"0.82"},{"name":"eps","year":"2021","value":"2.14"},{"name":"eps","year":"2022","value":"-0.28"},{"name":"eps","year":"2023","value":"0.00"},{"name":"fcf_share","year":"2019","value":"16.1"},{"name":"fcf_share","year":"2020","value":"-4.81"},{"name":"fcf_share","year":"2021","value":"2.00"},{"name":"fcf_share","year":"2022","value":"1.75"},{"name":"fcf_share","year":"2023","value":"0.00"},{"name":"bv_share","year":"2019","value":"18.5"},{"name":"bv_share","year":"2020","value":"4.43"},{"name":"bv_share","year":"2021","value":"6.54"},{"name":"bv_share","year":"2022","value":"4.50"},{"name":"bv_share","year":"2023","value":"0.00"},{"name":"ebitda_margin","year":"2019","value":"141.2%"},{"name":"ebitda_margin","year":"2020","value":"21.4%"},{"name":"ebitda_margin","year":"2021","value":"39.5%"},{"name":"ebitda_margin","year":"2022","value":"9.6%"},{"name":"ebitda_margin","year":"2023","value":""},{"name":"net_margin","year":"2019","value":"107.8%"},{"name":"net_margin","year":"2020","value":"8.4%"},{"name":"net_margin","year":"2021","value":"24.1%"},{"name":"net_margin","year":"2022","value":"-3.5%"},{"name":"net_margin","year":"2023","value":""},{"name":"fcf_yield","year":"2019","value":"91.3%"},{"name":"fcf_yield","year":"2020","value":"-31.3%"},{"name":"fcf_yield","year":"2021","value":"16.7%"},{"name":"fcf_yield","year":"2022","value":"17.5%"},{"name":"fcf_yield","year":"2023","value":"0.0%"},{"name":"roe","year":"2019","value":"71.7%"},{"name":"roe","year":"2020","value":"17.2%"},{"name":"roe","year":"2021","value":"31.5%"},{"name":"roe","year":"2022","value":"-5.9%"},{"name":"roe","year":"2023","value":""},{"name":"roa","year":"2019","value":"45.8%"},{"name":"roa","year":"2020","value":"9.6%"},{"name":"roa","year":"2021","value":"22.1%"},{"name":"roa","year":"2022","value":"-4.0%"},{"name":"roa","year":"2023","value":""},{"name":"p_e","year":"2019","value":"1.65"},{"name":"p_e","year":"2020","value":"24.1"},{"name":"p_e","year":"2021","value":"6.84"},{"name":"p_e","year":"2022","value":"-44.8"},{"name":"p_e","year":"2023","value":""},{"name":"p_fcf","year":"2019","value":"1.39"},{"name":"p_fcf","year":"2020","value":"-4.10"},{"name":"p_fcf","year":"2021","value":"7.33"},{"name":"p_fcf","year":"2022","value":"7.10"},{"name":"p_fcf","year":"2023","value":""},{"name":"p_s","year":"2019","value":"1.78"},{"name":"p_s","year":"2020","value":"2.03"},{"name":"p_s","year":"2021","value":"1.65"},{"name":"p_s","year":"2022","value":"1.55"},{"name":"p_s","year":"2023","value":""},{"name":"p_bv","year":"2019","value":"1.21"},{"name":"p_bv","year":"2020","value":"4.46"},{"name":"p_bv","year":"2021","value":"2.24"},{"name":"p_bv","year":"2022","value":"2.75"},{"name":"p_bv","year":"2023","value":""},{"name":"ev_ebitda","year":"2019","value":"1.26"},{"name":"ev_ebitda","year":"2020","value":"9.45"},{"name":"ev_ebitda","year":"2021","value":"4.16"},{"name":"ev_ebitda","year":"2022","value":"16.1"},{"name":"ev_ebitda","year":"2023","value":""},{"name":"debt_ebitda","year":"2019","value":"0.00"},{"name":"debt_ebitda","year":"2020","value":"-0.01"},{"name":"debt_ebitda","year":"2021","value":"-0.01"},{"name":"debt_ebitda","year":"2022","value":"-0.02"},{"name":"debt_ebitda","year":"2023","value":""},{"name":"r_and_d_capex","year":"2019","value":"0.00%"},{"name":"r_and_d_capex","year":"2020","value":"0.00%"},{"name":"r_and_d_capex","year":"2021","value":"0.00%"},{"name":"r_and_d_capex","year":"2022","value":"0.00%"},{"name":"r_and_d_capex","year":"2023","value":""},{"name":"capex_revenue","year":"2019","value":"9%"},{"name":"capex_revenue","year":"2020","value":"3%"},{"name":"capex_revenue","year":"2021","value":"1%"},{"name":"capex_revenue","year":"2022","value":"3%"},{"name":"capex_revenue","year":"2023","value":""}]