[{"name":"P/E","year":"2023","value":"5.55"},{"name":"P/E","year":"2022","value":"8.9"},{"name":"P/B","year":"2023","value":"3.05"},{"name":"P/B","year":"2022","value":"2"},{"name":"P/S","year":"2023","value":"0.28"},{"name":"P/S","year":"2022","value":"0.18"},{"name":"P/CF","year":"2023","value":"12.16"},{"name":"P/CF","year":"2022","value":"2.7"},{"name":"EV/S","year":"2023","value":"0.79"},{"name":"EV/S","year":"2022","value":"0.31"},{"name":"EV/EBITDA","year":"2023","value":"3.7"},{"name":"EV/EBITDA","year":"2022","value":"2.18"},{"name":"EV/EBIT","year":"2023","value":"5.9"},{"name":"EV/EBIT","year":"2022","value":"3.32"},{"name":"Коэффициент долга","year":"2023","value":"0.94"},{"name":"Коэффициент долга","year":"2022","value":"0.94"},{"name":"D/E","year":"2023","value":"17.16"},{"name":"D/E","year":"2022","value":"15.75"},{"name":"CAPEX/Выручка","year":"2023","value":"46.64"},{"name":"CAPEX/Выручка","year":"2022","value":"22.56"},{"name":"NetDebt/EBITDA","year":"2023","value":"2.37"},{"name":"NetDebt/EBITDA","year":"2022","value":"0.91"},{"name":"Долг/EBITDA","year":"2023","value":"3.27"},{"name":"Долг/EBITDA","year":"2022","value":"2.96"},{"name":"ROE","year":"2023","value":"55.03"},{"name":"ROE","year":"2022","value":"22.52"},{"name":"ROA","year":"2023","value":"3.03"},{"name":"ROA","year":"2022","value":"1.34"},{"name":"Return on Sales","year":"2023","value":"13.31"},{"name":"Return on Sales","year":"2022","value":"9.22"},{"name":"ROIC","year":"2023","value":"14.7"},{"name":"ROIC","year":"2022","value":"11.88"},{"name":"ROCE","year":"2023","value":"20.51"},{"name":"ROCE","year":"2022","value":"17.65"},{"name":"Net Margin","year":"2023","value":"5.09"},{"name":"Net Margin","year":"2022","value":"2"},{"name":"Операционная маржа","year":"2023","value":"13.31"},{"name":"Операционная маржа","year":"2022","value":"9.22"},{"name":"EBITDA рентабельность","year":"2023","value":"21.23"},{"name":"EBITDA рентабельность","year":"2022","value":"14.01"},{"name":"Тек. ливкидность","year":"2023","value":"0.97"},{"name":"Тек. ливкидность","year":"2022","value":"0.98"},{"name":"Валовая маржа","year":"2023","value":"21.21"},{"name":"Валовая маржа","year":"2022","value":"16.36"}]