[{"name":"date","year":"2021Q4","value":"29.04.2022"},{"name":"date","year":"2022Q2","value":"29.08.2022"},{"name":"date","year":"2022Q4","value":"02.05.2024"},{"name":"date","year":"2023Q2","value":"29.08.2023"},{"name":"date","year":"2023Q4","value":"02.05.2024"},{"name":"date","year":"LTM\n?","value":"02.05.2024"},{"name":"currency","year":"2021Q4","value":"RUB"},{"name":"currency","year":"2022Q2","value":"RUB"},{"name":"currency","year":"2022Q4","value":"RUB"},{"name":"currency","year":"2023Q2","value":"RUB"},{"name":"currency","year":"2023Q4","value":"RUB"},{"name":"currency","year":"LTM\n?","value":"RUB"},{"name":"report_url","year":"2021Q4","value":"https://www.e-disclosure.ru/portal/FileLoad.ashx?Fileid=1747883"},{"name":"report_url","year":"2022Q2","value":"https://www.e-disclosure.ru/portal/FileLoad.ashx?Fileid=1766324"},{"name":"report_url","year":"2022Q4","value":""},{"name":"report_url","year":"2023Q2","value":"https://www.e-disclosure.ru/portal/FileLoad.ashx?Fileid=1809678"},{"name":"report_url","year":"2023Q4","value":"https://www.e-disclosure.ru/portal/FileLoad.ashx?Fileid=1835145"},{"name":"report_url","year":"LTM\n?","value":"https://www.e-disclosure.ru/portal/FileLoad.ashx?Fileid=1835145"},{"name":"revenue","year":"2021Q4","value":"3.17"},{"name":"revenue","year":"2022Q2","value":"2.10"},{"name":"revenue","year":"2022Q4","value":"2.26"},{"name":"revenue","year":"2023Q2","value":"3.00"},{"name":"revenue","year":"2023Q4","value":"0.230"},{"name":"revenue","year":"LTM\n?","value":"3.23"},{"name":"operating_income","year":"2021Q4","value":"0.810"},{"name":"operating_income","year":"2022Q2","value":"0.460"},{"name":"operating_income","year":"2022Q4","value":"-5.97"},{"name":"operating_income","year":"2023Q2","value":"0.140"},{"name":"operating_income","year":"2023Q4","value":"-1.78"},{"name":"operating_income","year":"LTM\n?","value":"-1.64"},{"name":"ebitda","year":"2021Q4","value":"0.940"},{"name":"ebitda","year":"2022Q2","value":"0.635"},{"name":"ebitda","year":"2022Q4","value":""},{"name":"ebitda","year":"2023Q2","value":"0.152"},{"name":"ebitda","year":"2023Q4","value":""},{"name":"ebitda","year":"LTM\n?","value":"0.152"},{"name":"net_income","year":"2021Q4","value":"0.900"},{"name":"net_income","year":"2022Q2","value":"0.207"},{"name":"net_income","year":"2022Q4","value":"-3.71"},{"name":"net_income","year":"2023Q2","value":"0.590"},{"name":"net_income","year":"2023Q4","value":"1.50"},{"name":"net_income","year":"LTM\n?","value":"2.09"},{"name":"ocf","year":"2021Q4","value":"1.42"},{"name":"ocf","year":"2022Q2","value":"-0.440"},{"name":"ocf","year":"2022Q4","value":""},{"name":"ocf","year":"2023Q2","value":""},{"name":"ocf","year":"2023Q4","value":""},{"name":"ocf","year":"LTM\n?","value":""},{"name":"capex","year":"2021Q4","value":"0.910"},{"name":"capex","year":"2022Q2","value":"0.634"},{"name":"capex","year":"2022Q4","value":""},{"name":"capex","year":"2023Q2","value":"0.530"},{"name":"capex","year":"2023Q4","value":""},{"name":"capex","year":"LTM\n?","value":"0.530"},{"name":"fcf","year":"2021Q4","value":"0.490"},{"name":"fcf","year":"2022Q2","value":"-1.07"},{"name":"fcf","year":"2022Q4","value":""},{"name":"fcf","year":"2023Q2","value":""},{"name":"fcf","year":"2023Q4","value":""},{"name":"fcf","year":"LTM\n?","value":""},{"name":"div_yield","year":"2021Q4","value":"0.0%"},{"name":"div_yield","year":"2022Q2","value":"0.0%"},{"name":"div_yield","year":"2022Q4","value":"0.0%"},{"name":"div_yield","year":"2023Q2","value":"0.0%"},{"name":"div_yield","year":"2023Q4","value":"0.0%"},{"name":"div_yield","year":"LTM\n?","value":"0"},{"name":"div_payout_ratio","year":"2021Q4","value":"0%"},{"name":"div_payout_ratio","year":"2022Q2","value":"0%"},{"name":"div_payout_ratio","year":"2022Q4","value":"0%"},{"name":"div_payout_ratio","year":"2023Q2","value":"0%"},{"name":"div_payout_ratio","year":"2023Q4","value":"0%"},{"name":"div_payout_ratio","year":"LTM\n?","value":"0"},{"name":"opex","year":"2021Q4","value":"0.490"},{"name":"opex","year":"2022Q2","value":"0.335"},{"name":"opex","year":"2022Q4","value":""},{"name":"opex","year":"2023Q2","value":"1.30"},{"name":"opex","year":"2023Q4","value":""},{"name":"opex","year":"LTM\n?","value":"1.30"},{"name":"cost_of_production","year":"2021Q4","value":"1.84"},{"name":"cost_of_production","year":"2022Q2","value":"1.31"},{"name":"cost_of_production","year":"2022Q4","value":"1.89"},{"name":"cost_of_production","year":"2023Q2","value":"1.55"},{"name":"cost_of_production","year":"2023Q4","value":"0.120"},{"name":"cost_of_production","year":"LTM\n?","value":"1.67"},{"name":"amortization","year":"2021Q4","value":""},{"name":"amortization","year":"2022Q2","value":"0.2"},{"name":"amortization","year":"2022Q4","value":""},{"name":"amortization","year":"2023Q2","value":"0.0"},{"name":"amortization","year":"2023Q4","value":""},{"name":"amortization","year":"LTM\n?","value":"0.0"},{"name":"employment_expenses","year":"2021Q4","value":"0.930"},{"name":"employment_expenses","year":"2022Q2","value":"0.760"},{"name":"employment_expenses","year":"2022Q4","value":""},{"name":"employment_expenses","year":"2023Q2","value":"0.760"},{"name":"employment_expenses","year":"2023Q4","value":""},{"name":"employment_expenses","year":"LTM\n?","value":"0.760"},{"name":"assets","year":"2021Q4","value":"20.5"},{"name":"assets","year":"2022Q2","value":"21.2"},{"name":"assets","year":"2022Q4","value":"16.2"},{"name":"assets","year":"2023Q2","value":"18.3"},{"name":"assets","year":"2023Q4","value":"17.9"},{"name":"assets","year":"LTM\n?","value":"17.9"},{"name":"net_assets","year":"2021Q4","value":"19.1"},{"name":"net_assets","year":"2022Q2","value":"19.3"},{"name":"net_assets","year":"2022Q4","value":"15.6"},{"name":"net_assets","year":"2023Q2","value":"16.2"},{"name":"net_assets","year":"2023Q4","value":"17.7"},{"name":"net_assets","year":"LTM\n?","value":"17.7"},{"name":"debt","year":"2021Q4","value":"0.030"},{"name":"debt","year":"2022Q2","value":"0.772"},{"name":"debt","year":"2022Q4","value":"0.067"},{"name":"debt","year":"2023Q2","value":"1.46"},{"name":"debt","year":"2023Q4","value":"0.160"},{"name":"debt","year":"LTM\n?","value":"0.160"},{"name":"cash","year":"2021Q4","value":"2.60"},{"name":"cash","year":"2022Q2","value":"1.70"},{"name":"cash","year":"2022Q4","value":""},{"name":"cash","year":"2023Q2","value":""},{"name":"cash","year":"2023Q4","value":""},{"name":"cash","year":"LTM\n?","value":""},{"name":"net_debt","year":"2021Q4","value":"-2.57"},{"name":"net_debt","year":"2022Q2","value":"-0.93"},{"name":"net_debt","year":"2022Q4","value":"0.07"},{"name":"net_debt","year":"2023Q2","value":"1.46"},{"name":"net_debt","year":"2023Q4","value":"0.16"},{"name":"net_debt","year":"LTM\n?","value":"0.16"},{"name":"common_share","year":"2021Q4","value":"1 097"},{"name":"common_share","year":"2022Q2","value":"839.0"},{"name":"common_share","year":"2022Q4","value":"926.0"},{"name":"common_share","year":"2023Q2","value":"1 179"},{"name":"common_share","year":"2023Q4","value":"1 514"},{"name":"common_share","year":"LTM\n?","value":"1 740"},{"name":"number_of_shares","year":"2021Q4","value":"7.03"},{"name":"number_of_shares","year":"2022Q2","value":"7.03"},{"name":"number_of_shares","year":"2022Q4","value":"7.03"},{"name":"number_of_shares","year":"2023Q2","value":"7.03"},{"name":"number_of_shares","year":"2023Q4","value":"7.03"},{"name":"number_of_shares","year":"LTM\n?","value":"7.03"},{"name":"number_of_priv_shares","year":"2021Q4","value":"0.413"},{"name":"number_of_priv_shares","year":"2022Q2","value":"0.413"},{"name":"number_of_priv_shares","year":"2022Q4","value":"0.413"},{"name":"number_of_priv_shares","year":"2023Q2","value":"0.413"},{"name":"number_of_priv_shares","year":"2023Q4","value":"0.413"},{"name":"number_of_priv_shares","year":"LTM\n?","value":"0.413"},{"name":"market_cap","year":"2021Q4","value":"7.71"},{"name":"market_cap","year":"2022Q2","value":"5.90"},{"name":"market_cap","year":"2022Q4","value":"6.51"},{"name":"market_cap","year":"2023Q2","value":"8.29"},{"name":"market_cap","year":"2023Q4","value":"10.6"},{"name":"market_cap","year":"LTM\n?","value":"12.2"},{"name":"ev","year":"2021Q4","value":"5.14"},{"name":"ev","year":"2022Q2","value":"4.97"},{"name":"ev","year":"2022Q4","value":"6.57"},{"name":"ev","year":"2023Q2","value":"9.75"},{"name":"ev","year":"2023Q4","value":"10.8"},{"name":"ev","year":"LTM\n?","value":"12.4"},{"name":"book_value","year":"2021Q4","value":"17.7"},{"name":"book_value","year":"2022Q2","value":"17.9"},{"name":"book_value","year":"2022Q4","value":"15.6"},{"name":"book_value","year":"2023Q2","value":"16.2"},{"name":"book_value","year":"2023Q4","value":"17.7"},{"name":"book_value","year":"LTM\n?","value":"17.7"},{"name":"eps","year":"2021Q4","value":"128.1"},{"name":"eps","year":"2022Q2","value":"29.5"},{"name":"eps","year":"2022Q4","value":"-527.5"},{"name":"eps","year":"2023Q2","value":"84.0"},{"name":"eps","year":"2023Q4","value":"213.5"},{"name":"eps","year":"LTM\n?","value":"297.4"},{"name":"fcf_share","year":"2021Q4","value":"69.7"},{"name":"fcf_share","year":"2022Q2","value":"-152.3"},{"name":"fcf_share","year":"2022Q4","value":"0.00"},{"name":"fcf_share","year":"2023Q2","value":"0.00"},{"name":"fcf_share","year":"2023Q4","value":"0.00"},{"name":"fcf_share","year":"LTM\n?","value":"0"},{"name":"bv_share","year":"2021Q4","value":"2 512"},{"name":"bv_share","year":"2022Q2","value":"2 549"},{"name":"bv_share","year":"2022Q4","value":"2 214"},{"name":"bv_share","year":"2023Q2","value":"2 298"},{"name":"bv_share","year":"2023Q4","value":"2 512"},{"name":"bv_share","year":"LTM\n?","value":"2 512"},{"name":"ebitda_margin","year":"2021Q4","value":"29.7%"},{"name":"ebitda_margin","year":"2022Q2","value":"30.2%"},{"name":"ebitda_margin","year":"2022Q4","value":"0.0%"},{"name":"ebitda_margin","year":"2023Q2","value":"5.1%"},{"name":"ebitda_margin","year":"2023Q4","value":"0.0%"},{"name":"ebitda_margin","year":"LTM\n?","value":"4.7%"},{"name":"net_margin","year":"2021Q4","value":"28.4%"},{"name":"net_margin","year":"2022Q2","value":"9.9%"},{"name":"net_margin","year":"2022Q4","value":"-164.0%"},{"name":"net_margin","year":"2023Q2","value":"19.7%"},{"name":"net_margin","year":"2023Q4","value":"652.2%"},{"name":"net_margin","year":"LTM\n?","value":"64.7%"},{"name":"fcf_yield","year":"2021Q4","value":"16.9%"},{"name":"fcf_yield","year":"2022Q2","value":"-9.8%"},{"name":"fcf_yield","year":"2022Q4","value":"-16.4%"},{"name":"fcf_yield","year":"2023Q2","value":"0.0%"},{"name":"fcf_yield","year":"2023Q4","value":"0.0%"},{"name":"fcf_yield","year":"LTM\n?","value":"0"},{"name":"roe","year":"2021Q4","value":"14.2%"},{"name":"roe","year":"2022Q2","value":"5.7%"},{"name":"roe","year":"2022Q4","value":"-22.5%"},{"name":"roe","year":"2023Q2","value":"-19.3%"},{"name":"roe","year":"2023Q4","value":"11.8%"},{"name":"roe","year":"LTM\n?","value":"11.8%"},{"name":"roa","year":"2021Q4","value":"13.2%"},{"name":"roa","year":"2022Q2","value":"5.2%"},{"name":"roa","year":"2022Q4","value":"-21.6%"},{"name":"roa","year":"2023Q2","value":"-17.1%"},{"name":"roa","year":"2023Q4","value":"11.7%"},{"name":"roa","year":"LTM\n?","value":"11.7%"},{"name":"p_e","year":"2021Q4","value":"2.86"},{"name":"p_e","year":"2022Q2","value":"5.33"},{"name":"p_e","year":"2022Q4","value":"-1.86"},{"name":"p_e","year":"2023Q2","value":"-2.66"},{"name":"p_e","year":"2023Q4","value":"5.09"},{"name":"p_e","year":"LTM\n?","value":"5.85"},{"name":"p_fcf","year":"2021Q4","value":"15.7"},{"name":"p_fcf","year":"2022Q2","value":"-5.51"},{"name":"p_fcf","year":"2022Q4","value":"-6.08"},{"name":"p_fcf","year":"2023Q2","value":""},{"name":"p_fcf","year":"2023Q4","value":""},{"name":"p_fcf","year":"LTM\n?","value":""},{"name":"p_s","year":"2021Q4","value":"1.21"},{"name":"p_s","year":"2022Q2","value":"1.12"},{"name":"p_s","year":"2022Q4","value":"1.49"},{"name":"p_s","year":"2023Q2","value":"1.58"},{"name":"p_s","year":"2023Q4","value":"3.29"},{"name":"p_s","year":"LTM\n?","value":"3.79"},{"name":"p_bv","year":"2021Q4","value":"0.44"},{"name":"p_bv","year":"2022Q2","value":"0.33"},{"name":"p_bv","year":"2022Q4","value":"0.42"},{"name":"p_bv","year":"2023Q2","value":"0.51"},{"name":"p_bv","year":"2023Q4","value":"0.60"},{"name":"p_bv","year":"LTM\n?","value":"0.69"},{"name":"ev_ebitda","year":"2021Q4","value":"1.98"},{"name":"ev_ebitda","year":"2022Q2","value":"3.15"},{"name":"ev_ebitda","year":"2022Q4","value":"10.4"},{"name":"ev_ebitda","year":"2023Q2","value":"64.1"},{"name":"ev_ebitda","year":"2023Q4","value":"71.0"},{"name":"ev_ebitda","year":"LTM\n?","value":"81.5"},{"name":"debt_ebitda","year":"2021Q4","value":"-0.99"},{"name":"debt_ebitda","year":"2022Q2","value":"-0.59"},{"name":"debt_ebitda","year":"2022Q4","value":"0.11"},{"name":"debt_ebitda","year":"2023Q2","value":"9.61"},{"name":"debt_ebitda","year":"2023Q4","value":"1.05"},{"name":"debt_ebitda","year":"LTM\n?","value":"1.05"},{"name":"r_and_d_capex","year":"2021Q4","value":"0.00%"},{"name":"r_and_d_capex","year":"2022Q2","value":"0.00%"},{"name":"r_and_d_capex","year":"2022Q4","value":""},{"name":"r_and_d_capex","year":"2023Q2","value":"0.00%"},{"name":"r_and_d_capex","year":"2023Q4","value":""},{"name":"r_and_d_capex","year":"LTM\n?","value":"0"},{"name":"capex_revenue","year":"2021Q4","value":"29%"},{"name":"capex_revenue","year":"2022Q2","value":"30%"},{"name":"capex_revenue","year":"2022Q4","value":"0%"},{"name":"capex_revenue","year":"2023Q2","value":"18%"},{"name":"capex_revenue","year":"2023Q4","value":"0%"},{"name":"capex_revenue","year":"LTM\n?","value":"16%"}]