[
  {
    "name": "revenue",
    "year": "2013",
    "value": 18.044
  },
  {
    "name": "revenue",
    "year": "2014",
    "value": 19.223
  },
  {
    "name": "revenue",
    "year": "2015",
    "value": 0.865
  },
  {
    "name": "revenue",
    "year": "2016",
    "value": 2.476
  },
  {
    "name": "revenue",
    "year": "2017",
    "value": 5.022
  },
  {
    "name": "revenue",
    "year": "2018",
    "value": 3.212
  },
  {
    "name": "revenue",
    "year": "2019",
    "value": 8.798
  },
  {
    "name": "revenue",
    "year": "2020",
    "value": 8.34
  },
  {
    "name": "revenue",
    "year": "2021",
    "value": 15.9
  },
  {
    "name": "revenue",
    "year": "2022",
    "value": 23.5
  },
  {
    "name": "revenue",
    "year": "2023",
    "value": 28.48
  },
  {
    "name": "revenue",
    "year": "LTM",
    "value": 33.85
  },
  {
    "name": "ebitda",
    "year": "2013",
    "value": 0.909
  },
  {
    "name": "ebitda",
    "year": "2014",
    "value": 0.945
  },
  {
    "name": "ebitda",
    "year": "2015",
    "value": -0.067
  },
  {
    "name": "ebitda",
    "year": "2016",
    "value": 1.511
  },
  {
    "name": "ebitda",
    "year": "2017",
    "value": 2.061
  },
  {
    "name": "ebitda",
    "year": "2018",
    "value": 0.974
  },
  {
    "name": "ebitda",
    "year": "2019",
    "value": 3.432
  },
  {
    "name": "ebitda",
    "year": "2020",
    "value": 3.38
  },
  {
    "name": "ebitda",
    "year": "2021",
    "value": 8.5
  },
  {
    "name": "ebitda",
    "year": "2022",
    "value": 12.93
  },
  {
    "name": "ebitda",
    "year": "2023",
    "value": 12.9
  },
  {
    "name": "ebitda",
    "year": "LTM",
    "value": 14.0
  },
  {
    "name": "net_income",
    "year": "2013",
    "value": 0.453
  },
  {
    "name": "net_income",
    "year": "2014",
    "value": -0.407
  },
  {
    "name": "net_income",
    "year": "2015",
    "value": -1.861
  },
  {
    "name": "net_income",
    "year": "2016",
    "value": 0.6979
  },
  {
    "name": "net_income",
    "year": "2017",
    "value": 0.376
  },
  {
    "name": "net_income",
    "year": "2018",
    "value": 2.331
  },
  {
    "name": "net_income",
    "year": "2019",
    "value": 3.258
  },
  {
    "name": "net_income",
    "year": "2020",
    "value": 3.12
  },
  {
    "name": "net_income",
    "year": "2021",
    "value": 5.3
  },
  {
    "name": "net_income",
    "year": "2022",
    "value": 10.33
  },
  {
    "name": "net_income",
    "year": "2023",
    "value": 9.2
  },
  {
    "name": "net_income",
    "year": "LTM",
    "value": 2.29
  },
  {
    "name": "net_income_ns",
    "year": "2015",
    "value": -1.339
  },
  {
    "name": "net_income_ns",
    "year": "2016",
    "value": 3.886
  },
  {
    "name": "net_income_ns",
    "year": "2017",
    "value": null
  },
  {
    "name": "net_income_ns",
    "year": "2018",
    "value": null
  },
  {
    "name": "net_income_ns",
    "year": "2019",
    "value": null
  },
  {
    "name": "net_income_ns",
    "year": "2020",
    "value": null
  },
  {
    "name": "net_income_ns",
    "year": "2021",
    "value": 8.6
  },
  {
    "name": "net_income_ns",
    "year": "2022",
    "value": 11.93
  },
  {
    "name": "net_income_ns",
    "year": "2023",
    "value": 15.47
  },
  {
    "name": "net_income_ns",
    "year": "LTM",
    "value": 6.83
  },
  {
    "name": "ocf",
    "year": "2019",
    "value": 2.469
  },
  {
    "name": "ocf",
    "year": "2020",
    "value": 0.503
  },
  {
    "name": "ocf",
    "year": "2021",
    "value": 3.37
  },
  {
    "name": "ocf",
    "year": "2022",
    "value": 2.89
  },
  {
    "name": "ocf",
    "year": "2023",
    "value": 8.65
  },
  {
    "name": "ocf",
    "year": "LTM",
    "value": 15.01
  },
  {
    "name": "capex",
    "year": "2016",
    "value": 0.152
  },
  {
    "name": "capex",
    "year": "2017",
    "value": 0.572
  },
  {
    "name": "capex",
    "year": "2018",
    "value": 1.269
  },
  {
    "name": "capex",
    "year": "2019",
    "value": 2.532
  },
  {
    "name": "capex",
    "year": "2020",
    "value": 1.83
  },
  {
    "name": "capex",
    "year": "2021",
    "value": null
  },
  {
    "name": "capex",
    "year": "2022",
    "value": 3.93
  },
  {
    "name": "capex",
    "year": "2023",
    "value": 4.58
  },
  {
    "name": "capex",
    "year": "LTM",
    "value": 5.4
  },
  {
    "name": "fcf",
    "year": "2019",
    "value": -0.063
  },
  {
    "name": "fcf",
    "year": "2020",
    "value": -1.337
  },
  {
    "name": "fcf",
    "year": "2021",
    "value": -0.198
  },
  {
    "name": "fcf",
    "year": "2022",
    "value": -1.1
  },
  {
    "name": "fcf",
    "year": "2023",
    "value": 4.0
  },
  {
    "name": "fcf",
    "year": "LTM",
    "value": 9.52
  },
  {
    "name": "opex",
    "year": "2021",
    "value": 1.09
  },
  {
    "name": "opex",
    "year": "2022",
    "value": 1.93
  },
  {
    "name": "opex",
    "year": "2023",
    "value": 4.197
  },
  {
    "name": "opex",
    "year": "LTM",
    "value": 4.478
  },
  {
    "name": "cost_of_production",
    "year": "2013",
    "value": 16.155
  },
  {
    "name": "cost_of_production",
    "year": "2014",
    "value": 16.409
  },
  {
    "name": "cost_of_production",
    "year": "2015",
    "value": 0.932
  },
  {
    "name": "cost_of_production",
    "year": "2016",
    "value": 1.381
  },
  {
    "name": "cost_of_production",
    "year": "2017",
    "value": 4.132
  },
  {
    "name": "cost_of_production",
    "year": "2018",
    "value": 2.203
  },
  {
    "name": "cost_of_production",
    "year": "2019",
    "value": 6.64
  },
  {
    "name": "cost_of_production",
    "year": "2020",
    "value": 5.0
  },
  {
    "name": "cost_of_production",
    "year": "2021",
    "value": 8.84
  },
  {
    "name": "cost_of_production",
    "year": "2022",
    "value": 9.78
  },
  {
    "name": "cost_of_production",
    "year": "2023",
    "value": 13.47
  },
  {
    "name": "cost_of_production",
    "year": "LTM",
    "value": 16.18
  },
  {
    "name": "amortization",
    "year": "2021",
    "value": 0.779
  },
  {
    "name": "amortization",
    "year": "2022",
    "value": 0.93
  },
  {
    "name": "amortization",
    "year": "2023",
    "value": 1.2
  },
  {
    "name": "amortization",
    "year": "LTM",
    "value": 1.47
  },
  {
    "name": "employment_expenses",
    "year": "2016",
    "value": 0.195
  },
  {
    "name": "employment_expenses",
    "year": "2017",
    "value": 0.446
  },
  {
    "name": "employment_expenses",
    "year": "2018",
    "value": 0.519
  },
  {
    "name": "employment_expenses",
    "year": "2019",
    "value": 0.764
  },
  {
    "name": "employment_expenses",
    "year": "2020",
    "value": 0.76
  },
  {
    "name": "employment_expenses",
    "year": "2021",
    "value": null
  },
  {
    "name": "employment_expenses",
    "year": "2022",
    "value": 1.512
  },
  {
    "name": "employment_expenses",
    "year": "2023",
    "value": 2.63
  },
  {
    "name": "employment_expenses",
    "year": "LTM",
    "value": 1.266
  },
  {
    "name": "interest_expenses",
    "year": "2016",
    "value": 0.638
  },
  {
    "name": "interest_expenses",
    "year": "2017",
    "value": 0.236
  },
  {
    "name": "interest_expenses",
    "year": "2018",
    "value": 0.344
  },
  {
    "name": "interest_expenses",
    "year": "2019",
    "value": 0.432
  },
  {
    "name": "interest_expenses",
    "year": "2020",
    "value": 0.361
  },
  {
    "name": "interest_expenses",
    "year": "2021",
    "value": 0.59
  },
  {
    "name": "interest_expenses",
    "year": "2022",
    "value": 0.96
  },
  {
    "name": "interest_expenses",
    "year": "2023",
    "value": 1.28
  },
  {
    "name": "interest_expenses",
    "year": "LTM",
    "value": 1.53
  },
  {
    "name": "assets",
    "year": "2015",
    "value": 8.46
  },
  {
    "name": "assets",
    "year": "2016",
    "value": 5.95
  },
  {
    "name": "assets",
    "year": "2017",
    "value": 5.58
  },
  {
    "name": "assets",
    "year": "2018",
    "value": 10.95
  },
  {
    "name": "assets",
    "year": "2019",
    "value": 14.04
  },
  {
    "name": "assets",
    "year": "2020",
    "value": 19.8
  },
  {
    "name": "assets",
    "year": "2021",
    "value": 28.89
  },
  {
    "name": "assets",
    "year": "2022",
    "value": 42.41
  },
  {
    "name": "assets",
    "year": "2023",
    "value": 56.79
  },
  {
    "name": "assets",
    "year": "LTM",
    "value": 49.72
  },
  {
    "name": "net_assets",
    "year": "2013",
    "value": 0.224
  },
  {
    "name": "net_assets",
    "year": "2014",
    "value": -0.18
  },
  {
    "name": "net_assets",
    "year": "2015",
    "value": -1.519
  },
  {
    "name": "net_assets",
    "year": "2016",
    "value": 2.367
  },
  {
    "name": "net_assets",
    "year": "2017",
    "value": 3.514
  },
  {
    "name": "net_assets",
    "year": "2018",
    "value": 6.003
  },
  {
    "name": "net_assets",
    "year": "2019",
    "value": 9.065
  },
  {
    "name": "net_assets",
    "year": "2020",
    "value": 11.73
  },
  {
    "name": "net_assets",
    "year": "2021",
    "value": 18.7
  },
  {
    "name": "net_assets",
    "year": "2022",
    "value": 27.27
  },
  {
    "name": "net_assets",
    "year": "2023",
    "value": 39.7
  },
  {
    "name": "net_assets",
    "year": "LTM",
    "value": 36.5
  },
  {
    "name": "debt",
    "year": "2013",
    "value": 2.701
  },
  {
    "name": "debt",
    "year": "2014",
    "value": 5.022
  },
  {
    "name": "debt",
    "year": "2015",
    "value": 4.8
  },
  {
    "name": "debt",
    "year": "2016",
    "value": 3.2
  },
  {
    "name": "debt",
    "year": "2017",
    "value": 1.837
  },
  {
    "name": "debt",
    "year": "2018",
    "value": 4.302
  },
  {
    "name": "debt",
    "year": "2019",
    "value": 4.124
  },
  {
    "name": "debt",
    "year": "2020",
    "value": 6.72
  },
  {
    "name": "debt",
    "year": "2021",
    "value": 8.31
  },
  {
    "name": "debt",
    "year": "2022",
    "value": 13.73
  },
  {
    "name": "debt",
    "year": "2023",
    "value": 14.48
  },
  {
    "name": "debt",
    "year": "LTM",
    "value": 9.18
  },
  {
    "name": "cash",
    "year": "2013",
    "value": 0.362
  },
  {
    "name": "cash",
    "year": "2014",
    "value": 0.795
  },
  {
    "name": "cash",
    "year": "2015",
    "value": 0.458
  },
  {
    "name": "cash",
    "year": "2016",
    "value": 0.034
  },
  {
    "name": "cash",
    "year": "2017",
    "value": 1.094
  },
  {
    "name": "cash",
    "year": "2018",
    "value": 0.103
  },
  {
    "name": "cash",
    "year": "2019",
    "value": 0.085
  },
  {
    "name": "cash",
    "year": "2020",
    "value": 0.627
  },
  {
    "name": "cash",
    "year": "2021",
    "value": 0.299
  },
  {
    "name": "cash",
    "year": "2022",
    "value": 0.34
  },
  {
    "name": "cash",
    "year": "2023",
    "value": 0.89
  },
  {
    "name": "cash",
    "year": "LTM",
    "value": 3.11
  },
  {
    "name": "net_debt",
    "year": "2013",
    "value": 2.339
  },
  {
    "name": "net_debt",
    "year": "2014",
    "value": 4.227
  },
  {
    "name": "net_debt",
    "year": "2015",
    "value": 4.342
  },
  {
    "name": "net_debt",
    "year": "2016",
    "value": 3.166
  },
  {
    "name": "net_debt",
    "year": "2017",
    "value": 0.743
  },
  {
    "name": "net_debt",
    "year": "2018",
    "value": 4.199
  },
  {
    "name": "net_debt",
    "year": "2019",
    "value": 4.039
  },
  {
    "name": "net_debt",
    "year": "2020",
    "value": 6.093
  },
  {
    "name": "net_debt",
    "year": "2021",
    "value": 8.011
  },
  {
    "name": "net_debt",
    "year": "2022",
    "value": 13.39
  },
  {
    "name": "net_debt",
    "year": "2023",
    "value": 13.59
  },
  {
    "name": "net_debt",
    "year": "LTM",
    "value": 6.07
  },
  {
    "name": "common_share",
    "year": "2016",
    "value": 89.9
  },
  {
    "name": "common_share",
    "year": "2017",
    "value": 157.0
  },
  {
    "name": "common_share",
    "year": "2018",
    "value": 139.0
  },
  {
    "name": "common_share",
    "year": "2019",
    "value": 255.5
  },
  {
    "name": "common_share",
    "year": "2020",
    "value": 261.5
  },
  {
    "name": "common_share",
    "year": "2021",
    "value": 600.5
  },
  {
    "name": "common_share",
    "year": "2022",
    "value": 597.0
  },
  {
    "name": "common_share",
    "year": "2023",
    "value": 852.0
  },
  {
    "name": "common_share",
    "year": "LTM",
    "value": 625.0
  },
  {
    "name": "number_of_shares",
    "year": "2013",
    "value": 79.538
  },
  {
    "name": "number_of_shares",
    "year": "2014",
    "value": 79.538
  },
  {
    "name": "number_of_shares",
    "year": "2015",
    "value": 79.538
  },
  {
    "name": "number_of_shares",
    "year": "2016",
    "value": 79.538
  },
  {
    "name": "number_of_shares",
    "year": "2017",
    "value": 79.538
  },
  {
    "name": "number_of_shares",
    "year": "2018",
    "value": 87.877
  },
  {
    "name": "number_of_shares",
    "year": "2019",
    "value": 87.877
  },
  {
    "name": "number_of_shares",
    "year": "2020",
    "value": 87.877
  },
  {
    "name": "number_of_shares",
    "year": "2021",
    "value": 87.877
  },
  {
    "name": "number_of_shares",
    "year": "2022",
    "value": 87.877
  },
  {
    "name": "number_of_shares",
    "year": "2023",
    "value": 87.877
  },
  {
    "name": "number_of_shares",
    "year": "LTM",
    "value": 87.877
  },
  {
    "name": "market_cap",
    "year": "2013",
    "value": 0.0
  },
  {
    "name": "market_cap",
    "year": "2014",
    "value": 0.0
  },
  {
    "name": "market_cap",
    "year": "2015",
    "value": 0.0
  },
  {
    "name": "market_cap",
    "year": "2016",
    "value": 7.1504662
  },
  {
    "name": "market_cap",
    "year": "2017",
    "value": 12.487466
  },
  {
    "name": "market_cap",
    "year": "2018",
    "value": 12.214903
  },
  {
    "name": "market_cap",
    "year": "2019",
    "value": 22.4525735
  },
  {
    "name": "market_cap",
    "year": "2020",
    "value": 22.9798355
  },
  {
    "name": "market_cap",
    "year": "2021",
    "value": 52.7701385
  },
  {
    "name": "market_cap",
    "year": "2022",
    "value": 52.462569
  },
  {
    "name": "market_cap",
    "year": "2023",
    "value": 74.871204
  },
  {
    "name": "market_cap",
    "year": "LTM",
    "value": 54.923125
  },
  {
    "name": "ev",
    "year": "2013",
    "value": 2.339
  },
  {
    "name": "ev",
    "year": "2014",
    "value": 4.227
  },
  {
    "name": "ev",
    "year": "2015",
    "value": 4.342
  },
  {
    "name": "ev",
    "year": "2016",
    "value": 10.3164662
  },
  {
    "name": "ev",
    "year": "2017",
    "value": 13.230466
  },
  {
    "name": "ev",
    "year": "2018",
    "value": 16.413903
  },
  {
    "name": "ev",
    "year": "2019",
    "value": 26.4915735
  },
  {
    "name": "ev",
    "year": "2020",
    "value": 29.0728355
  },
  {
    "name": "ev",
    "year": "2021",
    "value": 60.7811385
  },
  {
    "name": "ev",
    "year": "2022",
    "value": 65.852569
  },
  {
    "name": "ev",
    "year": "2023",
    "value": 88.461204
  },
  {
    "name": "ev",
    "year": "LTM",
    "value": 60.993125
  },
  {
    "name": "book_value",
    "year": "2013",
    "value": 0.224
  },
  {
    "name": "book_value",
    "year": "2014",
    "value": -0.18
  },
  {
    "name": "book_value",
    "year": "2015",
    "value": -1.519
  },
  {
    "name": "book_value",
    "year": "2016",
    "value": 2.367
  },
  {
    "name": "book_value",
    "year": "2017",
    "value": 3.514
  },
  {
    "name": "book_value",
    "year": "2018",
    "value": 6.003
  },
  {
    "name": "book_value",
    "year": "2019",
    "value": 9.016
  },
  {
    "name": "book_value",
    "year": "2020",
    "value": 11.289
  },
  {
    "name": "book_value",
    "year": "2021",
    "value": 18.16
  },
  {
    "name": "book_value",
    "year": "2022",
    "value": 26.57
  },
  {
    "name": "book_value",
    "year": "2023",
    "value": 38.915
  },
  {
    "name": "book_value",
    "year": "LTM",
    "value": 35.72
  },
  {
    "name": "eps",
    "year": "2013",
    "value": 5.69539088235
  },
  {
    "name": "eps",
    "year": "2014",
    "value": -5.11705096935
  },
  {
    "name": "eps",
    "year": "2015",
    "value": -23.3976212628
  },
  {
    "name": "eps",
    "year": "2016",
    "value": 8.77442228872
  },
  {
    "name": "eps",
    "year": "2017",
    "value": 4.72730015841
  },
  {
    "name": "eps",
    "year": "2018",
    "value": 26.5257120748
  },
  {
    "name": "eps",
    "year": "2019",
    "value": 37.0745473787
  },
  {
    "name": "eps",
    "year": "2020",
    "value": 35.5041706021
  },
  {
    "name": "eps",
    "year": "2021",
    "value": 60.3115718561
  },
  {
    "name": "eps",
    "year": "2022",
    "value": 117.55066741
  },
  {
    "name": "eps",
    "year": "2023",
    "value": 104.691785109
  },
  {
    "name": "eps",
    "year": "LTM",
    "value": 26.059150858586435
  },
  {
    "name": "fcf_share",
    "year": "2013",
    "value": 0.0
  },
  {
    "name": "fcf_share",
    "year": "2014",
    "value": 0.0
  },
  {
    "name": "fcf_share",
    "year": "2015",
    "value": 0.0
  },
  {
    "name": "fcf_share",
    "year": "2016",
    "value": 0.0
  },
  {
    "name": "fcf_share",
    "year": "2017",
    "value": 0.0
  },
  {
    "name": "fcf_share",
    "year": "2018",
    "value": 0.0
  },
  {
    "name": "fcf_share",
    "year": "2019",
    "value": -0.716911137158
  },
  {
    "name": "fcf_share",
    "year": "2020",
    "value": -15.2144474663
  },
  {
    "name": "fcf_share",
    "year": "2021",
    "value": -2.25314928821
  },
  {
    "name": "fcf_share",
    "year": "2022",
    "value": -12.5174960456
  },
  {
    "name": "fcf_share",
    "year": "2023",
    "value": 45.5181674386
  },
  {
    "name": "fcf_share",
    "year": "LTM",
    "value": 108.33323850381784
  },
  {
    "name": "bv_share",
    "year": "2013",
    "value": 2.81626392416
  },
  {
    "name": "bv_share",
    "year": "2014",
    "value": -2.26306922477
  },
  {
    "name": "bv_share",
    "year": "2015",
    "value": -19.0977897357
  },
  {
    "name": "bv_share",
    "year": "2016",
    "value": 29.7593603058
  },
  {
    "name": "bv_share",
    "year": "2017",
    "value": 44.1801403103
  },
  {
    "name": "bv_share",
    "year": "2018",
    "value": 68.3113897834
  },
  {
    "name": "bv_share",
    "year": "2019",
    "value": 102.597949407
  },
  {
    "name": "bv_share",
    "year": "2020",
    "value": 128.463648054
  },
  {
    "name": "bv_share",
    "year": "2021",
    "value": 206.652480171
  },
  {
    "name": "bv_share",
    "year": "2022",
    "value": 302.354427211
  },
  {
    "name": "bv_share",
    "year": "2023",
    "value": 442.834871468
  },
  {
    "name": "bv_share",
    "year": "LTM",
    "value": 406.4772352265098
  },
  {
    "name": "ebitda_margin",
    "year": "2013",
    "value": 5.03768565728
  },
  {
    "name": "ebitda_margin",
    "year": "2014",
    "value": 4.91598605837
  },
  {
    "name": "ebitda_margin",
    "year": "2015",
    "value": -7.74566473988
  },
  {
    "name": "ebitda_margin",
    "year": "2016",
    "value": 61.025848142200005
  },
  {
    "name": "ebitda_margin",
    "year": "2017",
    "value": 41.0394265233
  },
  {
    "name": "ebitda_margin",
    "year": "2018",
    "value": 30.3237858032
  },
  {
    "name": "ebitda_margin",
    "year": "2019",
    "value": 39.0088656513
  },
  {
    "name": "ebitda_margin",
    "year": "2020",
    "value": 40.5275779376
  },
  {
    "name": "ebitda_margin",
    "year": "2021",
    "value": 53.4591194969
  },
  {
    "name": "ebitda_margin",
    "year": "2022",
    "value": 55.021276595699995
  },
  {
    "name": "ebitda_margin",
    "year": "2023",
    "value": 45.294943820200004
  },
  {
    "name": "ebitda_margin",
    "year": "LTM",
    "value": 41.3589364844904
  },
  {
    "name": "net_margin",
    "year": "2013",
    "value": 2.51052981601
  },
  {
    "name": "net_margin",
    "year": "2014",
    "value": -2.11725537117
  },
  {
    "name": "net_margin",
    "year": "2015",
    "value": -215.14450867099998
  },
  {
    "name": "net_margin",
    "year": "2016",
    "value": 28.1865912763
  },
  {
    "name": "net_margin",
    "year": "2017",
    "value": 7.487056949419999
  },
  {
    "name": "net_margin",
    "year": "2018",
    "value": 72.57160647570001
  },
  {
    "name": "net_margin",
    "year": "2019",
    "value": 37.031143441699996
  },
  {
    "name": "net_margin",
    "year": "2020",
    "value": 37.410071942399995
  },
  {
    "name": "net_margin",
    "year": "2021",
    "value": 33.333333333300004
  },
  {
    "name": "net_margin",
    "year": "2022",
    "value": 43.9574468085
  },
  {
    "name": "net_margin",
    "year": "2023",
    "value": 32.303370786500004
  },
  {
    "name": "net_margin",
    "year": "LTM",
    "value": 6.765140324963072
  },
  {
    "name": "fcf_yield",
    "year": "2016",
    "value": 0.0
  },
  {
    "name": "fcf_yield",
    "year": "2017",
    "value": 0.0
  },
  {
    "name": "fcf_yield",
    "year": "2018",
    "value": 0.0
  },
  {
    "name": "fcf_yield",
    "year": "2019",
    "value": -0.280591443115
  },
  {
    "name": "fcf_yield",
    "year": "2020",
    "value": -5.81814434659
  },
  {
    "name": "fcf_yield",
    "year": "2021",
    "value": -0.375212204531
  },
  {
    "name": "fcf_yield",
    "year": "2022",
    "value": -2.09673300596
  },
  {
    "name": "fcf_yield",
    "year": "2023",
    "value": 5.34250791533
  },
  {
    "name": "fcf_yield",
    "year": "LTM",
    "value": 17.333318160610855
  },
  {
    "name": "roe",
    "year": "2013",
    "value": 202.232142857
  },
  {
    "name": "roe",
    "year": "2014",
    "value": 226.11111111099999
  },
  {
    "name": "roe",
    "year": "2015",
    "value": 122.514812377
  },
  {
    "name": "roe",
    "year": "2016",
    "value": 29.484579636699998
  },
  {
    "name": "roe",
    "year": "2017",
    "value": 10.7000569152
  },
  {
    "name": "roe",
    "year": "2018",
    "value": 38.8305847076
  },
  {
    "name": "roe",
    "year": "2019",
    "value": 35.9404302261
  },
  {
    "name": "roe",
    "year": "2020",
    "value": 26.598465473100003
  },
  {
    "name": "roe",
    "year": "2021",
    "value": 28.342245989300004
  },
  {
    "name": "roe",
    "year": "2022",
    "value": 37.8804547121
  },
  {
    "name": "roe",
    "year": "2023",
    "value": 23.1738035264
  },
  {
    "name": "roe",
    "year": "LTM",
    "value": 6.273972602739726
  },
  {
    "name": "roa",
    "year": "2015",
    "value": -21.9976359338
  },
  {
    "name": "roa",
    "year": "2016",
    "value": 11.7294117647
  },
  {
    "name": "roa",
    "year": "2017",
    "value": 6.73835125448
  },
  {
    "name": "roa",
    "year": "2018",
    "value": 21.2876712329
  },
  {
    "name": "roa",
    "year": "2019",
    "value": 23.2051282051
  },
  {
    "name": "roa",
    "year": "2020",
    "value": 15.757575757600002
  },
  {
    "name": "roa",
    "year": "2021",
    "value": 18.345448252
  },
  {
    "name": "roa",
    "year": "2022",
    "value": 24.3574628625
  },
  {
    "name": "roa",
    "year": "2023",
    "value": 16.2000352175
  },
  {
    "name": "roa",
    "year": "LTM",
    "value": 4.605792437650845
  },
  {
    "name": "p_e",
    "year": "2013",
    "value": 0.0
  },
  {
    "name": "p_e",
    "year": "2014",
    "value": 0.0
  },
  {
    "name": "p_e",
    "year": "2015",
    "value": 0.0
  },
  {
    "name": "p_e",
    "year": "2016",
    "value": 10.2456887806
  },
  {
    "name": "p_e",
    "year": "2017",
    "value": 33.2113457447
  },
  {
    "name": "p_e",
    "year": "2018",
    "value": 5.2401986272
  },
  {
    "name": "p_e",
    "year": "2019",
    "value": 6.8915204113
  },
  {
    "name": "p_e",
    "year": "2020",
    "value": 7.36533189103
  },
  {
    "name": "p_e",
    "year": "2021",
    "value": 9.95662990566
  },
  {
    "name": "p_e",
    "year": "2022",
    "value": 5.07866108422
  },
  {
    "name": "p_e",
    "year": "2023",
    "value": 8.13817434783
  },
  {
    "name": "p_e",
    "year": "LTM",
    "value": 23.983897379912662
  },
  {
    "name": "p_fcf",
    "year": "2019",
    "value": -356.39005555555553
  },
  {
    "name": "p_fcf",
    "year": "2020",
    "value": -17.187610695587136
  },
  {
    "name": "p_fcf",
    "year": "2021",
    "value": -266.515851010101
  },
  {
    "name": "p_fcf",
    "year": "2022",
    "value": -47.6932445455
  },
  {
    "name": "p_fcf",
    "year": "2023",
    "value": 18.717801
  },
  {
    "name": "p_fcf",
    "year": "LTM",
    "value": 5.769235819327731
  },
  {
    "name": "p_s",
    "year": "2013",
    "value": 0.0
  },
  {
    "name": "p_s",
    "year": "2014",
    "value": 0.0
  },
  {
    "name": "p_s",
    "year": "2015",
    "value": 0.0
  },
  {
    "name": "p_s",
    "year": "2016",
    "value": 2.88791042003
  },
  {
    "name": "p_s",
    "year": "2017",
    "value": 2.48655236957
  },
  {
    "name": "p_s",
    "year": "2018",
    "value": 3.80289632628
  },
  {
    "name": "p_s",
    "year": "2019",
    "value": 2.55200880882
  },
  {
    "name": "p_s",
    "year": "2020",
    "value": 2.75537595923
  },
  {
    "name": "p_s",
    "year": "2021",
    "value": 3.31887663522
  },
  {
    "name": "p_s",
    "year": "2022",
    "value": 2.23244974468
  },
  {
    "name": "p_s",
    "year": "2023",
    "value": 2.62890463483
  },
  {
    "name": "p_s",
    "year": "LTM",
    "value": 1.6225443131462334
  },
  {
    "name": "p_bv",
    "year": "2013",
    "value": 0.0
  },
  {
    "name": "p_bv",
    "year": "2014",
    "value": 0.0
  },
  {
    "name": "p_bv",
    "year": "2015",
    "value": 0.0
  },
  {
    "name": "p_bv",
    "year": "2016",
    "value": 3.02089826785
  },
  {
    "name": "p_bv",
    "year": "2017",
    "value": 3.55363289698
  },
  {
    "name": "p_bv",
    "year": "2018",
    "value": 2.03479976678
  },
  {
    "name": "p_bv",
    "year": "2019",
    "value": 2.49030318323
  },
  {
    "name": "p_bv",
    "year": "2020",
    "value": 2.03559531402
  },
  {
    "name": "p_bv",
    "year": "2021",
    "value": 2.90584463106
  },
  {
    "name": "p_bv",
    "year": "2022",
    "value": 1.97450391419
  },
  {
    "name": "p_bv",
    "year": "2023",
    "value": 1.92396772453
  },
  {
    "name": "p_bv",
    "year": "LTM",
    "value": 1.537601483762598
  },
  {
    "name": "ev_ebitda",
    "year": "2013",
    "value": 2.57315731573
  },
  {
    "name": "ev_ebitda",
    "year": "2014",
    "value": 4.47301587302
  },
  {
    "name": "ev_ebitda",
    "year": "2015",
    "value": -64.8059701493
  },
  {
    "name": "ev_ebitda",
    "year": "2016",
    "value": 6.82757524818
  },
  {
    "name": "ev_ebitda",
    "year": "2017",
    "value": 6.41944007763
  },
  {
    "name": "ev_ebitda",
    "year": "2018",
    "value": 16.8520564682
  },
  {
    "name": "ev_ebitda",
    "year": "2019",
    "value": 7.71898994755
  },
  {
    "name": "ev_ebitda",
    "year": "2020",
    "value": 8.6014306213
  },
  {
    "name": "ev_ebitda",
    "year": "2021",
    "value": 7.15072217647
  },
  {
    "name": "ev_ebitda",
    "year": "2022",
    "value": 5.09300610982
  },
  {
    "name": "ev_ebitda",
    "year": "2023",
    "value": 6.85745767442
  },
  {
    "name": "ev_ebitda",
    "year": "LTM",
    "value": 4.356651785714286
  },
  {
    "name": "debt_ebitda",
    "year": "2013",
    "value": 2.57315731573
  },
  {
    "name": "debt_ebitda",
    "year": "2014",
    "value": 4.47301587302
  },
  {
    "name": "debt_ebitda",
    "year": "2015",
    "value": -64.8059701493
  },
  {
    "name": "debt_ebitda",
    "year": "2016",
    "value": 2.09530112508
  },
  {
    "name": "debt_ebitda",
    "year": "2017",
    "value": 0.360504609413
  },
  {
    "name": "debt_ebitda",
    "year": "2018",
    "value": 4.31108829569
  },
  {
    "name": "debt_ebitda",
    "year": "2019",
    "value": 1.17686480186
  },
  {
    "name": "debt_ebitda",
    "year": "2020",
    "value": 1.80266272189
  },
  {
    "name": "debt_ebitda",
    "year": "2021",
    "value": 0.942470588235
  },
  {
    "name": "debt_ebitda",
    "year": "2022",
    "value": 1.03557617943
  },
  {
    "name": "debt_ebitda",
    "year": "2023",
    "value": 1.05348837209
  },
  {
    "name": "debt_ebitda",
    "year": "LTM",
    "value": 0.43357142857142855
  },
  {
    "name": "employees",
    "year": "2019",
    "value": 387.0
  },
  {
    "name": "employees",
    "year": "2020",
    "value": 455.0
  },
  {
    "name": "employees",
    "year": "2021",
    "value": 656.0
  },
  {
    "name": "employees",
    "year": "2022",
    "value": 676.0
  },
  {
    "name": "employees",
    "year": "LTM",
    "value": null
  },
  {
    "name": "labour_productivity",
    "year": "2019",
    "value": 22.7338501292
  },
  {
    "name": "labour_productivity",
    "year": "2020",
    "value": 18.3296703297
  },
  {
    "name": "labour_productivity",
    "year": "2021",
    "value": 24.237804878
  },
  {
    "name": "labour_productivity",
    "year": "2022",
    "value": 34.763313609499995
  },
  {
    "name": "labour_productivity",
    "year": "LTM",
    "value": null
  },
  {
    "name": "expenses_per_employee",
    "year": "2019",
    "value": 1974.16020672
  },
  {
    "name": "expenses_per_employee",
    "year": "2020",
    "value": 1670.32967033
  },
  {
    "name": "expenses_per_employee",
    "year": "2021",
    "value": 0.0
  },
  {
    "name": "expenses_per_employee",
    "year": "2022",
    "value": 2236.68639053
  },
  {
    "name": "expenses_per_employee",
    "year": "LTM",
    "value": null
  },
  {
    "name": "r_and_d_capex",
    "year": "2016",
    "value": 0.0
  },
  {
    "name": "r_and_d_capex",
    "year": "2017",
    "value": 0.0
  },
  {
    "name": "r_and_d_capex",
    "year": "2018",
    "value": 0.0
  },
  {
    "name": "r_and_d_capex",
    "year": "2019",
    "value": 0.0
  },
  {
    "name": "r_and_d_capex",
    "year": "2020",
    "value": 0.0
  },
  {
    "name": "r_and_d_capex",
    "year": "2021",
    "value": null
  },
  {
    "name": "r_and_d_capex",
    "year": "2022",
    "value": 0.0
  },
  {
    "name": "r_and_d_capex",
    "year": "2023",
    "value": 0.0
  },
  {
    "name": "r_and_d_capex",
    "year": "LTM",
    "value": 0.0
  },
  {
    "name": "capex_revenue",
    "year": "2013",
    "value": 0.0
  },
  {
    "name": "capex_revenue",
    "year": "2014",
    "value": 0.0
  },
  {
    "name": "capex_revenue",
    "year": "2015",
    "value": 0.0
  },
  {
    "name": "capex_revenue",
    "year": "2016",
    "value": 6.13893376414
  },
  {
    "name": "capex_revenue",
    "year": "2017",
    "value": 11.3898845082
  },
  {
    "name": "capex_revenue",
    "year": "2018",
    "value": 39.5080946451
  },
  {
    "name": "capex_revenue",
    "year": "2019",
    "value": 28.779268015499998
  },
  {
    "name": "capex_revenue",
    "year": "2020",
    "value": 21.9424460432
  },
  {
    "name": "capex_revenue",
    "year": "2021",
    "value": 0.0
  },
  {
    "name": "capex_revenue",
    "year": "2022",
    "value": 16.7234042553
  },
  {
    "name": "capex_revenue",
    "year": "2023",
    "value": 16.0814606742
  },
  {
    "name": "capex_revenue",
    "year": "LTM",
    "value": 15.952732644017726
  },
  {
    "name": "irr",
    "year": "2022",
    "value": 4.14286
  },
  {
    "name": "irr",
    "year": "2023",
    "value": 4.14286
  },
  {
    "name": "irr",
    "year": "LTM",
    "value": 4.142857142857143
  },
  {
    "name": "ir_fs_quality",
    "year": "2022",
    "value": 4.0
  },
  {
    "name": "ir_fs_quality",
    "year": "2023",
    "value": 4.0
  },
  {
    "name": "ir_fs_quality",
    "year": "LTM",
    "value": 4.0
  },
  {
    "name": "ir_investor_presentations",
    "year": "2022",
    "value": 5.0
  },
  {
    "name": "ir_investor_presentations",
    "year": "2023",
    "value": 5.0
  },
  {
    "name": "ir_investor_presentations",
    "year": "LTM",
    "value": 5.0
  },
  {
    "name": "ir_annual_report",
    "year": "2022",
    "value": 5.0
  },
  {
    "name": "ir_annual_report",
    "year": "2023",
    "value": 5.0
  },
  {
    "name": "ir_annual_report",
    "year": "LTM",
    "value": 5.0
  },
  {
    "name": "ir_investor_site",
    "year": "2022",
    "value": 5.0
  },
  {
    "name": "ir_investor_site",
    "year": "2023",
    "value": 5.0
  },
  {
    "name": "ir_investor_site",
    "year": "LTM",
    "value": 5.0
  },
  {
    "name": "ir_investor_calendar",
    "year": "2022",
    "value": 1.0
  },
  {
    "name": "ir_investor_calendar",
    "year": "2023",
    "value": 1.0
  },
  {
    "name": "ir_investor_calendar",
    "year": "LTM",
    "value": 1.0
  },
  {
    "name": "ir_feedback",
    "year": "2022",
    "value": 5.0
  },
  {
    "name": "ir_feedback",
    "year": "2023",
    "value": 5.0
  },
  {
    "name": "ir_feedback",
    "year": "LTM",
    "value": 5.0
  }
]