[{"name":"date","year":"2019","value":"10.04.2020"},{"name":"date","year":"2020","value":"06.04.2021"},{"name":"date","year":"2021","value":"14.05.2023"},{"name":"date","year":"2022","value":"14.05.2023"},{"name":"date","year":"2023","value":"18.03.2024"},{"name":"date","year":"LTM\n?","value":"29.08.2024"},{"name":"currency","year":"2019","value":"RUB"},{"name":"currency","year":"2020","value":"RUB"},{"name":"currency","year":"2021","value":"RUB"},{"name":"currency","year":"2022","value":"RUB"},{"name":"currency","year":"2023","value":"RUB"},{"name":"currency","year":"LTM\n?","value":"RUB"},{"name":"report_url","year":"2019","value":"http://www.e-disclosure.ru/portal/FileLoad.ashx?Fileid=1628141"},{"name":"report_url","year":"2020","value":"https://russaquaculture.ru/upload/iblock/cd1/cd1b216fcc0e0f6765ba9a96bb236989.pdf"},{"name":"report_url","year":"2021","value":"https://inarctica.com/upload/iblock/927/uw8oh1scmdos6ad3ubfeyfcxteizzdga.pdf"},{"name":"report_url","year":"2022","value":"https://inarctica.com/upload/iblock/3c5/u0inmnc1hfv09wduntq23v2n0qbs46z5.pdf"},{"name":"report_url","year":"2023","value":"https://inarctica.com/upload/iblock/296/2xo2t63purtq8e4ch1z3riazc2z8qibf.pdf"},{"name":"report_url","year":"LTM\n?","value":"https://inarctica.com/upload/iblock/54c/16apewnaua7lcx3gr1zpzx0f2fszzj59.pdf"},{"name":"year_report_url","year":"2019","value":"https://e-disclosure.ru/portal/FileLoad.ashx?Fileid=1656393"},{"name":"year_report_url","year":"2020","value":"https://www.e-disclosure.ru/portal/FileLoad.ashx?Fileid=1710662"},{"name":"year_report_url","year":"2021","value":"https://www.e-disclosure.ru/portal/FileLoad.ashx?Fileid=1763950"},{"name":"year_report_url","year":"2022","value":"https://inarctica.com/upload/iblock/243/1hg8xsvyp2ry686w6qrrzqq5aexweece.pdf"},{"name":"year_report_url","year":"2023","value":"https://www.e-disclosure.ru/portal/FileLoad.ashx?Fileid=1844414"},{"name":"year_report_url","year":"LTM\n?","value":""},{"name":"presentation_url","year":"2019","value":""},{"name":"presentation_url","year":"2020","value":"https://russaquaculture.ru/upload/iblock/e1d/e1d8cd23feeb6dc2a5afb0f4ddadf9da.pdf"},{"name":"presentation_url","year":"2021","value":"https://inarctica.com/upload/iblock/0f9/gy5l1p9esek98ygpkchwi1zx60gv68dn.pdf"},{"name":"presentation_url","year":"2022","value":""},{"name":"presentation_url","year":"2023","value":"https://inarctica.com/upload/iblock/70d/lcmawvw4rrvhk9dbbmaeixybcoxawkk7.pdf"},{"name":"presentation_url","year":"LTM\n?","value":"https://inarctica.com/upload/iblock/016/h4z28t2k5665uc4s60mm2ko0bwswiwn8.pdf"},{"name":"revenue","year":"2019","value":"8.80"},{"name":"revenue","year":"2020","value":"8.34"},{"name":"revenue","year":"2021","value":"15.9"},{"name":"revenue","year":"2022","value":"23.5"},{"name":"revenue","year":"2023","value":"28.5"},{"name":"revenue","year":"LTM\n?","value":"33.9"},{"name":"ebitda","year":"2019","value":"3.43"},{"name":"ebitda","year":"2020","value":"3.38"},{"name":"ebitda","year":"2021","value":"8.50"},{"name":"ebitda","year":"2022","value":"12.9"},{"name":"ebitda","year":"2023","value":"12.9"},{"name":"ebitda","year":"LTM\n?","value":"14.0"},{"name":"net_income","year":"2019","value":"3.26"},{"name":"net_income","year":"2020","value":"3.12"},{"name":"net_income","year":"2021","value":"5.30"},{"name":"net_income","year":"2022","value":"10.3"},{"name":"net_income","year":"2023","value":"9.20"},{"name":"net_income","year":"LTM\n?","value":"2.29"},{"name":"net_income_ns","year":"2019","value":""},{"name":"net_income_ns","year":"2020","value":""},{"name":"net_income_ns","year":"2021","value":"8.60"},{"name":"net_income_ns","year":"2022","value":"11.9"},{"name":"net_income_ns","year":"2023","value":"15.5"},{"name":"net_income_ns","year":"LTM\n?","value":"6.83"},{"name":"ocf","year":"2019","value":"2.47"},{"name":"ocf","year":"2020","value":"0.503"},{"name":"ocf","year":"2021","value":"3.37"},{"name":"ocf","year":"2022","value":"2.89"},{"name":"ocf","year":"2023","value":"8.65"},{"name":"ocf","year":"LTM\n?","value":"15.0"},{"name":"capex","year":"2019","value":"2.53"},{"name":"capex","year":"2020","value":"1.83"},{"name":"capex","year":"2021","value":""},{"name":"capex","year":"2022","value":"3.93"},{"name":"capex","year":"2023","value":"4.58"},{"name":"capex","year":"LTM\n?","value":"5.40"},{"name":"fcf","year":"2019","value":"-0.063"},{"name":"fcf","year":"2020","value":"-1.34"},{"name":"fcf","year":"2021","value":"-0.198"},{"name":"fcf","year":"2022","value":"-1.10"},{"name":"fcf","year":"2023","value":"4.00"},{"name":"fcf","year":"LTM\n?","value":"9.52"},{"name":"dividend_payout","year":"2019","value":""},{"name":"dividend_payout","year":"2020","value":"0.880"},{"name":"dividend_payout","year":"2021","value":"0.703"},{"name":"dividend_payout","year":"2022","value":"2.64"},{"name":"dividend_payout","year":"2023","value":"4.83"},{"name":"dividend_payout","year":"LTM\n?","value":"3.43"},{"name":"dividend","year":"2019","value":""},{"name":"dividend","year":"2020","value":"10"},{"name":"dividend","year":"2021","value":"8"},{"name":"dividend","year":"2022","value":"30"},{"name":"dividend","year":"2023","value":"55"},{"name":"dividend","year":"LTM\n?","value":"39"},{"name":"div_yield","year":"2019","value":"0.0%"},{"name":"div_yield","year":"2020","value":"3.8%"},{"name":"div_yield","year":"2021","value":"1.3%"},{"name":"div_yield","year":"2022","value":"5.0%"},{"name":"div_yield","year":"2023","value":"6.5%"},{"name":"div_yield","year":"LTM\n?","value":"6.2%"},{"name":"div_payout_ratio","year":"2019","value":"0%"},{"name":"div_payout_ratio","year":"2020","value":"28%"},{"name":"div_payout_ratio","year":"2021","value":"13%"},{"name":"div_payout_ratio","year":"2022","value":"26%"},{"name":"div_payout_ratio","year":"2023","value":"53%"},{"name":"div_payout_ratio","year":"LTM\n?","value":"150%"},{"name":"opex","year":"2019","value":""},{"name":"opex","year":"2020","value":""},{"name":"opex","year":"2021","value":"1.09"},{"name":"opex","year":"2022","value":"1.93"},{"name":"opex","year":"2023","value":"4.20"},{"name":"opex","year":"LTM\n?","value":"4.48"},{"name":"cost_of_production","year":"2019","value":"6.64"},{"name":"cost_of_production","year":"2020","value":"5.00"},{"name":"cost_of_production","year":"2021","value":"8.84"},{"name":"cost_of_production","year":"2022","value":"9.78"},{"name":"cost_of_production","year":"2023","value":"13.5"},{"name":"cost_of_production","year":"LTM\n?","value":"16.2"},{"name":"amortization","year":"2019","value":""},{"name":"amortization","year":"2020","value":""},{"name":"amortization","year":"2021","value":"0.8"},{"name":"amortization","year":"2022","value":"0.9"},{"name":"amortization","year":"2023","value":"1.2"},{"name":"amortization","year":"LTM\n?","value":"1.5"},{"name":"employment_expenses","year":"2019","value":"0.764"},{"name":"employment_expenses","year":"2020","value":"0.760"},{"name":"employment_expenses","year":"2021","value":""},{"name":"employment_expenses","year":"2022","value":"1.51"},{"name":"employment_expenses","year":"2023","value":"2.63"},{"name":"employment_expenses","year":"LTM\n?","value":"1.27"},{"name":"interest_expenses","year":"2019","value":"0.432"},{"name":"interest_expenses","year":"2020","value":"0.361"},{"name":"interest_expenses","year":"2021","value":"0.590"},{"name":"interest_expenses","year":"2022","value":"0.960"},{"name":"interest_expenses","year":"2023","value":"1.28"},{"name":"interest_expenses","year":"LTM\n?","value":"1.53"},{"name":"assets","year":"2019","value":"14.0"},{"name":"assets","year":"2020","value":"19.8"},{"name":"assets","year":"2021","value":"28.9"},{"name":"assets","year":"2022","value":"42.4"},{"name":"assets","year":"2023","value":"56.8"},{"name":"assets","year":"LTM\n?","value":"49.7"},{"name":"net_assets","year":"2019","value":"9.07"},{"name":"net_assets","year":"2020","value":"11.7"},{"name":"net_assets","year":"2021","value":"18.7"},{"name":"net_assets","year":"2022","value":"27.3"},{"name":"net_assets","year":"2023","value":"39.7"},{"name":"net_assets","year":"LTM\n?","value":"36.5"},{"name":"debt","year":"2019","value":"4.12"},{"name":"debt","year":"2020","value":"6.72"},{"name":"debt","year":"2021","value":"8.31"},{"name":"debt","year":"2022","value":"13.7"},{"name":"debt","year":"2023","value":"14.5"},{"name":"debt","year":"LTM\n?","value":"9.18"},{"name":"cash","year":"2019","value":"0.085"},{"name":"cash","year":"2020","value":"0.627"},{"name":"cash","year":"2021","value":"0.299"},{"name":"cash","year":"2022","value":"0.340"},{"name":"cash","year":"2023","value":"0.890"},{"name":"cash","year":"LTM\n?","value":"3.11"},{"name":"net_debt","year":"2019","value":"4.04"},{"name":"net_debt","year":"2020","value":"6.09"},{"name":"net_debt","year":"2021","value":"8.01"},{"name":"net_debt","year":"2022","value":"13.4"},{"name":"net_debt","year":"2023","value":"13.6"},{"name":"net_debt","year":"LTM\n?","value":"6.07"},{"name":"common_share","year":"2019","value":"255.5"},{"name":"common_share","year":"2020","value":"261.5"},{"name":"common_share","year":"2021","value":"600.5"},{"name":"common_share","year":"2022","value":"597.0"},{"name":"common_share","year":"2023","value":"852.0"},{"name":"common_share","year":"LTM\n?","value":"626.5"},{"name":"number_of_shares","year":"2019","value":"87.9"},{"name":"number_of_shares","year":"2020","value":"87.9"},{"name":"number_of_shares","year":"2021","value":"87.9"},{"name":"number_of_shares","year":"2022","value":"87.9"},{"name":"number_of_shares","year":"2023","value":"87.9"},{"name":"number_of_shares","year":"LTM\n?","value":"87.9"},{"name":"free_float","year":"2019","value":"8.00%"},{"name":"free_float","year":"2020","value":"14.0%"},{"name":"free_float","year":"2021","value":"14.0%"},{"name":"free_float","year":"2022","value":"18.1%"},{"name":"free_float","year":"2023","value":"17.0%"},{"name":"free_float","year":"LTM\n?","value":""},{"name":"market_cap","year":"2019","value":"22.5"},{"name":"market_cap","year":"2020","value":"23.0"},{"name":"market_cap","year":"2021","value":"52.8"},{"name":"market_cap","year":"2022","value":"52.5"},{"name":"market_cap","year":"2023","value":"74.9"},{"name":"market_cap","year":"LTM\n?","value":"55.1"},{"name":"ev","year":"2019","value":"26.5"},{"name":"ev","year":"2020","value":"29.1"},{"name":"ev","year":"2021","value":"60.8"},{"name":"ev","year":"2022","value":"65.9"},{"name":"ev","year":"2023","value":"88.5"},{"name":"ev","year":"LTM\n?","value":"61.1"},{"name":"book_value","year":"2019","value":"9.02"},{"name":"book_value","year":"2020","value":"11.3"},{"name":"book_value","year":"2021","value":"18.2"},{"name":"book_value","year":"2022","value":"26.6"},{"name":"book_value","year":"2023","value":"38.9"},{"name":"book_value","year":"LTM\n?","value":"35.7"},{"name":"eps","year":"2019","value":"37.1"},{"name":"eps","year":"2020","value":"35.5"},{"name":"eps","year":"2021","value":"60.3"},{"name":"eps","year":"2022","value":"117.6"},{"name":"eps","year":"2023","value":"104.7"},{"name":"eps","year":"LTM\n?","value":"26.1"},{"name":"fcf_share","year":"2019","value":"-0.72"},{"name":"fcf_share","year":"2020","value":"-15.2"},{"name":"fcf_share","year":"2021","value":"-2.25"},{"name":"fcf_share","year":"2022","value":"-12.5"},{"name":"fcf_share","year":"2023","value":"45.5"},{"name":"fcf_share","year":"LTM\n?","value":"108.3"},{"name":"bv_share","year":"2019","value":"102.6"},{"name":"bv_share","year":"2020","value":"128.5"},{"name":"bv_share","year":"2021","value":"206.7"},{"name":"bv_share","year":"2022","value":"302.4"},{"name":"bv_share","year":"2023","value":"442.8"},{"name":"bv_share","year":"LTM\n?","value":"406.5"},{"name":"ebitda_margin","year":"2019","value":"39.0%"},{"name":"ebitda_margin","year":"2020","value":"40.5%"},{"name":"ebitda_margin","year":"2021","value":"53.5%"},{"name":"ebitda_margin","year":"2022","value":"55.0%"},{"name":"ebitda_margin","year":"2023","value":"45.3%"},{"name":"ebitda_margin","year":"LTM\n?","value":"41.4%"},{"name":"net_margin","year":"2019","value":"37.0%"},{"name":"net_margin","year":"2020","value":"37.4%"},{"name":"net_margin","year":"2021","value":"33.3%"},{"name":"net_margin","year":"2022","value":"44.0%"},{"name":"net_margin","year":"2023","value":"32.3%"},{"name":"net_margin","year":"LTM\n?","value":"6.8%"},{"name":"fcf_yield","year":"2019","value":"-0.3%"},{"name":"fcf_yield","year":"2020","value":"-5.8%"},{"name":"fcf_yield","year":"2021","value":"-0.4%"},{"name":"fcf_yield","year":"2022","value":"-2.1%"},{"name":"fcf_yield","year":"2023","value":"5.3%"},{"name":"fcf_yield","year":"LTM\n?","value":"17.3%"},{"name":"roe","year":"2019","value":"35.9%"},{"name":"roe","year":"2020","value":"26.6%"},{"name":"roe","year":"2021","value":"28.3%"},{"name":"roe","year":"2022","value":"37.9%"},{"name":"roe","year":"2023","value":"23.2%"},{"name":"roe","year":"LTM\n?","value":"6.3%"},{"name":"roa","year":"2019","value":"23.2%"},{"name":"roa","year":"2020","value":"15.8%"},{"name":"roa","year":"2021","value":"18.3%"},{"name":"roa","year":"2022","value":"24.4%"},{"name":"roa","year":"2023","value":"16.2%"},{"name":"roa","year":"LTM\n?","value":"4.6%"},{"name":"p_e","year":"2019","value":"6.89"},{"name":"p_e","year":"2020","value":"7.37"},{"name":"p_e","year":"2021","value":"9.96"},{"name":"p_e","year":"2022","value":"5.08"},{"name":"p_e","year":"2023","value":"8.14"},{"name":"p_e","year":"LTM\n?","value":"24.0"},{"name":"p_fcf","year":"2019","value":"-356.4"},{"name":"p_fcf","year":"2020","value":"-17.2"},{"name":"p_fcf","year":"2021","value":"-266.5"},{"name":"p_fcf","year":"2022","value":"-47.7"},{"name":"p_fcf","year":"2023","value":"18.7"},{"name":"p_fcf","year":"LTM\n?","value":"5.78"},{"name":"p_s","year":"2019","value":"2.55"},{"name":"p_s","year":"2020","value":"2.76"},{"name":"p_s","year":"2021","value":"3.32"},{"name":"p_s","year":"2022","value":"2.23"},{"name":"p_s","year":"2023","value":"2.63"},{"name":"p_s","year":"LTM\n?","value":"1.63"},{"name":"p_bv","year":"2019","value":"2.49"},{"name":"p_bv","year":"2020","value":"2.04"},{"name":"p_bv","year":"2021","value":"2.91"},{"name":"p_bv","year":"2022","value":"1.97"},{"name":"p_bv","year":"2023","value":"1.92"},{"name":"p_bv","year":"LTM\n?","value":"1.54"},{"name":"ev_ebitda","year":"2019","value":"7.72"},{"name":"ev_ebitda","year":"2020","value":"8.60"},{"name":"ev_ebitda","year":"2021","value":"7.15"},{"name":"ev_ebitda","year":"2022","value":"5.09"},{"name":"ev_ebitda","year":"2023","value":"6.86"},{"name":"ev_ebitda","year":"LTM\n?","value":"4.37"},{"name":"debt_ebitda","year":"2019","value":"1.18"},{"name":"debt_ebitda","year":"2020","value":"1.80"},{"name":"debt_ebitda","year":"2021","value":"0.94"},{"name":"debt_ebitda","year":"2022","value":"1.04"},{"name":"debt_ebitda","year":"2023","value":"1.05"},{"name":"debt_ebitda","year":"LTM\n?","value":"0.43"},{"name":"employees","year":"2019","value":"387"},{"name":"employees","year":"2020","value":"455"},{"name":"employees","year":"2021","value":"656"},{"name":"employees","year":"2022","value":"676"},{"name":"employees","year":"2023","value":""},{"name":"employees","year":"LTM\n?","value":""},{"name":"labour_productivity","year":"2019","value":"22.7"},{"name":"labour_productivity","year":"2020","value":"18.3"},{"name":"labour_productivity","year":"2021","value":"24.2"},{"name":"labour_productivity","year":"2022","value":"34.8"},{"name":"labour_productivity","year":"2023","value":""},{"name":"labour_productivity","year":"LTM\n?","value":""},{"name":"expenses_per_employee","year":"2019","value":"1 974"},{"name":"expenses_per_employee","year":"2020","value":"1 670"},{"name":"expenses_per_employee","year":"2021","value":"0.00"},{"name":"expenses_per_employee","year":"2022","value":"2 237"},{"name":"expenses_per_employee","year":"2023","value":""},{"name":"expenses_per_employee","year":"LTM\n?","value":""},{"name":"r_and_d_capex","year":"2019","value":"0.00%"},{"name":"r_and_d_capex","year":"2020","value":"0.00%"},{"name":"r_and_d_capex","year":"2021","value":""},{"name":"r_and_d_capex","year":"2022","value":"0.00%"},{"name":"r_and_d_capex","year":"2023","value":"0.00%"},{"name":"r_and_d_capex","year":"LTM\n?","value":"0"},{"name":"capex_revenue","year":"2019","value":"29%"},{"name":"capex_revenue","year":"2020","value":"22%"},{"name":"capex_revenue","year":"2021","value":"0%"},{"name":"capex_revenue","year":"2022","value":"17%"},{"name":"capex_revenue","year":"2023","value":"16%"},{"name":"capex_revenue","year":"LTM\n?","value":"16%"},{"name":"irr","year":"2019","value":""},{"name":"irr","year":"2020","value":""},{"name":"irr","year":"2021","value":""},{"name":"irr","year":"2022","value":"4.1"},{"name":"irr","year":"2023","value":"4.1"},{"name":"irr","year":"LTM\n?","value":"4.1"},{"name":"ir_fs_quality","year":"2019","value":""},{"name":"ir_fs_quality","year":"2020","value":""},{"name":"ir_fs_quality","year":"2021","value":""},{"name":"ir_fs_quality","year":"2022","value":"4"},{"name":"ir_fs_quality","year":"2023","value":"4"},{"name":"ir_fs_quality","year":"LTM\n?","value":"4"},{"name":"ir_investor_presentations","year":"2019","value":""},{"name":"ir_investor_presentations","year":"2020","value":""},{"name":"ir_investor_presentations","year":"2021","value":""},{"name":"ir_investor_presentations","year":"2022","value":"5"},{"name":"ir_investor_presentations","year":"2023","value":"5"},{"name":"ir_investor_presentations","year":"LTM\n?","value":"5"},{"name":"ir_annual_report","year":"2019","value":""},{"name":"ir_annual_report","year":"2020","value":""},{"name":"ir_annual_report","year":"2021","value":""},{"name":"ir_annual_report","year":"2022","value":"5"},{"name":"ir_annual_report","year":"2023","value":"5"},{"name":"ir_annual_report","year":"LTM\n?","value":"5"},{"name":"ir_investor_site","year":"2019","value":""},{"name":"ir_investor_site","year":"2020","value":""},{"name":"ir_investor_site","year":"2021","value":""},{"name":"ir_investor_site","year":"2022","value":"5"},{"name":"ir_investor_site","year":"2023","value":"5"},{"name":"ir_investor_site","year":"LTM\n?","value":"5"},{"name":"ir_investor_calendar","year":"2019","value":""},{"name":"ir_investor_calendar","year":"2020","value":""},{"name":"ir_investor_calendar","year":"2021","value":""},{"name":"ir_investor_calendar","year":"2022","value":"1"},{"name":"ir_investor_calendar","year":"2023","value":"1"},{"name":"ir_investor_calendar","year":"LTM\n?","value":"1"},{"name":"ir_feedback","year":"2019","value":""},{"name":"ir_feedback","year":"2020","value":""},{"name":"ir_feedback","year":"2021","value":""},{"name":"ir_feedback","year":"2022","value":"5"},{"name":"ir_feedback","year":"2023","value":"5"},{"name":"ir_feedback","year":"LTM\n?","value":"5"}]