[
  {
    "name": "passenger_traffic_total",
    "year": "2015Q3",
    "value": 12.2
  },
  {
    "name": "passenger_traffic_total",
    "year": "2015Q4",
    "value": 9.34
  },
  {
    "name": "passenger_traffic_total",
    "year": "2016Q1",
    "value": 9.02
  },
  {
    "name": "passenger_traffic_total",
    "year": "2016Q2",
    "value": 10.67
  },
  {
    "name": "passenger_traffic_total",
    "year": "2016Q3",
    "value": 13.131
  },
  {
    "name": "passenger_traffic_total",
    "year": "2016Q4",
    "value": 10.62
  },
  {
    "name": "passenger_traffic_total",
    "year": "2017Q1",
    "value": 10.302
  },
  {
    "name": "passenger_traffic_total",
    "year": "2017Q2",
    "value": 12.66
  },
  {
    "name": "passenger_traffic_total",
    "year": "2017Q3",
    "value": 15.38
  },
  {
    "name": "passenger_traffic_total",
    "year": "2017Q4",
    "value": 11.79
  },
  {
    "name": "passenger_traffic_total",
    "year": "2018Q1",
    "value": 10.985
  },
  {
    "name": "passenger_traffic_total",
    "year": "2018Q2",
    "value": 13.87
  },
  {
    "name": "passenger_traffic_total",
    "year": "2018Q3",
    "value": 17.394
  },
  {
    "name": "passenger_traffic_total",
    "year": "2018Q4",
    "value": 13.461
  },
  {
    "name": "passenger_traffic_total",
    "year": "2019Q1",
    "value": 12.764
  },
  {
    "name": "passenger_traffic_total",
    "year": "2019Q2",
    "value": 15.431
  },
  {
    "name": "passenger_traffic_total",
    "year": "2019Q3",
    "value": 18.533
  },
  {
    "name": "passenger_traffic_total",
    "year": "2019Q4",
    "value": 13.991
  },
  {
    "name": "passenger_traffic_total",
    "year": "2020Q1",
    "value": 10.915
  },
  {
    "name": "passenger_traffic_total",
    "year": "2020Q2",
    "value": 1.731
  },
  {
    "name": "passenger_traffic_total",
    "year": "2020Q3",
    "value": 10.129
  },
  {
    "name": "passenger_traffic_total",
    "year": "2020Q4",
    "value": 7.1
  },
  {
    "name": "passenger_traffic_total",
    "year": "2021Q1",
    "value": 7.37
  },
  {
    "name": "passenger_traffic_total",
    "year": "2021Q2",
    "value": 11.18
  },
  {
    "name": "passenger_traffic_total",
    "year": "2021Q3",
    "value": 15.56
  },
  {
    "name": "passenger_traffic_total",
    "year": "2021Q4",
    "value": 11.7
  },
  {
    "name": "passenger_traffic_total",
    "year": "2022Q2",
    "value": 8.68
  },
  {
    "name": "passenger_traffic_total",
    "year": "2022Q3",
    "value": 14.08
  },
  {
    "name": "passenger_traffic_total",
    "year": "2022Q4",
    "value": 9.43
  },
  {
    "name": "passenger_traffic_total",
    "year": "2023Q1",
    "value": 9.47
  },
  {
    "name": "passenger_traffic_total",
    "year": "2023Q2",
    "value": 11.46
  },
  {
    "name": "passenger_traffic_total",
    "year": "2023Q3",
    "value": 14.89
  },
  {
    "name": "passenger_traffic_total",
    "year": "2023Q4",
    "value": 11.51
  },
  {
    "name": "passenger_traffic_total",
    "year": "2024Q1",
    "value": 11.52
  },
  {
    "name": "passenger_traffic_internal",
    "year": "2015Q3",
    "value": 7.48
  },
  {
    "name": "passenger_traffic_internal",
    "year": "2015Q4",
    "value": 5.58
  },
  {
    "name": "passenger_traffic_internal",
    "year": "2016Q1",
    "value": 5.3
  },
  {
    "name": "passenger_traffic_internal",
    "year": "2016Q2",
    "value": 5.3
  },
  {
    "name": "passenger_traffic_internal",
    "year": "2016Q3",
    "value": 5.534
  },
  {
    "name": "passenger_traffic_internal",
    "year": "2016Q4",
    "value": 9.02
  },
  {
    "name": "passenger_traffic_internal",
    "year": "2017Q1",
    "value": 5.724
  },
  {
    "name": "passenger_traffic_internal",
    "year": "2017Q2",
    "value": 6.992
  },
  {
    "name": "passenger_traffic_internal",
    "year": "2017Q3",
    "value": 8.403
  },
  {
    "name": "passenger_traffic_internal",
    "year": "2017Q4",
    "value": 6.46
  },
  {
    "name": "passenger_traffic_internal",
    "year": "2018Q1",
    "value": 6.097
  },
  {
    "name": "passenger_traffic_internal",
    "year": "2018Q2",
    "value": 7.7
  },
  {
    "name": "passenger_traffic_internal",
    "year": "2018Q3",
    "value": 9.693
  },
  {
    "name": "passenger_traffic_internal",
    "year": "2018Q4",
    "value": 7.483
  },
  {
    "name": "passenger_traffic_internal",
    "year": "2019Q1",
    "value": 7.033
  },
  {
    "name": "passenger_traffic_internal",
    "year": "2019Q2",
    "value": 8.48
  },
  {
    "name": "passenger_traffic_internal",
    "year": "2019Q3",
    "value": 10.258
  },
  {
    "name": "passenger_traffic_internal",
    "year": "2019Q4",
    "value": 7.83
  },
  {
    "name": "passenger_traffic_internal",
    "year": "2020Q1",
    "value": 6.47
  },
  {
    "name": "passenger_traffic_internal",
    "year": "2020Q2",
    "value": 1.68
  },
  {
    "name": "passenger_traffic_internal",
    "year": "2020Q3",
    "value": 9.51
  },
  {
    "name": "passenger_traffic_internal",
    "year": "2020Q4",
    "value": 6.3
  },
  {
    "name": "passenger_traffic_internal",
    "year": "2021Q1",
    "value": 6.47
  },
  {
    "name": "passenger_traffic_internal",
    "year": "2021Q2",
    "value": 9.63
  },
  {
    "name": "passenger_traffic_internal",
    "year": "2021Q3",
    "value": 12.57
  },
  {
    "name": "passenger_traffic_internal",
    "year": "2021Q4",
    "value": 8.67
  },
  {
    "name": "passenger_traffic_internal",
    "year": "2022Q2",
    "value": 8.03
  },
  {
    "name": "passenger_traffic_internal",
    "year": "2022Q3",
    "value": 12.69
  },
  {
    "name": "passenger_traffic_internal",
    "year": "2022Q4",
    "value": 7.92
  },
  {
    "name": "passenger_traffic_internal",
    "year": "2023Q1",
    "value": 7.52
  },
  {
    "name": "passenger_traffic_internal",
    "year": "2023Q2",
    "value": 9.29
  },
  {
    "name": "passenger_traffic_internal",
    "year": "2023Q3",
    "value": 12.14
  },
  {
    "name": "passenger_traffic_internal",
    "year": "2023Q4",
    "value": 8.79
  },
  {
    "name": "passenger_traffic_internal",
    "year": "2024Q1",
    "value": 8.64
  },
  {
    "name": "passenger_traffic_world",
    "year": "2015Q3",
    "value": 4.71
  },
  {
    "name": "passenger_traffic_world",
    "year": "2015Q4",
    "value": 3.76
  },
  {
    "name": "passenger_traffic_world",
    "year": "2016Q1",
    "value": 3.72
  },
  {
    "name": "passenger_traffic_world",
    "year": "2016Q2",
    "value": 4.37
  },
  {
    "name": "passenger_traffic_world",
    "year": "2016Q3",
    "value": 7.597
  },
  {
    "name": "passenger_traffic_world",
    "year": "2016Q4",
    "value": 2.6
  },
  {
    "name": "passenger_traffic_world",
    "year": "2017Q1",
    "value": 4.578
  },
  {
    "name": "passenger_traffic_world",
    "year": "2017Q2",
    "value": 5.667
  },
  {
    "name": "passenger_traffic_world",
    "year": "2017Q3",
    "value": 6.976
  },
  {
    "name": "passenger_traffic_world",
    "year": "2017Q4",
    "value": 5.329
  },
  {
    "name": "passenger_traffic_world",
    "year": "2018Q1",
    "value": 4.889
  },
  {
    "name": "passenger_traffic_world",
    "year": "2018Q2",
    "value": 6.17
  },
  {
    "name": "passenger_traffic_world",
    "year": "2018Q3",
    "value": 7.7
  },
  {
    "name": "passenger_traffic_world",
    "year": "2018Q4",
    "value": 5.978
  },
  {
    "name": "passenger_traffic_world",
    "year": "2019Q1",
    "value": 5.731
  },
  {
    "name": "passenger_traffic_world",
    "year": "2019Q2",
    "value": 6.952
  },
  {
    "name": "passenger_traffic_world",
    "year": "2019Q3",
    "value": 8.275
  },
  {
    "name": "passenger_traffic_world",
    "year": "2019Q4",
    "value": 6.16
  },
  {
    "name": "passenger_traffic_world",
    "year": "2020Q1",
    "value": 4.45
  },
  {
    "name": "passenger_traffic_world",
    "year": "2020Q2",
    "value": 0.06
  },
  {
    "name": "passenger_traffic_world",
    "year": "2020Q3",
    "value": 0.62
  },
  {
    "name": "passenger_traffic_world",
    "year": "2020Q4",
    "value": 0.799
  },
  {
    "name": "passenger_traffic_world",
    "year": "2021Q1",
    "value": 0.9
  },
  {
    "name": "passenger_traffic_world",
    "year": "2021Q2",
    "value": 1.55
  },
  {
    "name": "passenger_traffic_world",
    "year": "2021Q3",
    "value": 2.9
  },
  {
    "name": "passenger_traffic_world",
    "year": "2021Q4",
    "value": 3.03
  },
  {
    "name": "passenger_traffic_world",
    "year": "2022Q2",
    "value": 0.65
  },
  {
    "name": "passenger_traffic_world",
    "year": "2022Q3",
    "value": 1.39
  },
  {
    "name": "passenger_traffic_world",
    "year": "2022Q4",
    "value": 1.5
  },
  {
    "name": "passenger_traffic_world",
    "year": "2023Q1",
    "value": 1.95
  },
  {
    "name": "passenger_traffic_world",
    "year": "2023Q2",
    "value": 2.17
  },
  {
    "name": "passenger_traffic_world",
    "year": "2023Q3",
    "value": 2.76
  },
  {
    "name": "passenger_traffic_world",
    "year": "2023Q4",
    "value": 2.71
  },
  {
    "name": "passenger_traffic_world",
    "year": "2024Q1",
    "value": 2.88
  },
  {
    "name": "chairs_employed",
    "year": "2015Q3",
    "value": 79.3
  },
  {
    "name": "chairs_employed",
    "year": "2015Q4",
    "value": 78.3
  },
  {
    "name": "chairs_employed",
    "year": "2016Q1",
    "value": 76.4
  },
  {
    "name": "chairs_employed",
    "year": "2016Q2",
    "value": 78.60000000000001
  },
  {
    "name": "chairs_employed",
    "year": "2016Q3",
    "value": 82.39999999999999
  },
  {
    "name": "chairs_employed",
    "year": "2016Q4",
    "value": 81.5
  },
  {
    "name": "chairs_employed",
    "year": "2017Q1",
    "value": 78.0
  },
  {
    "name": "chairs_employed",
    "year": "2017Q2",
    "value": 80.60000000000001
  },
  {
    "name": "chairs_employed",
    "year": "2017Q3",
    "value": 83.7
  },
  {
    "name": "chairs_employed",
    "year": "2017Q4",
    "value": 82.69999999999999
  },
  {
    "name": "chairs_employed",
    "year": "2018Q1",
    "value": 78.5
  },
  {
    "name": "chairs_employed",
    "year": "2018Q2",
    "value": 80.0
  },
  {
    "name": "chairs_employed",
    "year": "2018Q3",
    "value": 83.8
  },
  {
    "name": "chairs_employed",
    "year": "2018Q4",
    "value": 83.39999999999999
  },
  {
    "name": "chairs_employed",
    "year": "2019Q1",
    "value": 77.9
  },
  {
    "name": "chairs_employed",
    "year": "2019Q2",
    "value": 79.4
  },
  {
    "name": "chairs_employed",
    "year": "2019Q3",
    "value": 82.69999999999999
  },
  {
    "name": "chairs_employed",
    "year": "2019Q4",
    "value": 81.89999999999999
  },
  {
    "name": "chairs_employed",
    "year": "2020Q1",
    "value": 71.5
  },
  {
    "name": "chairs_employed",
    "year": "2020Q2",
    "value": 68.2
  },
  {
    "name": "chairs_employed",
    "year": "2020Q3",
    "value": 83.0
  },
  {
    "name": "chairs_employed",
    "year": "2020Q4",
    "value": 74.3
  },
  {
    "name": "chairs_employed",
    "year": "2021Q1",
    "value": 80.10000000000001
  },
  {
    "name": "chairs_employed",
    "year": "2021Q2",
    "value": 78.10000000000001
  },
  {
    "name": "chairs_employed",
    "year": "2021Q3",
    "value": 81.10000000000001
  },
  {
    "name": "chairs_employed",
    "year": "2021Q4",
    "value": 80.30000000000001
  },
  {
    "name": "chairs_employed",
    "year": "2022Q2",
    "value": 83.7
  },
  {
    "name": "chairs_employed",
    "year": "2022Q3",
    "value": 84.0
  },
  {
    "name": "chairs_employed",
    "year": "2022Q4",
    "value": 82.39999999999999
  },
  {
    "name": "chairs_employed",
    "year": "2023Q1",
    "value": 86.3
  },
  {
    "name": "chairs_employed",
    "year": "2023Q2",
    "value": 85.7
  },
  {
    "name": "chairs_employed",
    "year": "2023Q3",
    "value": 90.5
  },
  {
    "name": "chairs_employed",
    "year": "2023Q4",
    "value": 87.2
  },
  {
    "name": "chairs_employed",
    "year": "2024Q1",
    "value": 88.3
  },
  {
    "name": "turnover",
    "year": "2015Q3",
    "value": 150.6
  },
  {
    "name": "turnover",
    "year": "2015Q4",
    "value": 195.3
  },
  {
    "name": "turnover",
    "year": "2016Q1",
    "value": 164.7
  },
  {
    "name": "turnover",
    "year": "2016Q2",
    "value": 204.7
  },
  {
    "name": "turnover",
    "year": "2016Q3",
    "value": 241.6
  },
  {
    "name": "turnover",
    "year": "2016Q4",
    "value": 307.0
  },
  {
    "name": "turnover",
    "year": "2017Q1",
    "value": 258.7
  },
  {
    "name": "turnover",
    "year": "2017Q2",
    "value": 295.4
  },
  {
    "name": "turnover",
    "year": "2017Q3",
    "value": 318.1
  },
  {
    "name": "turnover",
    "year": "2017Q4",
    "value": 358.9
  },
  {
    "name": "turnover",
    "year": "2018Q1",
    "value": 270.6
  },
  {
    "name": "turnover",
    "year": "2018Q2",
    "value": 310.5
  },
  {
    "name": "turnover",
    "year": "2018Q3",
    "value": 357.4
  },
  {
    "name": "turnover",
    "year": "2018Q4",
    "value": 361.2
  },
  {
    "name": "turnover",
    "year": "2019Q1",
    "value": 269.3
  },
  {
    "name": "turnover",
    "year": "2019Q2",
    "value": 321.4
  },
  {
    "name": "turnover",
    "year": "2019Q3",
    "value": 352.4
  },
  {
    "name": "turnover",
    "year": "2019Q4",
    "value": 371.0
  },
  {
    "name": "turnover",
    "year": "2020Q1",
    "value": 306.8
  },
  {
    "name": "turnover",
    "year": "2020Q2",
    "value": 182.3
  },
  {
    "name": "turnover",
    "year": "2020Q3",
    "value": 237.8
  },
  {
    "name": "turnover",
    "year": "2020Q4",
    "value": 334.9
  },
  {
    "name": "turnover",
    "year": "2021Q1",
    "value": 275.3
  },
  {
    "name": "turnover",
    "year": "2021Q2",
    "value": 265.8
  },
  {
    "name": "turnover",
    "year": "2021Q3",
    "value": 312.3
  },
  {
    "name": "turnover",
    "year": "2021Q4",
    "value": 441.3
  },
  {
    "name": "turnover",
    "year": "2022Q2",
    "value": 151.4
  },
  {
    "name": "turnover",
    "year": "2022Q3",
    "value": 230.0
  },
  {
    "name": "turnover",
    "year": "2022Q4",
    "value": 246.2
  },
  {
    "name": "turnover",
    "year": "2023Q1",
    "value": 202.9
  },
  {
    "name": "turnover",
    "year": "2023Q2",
    "value": 224.7
  },
  {
    "name": "turnover",
    "year": "2023Q3",
    "value": 271.1
  },
  {
    "name": "turnover",
    "year": "2023Q4",
    "value": 290.7
  },
  {
    "name": "flight_hours",
    "year": "2015Q3",
    "value": 237906.0
  },
  {
    "name": "flight_hours",
    "year": "2015Q4",
    "value": 209712.0
  },
  {
    "name": "flight_hours",
    "year": "2016Q1",
    "value": 204913.0
  },
  {
    "name": "flight_hours",
    "year": "2016Q2",
    "value": 225952.0
  },
  {
    "name": "flight_hours",
    "year": "2016Q3",
    "value": 250746.0
  },
  {
    "name": "flight_hours",
    "year": "2016Q4",
    "value": 230165.0
  },
  {
    "name": "flight_hours",
    "year": "2017Q1",
    "value": 224987.0
  },
  {
    "name": "flight_hours",
    "year": "2017Q2",
    "value": 252252.0
  },
  {
    "name": "flight_hours",
    "year": "2017Q3",
    "value": 279066.0
  },
  {
    "name": "flight_hours",
    "year": "2017Q4",
    "value": 252803.0
  },
  {
    "name": "flight_hours",
    "year": "2018Q1",
    "value": 241954.0
  },
  {
    "name": "flight_hours",
    "year": "2018Q2",
    "value": 292967.0
  },
  {
    "name": "flight_hours",
    "year": "2018Q3",
    "value": 298855.0
  },
  {
    "name": "flight_hours",
    "year": "2018Q4",
    "value": 289770.0
  },
  {
    "name": "flight_hours",
    "year": "2019Q1",
    "value": 283538.0
  },
  {
    "name": "flight_hours",
    "year": "2019Q2",
    "value": 310388.0
  },
  {
    "name": "flight_hours",
    "year": "2019Q3",
    "value": 333410.0
  },
  {
    "name": "flight_hours",
    "year": "2019Q4",
    "value": 298449.0
  },
  {
    "name": "flight_hours",
    "year": "2020Q1",
    "value": 258883.0
  },
  {
    "name": "flight_hours",
    "year": "2020Q2",
    "value": 56685.0
  },
  {
    "name": "flight_hours",
    "year": "2020Q3",
    "value": 167993.0
  },
  {
    "name": "flight_hours",
    "year": "2020Q4",
    "value": 143921.0
  },
  {
    "name": "flight_hours",
    "year": "2021Q1",
    "value": 138025.0
  },
  {
    "name": "flight_hours",
    "year": "2021Q2",
    "value": 201842.0
  },
  {
    "name": "flight_hours",
    "year": "2021Q3",
    "value": 266415.0
  },
  {
    "name": "flight_hours",
    "year": "2021Q4",
    "value": 232184.0
  },
  {
    "name": "flight_hours",
    "year": "2022Q2",
    "value": 166336.0
  },
  {
    "name": "flight_hours",
    "year": "2022Q3",
    "value": 254031.0
  },
  {
    "name": "flight_hours",
    "year": "2022Q4",
    "value": 187963.0
  },
  {
    "name": "flight_hours",
    "year": "2023Q1",
    "value": 185394.0
  },
  {
    "name": "flight_hours",
    "year": "2023Q2",
    "value": 200190.0
  },
  {
    "name": "flight_hours",
    "year": "2023Q3",
    "value": 288360.0
  },
  {
    "name": "flight_hours",
    "year": "2023Q4",
    "value": 219750.0
  },
  {
    "name": "aircraft_number",
    "year": "2015Q4",
    "value": 258.0
  },
  {
    "name": "aircraft_number",
    "year": "2016Q1",
    "value": null
  },
  {
    "name": "aircraft_number",
    "year": "2016Q2",
    "value": null
  },
  {
    "name": "aircraft_number",
    "year": "2016Q3",
    "value": null
  },
  {
    "name": "aircraft_number",
    "year": "2016Q4",
    "value": 291.0
  },
  {
    "name": "aircraft_number",
    "year": "2017Q1",
    "value": null
  },
  {
    "name": "aircraft_number",
    "year": "2017Q2",
    "value": null
  },
  {
    "name": "aircraft_number",
    "year": "2017Q3",
    "value": null
  },
  {
    "name": "aircraft_number",
    "year": "2017Q4",
    "value": 325.0
  },
  {
    "name": "aircraft_number",
    "year": "2018Q1",
    "value": null
  },
  {
    "name": "aircraft_number",
    "year": "2018Q2",
    "value": null
  },
  {
    "name": "aircraft_number",
    "year": "2018Q3",
    "value": null
  },
  {
    "name": "aircraft_number",
    "year": "2018Q4",
    "value": 366.0
  },
  {
    "name": "aircraft_number",
    "year": "2019Q1",
    "value": 371.0
  },
  {
    "name": "aircraft_number",
    "year": "2019Q2",
    "value": 365.0
  },
  {
    "name": "aircraft_number",
    "year": "2019Q3",
    "value": 364.0
  },
  {
    "name": "aircraft_number",
    "year": "2019Q4",
    "value": 358.0
  },
  {
    "name": "aircraft_number",
    "year": "2020Q1",
    "value": 361.0
  },
  {
    "name": "aircraft_number",
    "year": "2020Q2",
    "value": 360.0
  },
  {
    "name": "aircraft_number",
    "year": "2020Q3",
    "value": 357.0
  },
  {
    "name": "aircraft_number",
    "year": "2020Q4",
    "value": 364.0
  },
  {
    "name": "aircraft_number",
    "year": "2021Q1",
    "value": 336.0
  },
  {
    "name": "aircraft_number",
    "year": "2021Q2",
    "value": 344.0
  },
  {
    "name": "aircraft_number",
    "year": "2021Q3",
    "value": 352.0
  },
  {
    "name": "aircraft_number",
    "year": "2021Q4",
    "value": 356.0
  },
  {
    "name": "aircraft_number",
    "year": "2022Q2",
    "value": null
  },
  {
    "name": "aircraft_number",
    "year": "2022Q3",
    "value": null
  },
  {
    "name": "aircraft_number",
    "year": "2022Q4",
    "value": null
  },
  {
    "name": "aircraft_number",
    "year": "2023Q1",
    "value": null
  },
  {
    "name": "aircraft_number",
    "year": "2023Q2",
    "value": null
  },
  {
    "name": "aircraft_number",
    "year": "2023Q3",
    "value": null
  },
  {
    "name": "aircraft_number",
    "year": "2023Q4",
    "value": 349.0
  },
  {
    "name": "aircraft_number",
    "year": "2024Q1",
    "value": 349.0
  },
  {
    "name": "revenue",
    "year": "2015Q4",
    "value": 93.167
  },
  {
    "name": "revenue",
    "year": "2016Q1",
    "value": 87.157
  },
  {
    "name": "revenue",
    "year": "2016Q2",
    "value": 106.993
  },
  {
    "name": "revenue",
    "year": "2016Q3",
    "value": 134.216
  },
  {
    "name": "revenue",
    "year": "2016Q4",
    "value": 99.534
  },
  {
    "name": "revenue",
    "year": "2017Q1",
    "value": 87.779
  },
  {
    "name": "revenue",
    "year": "2017Q2",
    "value": 110.408
  },
  {
    "name": "revenue",
    "year": "2017Q3",
    "value": 142.505
  },
  {
    "name": "revenue",
    "year": "2017Q4",
    "value": 105.957
  },
  {
    "name": "revenue",
    "year": "2018Q1",
    "value": 94.195
  },
  {
    "name": "revenue",
    "year": "2018Q2",
    "value": 124.962
  },
  {
    "name": "revenue",
    "year": "2018Q3",
    "value": 172.254
  },
  {
    "name": "revenue",
    "year": "2018Q4",
    "value": 113.286
  },
  {
    "name": "revenue",
    "year": "2019Q1",
    "value": 114.026
  },
  {
    "name": "revenue",
    "year": "2019Q2",
    "value": 138.837
  },
  {
    "name": "revenue",
    "year": "2019Q3",
    "value": 169.3
  },
  {
    "name": "revenue",
    "year": "2019Q4",
    "value": 129.604
  },
  {
    "name": "revenue",
    "year": "2020Q1",
    "value": 100.87
  },
  {
    "name": "revenue",
    "year": "2020Q2",
    "value": 20.83
  },
  {
    "name": "revenue",
    "year": "2020Q3",
    "value": 55.25
  },
  {
    "name": "revenue",
    "year": "2020Q4",
    "value": 52.816
  },
  {
    "name": "revenue",
    "year": "2021Q1",
    "value": 58.87
  },
  {
    "name": "revenue",
    "year": "2021Q2",
    "value": 91.0
  },
  {
    "name": "revenue",
    "year": "2021Q3",
    "value": 126.12
  },
  {
    "name": "revenue",
    "year": "2021Q4",
    "value": 102.673
  },
  {
    "name": "revenue",
    "year": "2022Q2",
    "value": 138.7
  },
  {
    "name": "revenue",
    "year": "2022Q3",
    "value": 111.61
  },
  {
    "name": "revenue",
    "year": "2022Q4",
    "value": 82.44
  },
  {
    "name": "revenue",
    "year": "2023Q1",
    "value": 92.0
  },
  {
    "name": "revenue",
    "year": "2023Q2",
    "value": 113.4
  },
  {
    "name": "revenue",
    "year": "2023Q3",
    "value": 151.92
  },
  {
    "name": "revenue",
    "year": "2023Q4",
    "value": 140.18
  },
  {
    "name": "revenue",
    "year": "2024Q1",
    "value": 145.1
  },
  {
    "name": "operating_income",
    "year": "2020Q1",
    "value": -31.22
  },
  {
    "name": "operating_income",
    "year": "2020Q2",
    "value": -39.11
  },
  {
    "name": "operating_income",
    "year": "2020Q3",
    "value": -26.61
  },
  {
    "name": "operating_income",
    "year": "2020Q4",
    "value": -33.67
  },
  {
    "name": "operating_income",
    "year": "2021Q1",
    "value": -30.42
  },
  {
    "name": "operating_income",
    "year": "2021Q2",
    "value": -12.21
  },
  {
    "name": "operating_income",
    "year": "2021Q3",
    "value": -0.147
  },
  {
    "name": "operating_income",
    "year": "2021Q4",
    "value": -26.71
  },
  {
    "name": "operating_income",
    "year": "2022Q2",
    "value": -57.45
  },
  {
    "name": "operating_income",
    "year": "2022Q3",
    "value": -9.2
  },
  {
    "name": "operating_income",
    "year": "2022Q4",
    "value": -6.1
  },
  {
    "name": "operating_income",
    "year": "2023Q1",
    "value": -9.7
  },
  {
    "name": "operating_income",
    "year": "2023Q2",
    "value": -7.34
  },
  {
    "name": "operating_income",
    "year": "2023Q3",
    "value": 9.27
  },
  {
    "name": "operating_income",
    "year": "2023Q4",
    "value": -1.99
  },
  {
    "name": "operating_income",
    "year": "2024Q1",
    "value": 2.78
  },
  {
    "name": "net_income",
    "year": "2015Q4",
    "value": -26.076
  },
  {
    "name": "net_income",
    "year": "2016Q1",
    "value": -3.01
  },
  {
    "name": "net_income",
    "year": "2016Q2",
    "value": 11.024
  },
  {
    "name": "net_income",
    "year": "2016Q3",
    "value": 34.836
  },
  {
    "name": "net_income",
    "year": "2016Q4",
    "value": -12.233
  },
  {
    "name": "net_income",
    "year": "2017Q1",
    "value": -2.291
  },
  {
    "name": "net_income",
    "year": "2017Q2",
    "value": 3.163
  },
  {
    "name": "net_income",
    "year": "2017Q3",
    "value": 24.669
  },
  {
    "name": "net_income",
    "year": "2017Q4",
    "value": 2.902
  },
  {
    "name": "net_income",
    "year": "2018Q1",
    "value": -8.75
  },
  {
    "name": "net_income",
    "year": "2018Q2",
    "value": 1.568
  },
  {
    "name": "net_income",
    "year": "2018Q3",
    "value": 22.808
  },
  {
    "name": "net_income",
    "year": "2018Q4",
    "value": -12.83
  },
  {
    "name": "net_income",
    "year": "2019Q1",
    "value": -16.85
  },
  {
    "name": "net_income",
    "year": "2019Q2",
    "value": 2.73
  },
  {
    "name": "net_income",
    "year": "2019Q3",
    "value": 21.367
  },
  {
    "name": "net_income",
    "year": "2019Q4",
    "value": -1.96
  },
  {
    "name": "net_income",
    "year": "2020Q1",
    "value": -16.14
  },
  {
    "name": "net_income",
    "year": "2020Q2",
    "value": -26.15
  },
  {
    "name": "net_income",
    "year": "2020Q3",
    "value": -23.27
  },
  {
    "name": "net_income",
    "year": "2020Q4",
    "value": -30.967
  },
  {
    "name": "net_income",
    "year": "2021Q1",
    "value": -24.9
  },
  {
    "name": "net_income",
    "year": "2021Q2",
    "value": -1.4
  },
  {
    "name": "net_income",
    "year": "2021Q3",
    "value": 2.9
  },
  {
    "name": "net_income",
    "year": "2021Q4",
    "value": -22.2
  },
  {
    "name": "net_income",
    "year": "2022Q2",
    "value": 80.72
  },
  {
    "name": "net_income",
    "year": "2022Q3",
    "value": -22.34
  },
  {
    "name": "net_income",
    "year": "2022Q4",
    "value": -72.68
  },
  {
    "name": "net_income",
    "year": "2023Q1",
    "value": -33.68
  },
  {
    "name": "net_income",
    "year": "2023Q2",
    "value": -48.0
  },
  {
    "name": "net_income",
    "year": "2023Q3",
    "value": -12.96
  },
  {
    "name": "net_income",
    "year": "2023Q4",
    "value": 65.14
  },
  {
    "name": "net_income",
    "year": "2024Q1",
    "value": -6.92
  },
  {
    "name": "opex",
    "year": "2020Q1",
    "value": 8.83
  },
  {
    "name": "opex",
    "year": "2020Q2",
    "value": 5.63
  },
  {
    "name": "opex",
    "year": "2020Q3",
    "value": 3.2
  },
  {
    "name": "opex",
    "year": "2020Q4",
    "value": 0.0
  },
  {
    "name": "opex",
    "year": "2021Q1",
    "value": 6.95
  },
  {
    "name": "opex",
    "year": "2021Q2",
    "value": 8.0
  },
  {
    "name": "opex",
    "year": "2021Q3",
    "value": 8.62
  },
  {
    "name": "opex",
    "year": "2021Q4",
    "value": 10.25
  },
  {
    "name": "opex",
    "year": "2022Q2",
    "value": 13.23
  },
  {
    "name": "opex",
    "year": "2022Q3",
    "value": 5.07
  },
  {
    "name": "opex",
    "year": "2022Q4",
    "value": null
  },
  {
    "name": "opex",
    "year": "2023Q1",
    "value": 3.8
  },
  {
    "name": "opex",
    "year": "2023Q2",
    "value": 4.05
  },
  {
    "name": "opex",
    "year": "2023Q3",
    "value": 4.09
  },
  {
    "name": "opex",
    "year": "2023Q4",
    "value": null
  },
  {
    "name": "opex",
    "year": "2024Q1",
    "value": 4.24
  },
  {
    "name": "cost_of_production",
    "year": "2015Q4",
    "value": 136.874
  },
  {
    "name": "cost_of_production",
    "year": "2016Q1",
    "value": 83.877
  },
  {
    "name": "cost_of_production",
    "year": "2016Q2",
    "value": 91.143
  },
  {
    "name": "cost_of_production",
    "year": "2016Q3",
    "value": 101.039
  },
  {
    "name": "cost_of_production",
    "year": "2016Q4",
    "value": 95.5
  },
  {
    "name": "cost_of_production",
    "year": "2017Q1",
    "value": 89.499
  },
  {
    "name": "cost_of_production",
    "year": "2017Q2",
    "value": 98.731
  },
  {
    "name": "cost_of_production",
    "year": "2017Q3",
    "value": 107.75
  },
  {
    "name": "cost_of_production",
    "year": "2017Q4",
    "value": 104.289
  },
  {
    "name": "cost_of_production",
    "year": "2018Q1",
    "value": 105.789
  },
  {
    "name": "cost_of_production",
    "year": "2018Q2",
    "value": 122.598
  },
  {
    "name": "cost_of_production",
    "year": "2018Q3",
    "value": 134.559
  },
  {
    "name": "cost_of_production",
    "year": "2018Q4",
    "value": 136.737
  },
  {
    "name": "cost_of_production",
    "year": "2019Q1",
    "value": 133.039
  },
  {
    "name": "cost_of_production",
    "year": "2019Q2",
    "value": 136.316
  },
  {
    "name": "cost_of_production",
    "year": "2019Q3",
    "value": 143.016
  },
  {
    "name": "cost_of_production",
    "year": "2019Q4",
    "value": 130.605
  },
  {
    "name": "cost_of_production",
    "year": "2020Q1",
    "value": 123.26
  },
  {
    "name": "cost_of_production",
    "year": "2020Q2",
    "value": 54.32
  },
  {
    "name": "cost_of_production",
    "year": "2020Q3",
    "value": 75.64
  },
  {
    "name": "cost_of_production",
    "year": "2020Q4",
    "value": 78.514
  },
  {
    "name": "cost_of_production",
    "year": "2021Q1",
    "value": 82.34
  },
  {
    "name": "cost_of_production",
    "year": "2021Q2",
    "value": 95.0
  },
  {
    "name": "cost_of_production",
    "year": "2021Q3",
    "value": 117.65
  },
  {
    "name": "cost_of_production",
    "year": "2021Q4",
    "value": 119.32
  },
  {
    "name": "cost_of_production",
    "year": "2022Q2",
    "value": 183.0
  },
  {
    "name": "cost_of_production",
    "year": "2022Q3",
    "value": 115.66
  },
  {
    "name": "cost_of_production",
    "year": "2022Q4",
    "value": 84.04
  },
  {
    "name": "cost_of_production",
    "year": "2023Q1",
    "value": 97.9
  },
  {
    "name": "cost_of_production",
    "year": "2023Q2",
    "value": 116.7
  },
  {
    "name": "cost_of_production",
    "year": "2023Q3",
    "value": 138.6
  },
  {
    "name": "cost_of_production",
    "year": "2023Q4",
    "value": 137.0
  },
  {
    "name": "cost_of_production",
    "year": "2024Q1",
    "value": 143.6
  },
  {
    "name": "employment_expenses",
    "year": "2015Q3",
    "value": 1340.8
  },
  {
    "name": "assets",
    "year": "2017Q4",
    "value": 184.51
  },
  {
    "name": "assets",
    "year": "2018Q1",
    "value": null
  },
  {
    "name": "assets",
    "year": "2018Q2",
    "value": null
  },
  {
    "name": "assets",
    "year": "2018Q3",
    "value": null
  },
  {
    "name": "assets",
    "year": "2018Q4",
    "value": 171.65
  },
  {
    "name": "assets",
    "year": "2019Q1",
    "value": null
  },
  {
    "name": "assets",
    "year": "2019Q2",
    "value": null
  },
  {
    "name": "assets",
    "year": "2019Q3",
    "value": null
  },
  {
    "name": "assets",
    "year": "2019Q4",
    "value": 198.93
  },
  {
    "name": "assets",
    "year": "2020Q1",
    "value": null
  },
  {
    "name": "assets",
    "year": "2020Q2",
    "value": null
  },
  {
    "name": "assets",
    "year": "2020Q3",
    "value": null
  },
  {
    "name": "assets",
    "year": "2020Q4",
    "value": 271.03
  },
  {
    "name": "assets",
    "year": "2021Q1",
    "value": 260.45
  },
  {
    "name": "assets",
    "year": "2021Q2",
    "value": 284.02
  },
  {
    "name": "assets",
    "year": "2021Q3",
    "value": 261.45
  },
  {
    "name": "assets",
    "year": "2021Q4",
    "value": 262.92
  },
  {
    "name": "assets",
    "year": "2022Q2",
    "value": null
  },
  {
    "name": "assets",
    "year": "2022Q3",
    "value": null
  },
  {
    "name": "assets",
    "year": "2022Q4",
    "value": 785.0
  },
  {
    "name": "assets",
    "year": "2023Q1",
    "value": null
  },
  {
    "name": "assets",
    "year": "2023Q2",
    "value": 872.0
  },
  {
    "name": "assets",
    "year": "2023Q3",
    "value": 904.2
  },
  {
    "name": "assets",
    "year": "2023Q4",
    "value": 934.3
  },
  {
    "name": "assets",
    "year": "2024Q1",
    "value": 931.2
  },
  {
    "name": "net_assets",
    "year": "2014Q4",
    "value": 68.524
  },
  {
    "name": "net_assets",
    "year": "2015Q3",
    "value": null
  },
  {
    "name": "net_assets",
    "year": "2015Q4",
    "value": 49.755
  },
  {
    "name": "net_assets",
    "year": "2016Q1",
    "value": null
  },
  {
    "name": "net_assets",
    "year": "2016Q2",
    "value": null
  },
  {
    "name": "net_assets",
    "year": "2016Q3",
    "value": null
  },
  {
    "name": "net_assets",
    "year": "2016Q4",
    "value": 80.391
  },
  {
    "name": "net_assets",
    "year": "2017Q1",
    "value": null
  },
  {
    "name": "net_assets",
    "year": "2017Q2",
    "value": null
  },
  {
    "name": "net_assets",
    "year": "2017Q3",
    "value": null
  },
  {
    "name": "net_assets",
    "year": "2017Q4",
    "value": 78.72
  },
  {
    "name": "net_assets",
    "year": "2018Q1",
    "value": null
  },
  {
    "name": "net_assets",
    "year": "2018Q2",
    "value": null
  },
  {
    "name": "net_assets",
    "year": "2018Q3",
    "value": null
  },
  {
    "name": "net_assets",
    "year": "2018Q4",
    "value": 60.26
  },
  {
    "name": "net_assets",
    "year": "2019Q1",
    "value": null
  },
  {
    "name": "net_assets",
    "year": "2019Q2",
    "value": null
  },
  {
    "name": "net_assets",
    "year": "2019Q3",
    "value": null
  },
  {
    "name": "net_assets",
    "year": "2019Q4",
    "value": 69.73
  },
  {
    "name": "net_assets",
    "year": "2020Q1",
    "value": null
  },
  {
    "name": "net_assets",
    "year": "2020Q2",
    "value": null
  },
  {
    "name": "net_assets",
    "year": "2020Q3",
    "value": null
  },
  {
    "name": "net_assets",
    "year": "2020Q4",
    "value": 53.28
  },
  {
    "name": "net_assets",
    "year": "2021Q1",
    "value": 28.37
  },
  {
    "name": "net_assets",
    "year": "2021Q2",
    "value": 26.94
  },
  {
    "name": "net_assets",
    "year": "2021Q3",
    "value": 29.84
  },
  {
    "name": "net_assets",
    "year": "2021Q4",
    "value": 7.7
  },
  {
    "name": "net_assets",
    "year": "2022Q2",
    "value": null
  },
  {
    "name": "net_assets",
    "year": "2022Q3",
    "value": null
  },
  {
    "name": "net_assets",
    "year": "2022Q4",
    "value": -67.8
  },
  {
    "name": "net_assets",
    "year": "2023Q1",
    "value": null
  },
  {
    "name": "net_assets",
    "year": "2023Q2",
    "value": -149.5
  },
  {
    "name": "net_assets",
    "year": "2023Q3",
    "value": -162.5
  },
  {
    "name": "net_assets",
    "year": "2023Q4",
    "value": -97.3
  },
  {
    "name": "net_assets",
    "year": "2024Q1",
    "value": -104.0
  },
  {
    "name": "debt",
    "year": "2016Q4",
    "value": 17.17
  },
  {
    "name": "debt",
    "year": "2017Q1",
    "value": null
  },
  {
    "name": "debt",
    "year": "2017Q2",
    "value": null
  },
  {
    "name": "debt",
    "year": "2017Q3",
    "value": null
  },
  {
    "name": "debt",
    "year": "2017Q4",
    "value": 0.0
  },
  {
    "name": "debt",
    "year": "2018Q1",
    "value": null
  },
  {
    "name": "debt",
    "year": "2018Q2",
    "value": null
  },
  {
    "name": "debt",
    "year": "2018Q3",
    "value": null
  },
  {
    "name": "debt",
    "year": "2018Q4",
    "value": 0.0
  },
  {
    "name": "debt",
    "year": "2019Q1",
    "value": null
  },
  {
    "name": "debt",
    "year": "2019Q2",
    "value": null
  },
  {
    "name": "debt",
    "year": "2019Q3",
    "value": null
  },
  {
    "name": "debt",
    "year": "2019Q4",
    "value": 12.52
  },
  {
    "name": "debt",
    "year": "2020Q1",
    "value": null
  },
  {
    "name": "debt",
    "year": "2020Q2",
    "value": null
  },
  {
    "name": "debt",
    "year": "2020Q3",
    "value": null
  },
  {
    "name": "debt",
    "year": "2020Q4",
    "value": 78.74
  },
  {
    "name": "debt",
    "year": "2021Q1",
    "value": 78.77
  },
  {
    "name": "debt",
    "year": "2021Q2",
    "value": 98.61
  },
  {
    "name": "debt",
    "year": "2021Q3",
    "value": 98.62
  },
  {
    "name": "debt",
    "year": "2021Q4",
    "value": 122.75
  },
  {
    "name": "debt",
    "year": "2022Q2",
    "value": null
  },
  {
    "name": "debt",
    "year": "2022Q3",
    "value": null
  },
  {
    "name": "debt",
    "year": "2022Q4",
    "value": 106.1
  },
  {
    "name": "debt",
    "year": "2023Q1",
    "value": null
  },
  {
    "name": "debt",
    "year": "2023Q2",
    "value": 106.1
  },
  {
    "name": "debt",
    "year": "2023Q3",
    "value": 92.9
  },
  {
    "name": "debt",
    "year": "2023Q4",
    "value": 84.1
  },
  {
    "name": "debt",
    "year": "2024Q1",
    "value": 74.26
  },
  {
    "name": "cash",
    "year": "2017Q4",
    "value": 34.1
  },
  {
    "name": "cash",
    "year": "2018Q1",
    "value": null
  },
  {
    "name": "cash",
    "year": "2018Q2",
    "value": null
  },
  {
    "name": "cash",
    "year": "2018Q3",
    "value": null
  },
  {
    "name": "cash",
    "year": "2018Q4",
    "value": 9.87
  },
  {
    "name": "cash",
    "year": "2019Q1",
    "value": null
  },
  {
    "name": "cash",
    "year": "2019Q2",
    "value": null
  },
  {
    "name": "cash",
    "year": "2019Q3",
    "value": null
  },
  {
    "name": "cash",
    "year": "2019Q4",
    "value": 7.34
  },
  {
    "name": "cash",
    "year": "2020Q1",
    "value": null
  },
  {
    "name": "cash",
    "year": "2020Q2",
    "value": null
  },
  {
    "name": "cash",
    "year": "2020Q3",
    "value": null
  },
  {
    "name": "cash",
    "year": "2020Q4",
    "value": 76.19
  },
  {
    "name": "cash",
    "year": "2021Q1",
    "value": 58.4
  },
  {
    "name": "cash",
    "year": "2021Q2",
    "value": 68.06
  },
  {
    "name": "cash",
    "year": "2021Q3",
    "value": 67.48
  },
  {
    "name": "cash",
    "year": "2021Q4",
    "value": 70.72
  },
  {
    "name": "cash",
    "year": "2022Q2",
    "value": null
  },
  {
    "name": "cash",
    "year": "2022Q3",
    "value": null
  },
  {
    "name": "cash",
    "year": "2022Q4",
    "value": 74.5
  },
  {
    "name": "cash",
    "year": "2023Q1",
    "value": null
  },
  {
    "name": "cash",
    "year": "2023Q2",
    "value": 114.5
  },
  {
    "name": "cash",
    "year": "2023Q3",
    "value": 84.7
  },
  {
    "name": "cash",
    "year": "2023Q4",
    "value": 75.9
  },
  {
    "name": "cash",
    "year": "2024Q1",
    "value": 62.4
  },
  {
    "name": "net_debt",
    "year": "2014Q4",
    "value": 0.0
  },
  {
    "name": "net_debt",
    "year": "2015Q3",
    "value": 0.0
  },
  {
    "name": "net_debt",
    "year": "2015Q4",
    "value": 0.0
  },
  {
    "name": "net_debt",
    "year": "2016Q1",
    "value": 0.0
  },
  {
    "name": "net_debt",
    "year": "2016Q2",
    "value": 0.0
  },
  {
    "name": "net_debt",
    "year": "2016Q3",
    "value": 0.0
  },
  {
    "name": "net_debt",
    "year": "2016Q4",
    "value": 17.17
  },
  {
    "name": "net_debt",
    "year": "2017Q1",
    "value": 0.0
  },
  {
    "name": "net_debt",
    "year": "2017Q2",
    "value": 0.0
  },
  {
    "name": "net_debt",
    "year": "2017Q3",
    "value": 0.0
  },
  {
    "name": "net_debt",
    "year": "2017Q4",
    "value": -34.1
  },
  {
    "name": "net_debt",
    "year": "2018Q1",
    "value": 0.0
  },
  {
    "name": "net_debt",
    "year": "2018Q2",
    "value": 0.0
  },
  {
    "name": "net_debt",
    "year": "2018Q3",
    "value": 0.0
  },
  {
    "name": "net_debt",
    "year": "2018Q4",
    "value": -9.87
  },
  {
    "name": "net_debt",
    "year": "2019Q1",
    "value": 0.0
  },
  {
    "name": "net_debt",
    "year": "2019Q2",
    "value": 0.0
  },
  {
    "name": "net_debt",
    "year": "2019Q3",
    "value": 0.0
  },
  {
    "name": "net_debt",
    "year": "2019Q4",
    "value": 5.18
  },
  {
    "name": "net_debt",
    "year": "2020Q1",
    "value": 0.0
  },
  {
    "name": "net_debt",
    "year": "2020Q2",
    "value": 0.0
  },
  {
    "name": "net_debt",
    "year": "2020Q3",
    "value": 0.0
  },
  {
    "name": "net_debt",
    "year": "2020Q4",
    "value": 2.55
  },
  {
    "name": "net_debt",
    "year": "2021Q1",
    "value": 20.37
  },
  {
    "name": "net_debt",
    "year": "2021Q2",
    "value": 30.55
  },
  {
    "name": "net_debt",
    "year": "2021Q3",
    "value": 31.14
  },
  {
    "name": "net_debt",
    "year": "2021Q4",
    "value": 52.03
  },
  {
    "name": "net_debt",
    "year": "2022Q2",
    "value": 0.0
  },
  {
    "name": "net_debt",
    "year": "2022Q3",
    "value": 0.0
  },
  {
    "name": "net_debt",
    "year": "2022Q4",
    "value": 31.6
  },
  {
    "name": "net_debt",
    "year": "2023Q1",
    "value": 0.0
  },
  {
    "name": "net_debt",
    "year": "2023Q2",
    "value": -8.4
  },
  {
    "name": "net_debt",
    "year": "2023Q3",
    "value": 8.2
  },
  {
    "name": "net_debt",
    "year": "2023Q4",
    "value": 8.2
  },
  {
    "name": "net_debt",
    "year": "2024Q1",
    "value": 11.86
  },
  {
    "name": "common_share",
    "year": "2014Q4",
    "value": 32.23
  },
  {
    "name": "common_share",
    "year": "2015Q3",
    "value": 34.0
  },
  {
    "name": "common_share",
    "year": "2015Q4",
    "value": 56.1
  },
  {
    "name": "common_share",
    "year": "2016Q1",
    "value": 74.48
  },
  {
    "name": "common_share",
    "year": "2016Q2",
    "value": 85.5
  },
  {
    "name": "common_share",
    "year": "2016Q3",
    "value": 117.0
  },
  {
    "name": "common_share",
    "year": "2016Q4",
    "value": 153.0
  },
  {
    "name": "common_share",
    "year": "2017Q1",
    "value": 168.0
  },
  {
    "name": "common_share",
    "year": "2017Q2",
    "value": 195.3
  },
  {
    "name": "common_share",
    "year": "2017Q3",
    "value": 184.0
  },
  {
    "name": "common_share",
    "year": "2017Q4",
    "value": 138.45
  },
  {
    "name": "common_share",
    "year": "2018Q1",
    "value": 155.6
  },
  {
    "name": "common_share",
    "year": "2018Q2",
    "value": 139.8
  },
  {
    "name": "common_share",
    "year": "2018Q3",
    "value": 106.55
  },
  {
    "name": "common_share",
    "year": "2018Q4",
    "value": 101.18
  },
  {
    "name": "common_share",
    "year": "2019Q1",
    "value": 96.3
  },
  {
    "name": "common_share",
    "year": "2019Q2",
    "value": 101.76
  },
  {
    "name": "common_share",
    "year": "2019Q3",
    "value": 103.18
  },
  {
    "name": "common_share",
    "year": "2019Q4",
    "value": 103.5
  },
  {
    "name": "common_share",
    "year": "2020Q1",
    "value": 68.52
  },
  {
    "name": "common_share",
    "year": "2020Q2",
    "value": 82.12
  },
  {
    "name": "common_share",
    "year": "2020Q3",
    "value": 73.98
  },
  {
    "name": "common_share",
    "year": "2020Q4",
    "value": 71.44
  },
  {
    "name": "common_share",
    "year": "2021Q1",
    "value": 67.36
  },
  {
    "name": "common_share",
    "year": "2021Q2",
    "value": 68.34
  },
  {
    "name": "common_share",
    "year": "2021Q3",
    "value": 69.92
  },
  {
    "name": "common_share",
    "year": "2021Q4",
    "value": 58.94
  },
  {
    "name": "common_share",
    "year": "2022Q2",
    "value": 26.68
  },
  {
    "name": "common_share",
    "year": "2022Q3",
    "value": 22.78
  },
  {
    "name": "common_share",
    "year": "2022Q4",
    "value": 24.58
  },
  {
    "name": "common_share",
    "year": "2023Q1",
    "value": 31.47
  },
  {
    "name": "common_share",
    "year": "2023Q2",
    "value": 42.51
  },
  {
    "name": "common_share",
    "year": "2023Q3",
    "value": 41.47
  },
  {
    "name": "common_share",
    "year": "2023Q4",
    "value": 34.93
  },
  {
    "name": "common_share",
    "year": "2024Q1",
    "value": 45.32
  },
  {
    "name": "number_of_shares",
    "year": "2014Q4",
    "value": 1110.6
  },
  {
    "name": "number_of_shares",
    "year": "2015Q3",
    "value": 1110.616
  },
  {
    "name": "number_of_shares",
    "year": "2015Q4",
    "value": 1110.6
  },
  {
    "name": "number_of_shares",
    "year": "2016Q1",
    "value": 1110.616
  },
  {
    "name": "number_of_shares",
    "year": "2016Q2",
    "value": 1110.616
  },
  {
    "name": "number_of_shares",
    "year": "2016Q3",
    "value": 1110.616
  },
  {
    "name": "number_of_shares",
    "year": "2016Q4",
    "value": 1110.6
  },
  {
    "name": "number_of_shares",
    "year": "2017Q1",
    "value": 1110.616
  },
  {
    "name": "number_of_shares",
    "year": "2017Q2",
    "value": 1110.616
  },
  {
    "name": "number_of_shares",
    "year": "2017Q3",
    "value": 1110.616
  },
  {
    "name": "number_of_shares",
    "year": "2017Q4",
    "value": 1110.616
  },
  {
    "name": "number_of_shares",
    "year": "2018Q1",
    "value": 1110.616
  },
  {
    "name": "number_of_shares",
    "year": "2018Q2",
    "value": 1110.616
  },
  {
    "name": "number_of_shares",
    "year": "2018Q3",
    "value": 1110.616
  },
  {
    "name": "number_of_shares",
    "year": "2018Q4",
    "value": 1110.616
  },
  {
    "name": "number_of_shares",
    "year": "2019Q1",
    "value": 1110.616
  },
  {
    "name": "number_of_shares",
    "year": "2019Q2",
    "value": 1110.616
  },
  {
    "name": "number_of_shares",
    "year": "2019Q3",
    "value": 1110.616
  },
  {
    "name": "number_of_shares",
    "year": "2019Q4",
    "value": 1110.616
  },
  {
    "name": "number_of_shares",
    "year": "2020Q1",
    "value": 1110.616
  },
  {
    "name": "number_of_shares",
    "year": "2020Q2",
    "value": 1110.616
  },
  {
    "name": "number_of_shares",
    "year": "2020Q3",
    "value": 2444.535
  },
  {
    "name": "number_of_shares",
    "year": "2020Q4",
    "value": 2444.535
  },
  {
    "name": "number_of_shares",
    "year": "2021Q1",
    "value": 2444.535
  },
  {
    "name": "number_of_shares",
    "year": "2021Q2",
    "value": 2444.535
  },
  {
    "name": "number_of_shares",
    "year": "2021Q3",
    "value": 2444.535
  },
  {
    "name": "number_of_shares",
    "year": "2021Q4",
    "value": 2444.535
  },
  {
    "name": "number_of_shares",
    "year": "2022Q2",
    "value": 3976.0
  },
  {
    "name": "number_of_shares",
    "year": "2022Q3",
    "value": 3976.0
  },
  {
    "name": "number_of_shares",
    "year": "2022Q4",
    "value": 3976.0
  },
  {
    "name": "number_of_shares",
    "year": "2023Q1",
    "value": 3976.0
  },
  {
    "name": "number_of_shares",
    "year": "2023Q2",
    "value": 3976.0
  },
  {
    "name": "number_of_shares",
    "year": "2023Q3",
    "value": 3976.0
  },
  {
    "name": "number_of_shares",
    "year": "2023Q4",
    "value": 3976.0
  },
  {
    "name": "number_of_shares",
    "year": "2024Q1",
    "value": 3976.0
  },
  {
    "name": "market_cap",
    "year": "2014Q4",
    "value": 35.794638
  },
  {
    "name": "market_cap",
    "year": "2015Q3",
    "value": 37.760944
  },
  {
    "name": "market_cap",
    "year": "2015Q4",
    "value": 62.30466
  },
  {
    "name": "market_cap",
    "year": "2016Q1",
    "value": 82.71867968
  },
  {
    "name": "market_cap",
    "year": "2016Q2",
    "value": 94.957668
  },
  {
    "name": "market_cap",
    "year": "2016Q3",
    "value": 129.942072
  },
  {
    "name": "market_cap",
    "year": "2016Q4",
    "value": 169.9218
  },
  {
    "name": "market_cap",
    "year": "2017Q1",
    "value": 186.583488
  },
  {
    "name": "market_cap",
    "year": "2017Q2",
    "value": 216.9033048
  },
  {
    "name": "market_cap",
    "year": "2017Q3",
    "value": 204.353344
  },
  {
    "name": "market_cap",
    "year": "2017Q4",
    "value": 153.7647852
  },
  {
    "name": "market_cap",
    "year": "2018Q1",
    "value": 172.8118496
  },
  {
    "name": "market_cap",
    "year": "2018Q2",
    "value": 155.2641168
  },
  {
    "name": "market_cap",
    "year": "2018Q3",
    "value": 118.3361348
  },
  {
    "name": "market_cap",
    "year": "2018Q4",
    "value": 112.37212688
  },
  {
    "name": "market_cap",
    "year": "2019Q1",
    "value": 106.9523208
  },
  {
    "name": "market_cap",
    "year": "2019Q2",
    "value": 113.01628416
  },
  {
    "name": "market_cap",
    "year": "2019Q3",
    "value": 114.59335888
  },
  {
    "name": "market_cap",
    "year": "2019Q4",
    "value": 114.948756
  },
  {
    "name": "market_cap",
    "year": "2020Q1",
    "value": 76.09940832
  },
  {
    "name": "market_cap",
    "year": "2020Q2",
    "value": 91.20378592
  },
  {
    "name": "market_cap",
    "year": "2020Q3",
    "value": 180.8466993
  },
  {
    "name": "market_cap",
    "year": "2020Q4",
    "value": 174.6375804
  },
  {
    "name": "market_cap",
    "year": "2021Q1",
    "value": 164.6638776
  },
  {
    "name": "market_cap",
    "year": "2021Q2",
    "value": 167.0595219
  },
  {
    "name": "market_cap",
    "year": "2021Q3",
    "value": 170.9218872
  },
  {
    "name": "market_cap",
    "year": "2021Q4",
    "value": 144.0808929
  },
  {
    "name": "market_cap",
    "year": "2022Q2",
    "value": 106.07968
  },
  {
    "name": "market_cap",
    "year": "2022Q3",
    "value": 90.57328
  },
  {
    "name": "market_cap",
    "year": "2022Q4",
    "value": 97.73008
  },
  {
    "name": "market_cap",
    "year": "2023Q1",
    "value": 125.12472
  },
  {
    "name": "market_cap",
    "year": "2023Q2",
    "value": 169.01976
  },
  {
    "name": "market_cap",
    "year": "2023Q3",
    "value": 164.88472
  },
  {
    "name": "market_cap",
    "year": "2023Q4",
    "value": 138.88168
  },
  {
    "name": "market_cap",
    "year": "2024Q1",
    "value": 180.19232
  },
  {
    "name": "ev",
    "year": "2014Q4",
    "value": 35.794638
  },
  {
    "name": "ev",
    "year": "2015Q3",
    "value": 37.760944
  },
  {
    "name": "ev",
    "year": "2015Q4",
    "value": 62.30466
  },
  {
    "name": "ev",
    "year": "2016Q1",
    "value": 82.71867968
  },
  {
    "name": "ev",
    "year": "2016Q2",
    "value": 94.957668
  },
  {
    "name": "ev",
    "year": "2016Q3",
    "value": 129.942072
  },
  {
    "name": "ev",
    "year": "2016Q4",
    "value": 187.0918
  },
  {
    "name": "ev",
    "year": "2017Q1",
    "value": 186.583488
  },
  {
    "name": "ev",
    "year": "2017Q2",
    "value": 216.9033048
  },
  {
    "name": "ev",
    "year": "2017Q3",
    "value": 204.353344
  },
  {
    "name": "ev",
    "year": "2017Q4",
    "value": 119.6647852
  },
  {
    "name": "ev",
    "year": "2018Q1",
    "value": 172.8118496
  },
  {
    "name": "ev",
    "year": "2018Q2",
    "value": 155.2641168
  },
  {
    "name": "ev",
    "year": "2018Q3",
    "value": 118.3361348
  },
  {
    "name": "ev",
    "year": "2018Q4",
    "value": 102.50212688
  },
  {
    "name": "ev",
    "year": "2019Q1",
    "value": 106.9523208
  },
  {
    "name": "ev",
    "year": "2019Q2",
    "value": 113.01628416
  },
  {
    "name": "ev",
    "year": "2019Q3",
    "value": 114.59335888
  },
  {
    "name": "ev",
    "year": "2019Q4",
    "value": 120.128756
  },
  {
    "name": "ev",
    "year": "2020Q1",
    "value": 76.09940832
  },
  {
    "name": "ev",
    "year": "2020Q2",
    "value": 91.20378592
  },
  {
    "name": "ev",
    "year": "2020Q3",
    "value": 180.8466993
  },
  {
    "name": "ev",
    "year": "2020Q4",
    "value": 177.1875804
  },
  {
    "name": "ev",
    "year": "2021Q1",
    "value": 185.0338776
  },
  {
    "name": "ev",
    "year": "2021Q2",
    "value": 197.6095219
  },
  {
    "name": "ev",
    "year": "2021Q3",
    "value": 202.0618872
  },
  {
    "name": "ev",
    "year": "2021Q4",
    "value": 196.1108929
  },
  {
    "name": "ev",
    "year": "2022Q2",
    "value": 106.07968
  },
  {
    "name": "ev",
    "year": "2022Q3",
    "value": 90.57328
  },
  {
    "name": "ev",
    "year": "2022Q4",
    "value": 129.33008
  },
  {
    "name": "ev",
    "year": "2023Q1",
    "value": 125.12472
  },
  {
    "name": "ev",
    "year": "2023Q2",
    "value": 160.61976
  },
  {
    "name": "ev",
    "year": "2023Q3",
    "value": 173.08472
  },
  {
    "name": "ev",
    "year": "2023Q4",
    "value": 147.08168
  },
  {
    "name": "ev",
    "year": "2024Q1",
    "value": 192.05232
  },
  {
    "name": "book_value",
    "year": "2014Q4",
    "value": 68.524
  },
  {
    "name": "book_value",
    "year": "2015Q3",
    "value": 0.0
  },
  {
    "name": "book_value",
    "year": "2015Q4",
    "value": 49.755
  },
  {
    "name": "book_value",
    "year": "2016Q1",
    "value": 0.0
  },
  {
    "name": "book_value",
    "year": "2016Q2",
    "value": 0.0
  },
  {
    "name": "book_value",
    "year": "2016Q3",
    "value": 0.0
  },
  {
    "name": "book_value",
    "year": "2016Q4",
    "value": 80.391
  },
  {
    "name": "book_value",
    "year": "2017Q1",
    "value": 0.0
  },
  {
    "name": "book_value",
    "year": "2017Q2",
    "value": 0.0
  },
  {
    "name": "book_value",
    "year": "2017Q3",
    "value": 0.0
  },
  {
    "name": "book_value",
    "year": "2017Q4",
    "value": 78.72
  },
  {
    "name": "book_value",
    "year": "2018Q1",
    "value": 0.0
  },
  {
    "name": "book_value",
    "year": "2018Q2",
    "value": 0.0
  },
  {
    "name": "book_value",
    "year": "2018Q3",
    "value": 0.0
  },
  {
    "name": "book_value",
    "year": "2018Q4",
    "value": 60.26
  },
  {
    "name": "book_value",
    "year": "2019Q1",
    "value": 0.0
  },
  {
    "name": "book_value",
    "year": "2019Q2",
    "value": 0.0
  },
  {
    "name": "book_value",
    "year": "2019Q3",
    "value": 0.0
  },
  {
    "name": "book_value",
    "year": "2019Q4",
    "value": 69.73
  },
  {
    "name": "book_value",
    "year": "2020Q1",
    "value": 0.0
  },
  {
    "name": "book_value",
    "year": "2020Q2",
    "value": 0.0
  },
  {
    "name": "book_value",
    "year": "2020Q3",
    "value": 0.0
  },
  {
    "name": "book_value",
    "year": "2020Q4",
    "value": 53.28
  },
  {
    "name": "book_value",
    "year": "2021Q1",
    "value": 28.37
  },
  {
    "name": "book_value",
    "year": "2021Q2",
    "value": 26.94
  },
  {
    "name": "book_value",
    "year": "2021Q3",
    "value": 29.84
  },
  {
    "name": "book_value",
    "year": "2021Q4",
    "value": 7.7
  },
  {
    "name": "book_value",
    "year": "2022Q2",
    "value": 0.0
  },
  {
    "name": "book_value",
    "year": "2022Q3",
    "value": 0.0
  },
  {
    "name": "book_value",
    "year": "2022Q4",
    "value": -68.23
  },
  {
    "name": "book_value",
    "year": "2023Q1",
    "value": 0.0
  },
  {
    "name": "book_value",
    "year": "2023Q2",
    "value": -149.94
  },
  {
    "name": "book_value",
    "year": "2023Q3",
    "value": -162.91
  },
  {
    "name": "book_value",
    "year": "2023Q4",
    "value": -99.21
  },
  {
    "name": "book_value",
    "year": "2024Q1",
    "value": -106.5
  },
  {
    "name": "eps",
    "year": "2014Q4",
    "value": 0.0
  },
  {
    "name": "eps",
    "year": "2015Q3",
    "value": 0.0
  },
  {
    "name": "eps",
    "year": "2015Q4",
    "value": -23.4792004322
  },
  {
    "name": "eps",
    "year": "2016Q1",
    "value": -2.71020766854
  },
  {
    "name": "eps",
    "year": "2016Q2",
    "value": 9.92602303586
  },
  {
    "name": "eps",
    "year": "2016Q3",
    "value": 31.3663768575
  },
  {
    "name": "eps",
    "year": "2016Q4",
    "value": -11.0147667927
  },
  {
    "name": "eps",
    "year": "2017Q1",
    "value": -2.06281919223
  },
  {
    "name": "eps",
    "year": "2017Q2",
    "value": 2.84796905501
  },
  {
    "name": "eps",
    "year": "2017Q3",
    "value": 22.2119976662
  },
  {
    "name": "eps",
    "year": "2017Q4",
    "value": 2.61296433691
  },
  {
    "name": "eps",
    "year": "2018Q1",
    "value": -7.87851066435
  },
  {
    "name": "eps",
    "year": "2018Q2",
    "value": 1.41182911105
  },
  {
    "name": "eps",
    "year": "2018Q3",
    "value": 20.536350998
  },
  {
    "name": "eps",
    "year": "2018Q4",
    "value": -11.552147637
  },
  {
    "name": "eps",
    "year": "2019Q1",
    "value": -15.1717605365
  },
  {
    "name": "eps",
    "year": "2019Q2",
    "value": 2.45809532728
  },
  {
    "name": "eps",
    "year": "2019Q3",
    "value": 19.2388728417
  },
  {
    "name": "eps",
    "year": "2019Q4",
    "value": -1.76478638881
  },
  {
    "name": "eps",
    "year": "2020Q1",
    "value": -14.5324756712
  },
  {
    "name": "eps",
    "year": "2020Q2",
    "value": -23.5454918712
  },
  {
    "name": "eps",
    "year": "2020Q3",
    "value": -9.51919281172
  },
  {
    "name": "eps",
    "year": "2020Q4",
    "value": -12.6678488956
  },
  {
    "name": "eps",
    "year": "2021Q1",
    "value": -10.1859862919
  },
  {
    "name": "eps",
    "year": "2021Q2",
    "value": -0.572706056571
  },
  {
    "name": "eps",
    "year": "2021Q3",
    "value": 1.18631968861
  },
  {
    "name": "eps",
    "year": "2021Q4",
    "value": -9.0814817542
  },
  {
    "name": "eps",
    "year": "2022Q2",
    "value": 20.3018108652
  },
  {
    "name": "eps",
    "year": "2022Q3",
    "value": -5.61871227364
  },
  {
    "name": "eps",
    "year": "2022Q4",
    "value": -18.2796780684
  },
  {
    "name": "eps",
    "year": "2023Q1",
    "value": -8.4708249497
  },
  {
    "name": "eps",
    "year": "2023Q2",
    "value": -12.0724346076
  },
  {
    "name": "eps",
    "year": "2023Q3",
    "value": -3.25955734406
  },
  {
    "name": "eps",
    "year": "2023Q4",
    "value": 16.3832997988
  },
  {
    "name": "eps",
    "year": "2024Q1",
    "value": -1.74044265594
  },
  {
    "name": "fcf_share",
    "year": "2014Q4",
    "value": 0.0
  },
  {
    "name": "fcf_share",
    "year": "2015Q3",
    "value": 0.0
  },
  {
    "name": "fcf_share",
    "year": "2015Q4",
    "value": 0.0
  },
  {
    "name": "fcf_share",
    "year": "2016Q1",
    "value": 0.0
  },
  {
    "name": "fcf_share",
    "year": "2016Q2",
    "value": 0.0
  },
  {
    "name": "fcf_share",
    "year": "2016Q3",
    "value": 0.0
  },
  {
    "name": "fcf_share",
    "year": "2016Q4",
    "value": 0.0
  },
  {
    "name": "fcf_share",
    "year": "2017Q1",
    "value": 0.0
  },
  {
    "name": "fcf_share",
    "year": "2017Q2",
    "value": 0.0
  },
  {
    "name": "fcf_share",
    "year": "2017Q3",
    "value": 0.0
  },
  {
    "name": "fcf_share",
    "year": "2017Q4",
    "value": 0.0
  },
  {
    "name": "fcf_share",
    "year": "2018Q1",
    "value": 0.0
  },
  {
    "name": "fcf_share",
    "year": "2018Q2",
    "value": 0.0
  },
  {
    "name": "fcf_share",
    "year": "2018Q3",
    "value": 0.0
  },
  {
    "name": "fcf_share",
    "year": "2018Q4",
    "value": 0.0
  },
  {
    "name": "fcf_share",
    "year": "2019Q1",
    "value": 0.0
  },
  {
    "name": "fcf_share",
    "year": "2019Q2",
    "value": 0.0
  },
  {
    "name": "fcf_share",
    "year": "2019Q3",
    "value": 0.0
  },
  {
    "name": "fcf_share",
    "year": "2019Q4",
    "value": 0.0
  },
  {
    "name": "fcf_share",
    "year": "2020Q1",
    "value": 0.0
  },
  {
    "name": "fcf_share",
    "year": "2020Q2",
    "value": 0.0
  },
  {
    "name": "fcf_share",
    "year": "2020Q3",
    "value": 0.0
  },
  {
    "name": "fcf_share",
    "year": "2020Q4",
    "value": 0.0
  },
  {
    "name": "fcf_share",
    "year": "2021Q1",
    "value": 0.0
  },
  {
    "name": "fcf_share",
    "year": "2021Q2",
    "value": 0.0
  },
  {
    "name": "fcf_share",
    "year": "2021Q3",
    "value": 0.0
  },
  {
    "name": "fcf_share",
    "year": "2021Q4",
    "value": 0.0
  },
  {
    "name": "fcf_share",
    "year": "2022Q2",
    "value": 0.0
  },
  {
    "name": "fcf_share",
    "year": "2022Q3",
    "value": 0.0
  },
  {
    "name": "fcf_share",
    "year": "2022Q4",
    "value": 0.0
  },
  {
    "name": "fcf_share",
    "year": "2023Q1",
    "value": 0.0
  },
  {
    "name": "fcf_share",
    "year": "2023Q2",
    "value": 0.0
  },
  {
    "name": "fcf_share",
    "year": "2023Q3",
    "value": 0.0
  },
  {
    "name": "fcf_share",
    "year": "2023Q4",
    "value": 0.0
  },
  {
    "name": "fcf_share",
    "year": "2024Q1",
    "value": 0.0
  },
  {
    "name": "bv_share",
    "year": "2014Q4",
    "value": 61.6999819917
  },
  {
    "name": "bv_share",
    "year": "2015Q3",
    "value": 0.0
  },
  {
    "name": "bv_share",
    "year": "2015Q4",
    "value": 44.8001080497
  },
  {
    "name": "bv_share",
    "year": "2016Q1",
    "value": 0.0
  },
  {
    "name": "bv_share",
    "year": "2016Q2",
    "value": 0.0
  },
  {
    "name": "bv_share",
    "year": "2016Q3",
    "value": 0.0
  },
  {
    "name": "bv_share",
    "year": "2016Q4",
    "value": 72.3851971907
  },
  {
    "name": "bv_share",
    "year": "2017Q1",
    "value": 0.0
  },
  {
    "name": "bv_share",
    "year": "2017Q2",
    "value": 0.0
  },
  {
    "name": "bv_share",
    "year": "2017Q3",
    "value": 0.0
  },
  {
    "name": "bv_share",
    "year": "2017Q4",
    "value": 70.8795839426
  },
  {
    "name": "bv_share",
    "year": "2018Q1",
    "value": 0.0
  },
  {
    "name": "bv_share",
    "year": "2018Q2",
    "value": 0.0
  },
  {
    "name": "bv_share",
    "year": "2018Q3",
    "value": 0.0
  },
  {
    "name": "bv_share",
    "year": "2018Q4",
    "value": 54.2581774439
  },
  {
    "name": "bv_share",
    "year": "2019Q1",
    "value": 0.0
  },
  {
    "name": "bv_share",
    "year": "2019Q2",
    "value": 0.0
  },
  {
    "name": "bv_share",
    "year": "2019Q3",
    "value": 0.0
  },
  {
    "name": "bv_share",
    "year": "2019Q4",
    "value": 62.7849769857
  },
  {
    "name": "bv_share",
    "year": "2020Q1",
    "value": 0.0
  },
  {
    "name": "bv_share",
    "year": "2020Q2",
    "value": 0.0
  },
  {
    "name": "bv_share",
    "year": "2020Q3",
    "value": 0.0
  },
  {
    "name": "bv_share",
    "year": "2020Q4",
    "value": 21.7955562101
  },
  {
    "name": "bv_share",
    "year": "2021Q1",
    "value": 11.6054791607
  },
  {
    "name": "bv_share",
    "year": "2021Q2",
    "value": 11.0205008314
  },
  {
    "name": "bv_share",
    "year": "2021Q3",
    "value": 12.2068205201
  },
  {
    "name": "bv_share",
    "year": "2021Q4",
    "value": 3.14988331114
  },
  {
    "name": "bv_share",
    "year": "2022Q2",
    "value": 0.0
  },
  {
    "name": "bv_share",
    "year": "2022Q3",
    "value": 0.0
  },
  {
    "name": "bv_share",
    "year": "2022Q4",
    "value": -17.1604627767
  },
  {
    "name": "bv_share",
    "year": "2023Q1",
    "value": 0.0
  },
  {
    "name": "bv_share",
    "year": "2023Q2",
    "value": -37.7112676056
  },
  {
    "name": "bv_share",
    "year": "2023Q3",
    "value": -40.9733400402
  },
  {
    "name": "bv_share",
    "year": "2023Q4",
    "value": -24.9522132797
  },
  {
    "name": "bv_share",
    "year": "2024Q1",
    "value": -26.7857142857
  },
  {
    "name": "ebitda_margin",
    "year": "2015Q4",
    "value": 0.0
  },
  {
    "name": "ebitda_margin",
    "year": "2016Q1",
    "value": 0.0
  },
  {
    "name": "ebitda_margin",
    "year": "2016Q2",
    "value": 0.0
  },
  {
    "name": "ebitda_margin",
    "year": "2016Q3",
    "value": 0.0
  },
  {
    "name": "ebitda_margin",
    "year": "2016Q4",
    "value": 0.0
  },
  {
    "name": "ebitda_margin",
    "year": "2017Q1",
    "value": 0.0
  },
  {
    "name": "ebitda_margin",
    "year": "2017Q2",
    "value": 0.0
  },
  {
    "name": "ebitda_margin",
    "year": "2017Q3",
    "value": 0.0
  },
  {
    "name": "ebitda_margin",
    "year": "2017Q4",
    "value": 0.0
  },
  {
    "name": "ebitda_margin",
    "year": "2018Q1",
    "value": 0.0
  },
  {
    "name": "ebitda_margin",
    "year": "2018Q2",
    "value": 0.0
  },
  {
    "name": "ebitda_margin",
    "year": "2018Q3",
    "value": 0.0
  },
  {
    "name": "ebitda_margin",
    "year": "2018Q4",
    "value": 0.0
  },
  {
    "name": "ebitda_margin",
    "year": "2019Q1",
    "value": 0.0
  },
  {
    "name": "ebitda_margin",
    "year": "2019Q2",
    "value": 0.0
  },
  {
    "name": "ebitda_margin",
    "year": "2019Q3",
    "value": 0.0
  },
  {
    "name": "ebitda_margin",
    "year": "2019Q4",
    "value": 0.0
  },
  {
    "name": "ebitda_margin",
    "year": "2020Q1",
    "value": 0.0
  },
  {
    "name": "ebitda_margin",
    "year": "2020Q2",
    "value": 0.0
  },
  {
    "name": "ebitda_margin",
    "year": "2020Q3",
    "value": 0.0
  },
  {
    "name": "ebitda_margin",
    "year": "2020Q4",
    "value": 0.0
  },
  {
    "name": "ebitda_margin",
    "year": "2021Q1",
    "value": 0.0
  },
  {
    "name": "ebitda_margin",
    "year": "2021Q2",
    "value": 0.0
  },
  {
    "name": "ebitda_margin",
    "year": "2021Q3",
    "value": 0.0
  },
  {
    "name": "ebitda_margin",
    "year": "2021Q4",
    "value": 0.0
  },
  {
    "name": "ebitda_margin",
    "year": "2022Q2",
    "value": 0.0
  },
  {
    "name": "ebitda_margin",
    "year": "2022Q3",
    "value": 0.0
  },
  {
    "name": "ebitda_margin",
    "year": "2022Q4",
    "value": 0.0
  },
  {
    "name": "ebitda_margin",
    "year": "2023Q1",
    "value": 0.0
  },
  {
    "name": "ebitda_margin",
    "year": "2023Q2",
    "value": 0.0
  },
  {
    "name": "ebitda_margin",
    "year": "2023Q3",
    "value": 0.0
  },
  {
    "name": "ebitda_margin",
    "year": "2023Q4",
    "value": 0.0
  },
  {
    "name": "ebitda_margin",
    "year": "2024Q1",
    "value": 0.0
  },
  {
    "name": "net_margin",
    "year": "2015Q4",
    "value": -27.9884508463
  },
  {
    "name": "net_margin",
    "year": "2016Q1",
    "value": -3.45353786844
  },
  {
    "name": "net_margin",
    "year": "2016Q2",
    "value": 10.3034777976
  },
  {
    "name": "net_margin",
    "year": "2016Q3",
    "value": 25.95517673
  },
  {
    "name": "net_margin",
    "year": "2016Q4",
    "value": -12.2902726706
  },
  {
    "name": "net_margin",
    "year": "2017Q1",
    "value": -2.60996365873
  },
  {
    "name": "net_margin",
    "year": "2017Q2",
    "value": 2.86482863561
  },
  {
    "name": "net_margin",
    "year": "2017Q3",
    "value": 17.3109715449
  },
  {
    "name": "net_margin",
    "year": "2017Q4",
    "value": 2.7388468907199996
  },
  {
    "name": "net_margin",
    "year": "2018Q1",
    "value": -9.28924040554
  },
  {
    "name": "net_margin",
    "year": "2018Q2",
    "value": 1.25478145356
  },
  {
    "name": "net_margin",
    "year": "2018Q3",
    "value": 13.2409116769
  },
  {
    "name": "net_margin",
    "year": "2018Q4",
    "value": -11.3253182211
  },
  {
    "name": "net_margin",
    "year": "2019Q1",
    "value": -14.7773314858
  },
  {
    "name": "net_margin",
    "year": "2019Q2",
    "value": 1.9663346226200002
  },
  {
    "name": "net_margin",
    "year": "2019Q3",
    "value": 12.620791494399999
  },
  {
    "name": "net_margin",
    "year": "2019Q4",
    "value": -1.51229900312
  },
  {
    "name": "net_margin",
    "year": "2020Q1",
    "value": -16.0007931
  },
  {
    "name": "net_margin",
    "year": "2020Q2",
    "value": -125.540086414
  },
  {
    "name": "net_margin",
    "year": "2020Q3",
    "value": -42.1176470588
  },
  {
    "name": "net_margin",
    "year": "2020Q4",
    "value": -58.6318539836
  },
  {
    "name": "net_margin",
    "year": "2021Q1",
    "value": -42.296585697299996
  },
  {
    "name": "net_margin",
    "year": "2021Q2",
    "value": -1.53846153846
  },
  {
    "name": "net_margin",
    "year": "2021Q3",
    "value": 2.2993973993
  },
  {
    "name": "net_margin",
    "year": "2021Q4",
    "value": -21.6220427961
  },
  {
    "name": "net_margin",
    "year": "2022Q2",
    "value": 58.19754866620001
  },
  {
    "name": "net_margin",
    "year": "2022Q3",
    "value": -20.016127587099998
  },
  {
    "name": "net_margin",
    "year": "2022Q4",
    "value": -88.16108685100001
  },
  {
    "name": "net_margin",
    "year": "2023Q1",
    "value": -36.608695652200005
  },
  {
    "name": "net_margin",
    "year": "2023Q2",
    "value": -42.328042327999995
  },
  {
    "name": "net_margin",
    "year": "2023Q3",
    "value": -8.530805687199999
  },
  {
    "name": "net_margin",
    "year": "2023Q4",
    "value": 46.4688257954
  },
  {
    "name": "net_margin",
    "year": "2024Q1",
    "value": -4.76912474156
  },
  {
    "name": "fcf_yield",
    "year": "2014Q4",
    "value": 0.0
  },
  {
    "name": "fcf_yield",
    "year": "2015Q3",
    "value": 0.0
  },
  {
    "name": "fcf_yield",
    "year": "2015Q4",
    "value": 0.0
  },
  {
    "name": "fcf_yield",
    "year": "2016Q1",
    "value": 0.0
  },
  {
    "name": "fcf_yield",
    "year": "2016Q2",
    "value": 0.0
  },
  {
    "name": "fcf_yield",
    "year": "2016Q3",
    "value": 0.0
  },
  {
    "name": "fcf_yield",
    "year": "2016Q4",
    "value": 0.0
  },
  {
    "name": "fcf_yield",
    "year": "2017Q1",
    "value": 0.0
  },
  {
    "name": "fcf_yield",
    "year": "2017Q2",
    "value": 0.0
  },
  {
    "name": "fcf_yield",
    "year": "2017Q3",
    "value": 0.0
  },
  {
    "name": "fcf_yield",
    "year": "2017Q4",
    "value": 0.0
  },
  {
    "name": "fcf_yield",
    "year": "2018Q1",
    "value": 0.0
  },
  {
    "name": "fcf_yield",
    "year": "2018Q2",
    "value": 0.0
  },
  {
    "name": "fcf_yield",
    "year": "2018Q3",
    "value": 0.0
  },
  {
    "name": "fcf_yield",
    "year": "2018Q4",
    "value": 0.0
  },
  {
    "name": "fcf_yield",
    "year": "2019Q1",
    "value": 0.0
  },
  {
    "name": "fcf_yield",
    "year": "2019Q2",
    "value": 0.0
  },
  {
    "name": "fcf_yield",
    "year": "2019Q3",
    "value": 0.0
  },
  {
    "name": "fcf_yield",
    "year": "2019Q4",
    "value": 0.0
  },
  {
    "name": "fcf_yield",
    "year": "2020Q1",
    "value": 0.0
  },
  {
    "name": "fcf_yield",
    "year": "2020Q2",
    "value": 0.0
  },
  {
    "name": "fcf_yield",
    "year": "2020Q3",
    "value": 0.0
  },
  {
    "name": "fcf_yield",
    "year": "2020Q4",
    "value": 0.0
  },
  {
    "name": "fcf_yield",
    "year": "2021Q1",
    "value": 0.0
  },
  {
    "name": "fcf_yield",
    "year": "2021Q2",
    "value": 0.0
  },
  {
    "name": "fcf_yield",
    "year": "2021Q3",
    "value": 0.0
  },
  {
    "name": "fcf_yield",
    "year": "2021Q4",
    "value": 0.0
  },
  {
    "name": "fcf_yield",
    "year": "2022Q2",
    "value": 0.0
  },
  {
    "name": "fcf_yield",
    "year": "2022Q3",
    "value": 0.0
  },
  {
    "name": "fcf_yield",
    "year": "2022Q4",
    "value": 0.0
  },
  {
    "name": "fcf_yield",
    "year": "2023Q1",
    "value": 0.0
  },
  {
    "name": "fcf_yield",
    "year": "2023Q2",
    "value": 0.0
  },
  {
    "name": "fcf_yield",
    "year": "2023Q3",
    "value": 0.0
  },
  {
    "name": "fcf_yield",
    "year": "2023Q4",
    "value": 0.0
  },
  {
    "name": "fcf_yield",
    "year": "2024Q1",
    "value": 0.0
  },
  {
    "name": "roe",
    "year": "2014Q4",
    "value": 0.0
  },
  {
    "name": "roe",
    "year": "2015Q3",
    "value": null
  },
  {
    "name": "roe",
    "year": "2015Q4",
    "value": -52.40880313539999
  },
  {
    "name": "roe",
    "year": "2016Q1",
    "value": null
  },
  {
    "name": "roe",
    "year": "2016Q2",
    "value": null
  },
  {
    "name": "roe",
    "year": "2016Q3",
    "value": null
  },
  {
    "name": "roe",
    "year": "2016Q4",
    "value": 38.0851090296
  },
  {
    "name": "roe",
    "year": "2017Q1",
    "value": null
  },
  {
    "name": "roe",
    "year": "2017Q2",
    "value": null
  },
  {
    "name": "roe",
    "year": "2017Q3",
    "value": null
  },
  {
    "name": "roe",
    "year": "2017Q4",
    "value": 36.1318597561
  },
  {
    "name": "roe",
    "year": "2018Q1",
    "value": null
  },
  {
    "name": "roe",
    "year": "2018Q2",
    "value": null
  },
  {
    "name": "roe",
    "year": "2018Q3",
    "value": null
  },
  {
    "name": "roe",
    "year": "2018Q4",
    "value": 4.63989379356
  },
  {
    "name": "roe",
    "year": "2019Q1",
    "value": null
  },
  {
    "name": "roe",
    "year": "2019Q2",
    "value": null
  },
  {
    "name": "roe",
    "year": "2019Q3",
    "value": null
  },
  {
    "name": "roe",
    "year": "2019Q4",
    "value": 7.58210239495
  },
  {
    "name": "roe",
    "year": "2020Q1",
    "value": null
  },
  {
    "name": "roe",
    "year": "2020Q2",
    "value": null
  },
  {
    "name": "roe",
    "year": "2020Q3",
    "value": null
  },
  {
    "name": "roe",
    "year": "2020Q4",
    "value": -181.169294294
  },
  {
    "name": "roe",
    "year": "2021Q1",
    "value": -371.120902362
  },
  {
    "name": "roe",
    "year": "2021Q2",
    "value": -298.949517446
  },
  {
    "name": "roe",
    "year": "2021Q3",
    "value": -182.195040214
  },
  {
    "name": "roe",
    "year": "2021Q4",
    "value": -592.207792208
  },
  {
    "name": "roe",
    "year": "2022Q2",
    "value": null
  },
  {
    "name": "roe",
    "year": "2022Q3",
    "value": null
  },
  {
    "name": "roe",
    "year": "2022Q4",
    "value": 21.091445427700002
  },
  {
    "name": "roe",
    "year": "2023Q1",
    "value": null
  },
  {
    "name": "roe",
    "year": "2023Q2",
    "value": 118.19397993300001
  },
  {
    "name": "roe",
    "year": "2023Q3",
    "value": 58.24
  },
  {
    "name": "roe",
    "year": "2023Q4",
    "value": 30.318602261
  },
  {
    "name": "roe",
    "year": "2024Q1",
    "value": 2.63461538462
  },
  {
    "name": "roa",
    "year": "2017Q4",
    "value": 15.415424638200001
  },
  {
    "name": "roa",
    "year": "2018Q1",
    "value": null
  },
  {
    "name": "roa",
    "year": "2018Q2",
    "value": null
  },
  {
    "name": "roa",
    "year": "2018Q3",
    "value": null
  },
  {
    "name": "roa",
    "year": "2018Q4",
    "value": 1.6288960093200002
  },
  {
    "name": "roa",
    "year": "2019Q1",
    "value": null
  },
  {
    "name": "roa",
    "year": "2019Q2",
    "value": null
  },
  {
    "name": "roa",
    "year": "2019Q3",
    "value": null
  },
  {
    "name": "roa",
    "year": "2019Q4",
    "value": 2.65771879556
  },
  {
    "name": "roa",
    "year": "2020Q1",
    "value": null
  },
  {
    "name": "roa",
    "year": "2020Q2",
    "value": null
  },
  {
    "name": "roa",
    "year": "2020Q3",
    "value": null
  },
  {
    "name": "roa",
    "year": "2020Q4",
    "value": -35.6148765819
  },
  {
    "name": "roa",
    "year": "2021Q1",
    "value": -40.4250335957
  },
  {
    "name": "roa",
    "year": "2021Q2",
    "value": -28.356101683000002
  },
  {
    "name": "roa",
    "year": "2021Q3",
    "value": -20.7944157583
  },
  {
    "name": "roa",
    "year": "2021Q4",
    "value": -17.3436786855
  },
  {
    "name": "roa",
    "year": "2022Q2",
    "value": null
  },
  {
    "name": "roa",
    "year": "2022Q3",
    "value": null
  },
  {
    "name": "roa",
    "year": "2022Q4",
    "value": -1.8216560509600002
  },
  {
    "name": "roa",
    "year": "2023Q1",
    "value": null
  },
  {
    "name": "roa",
    "year": "2023Q2",
    "value": -20.2637614679
  },
  {
    "name": "roa",
    "year": "2023Q3",
    "value": -10.4667109047
  },
  {
    "name": "roa",
    "year": "2023Q4",
    "value": -3.15744407578
  },
  {
    "name": "roa",
    "year": "2024Q1",
    "value": -0.294243986254
  },
  {
    "name": "p_e",
    "year": "2015Q4",
    "value": -2.38934882651
  },
  {
    "name": "p_e",
    "year": "2016Q1",
    "value": -2.84393452795
  },
  {
    "name": "p_e",
    "year": "2016Q2",
    "value": -5.25731746208
  },
  {
    "name": "p_e",
    "year": "2016Q3",
    "value": 7.74663598426
  },
  {
    "name": "p_e",
    "year": "2016Q4",
    "value": 5.54991671294
  },
  {
    "name": "p_e",
    "year": "2017Q1",
    "value": 5.95428542252
  },
  {
    "name": "p_e",
    "year": "2017Q2",
    "value": 9.23975739297
  },
  {
    "name": "p_e",
    "year": "2017Q3",
    "value": 15.3556765855
  },
  {
    "name": "p_e",
    "year": "2017Q4",
    "value": 5.40606775657
  },
  {
    "name": "p_e",
    "year": "2018Q1",
    "value": 7.86080101892
  },
  {
    "name": "p_e",
    "year": "2018Q2",
    "value": 7.61509229486
  },
  {
    "name": "p_e",
    "year": "2018Q3",
    "value": 6.38688119603
  },
  {
    "name": "p_e",
    "year": "2018Q4",
    "value": 40.190317196
  },
  {
    "name": "p_e",
    "year": "2019Q1",
    "value": -20.1644647059
  },
  {
    "name": "p_e",
    "year": "2019Q2",
    "value": -27.2854379913
  },
  {
    "name": "p_e",
    "year": "2019Q3",
    "value": -20.5254090776
  },
  {
    "name": "p_e",
    "year": "2019Q4",
    "value": 21.7417734065
  },
  {
    "name": "p_e",
    "year": "2020Q1",
    "value": 12.6895795098
  },
  {
    "name": "p_e",
    "year": "2020Q2",
    "value": -3.98565685968
  },
  {
    "name": "p_e",
    "year": "2020Q3",
    "value": -2.67841675504
  },
  {
    "name": "p_e",
    "year": "2020Q4",
    "value": -1.80920965533
  },
  {
    "name": "p_e",
    "year": "2021Q1",
    "value": -1.56395260194
  },
  {
    "name": "p_e",
    "year": "2021Q2",
    "value": -2.07432014974
  },
  {
    "name": "p_e",
    "year": "2021Q3",
    "value": -3.14385357294
  },
  {
    "name": "p_e",
    "year": "2021Q4",
    "value": -3.15966870395
  },
  {
    "name": "p_e",
    "year": "2022Q2",
    "value": 1.72711950505
  },
  {
    "name": "p_e",
    "year": "2022Q3",
    "value": 2.50340740741
  },
  {
    "name": "p_e",
    "year": "2022Q4",
    "value": -6.83427132867
  },
  {
    "name": "p_e",
    "year": "2023Q1",
    "value": -2.60785160484
  },
  {
    "name": "p_e",
    "year": "2023Q2",
    "value": -0.956535144312
  },
  {
    "name": "p_e",
    "year": "2023Q3",
    "value": -1.74223076923
  },
  {
    "name": "p_e",
    "year": "2023Q4",
    "value": -4.70785355932
  },
  {
    "name": "p_e",
    "year": "2024Q1",
    "value": -65.763620438
  },
  {
    "name": "p_s",
    "year": "2015Q4",
    "value": 0.668741721854
  },
  {
    "name": "p_s",
    "year": "2016Q1",
    "value": 0.458722519909
  },
  {
    "name": "p_s",
    "year": "2016Q2",
    "value": 0.330497909974
  },
  {
    "name": "p_s",
    "year": "2016Q3",
    "value": 0.308260734035
  },
  {
    "name": "p_s",
    "year": "2016Q4",
    "value": 0.397106333255
  },
  {
    "name": "p_s",
    "year": "2017Q1",
    "value": 0.435411689482
  },
  {
    "name": "p_s",
    "year": "2017Q2",
    "value": 0.502164215615
  },
  {
    "name": "p_s",
    "year": "2017Q3",
    "value": 0.464200987675
  },
  {
    "name": "p_s",
    "year": "2017Q4",
    "value": 0.344263135482
  },
  {
    "name": "p_s",
    "year": "2018Q1",
    "value": 0.381428381358
  },
  {
    "name": "p_s",
    "year": "2018Q2",
    "value": 0.332031240818
  },
  {
    "name": "p_s",
    "year": "2018Q3",
    "value": 0.237924705248
  },
  {
    "name": "p_s",
    "year": "2018Q4",
    "value": 0.222652654722
  },
  {
    "name": "p_s",
    "year": "2019Q1",
    "value": 0.203902023915
  },
  {
    "name": "p_s",
    "year": "2019Q2",
    "value": 0.209910205107
  },
  {
    "name": "p_s",
    "year": "2019Q3",
    "value": 0.214013582769
  },
  {
    "name": "p_s",
    "year": "2019Q4",
    "value": 0.208328435735
  },
  {
    "name": "p_s",
    "year": "2020Q1",
    "value": 0.141288255012
  },
  {
    "name": "p_s",
    "year": "2020Q2",
    "value": 0.216840034617
  },
  {
    "name": "p_s",
    "year": "2020Q3",
    "value": 0.589934234425
  },
  {
    "name": "p_s",
    "year": "2020Q4",
    "value": 0.760067113498
  },
  {
    "name": "p_s",
    "year": "2021Q1",
    "value": 0.8769632287
  },
  {
    "name": "p_s",
    "year": "2021Q2",
    "value": 0.647678191102
  },
  {
    "name": "p_s",
    "year": "2021Q3",
    "value": 0.519825937483
  },
  {
    "name": "p_s",
    "year": "2021Q4",
    "value": 0.380499000166
  },
  {
    "name": "p_s",
    "year": "2022Q2",
    "value": 0.288657688718
  },
  {
    "name": "p_s",
    "year": "2022Q3",
    "value": 0.256593886958
  },
  {
    "name": "p_s",
    "year": "2022Q4",
    "value": 0.293704222389
  },
  {
    "name": "p_s",
    "year": "2023Q1",
    "value": 0.294584390818
  },
  {
    "name": "p_s",
    "year": "2023Q2",
    "value": 0.423131205407
  },
  {
    "name": "p_s",
    "year": "2023Q3",
    "value": 0.461448337625
  },
  {
    "name": "p_s",
    "year": "2023Q4",
    "value": 0.279159155779
  },
  {
    "name": "p_s",
    "year": "2024Q1",
    "value": 0.327265383218
  },
  {
    "name": "p_bv",
    "year": "2014Q4",
    "value": 0.522366440955
  },
  {
    "name": "p_bv",
    "year": "2015Q3",
    "value": null
  },
  {
    "name": "p_bv",
    "year": "2015Q4",
    "value": 1.2522291227
  },
  {
    "name": "p_bv",
    "year": "2016Q1",
    "value": null
  },
  {
    "name": "p_bv",
    "year": "2016Q2",
    "value": null
  },
  {
    "name": "p_bv",
    "year": "2016Q3",
    "value": null
  },
  {
    "name": "p_bv",
    "year": "2016Q4",
    "value": 2.11369183118
  },
  {
    "name": "p_bv",
    "year": "2017Q1",
    "value": null
  },
  {
    "name": "p_bv",
    "year": "2017Q2",
    "value": null
  },
  {
    "name": "p_bv",
    "year": "2017Q3",
    "value": null
  },
  {
    "name": "p_bv",
    "year": "2017Q4",
    "value": 1.95331282012
  },
  {
    "name": "p_bv",
    "year": "2018Q1",
    "value": null
  },
  {
    "name": "p_bv",
    "year": "2018Q2",
    "value": null
  },
  {
    "name": "p_bv",
    "year": "2018Q3",
    "value": null
  },
  {
    "name": "p_bv",
    "year": "2018Q4",
    "value": 1.86478803319
  },
  {
    "name": "p_bv",
    "year": "2019Q1",
    "value": null
  },
  {
    "name": "p_bv",
    "year": "2019Q2",
    "value": null
  },
  {
    "name": "p_bv",
    "year": "2019Q3",
    "value": null
  },
  {
    "name": "p_bv",
    "year": "2019Q4",
    "value": 1.64848352216
  },
  {
    "name": "p_bv",
    "year": "2020Q1",
    "value": null
  },
  {
    "name": "p_bv",
    "year": "2020Q2",
    "value": null
  },
  {
    "name": "p_bv",
    "year": "2020Q3",
    "value": null
  },
  {
    "name": "p_bv",
    "year": "2020Q4",
    "value": 3.27773236486
  },
  {
    "name": "p_bv",
    "year": "2021Q1",
    "value": 5.80415500881
  },
  {
    "name": "p_bv",
    "year": "2021Q2",
    "value": 6.20117007795
  },
  {
    "name": "p_bv",
    "year": "2021Q3",
    "value": 5.7279452815
  },
  {
    "name": "p_bv",
    "year": "2021Q4",
    "value": 18.7118042727
  },
  {
    "name": "p_bv",
    "year": "2022Q2",
    "value": null
  },
  {
    "name": "p_bv",
    "year": "2022Q3",
    "value": null
  },
  {
    "name": "p_bv",
    "year": "2022Q4",
    "value": -1.43236230397
  },
  {
    "name": "p_bv",
    "year": "2023Q1",
    "value": null
  },
  {
    "name": "p_bv",
    "year": "2023Q2",
    "value": -1.12724929972
  },
  {
    "name": "p_bv",
    "year": "2023Q3",
    "value": -1.0121215395
  },
  {
    "name": "p_bv",
    "year": "2023Q4",
    "value": -1.39987581897
  },
  {
    "name": "p_bv",
    "year": "2024Q1",
    "value": -1.69194666667
  },
  {
    "name": "employees",
    "year": "2014Q4",
    "value": 32200.0
  },
  {
    "name": "employees",
    "year": "2015Q3",
    "value": 3403100.0
  },
  {
    "name": "employees",
    "year": "2015Q4",
    "value": 34000.0
  },
  {
    "name": "employees",
    "year": "2016Q1",
    "value": null
  },
  {
    "name": "employees",
    "year": "2016Q2",
    "value": null
  },
  {
    "name": "employees",
    "year": "2016Q3",
    "value": null
  },
  {
    "name": "employees",
    "year": "2016Q4",
    "value": 36600.0
  },
  {
    "name": "employees",
    "year": "2017Q1",
    "value": null
  },
  {
    "name": "employees",
    "year": "2017Q2",
    "value": null
  },
  {
    "name": "employees",
    "year": "2017Q3",
    "value": null
  },
  {
    "name": "employees",
    "year": "2017Q4",
    "value": 38900.0
  },
  {
    "name": "employees",
    "year": "2018Q1",
    "value": null
  },
  {
    "name": "employees",
    "year": "2018Q2",
    "value": null
  },
  {
    "name": "employees",
    "year": "2018Q3",
    "value": null
  },
  {
    "name": "employees",
    "year": "2018Q4",
    "value": 41111.0
  },
  {
    "name": "employees",
    "year": "2019Q1",
    "value": null
  },
  {
    "name": "employees",
    "year": "2019Q2",
    "value": null
  },
  {
    "name": "employees",
    "year": "2019Q3",
    "value": null
  },
  {
    "name": "employees",
    "year": "2019Q4",
    "value": 41296.0
  },
  {
    "name": "employees",
    "year": "2020Q1",
    "value": 41257.0
  },
  {
    "name": "employees",
    "year": "2020Q2",
    "value": 39963.0
  },
  {
    "name": "employees",
    "year": "2020Q3",
    "value": 38880.0
  },
  {
    "name": "employees",
    "year": "2020Q4",
    "value": 36600.0
  },
  {
    "name": "employees",
    "year": "2021Q1",
    "value": null
  },
  {
    "name": "employees",
    "year": "2021Q2",
    "value": null
  },
  {
    "name": "employees",
    "year": "2021Q3",
    "value": null
  },
  {
    "name": "employees",
    "year": "2021Q4",
    "value": 36100.0
  },
  {
    "name": "employees",
    "year": "2022Q2",
    "value": null
  },
  {
    "name": "employees",
    "year": "2022Q3",
    "value": null
  },
  {
    "name": "employees",
    "year": "2022Q4",
    "value": 32300.0
  },
  {
    "name": "employees",
    "year": "2023Q1",
    "value": null
  },
  {
    "name": "employees",
    "year": "2023Q2",
    "value": null
  },
  {
    "name": "employees",
    "year": "2023Q3",
    "value": null
  },
  {
    "name": "employees",
    "year": "2023Q4",
    "value": 31500.0
  },
  {
    "name": "labour_productivity",
    "year": "2014Q4",
    "value": 0.0
  },
  {
    "name": "labour_productivity",
    "year": "2015Q3",
    "value": 0.0
  },
  {
    "name": "labour_productivity",
    "year": "2015Q4",
    "value": 2.74020588235
  },
  {
    "name": "labour_productivity",
    "year": "2016Q1",
    "value": null
  },
  {
    "name": "labour_productivity",
    "year": "2016Q2",
    "value": null
  },
  {
    "name": "labour_productivity",
    "year": "2016Q3",
    "value": null
  },
  {
    "name": "labour_productivity",
    "year": "2016Q4",
    "value": 2.71950819672
  },
  {
    "name": "labour_productivity",
    "year": "2017Q1",
    "value": null
  },
  {
    "name": "labour_productivity",
    "year": "2017Q2",
    "value": null
  },
  {
    "name": "labour_productivity",
    "year": "2017Q3",
    "value": null
  },
  {
    "name": "labour_productivity",
    "year": "2017Q4",
    "value": 2.7238303341899996
  },
  {
    "name": "labour_productivity",
    "year": "2018Q1",
    "value": null
  },
  {
    "name": "labour_productivity",
    "year": "2018Q2",
    "value": null
  },
  {
    "name": "labour_productivity",
    "year": "2018Q3",
    "value": null
  },
  {
    "name": "labour_productivity",
    "year": "2018Q4",
    "value": 2.75561285301
  },
  {
    "name": "labour_productivity",
    "year": "2019Q1",
    "value": null
  },
  {
    "name": "labour_productivity",
    "year": "2019Q2",
    "value": null
  },
  {
    "name": "labour_productivity",
    "year": "2019Q3",
    "value": null
  },
  {
    "name": "labour_productivity",
    "year": "2019Q4",
    "value": 3.13841534289
  },
  {
    "name": "labour_productivity",
    "year": "2020Q1",
    "value": 2.44491843808
  },
  {
    "name": "labour_productivity",
    "year": "2020Q2",
    "value": 0.521232139729
  },
  {
    "name": "labour_productivity",
    "year": "2020Q3",
    "value": 1.42103909465
  },
  {
    "name": "labour_productivity",
    "year": "2020Q4",
    "value": 1.44306010929
  },
  {
    "name": "labour_productivity",
    "year": "2021Q1",
    "value": null
  },
  {
    "name": "labour_productivity",
    "year": "2021Q2",
    "value": null
  },
  {
    "name": "labour_productivity",
    "year": "2021Q3",
    "value": null
  },
  {
    "name": "labour_productivity",
    "year": "2021Q4",
    "value": 2.8441274238200003
  },
  {
    "name": "labour_productivity",
    "year": "2022Q2",
    "value": null
  },
  {
    "name": "labour_productivity",
    "year": "2022Q3",
    "value": null
  },
  {
    "name": "labour_productivity",
    "year": "2022Q4",
    "value": 2.55232198142
  },
  {
    "name": "labour_productivity",
    "year": "2023Q1",
    "value": null
  },
  {
    "name": "labour_productivity",
    "year": "2023Q2",
    "value": null
  },
  {
    "name": "labour_productivity",
    "year": "2023Q3",
    "value": null
  },
  {
    "name": "labour_productivity",
    "year": "2023Q4",
    "value": 4.45015873016
  },
  {
    "name": "expenses_per_employee",
    "year": "2014Q4",
    "value": 0.0
  },
  {
    "name": "expenses_per_employee",
    "year": "2015Q3",
    "value": 393.993711616
  },
  {
    "name": "expenses_per_employee",
    "year": "2015Q4",
    "value": 0.0
  },
  {
    "name": "expenses_per_employee",
    "year": "2016Q1",
    "value": null
  },
  {
    "name": "expenses_per_employee",
    "year": "2016Q2",
    "value": null
  },
  {
    "name": "expenses_per_employee",
    "year": "2016Q3",
    "value": null
  },
  {
    "name": "expenses_per_employee",
    "year": "2016Q4",
    "value": 0.0
  },
  {
    "name": "expenses_per_employee",
    "year": "2017Q1",
    "value": null
  },
  {
    "name": "expenses_per_employee",
    "year": "2017Q2",
    "value": null
  },
  {
    "name": "expenses_per_employee",
    "year": "2017Q3",
    "value": null
  },
  {
    "name": "expenses_per_employee",
    "year": "2017Q4",
    "value": 0.0
  },
  {
    "name": "expenses_per_employee",
    "year": "2018Q1",
    "value": null
  },
  {
    "name": "expenses_per_employee",
    "year": "2018Q2",
    "value": null
  },
  {
    "name": "expenses_per_employee",
    "year": "2018Q3",
    "value": null
  },
  {
    "name": "expenses_per_employee",
    "year": "2018Q4",
    "value": 0.0
  },
  {
    "name": "expenses_per_employee",
    "year": "2019Q1",
    "value": null
  },
  {
    "name": "expenses_per_employee",
    "year": "2019Q2",
    "value": null
  },
  {
    "name": "expenses_per_employee",
    "year": "2019Q3",
    "value": null
  },
  {
    "name": "expenses_per_employee",
    "year": "2019Q4",
    "value": 0.0
  },
  {
    "name": "expenses_per_employee",
    "year": "2020Q1",
    "value": 0.0
  },
  {
    "name": "expenses_per_employee",
    "year": "2020Q2",
    "value": 0.0
  },
  {
    "name": "expenses_per_employee",
    "year": "2020Q3",
    "value": 0.0
  },
  {
    "name": "expenses_per_employee",
    "year": "2020Q4",
    "value": 0.0
  },
  {
    "name": "expenses_per_employee",
    "year": "2021Q1",
    "value": null
  },
  {
    "name": "expenses_per_employee",
    "year": "2021Q2",
    "value": null
  },
  {
    "name": "expenses_per_employee",
    "year": "2021Q3",
    "value": null
  },
  {
    "name": "expenses_per_employee",
    "year": "2021Q4",
    "value": 0.0
  },
  {
    "name": "expenses_per_employee",
    "year": "2022Q2",
    "value": null
  },
  {
    "name": "expenses_per_employee",
    "year": "2022Q3",
    "value": null
  },
  {
    "name": "expenses_per_employee",
    "year": "2022Q4",
    "value": 0.0
  },
  {
    "name": "expenses_per_employee",
    "year": "2023Q1",
    "value": null
  },
  {
    "name": "expenses_per_employee",
    "year": "2023Q2",
    "value": null
  },
  {
    "name": "expenses_per_employee",
    "year": "2023Q3",
    "value": null
  },
  {
    "name": "expenses_per_employee",
    "year": "2023Q4",
    "value": 0.0
  },
  {
    "name": "capex_revenue",
    "year": "2015Q4",
    "value": 0.0
  },
  {
    "name": "capex_revenue",
    "year": "2016Q1",
    "value": 0.0
  },
  {
    "name": "capex_revenue",
    "year": "2016Q2",
    "value": 0.0
  },
  {
    "name": "capex_revenue",
    "year": "2016Q3",
    "value": 0.0
  },
  {
    "name": "capex_revenue",
    "year": "2016Q4",
    "value": 0.0
  },
  {
    "name": "capex_revenue",
    "year": "2017Q1",
    "value": 0.0
  },
  {
    "name": "capex_revenue",
    "year": "2017Q2",
    "value": 0.0
  },
  {
    "name": "capex_revenue",
    "year": "2017Q3",
    "value": 0.0
  },
  {
    "name": "capex_revenue",
    "year": "2017Q4",
    "value": 0.0
  },
  {
    "name": "capex_revenue",
    "year": "2018Q1",
    "value": 0.0
  },
  {
    "name": "capex_revenue",
    "year": "2018Q2",
    "value": 0.0
  },
  {
    "name": "capex_revenue",
    "year": "2018Q3",
    "value": 0.0
  },
  {
    "name": "capex_revenue",
    "year": "2018Q4",
    "value": 0.0
  },
  {
    "name": "capex_revenue",
    "year": "2019Q1",
    "value": 0.0
  },
  {
    "name": "capex_revenue",
    "year": "2019Q2",
    "value": 0.0
  },
  {
    "name": "capex_revenue",
    "year": "2019Q3",
    "value": 0.0
  },
  {
    "name": "capex_revenue",
    "year": "2019Q4",
    "value": 0.0
  },
  {
    "name": "capex_revenue",
    "year": "2020Q1",
    "value": 0.0
  },
  {
    "name": "capex_revenue",
    "year": "2020Q2",
    "value": 0.0
  },
  {
    "name": "capex_revenue",
    "year": "2020Q3",
    "value": 0.0
  },
  {
    "name": "capex_revenue",
    "year": "2020Q4",
    "value": 0.0
  },
  {
    "name": "capex_revenue",
    "year": "2021Q1",
    "value": 0.0
  },
  {
    "name": "capex_revenue",
    "year": "2021Q2",
    "value": 0.0
  },
  {
    "name": "capex_revenue",
    "year": "2021Q3",
    "value": 0.0
  },
  {
    "name": "capex_revenue",
    "year": "2021Q4",
    "value": 0.0
  },
  {
    "name": "capex_revenue",
    "year": "2022Q2",
    "value": 0.0
  },
  {
    "name": "capex_revenue",
    "year": "2022Q3",
    "value": 0.0
  },
  {
    "name": "capex_revenue",
    "year": "2022Q4",
    "value": 0.0
  },
  {
    "name": "capex_revenue",
    "year": "2023Q1",
    "value": 0.0
  },
  {
    "name": "capex_revenue",
    "year": "2023Q2",
    "value": 0.0
  },
  {
    "name": "capex_revenue",
    "year": "2023Q3",
    "value": 0.0
  },
  {
    "name": "capex_revenue",
    "year": "2023Q4",
    "value": 0.0
  },
  {
    "name": "capex_revenue",
    "year": "2024Q1",
    "value": 0.0
  }
]