[{"name":"date","year":"2023Q1","value":"06.05.2024"},{"name":"date","year":"2023Q2","value":"03.08.2023"},{"name":"date","year":"2023Q3","value":"13.11.2023"},{"name":"date","year":"2023Q4","value":"16.02.2024"},{"name":"date","year":"2024Q1","value":"06.05.2024"},{"name":"date","year":"LTM\n?","value":"06.05.2024"},{"name":"currency","year":"2023Q1","value":"RUB"},{"name":"currency","year":"2023Q2","value":"RUB"},{"name":"currency","year":"2023Q3","value":"RUB"},{"name":"currency","year":"2023Q4","value":"RUB"},{"name":"currency","year":"2024Q1","value":"RUB"},{"name":"currency","year":"LTM\n?","value":"RUB"},{"name":"report_url","year":"2023Q1","value":""},{"name":"report_url","year":"2023Q2","value":"https://www.e-disclosure.ru/portal/FileLoad.ashx?Fileid=1806536"},{"name":"report_url","year":"2023Q3","value":"https://www.e-disclosure.ru/portal/FileLoad.ashx?Fileid=1815139"},{"name":"report_url","year":"2023Q4","value":"https://www.e-disclosure.ru/portal/FileLoad.ashx?Fileid=1822927"},{"name":"report_url","year":"2024Q1","value":"https://www.e-disclosure.ru/portal/FileLoad.ashx?Fileid=1836027"},{"name":"report_url","year":"LTM\n?","value":"https://www.e-disclosure.ru/portal/FileLoad.ashx?Fileid=1836027"},{"name":"presentation_url","year":"2023Q1","value":""},{"name":"presentation_url","year":"2023Q2","value":"https://ir.aeroflot.ru/fileadmin/user_upload/files/mfso23/Q2_2023_Presentation_VF_P.pdf"},{"name":"presentation_url","year":"2023Q3","value":"https://ir.aeroflot.ru/fileadmin/user_upload/files/mfso23/Q3_2023_Presentation.pdf"},{"name":"presentation_url","year":"2023Q4","value":"https://ir.aeroflot.ru/fileadmin/user_upload/files/mfso23/Q4_2023_Presentation_vP.pdf"},{"name":"presentation_url","year":"2024Q1","value":"https://ir.aeroflot.ru/fileadmin/user_upload/files/rus/reports/msfo/Q1_2024_Presentation.pdf"},{"name":"presentation_url","year":"LTM\n?","value":"https://ir.aeroflot.ru/fileadmin/user_upload/files/rus/reports/msfo/Q1_2024_Presentation.pdf"},{"name":"passenger_traffic_total","year":"2023Q1","value":"9.47"},{"name":"passenger_traffic_total","year":"2023Q2","value":"11.5"},{"name":"passenger_traffic_total","year":"2023Q3","value":"14.9"},{"name":"passenger_traffic_total","year":"2023Q4","value":"11.5"},{"name":"passenger_traffic_total","year":"2024Q1","value":"11.5"},{"name":"passenger_traffic_total","year":"LTM\n?","value":"11.5"},{"name":"passenger_traffic_internal","year":"2023Q1","value":"7.52"},{"name":"passenger_traffic_internal","year":"2023Q2","value":"9.29"},{"name":"passenger_traffic_internal","year":"2023Q3","value":"12.1"},{"name":"passenger_traffic_internal","year":"2023Q4","value":"8.79"},{"name":"passenger_traffic_internal","year":"2024Q1","value":"8.64"},{"name":"passenger_traffic_internal","year":"LTM\n?","value":"8.64"},{"name":"passenger_traffic_world","year":"2023Q1","value":"1.95"},{"name":"passenger_traffic_world","year":"2023Q2","value":"2.17"},{"name":"passenger_traffic_world","year":"2023Q3","value":"2.76"},{"name":"passenger_traffic_world","year":"2023Q4","value":"2.71"},{"name":"passenger_traffic_world","year":"2024Q1","value":"2.88"},{"name":"passenger_traffic_world","year":"LTM\n?","value":"2.88"},{"name":"chairs_employed","year":"2023Q1","value":"86.3%"},{"name":"chairs_employed","year":"2023Q2","value":"85.7%"},{"name":"chairs_employed","year":"2023Q3","value":"90.5%"},{"name":"chairs_employed","year":"2023Q4","value":"87.2%"},{"name":"chairs_employed","year":"2024Q1","value":"88.3%"},{"name":"chairs_employed","year":"LTM\n?","value":"88.3%"},{"name":"turnover","year":"2023Q1","value":"202.9"},{"name":"turnover","year":"2023Q2","value":"224.7"},{"name":"turnover","year":"2023Q3","value":"271.1"},{"name":"turnover","year":"2023Q4","value":"290.7"},{"name":"turnover","year":"2024Q1","value":""},{"name":"turnover","year":"LTM\n?","value":"786.5"},{"name":"flight_hours","year":"2023Q1","value":"185 394"},{"name":"flight_hours","year":"2023Q2","value":"200 190"},{"name":"flight_hours","year":"2023Q3","value":"288 360"},{"name":"flight_hours","year":"2023Q4","value":"219 750"},{"name":"flight_hours","year":"2024Q1","value":""},{"name":"flight_hours","year":"LTM\n?","value":""},{"name":"aircraft_number","year":"2023Q1","value":""},{"name":"aircraft_number","year":"2023Q2","value":""},{"name":"aircraft_number","year":"2023Q3","value":""},{"name":"aircraft_number","year":"2023Q4","value":"349"},{"name":"aircraft_number","year":"2024Q1","value":"349"},{"name":"aircraft_number","year":"LTM\n?","value":"349"},{"name":"revenue","year":"2023Q1","value":"92.0"},{"name":"revenue","year":"2023Q2","value":"113.4"},{"name":"revenue","year":"2023Q3","value":"151.9"},{"name":"revenue","year":"2023Q4","value":"140.2"},{"name":"revenue","year":"2024Q1","value":"145.1"},{"name":"revenue","year":"LTM\n?","value":"550.6"},{"name":"operating_income","year":"2023Q1","value":"-9.70"},{"name":"operating_income","year":"2023Q2","value":"-7.34"},{"name":"operating_income","year":"2023Q3","value":"9.27"},{"name":"operating_income","year":"2023Q4","value":"-1.99"},{"name":"operating_income","year":"2024Q1","value":"2.78"},{"name":"operating_income","year":"LTM\n?","value":"2.72"},{"name":"net_income","year":"2023Q1","value":"-33.7"},{"name":"net_income","year":"2023Q2","value":"-48.0"},{"name":"net_income","year":"2023Q3","value":"-13.0"},{"name":"net_income","year":"2023Q4","value":"65.1"},{"name":"net_income","year":"2024Q1","value":"-6.92"},{"name":"net_income","year":"LTM\n?","value":"-2.74"},{"name":"div_yield","year":"2023Q1","value":"0.0%"},{"name":"div_yield","year":"2023Q2","value":"0.0%"},{"name":"div_yield","year":"2023Q3","value":"0.0%"},{"name":"div_yield","year":"2023Q4","value":"0.0%"},{"name":"div_yield","year":"2024Q1","value":"0.0%"},{"name":"div_yield","year":"LTM\n?","value":"0.0%"},{"name":"div_payout_ratio","year":"2023Q1","value":"0%"},{"name":"div_payout_ratio","year":"2023Q2","value":"0%"},{"name":"div_payout_ratio","year":"2023Q3","value":"0%"},{"name":"div_payout_ratio","year":"2023Q4","value":"0%"},{"name":"div_payout_ratio","year":"2024Q1","value":"0%"},{"name":"div_payout_ratio","year":"LTM\n?","value":"0"},{"name":"opex","year":"2023Q1","value":"3.80"},{"name":"opex","year":"2023Q2","value":"4.05"},{"name":"opex","year":"2023Q3","value":"4.09"},{"name":"opex","year":"2023Q4","value":""},{"name":"opex","year":"2024Q1","value":"4.24"},{"name":"opex","year":"LTM\n?","value":"12.4"},{"name":"cost_of_production","year":"2023Q1","value":"97.9"},{"name":"cost_of_production","year":"2023Q2","value":"116.7"},{"name":"cost_of_production","year":"2023Q3","value":"138.6"},{"name":"cost_of_production","year":"2023Q4","value":"137.0"},{"name":"cost_of_production","year":"2024Q1","value":"143.6"},{"name":"cost_of_production","year":"LTM\n?","value":"535.9"},{"name":"assets","year":"2023Q1","value":""},{"name":"assets","year":"2023Q2","value":"872.0"},{"name":"assets","year":"2023Q3","value":"904.2"},{"name":"assets","year":"2023Q4","value":"934.3"},{"name":"assets","year":"2024Q1","value":"931.2"},{"name":"assets","year":"LTM\n?","value":"931.2"},{"name":"net_assets","year":"2023Q1","value":""},{"name":"net_assets","year":"2023Q2","value":"-149.5"},{"name":"net_assets","year":"2023Q3","value":"-162.5"},{"name":"net_assets","year":"2023Q4","value":"-97.3"},{"name":"net_assets","year":"2024Q1","value":"-104.0"},{"name":"net_assets","year":"LTM\n?","value":"-104.0"},{"name":"debt","year":"2023Q1","value":""},{"name":"debt","year":"2023Q2","value":"106.1"},{"name":"debt","year":"2023Q3","value":"92.9"},{"name":"debt","year":"2023Q4","value":"84.1"},{"name":"debt","year":"2024Q1","value":"74.3"},{"name":"debt","year":"LTM\n?","value":"74.3"},{"name":"cash","year":"2023Q1","value":""},{"name":"cash","year":"2023Q2","value":"114.5"},{"name":"cash","year":"2023Q3","value":"84.7"},{"name":"cash","year":"2023Q4","value":"75.9"},{"name":"cash","year":"2024Q1","value":"62.4"},{"name":"cash","year":"LTM\n?","value":"62.4"},{"name":"net_debt","year":"2023Q1","value":"0.00"},{"name":"net_debt","year":"2023Q2","value":"-8.40"},{"name":"net_debt","year":"2023Q3","value":"8.20"},{"name":"net_debt","year":"2023Q4","value":"8.20"},{"name":"net_debt","year":"2024Q1","value":"11.9"},{"name":"net_debt","year":"LTM\n?","value":"11.9"},{"name":"common_share","year":"2023Q1","value":"31.5"},{"name":"common_share","year":"2023Q2","value":"42.5"},{"name":"common_share","year":"2023Q3","value":"41.5"},{"name":"common_share","year":"2023Q4","value":"34.9"},{"name":"common_share","year":"2024Q1","value":"45.3"},{"name":"common_share","year":"LTM\n?","value":"47.2"},{"name":"number_of_shares","year":"2023Q1","value":"3 976"},{"name":"number_of_shares","year":"2023Q2","value":"3 976"},{"name":"number_of_shares","year":"2023Q3","value":"3 976"},{"name":"number_of_shares","year":"2023Q4","value":"3 976"},{"name":"number_of_shares","year":"2024Q1","value":"3 976"},{"name":"number_of_shares","year":"LTM\n?","value":"3 976"},{"name":"market_cap","year":"2023Q1","value":"125.1"},{"name":"market_cap","year":"2023Q2","value":"169.0"},{"name":"market_cap","year":"2023Q3","value":"164.9"},{"name":"market_cap","year":"2023Q4","value":"138.9"},{"name":"market_cap","year":"2024Q1","value":"180.2"},{"name":"market_cap","year":"LTM\n?","value":"187.5"},{"name":"ev","year":"2023Q1","value":"125.1"},{"name":"ev","year":"2023Q2","value":"160.6"},{"name":"ev","year":"2023Q3","value":"173.1"},{"name":"ev","year":"2023Q4","value":"147.1"},{"name":"ev","year":"2024Q1","value":"192.1"},{"name":"ev","year":"LTM\n?","value":"199.3"},{"name":"book_value","year":"2023Q1","value":"0.00"},{"name":"book_value","year":"2023Q2","value":"-149.9"},{"name":"book_value","year":"2023Q3","value":"-162.9"},{"name":"book_value","year":"2023Q4","value":"-99.2"},{"name":"book_value","year":"2024Q1","value":"-106.5"},{"name":"book_value","year":"LTM\n?","value":"-106.5"},{"name":"eps","year":"2023Q1","value":"-8.47"},{"name":"eps","year":"2023Q2","value":"-12.1"},{"name":"eps","year":"2023Q3","value":"-3.26"},{"name":"eps","year":"2023Q4","value":"16.4"},{"name":"eps","year":"2024Q1","value":"-1.74"},{"name":"eps","year":"LTM\n?","value":"-0.69"},{"name":"fcf_share","year":"2023Q1","value":"0.00"},{"name":"fcf_share","year":"2023Q2","value":"0.00"},{"name":"fcf_share","year":"2023Q3","value":"0.00"},{"name":"fcf_share","year":"2023Q4","value":"0.00"},{"name":"fcf_share","year":"2024Q1","value":"0.00"},{"name":"fcf_share","year":"LTM\n?","value":"0"},{"name":"bv_share","year":"2023Q1","value":"0.00"},{"name":"bv_share","year":"2023Q2","value":"-37.7"},{"name":"bv_share","year":"2023Q3","value":"-41.0"},{"name":"bv_share","year":"2023Q4","value":"-25.0"},{"name":"bv_share","year":"2024Q1","value":"-26.8"},{"name":"bv_share","year":"LTM\n?","value":"-26.8"},{"name":"ebitda_margin","year":"2023Q1","value":"0.0%"},{"name":"ebitda_margin","year":"2023Q2","value":"0.0%"},{"name":"ebitda_margin","year":"2023Q3","value":"0.0%"},{"name":"ebitda_margin","year":"2023Q4","value":"0.0%"},{"name":"ebitda_margin","year":"2024Q1","value":"0.0%"},{"name":"ebitda_margin","year":"LTM\n?","value":"0"},{"name":"net_margin","year":"2023Q1","value":"-36.6%"},{"name":"net_margin","year":"2023Q2","value":"-42.3%"},{"name":"net_margin","year":"2023Q3","value":"-8.5%"},{"name":"net_margin","year":"2023Q4","value":"46.5%"},{"name":"net_margin","year":"2024Q1","value":"-4.8%"},{"name":"net_margin","year":"LTM\n?","value":"-0.5%"},{"name":"fcf_yield","year":"2023Q1","value":"0.0%"},{"name":"fcf_yield","year":"2023Q2","value":"0.0%"},{"name":"fcf_yield","year":"2023Q3","value":"0.0%"},{"name":"fcf_yield","year":"2023Q4","value":"0.0%"},{"name":"fcf_yield","year":"2024Q1","value":"0.0%"},{"name":"fcf_yield","year":"LTM\n?","value":"0.0%"},{"name":"roe","year":"2023Q1","value":""},{"name":"roe","year":"2023Q2","value":"118.2%"},{"name":"roe","year":"2023Q3","value":"58.2%"},{"name":"roe","year":"2023Q4","value":"30.3%"},{"name":"roe","year":"2024Q1","value":"2.6%"},{"name":"roe","year":"LTM\n?","value":"2.6%"},{"name":"roa","year":"2023Q1","value":""},{"name":"roa","year":"2023Q2","value":"-20.3%"},{"name":"roa","year":"2023Q3","value":"-10.5%"},{"name":"roa","year":"2023Q4","value":"-3.2%"},{"name":"roa","year":"2024Q1","value":"-0.3%"},{"name":"roa","year":"LTM\n?","value":"-0.3%"},{"name":"p_e","year":"2023Q1","value":"-2.61"},{"name":"p_e","year":"2023Q2","value":"-0.96"},{"name":"p_e","year":"2023Q3","value":"-1.74"},{"name":"p_e","year":"2023Q4","value":"-4.71"},{"name":"p_e","year":"2024Q1","value":"-65.8"},{"name":"p_e","year":"LTM\n?","value":"-68.4"},{"name":"p_s","year":"2023Q1","value":"0.29"},{"name":"p_s","year":"2023Q2","value":"0.42"},{"name":"p_s","year":"2023Q3","value":"0.46"},{"name":"p_s","year":"2023Q4","value":"0.28"},{"name":"p_s","year":"2024Q1","value":"0.33"},{"name":"p_s","year":"LTM\n?","value":"0.34"},{"name":"p_bv","year":"2023Q1","value":""},{"name":"p_bv","year":"2023Q2","value":"-1.13"},{"name":"p_bv","year":"2023Q3","value":"-1.01"},{"name":"p_bv","year":"2023Q4","value":"-1.40"},{"name":"p_bv","year":"2024Q1","value":"-1.69"},{"name":"p_bv","year":"LTM\n?","value":"-1.76"},{"name":"employees","year":"2023Q1","value":""},{"name":"employees","year":"2023Q2","value":""},{"name":"employees","year":"2023Q3","value":""},{"name":"employees","year":"2023Q4","value":"31 500"},{"name":"employees","year":"2024Q1","value":""},{"name":"employees","year":"LTM\n?","value":""},{"name":"expenses_per_employee","year":"2023Q1","value":""},{"name":"expenses_per_employee","year":"2023Q2","value":""},{"name":"expenses_per_employee","year":"2023Q3","value":""},{"name":"expenses_per_employee","year":"2023Q4","value":"0.00"},{"name":"expenses_per_employee","year":"2024Q1","value":""},{"name":"expenses_per_employee","year":"LTM\n?","value":""},{"name":"capex_revenue","year":"2023Q1","value":"0%"},{"name":"capex_revenue","year":"2023Q2","value":"0%"},{"name":"capex_revenue","year":"2023Q3","value":"0%"},{"name":"capex_revenue","year":"2023Q4","value":"0%"},{"name":"capex_revenue","year":"2024Q1","value":"0%"},{"name":"capex_revenue","year":"LTM\n?","value":"0"}]