[
  {
    "name": "assets",
    "year": "2022",
    "value": 10.86
  },
  {
    "name": "assets",
    "year": "2023",
    "value": 33.64
  },
  {
    "name": "net_assets",
    "year": "2022",
    "value": 2.18
  },
  {
    "name": "net_assets",
    "year": "2023",
    "value": 5.03
  },
  {
    "name": "debt",
    "year": "2022",
    "value": 3.74
  },
  {
    "name": "debt",
    "year": "2023",
    "value": 21.3
  },
  {
    "name": "cash",
    "year": "2022",
    "value": 1.81
  },
  {
    "name": "cash",
    "year": "2023",
    "value": 11.38
  },
  {
    "name": "net_debt",
    "year": "2019",
    "value": 0.0
  },
  {
    "name": "net_debt",
    "year": "2020",
    "value": 0.0
  },
  {
    "name": "net_debt",
    "year": "2021",
    "value": 0.0
  },
  {
    "name": "net_debt",
    "year": "2022",
    "value": 1.93
  },
  {
    "name": "net_debt",
    "year": "2023",
    "value": 9.92
  },
  {
    "name": "market_cap",
    "year": "2019",
    "value": 0.0
  },
  {
    "name": "market_cap",
    "year": "2020",
    "value": 0.0
  },
  {
    "name": "market_cap",
    "year": "2021",
    "value": 0.0
  },
  {
    "name": "market_cap",
    "year": "2022",
    "value": 0.0
  },
  {
    "name": "market_cap",
    "year": "2023",
    "value": 0.0
  },
  {
    "name": "ev",
    "year": "2019",
    "value": 0.0
  },
  {
    "name": "ev",
    "year": "2020",
    "value": 0.0
  },
  {
    "name": "ev",
    "year": "2021",
    "value": 0.0
  },
  {
    "name": "ev",
    "year": "2022",
    "value": 1.93
  },
  {
    "name": "ev",
    "year": "2023",
    "value": 9.92
  },
  {
    "name": "book_value",
    "year": "2019",
    "value": 0.0
  },
  {
    "name": "book_value",
    "year": "2020",
    "value": 0.0
  },
  {
    "name": "book_value",
    "year": "2021",
    "value": 0.0
  },
  {
    "name": "book_value",
    "year": "2022",
    "value": 2.18
  },
  {
    "name": "book_value",
    "year": "2023",
    "value": 5.03
  },
  {
    "name": "roe",
    "year": "2022",
    "value": 32.1100917431
  },
  {
    "name": "roe",
    "year": "2023",
    "value": 35.5864811133
  },
  {
    "name": "roa",
    "year": "2022",
    "value": 6.44567219153
  },
  {
    "name": "roa",
    "year": "2023",
    "value": 5.321046373370001
  },
  {
    "name": "p_bv",
    "year": "2022",
    "value": 0.0
  },
  {
    "name": "p_bv",
    "year": "2023",
    "value": 0.0
  }
]