[{"name":"date","year":"2019","value":"29.10.2020"},{"name":"date","year":"2020","value":"29.04.2021"},{"name":"date","year":"2021","value":"22.04.2022"},{"name":"date","year":"2022","value":"14.04.2023"},{"name":"date","year":"2023","value":"22.04.2024"},{"name":"currency","year":"2019","value":"RUB"},{"name":"currency","year":"2020","value":"RUB"},{"name":"currency","year":"2021","value":"RUB"},{"name":"currency","year":"2022","value":"RUB"},{"name":"currency","year":"2023","value":"RUB"},{"name":"report_url","year":"2019","value":"https://www.e-disclosure.ru/portal/FileLoad.ashx?Fileid=1667228"},{"name":"report_url","year":"2020","value":"https://www.e-disclosure.ru/portal/FileLoad.ashx?Fileid=1697770"},{"name":"report_url","year":"2021","value":"https://www.e-disclosure.ru/portal/FileLoad.ashx?Fileid=1746584"},{"name":"report_url","year":"2022","value":"https://www.e-disclosure.ru/portal/FileLoad.ashx?Fileid=1787786"},{"name":"report_url","year":"2023","value":"https://www.e-disclosure.ru/portal/FileLoad.ashx?Fileid=1832879"},{"name":"revenue","year":"2019","value":""},{"name":"revenue","year":"2020","value":""},{"name":"revenue","year":"2021","value":""},{"name":"revenue","year":"2022","value":"1.46"},{"name":"revenue","year":"2023","value":"6.64"},{"name":"net_income","year":"2019","value":""},{"name":"net_income","year":"2020","value":""},{"name":"net_income","year":"2021","value":""},{"name":"net_income","year":"2022","value":"0.700"},{"name":"net_income","year":"2023","value":"1.79"},{"name":"ocf","year":"2019","value":""},{"name":"ocf","year":"2020","value":""},{"name":"ocf","year":"2021","value":""},{"name":"ocf","year":"2022","value":"0.300"},{"name":"ocf","year":"2023","value":"1.19"},{"name":"div_payout_ratio","year":"2019","value":""},{"name":"div_payout_ratio","year":"2020","value":""},{"name":"div_payout_ratio","year":"2021","value":""},{"name":"div_payout_ratio","year":"2022","value":"0%"},{"name":"div_payout_ratio","year":"2023","value":"0%"},{"name":"opex","year":"2019","value":""},{"name":"opex","year":"2020","value":""},{"name":"opex","year":"2021","value":""},{"name":"opex","year":"2022","value":"0.427"},{"name":"opex","year":"2023","value":"0.745"},{"name":"cost_of_production","year":"2019","value":""},{"name":"cost_of_production","year":"2020","value":""},{"name":"cost_of_production","year":"2021","value":""},{"name":"cost_of_production","year":"2022","value":"0.558"},{"name":"cost_of_production","year":"2023","value":"3.72"},{"name":"amortization","year":"2019","value":""},{"name":"amortization","year":"2020","value":""},{"name":"amortization","year":"2021","value":""},{"name":"amortization","year":"2022","value":"0.0"},{"name":"amortization","year":"2023","value":"0.1"},{"name":"interest_expenses","year":"2019","value":""},{"name":"interest_expenses","year":"2020","value":""},{"name":"interest_expenses","year":"2021","value":""},{"name":"interest_expenses","year":"2022","value":"0.480"},{"name":"interest_expenses","year":"2023","value":"0.960"},{"name":"assets","year":"2019","value":""},{"name":"assets","year":"2020","value":""},{"name":"assets","year":"2021","value":""},{"name":"assets","year":"2022","value":"10.9"},{"name":"assets","year":"2023","value":"33.6"},{"name":"net_assets","year":"2019","value":""},{"name":"net_assets","year":"2020","value":""},{"name":"net_assets","year":"2021","value":""},{"name":"net_assets","year":"2022","value":"2.18"},{"name":"net_assets","year":"2023","value":"5.03"},{"name":"debt","year":"2019","value":""},{"name":"debt","year":"2020","value":""},{"name":"debt","year":"2021","value":""},{"name":"debt","year":"2022","value":"3.74"},{"name":"debt","year":"2023","value":"21.3"},{"name":"cash","year":"2019","value":""},{"name":"cash","year":"2020","value":""},{"name":"cash","year":"2021","value":""},{"name":"cash","year":"2022","value":"1.81"},{"name":"cash","year":"2023","value":"11.4"},{"name":"net_debt","year":"2019","value":"0.00"},{"name":"net_debt","year":"2020","value":"0.00"},{"name":"net_debt","year":"2021","value":"0.00"},{"name":"net_debt","year":"2022","value":"1.93"},{"name":"net_debt","year":"2023","value":"9.92"},{"name":"market_cap","year":"2019","value":"0.00"},{"name":"market_cap","year":"2020","value":"0.00"},{"name":"market_cap","year":"2021","value":"0.00"},{"name":"market_cap","year":"2022","value":"0.00"},{"name":"market_cap","year":"2023","value":"0.00"},{"name":"ev","year":"2019","value":"0.00"},{"name":"ev","year":"2020","value":"0.00"},{"name":"ev","year":"2021","value":"0.00"},{"name":"ev","year":"2022","value":"1.93"},{"name":"ev","year":"2023","value":"9.92"},{"name":"book_value","year":"2019","value":"0.00"},{"name":"book_value","year":"2020","value":"0.00"},{"name":"book_value","year":"2021","value":"0.00"},{"name":"book_value","year":"2022","value":"2.18"},{"name":"book_value","year":"2023","value":"5.03"},{"name":"ebitda_margin","year":"2019","value":""},{"name":"ebitda_margin","year":"2020","value":""},{"name":"ebitda_margin","year":"2021","value":""},{"name":"ebitda_margin","year":"2022","value":"0.0%"},{"name":"ebitda_margin","year":"2023","value":"0.0%"},{"name":"net_margin","year":"2019","value":""},{"name":"net_margin","year":"2020","value":""},{"name":"net_margin","year":"2021","value":""},{"name":"net_margin","year":"2022","value":"47.9%"},{"name":"net_margin","year":"2023","value":"27.0%"},{"name":"roe","year":"2019","value":""},{"name":"roe","year":"2020","value":""},{"name":"roe","year":"2021","value":""},{"name":"roe","year":"2022","value":"32.1%"},{"name":"roe","year":"2023","value":"35.6%"},{"name":"roa","year":"2019","value":""},{"name":"roa","year":"2020","value":""},{"name":"roa","year":"2021","value":""},{"name":"roa","year":"2022","value":"6.4%"},{"name":"roa","year":"2023","value":"5.3%"},{"name":"p_e","year":"2019","value":""},{"name":"p_e","year":"2020","value":""},{"name":"p_e","year":"2021","value":""},{"name":"p_e","year":"2022","value":"0.00"},{"name":"p_e","year":"2023","value":"0.00"},{"name":"p_s","year":"2019","value":""},{"name":"p_s","year":"2020","value":""},{"name":"p_s","year":"2021","value":""},{"name":"p_s","year":"2022","value":"0.00"},{"name":"p_s","year":"2023","value":"0.00"},{"name":"p_bv","year":"2019","value":""},{"name":"p_bv","year":"2020","value":""},{"name":"p_bv","year":"2021","value":""},{"name":"p_bv","year":"2022","value":"0.00"},{"name":"p_bv","year":"2023","value":"0.00"},{"name":"capex_revenue","year":"2019","value":""},{"name":"capex_revenue","year":"2020","value":""},{"name":"capex_revenue","year":"2021","value":""},{"name":"capex_revenue","year":"2022","value":"0%"},{"name":"capex_revenue","year":"2023","value":"0%"}]