{"date":"Дата отчета","currency":"Валюта отчета","report_url":"Финансовый отчет","revenue":"Выручка, млрд руб","net_income":"Чистая прибыль, млрд руб","ocf":"Опер.денежный поток, млрд руб","div_payout_ratio":"Дивиденды/прибыль, %","opex":"Опер. расходы, млрд руб","cost_of_production":"Себестоимость, млрд руб","amortization":"Амортизация, млрд руб","interest_expenses":"Процентные расходы, млрд руб","assets":"Активы, млрд руб","net_assets":"Чистые активы, млрд руб","debt":"Долг, млрд руб","cash":"Наличность, млрд руб","net_debt":"Чистый долг, млрд руб","market_cap":"Капитализация, млрд руб","ev":"EV, млрд руб","book_value":"Баланс стоимость, млрд руб","ebitda_margin":"Рентаб EBITDA, %","net_margin":"Чистая рентаб, %","roe":"ROE, %","roa":"ROA, %","p_e":"P/E","p_s":"P/S","p_bv":"P/BV","capex_revenue":"CAPEX/Выручка, %"}