[{"name":"P/E","year":"2023","value":"4.81"},{"name":"P/E","year":"2022","value":"4.4"},{"name":"P/E","year":"2021","value":"6.2"},{"name":"P/E","year":"2020","value":"7.37"},{"name":"P/E","year":"2019","value":"6.77"},{"name":"P/B","year":"2023","value":"1.88"},{"name":"P/B","year":"2022","value":"1.93"},{"name":"P/B","year":"2021","value":"2.81"},{"name":"P/B","year":"2020","value":"1.95"},{"name":"P/B","year":"2019","value":"2.43"},{"name":"P/S","year":"2023","value":"2.62"},{"name":"P/S","year":"2022","value":"2.23"},{"name":"P/S","year":"2021","value":"3.31"},{"name":"P/S","year":"2020","value":"2.75"},{"name":"P/S","year":"2019","value":"2.51"},{"name":"P/CF","year":"2023","value":"8.61"},{"name":"P/CF","year":"2022","value":"18.16"},{"name":"P/CF","year":"2021","value":"15.64"},{"name":"P/CF","year":"2020","value":"45.52"},{"name":"P/CF","year":"2019","value":"8.93"},{"name":"P/FCF","year":"2023","value":"18.54"},{"name":"P/FCF","year":"2021","value":"325.41"},{"name":"P/FCF","year":"2017","value":"6.25"},{"name":"P/FCF","year":"2016","value":"699"},{"name":"EV/S","year":"2023","value":"3.09"},{"name":"EV/S","year":"2022","value":"2.8"},{"name":"EV/S","year":"2021","value":"3.81"},{"name":"EV/S","year":"2020","value":"3.48"},{"name":"EV/S","year":"2019","value":"2.97"},{"name":"EV/EBITDA","year":"2023","value":"6.83"},{"name":"EV/EBITDA","year":"2022","value":"5.11"},{"name":"EV/EBITDA","year":"2021","value":"6.11"},{"name":"EV/EBITDA","year":"2020","value":"7.45"},{"name":"EV/EBITDA","year":"2019","value":"7.6"},{"name":"EV/EBIT","year":"2023","value":"5.14"},{"name":"EV/EBIT","year":"2022","value":"5.02"},{"name":"EV/EBIT","year":"2021","value":"6.63"},{"name":"EV/EBIT","year":"2020","value":"8.55"},{"name":"EV/EBIT","year":"2019","value":"8.71"},{"name":"Коэффициент долга","year":"2023","value":"0.3"},{"name":"Коэффициент долга","year":"2022","value":"0.36"},{"name":"Коэффициент долга","year":"2021","value":"0.35"},{"name":"Коэффициент долга","year":"2020","value":"0.41"},{"name":"Коэффициент долга","year":"2019","value":"0.35"},{"name":"D/E","year":"2023","value":"0.43"},{"name":"D/E","year":"2022","value":"0.56"},{"name":"D/E","year":"2021","value":"0.54"},{"name":"D/E","year":"2020","value":"0.69"},{"name":"D/E","year":"2019","value":"0.55"},{"name":"CAPEX/Выручка","year":"2023","value":"16.26"},{"name":"CAPEX/Выручка","year":"2022","value":"14.98"},{"name":"CAPEX/Выручка","year":"2021","value":"20.14"},{"name":"CAPEX/Выручка","year":"2020","value":"22.07"},{"name":"CAPEX/Выручка","year":"2019","value":"28.83"},{"name":"NetDebt/EBITDA","year":"2023","value":"1.05"},{"name":"NetDebt/EBITDA","year":"2022","value":"1.04"},{"name":"NetDebt/EBITDA","year":"2021","value":"0.81"},{"name":"NetDebt/EBITDA","year":"2020","value":"1.56"},{"name":"NetDebt/EBITDA","year":"2019","value":"1.18"},{"name":"Долг/EBITDA","year":"2023","value":"1.12"},{"name":"Долг/EBITDA","year":"2022","value":"1.06"},{"name":"Долг/EBITDA","year":"2021","value":"0.84"},{"name":"Долг/EBITDA","year":"2020","value":"1.73"},{"name":"Долг/EBITDA","year":"2019","value":"1.2"},{"name":"ROE","year":"2023","value":"38.97"},{"name":"ROE","year":"2022","value":"43.73"},{"name":"ROE","year":"2021","value":"45.4"},{"name":"ROE","year":"2020","value":"26.41"},{"name":"ROE","year":"2019","value":"35.94"},{"name":"ROA","year":"2023","value":"27.24"},{"name":"ROA","year":"2022","value":"27.95"},{"name":"ROA","year":"2021","value":"29.4"},{"name":"ROA","year":"2020","value":"15.66"},{"name":"ROA","year":"2019","value":"23.21"},{"name":"Return on Sales","year":"2023","value":"60.11"},{"name":"Return on Sales","year":"2022","value":"55.86"},{"name":"Return on Sales","year":"2021","value":"57.52"},{"name":"Return on Sales","year":"2020","value":"40.73"},{"name":"Return on Sales","year":"2019","value":"34.06"},{"name":"ROCE","year":"2023","value":"39.02"},{"name":"ROCE","year":"2022","value":"36.11"},{"name":"ROCE","year":"2021","value":"38.59"},{"name":"ROCE","year":"2020","value":"25.12"},{"name":"ROCE","year":"2019","value":"26.91"},{"name":"Net Margin","year":"2023","value":"54.32"},{"name":"Net Margin","year":"2022","value":"50.75"},{"name":"Net Margin","year":"2021","value":"53.4"},{"name":"Net Margin","year":"2020","value":"37.34"},{"name":"Net Margin","year":"2019","value":"37.03"},{"name":"EBITDA рентабельность","year":"2023","value":"45.29"},{"name":"EBITDA рентабельность","year":"2022","value":"54.89"},{"name":"EBITDA рентабельность","year":"2021","value":"62.43"},{"name":"EBITDA рентабельность","year":"2020","value":"46.72"},{"name":"EBITDA рентабельность","year":"2019","value":"39.01"},{"name":"Тек. ливкидность","year":"2023","value":"3.16"},{"name":"Тек. ливкидность","year":"2022","value":"4.84"},{"name":"Тек. ливкидность","year":"2021","value":"3.67"},{"name":"Тек. ливкидность","year":"2020","value":"1.97"},{"name":"Тек. ливкидность","year":"2019","value":"2.92"},{"name":"Валовая маржа","year":"2023","value":"74.46"},{"name":"Валовая маржа","year":"2022","value":"65.45"},{"name":"Валовая маржа","year":"2021","value":"64.64"},{"name":"Валовая маржа","year":"2020","value":"45.52"},{"name":"Валовая маржа","year":"2019","value":"52.52"}]