[{"name":"P/E","year":"2023","value":"20.48"},{"name":"P/E","year":"2022","value":"10.62"},{"name":"P/E","year":"2021","value":"13.97"},{"name":"P/E","year":"2020","value":"17.78"},{"name":"P/E","year":"2019","value":"10.56"},{"name":"P/B","year":"2023","value":"1.94"},{"name":"P/B","year":"2022","value":"1.49"},{"name":"P/B","year":"2021","value":"1.68"},{"name":"P/B","year":"2020","value":"1.94"},{"name":"P/B","year":"2019","value":"1.48"},{"name":"P/S","year":"2023","value":"1.84"},{"name":"P/S","year":"2022","value":"1.36"},{"name":"P/S","year":"2021","value":"1.63"},{"name":"P/S","year":"2020","value":"1.95"},{"name":"P/S","year":"2019","value":"1.48"},{"name":"P/CF","year":"2023","value":"-46.44"},{"name":"P/CF","year":"2022","value":"23.39"},{"name":"P/CF","year":"2021","value":"21.52"},{"name":"P/CF","year":"2020","value":"46.91"},{"name":"P/CF","year":"2019","value":"11.04"},{"name":"P/FCF","year":"2021","value":"142.23"},{"name":"P/FCF","year":"2020","value":"163.14"},{"name":"P/FCF","year":"2016","value":"18.42"},{"name":"P/FCF","year":"2014","value":"40.27"},{"name":"EV/S","year":"2023","value":"2.46"},{"name":"EV/S","year":"2022","value":"1.88"},{"name":"EV/S","year":"2021","value":"2.16"},{"name":"EV/S","year":"2020","value":"2.59"},{"name":"EV/S","year":"2019","value":"1.85"},{"name":"EV/EBITDA","year":"2023","value":"15.84"},{"name":"EV/EBITDA","year":"2022","value":"7.54"},{"name":"EV/EBITDA","year":"2021","value":"8.45"},{"name":"EV/EBITDA","year":"2020","value":"12.28"},{"name":"EV/EBITDA","year":"2019","value":"7.69"},{"name":"EV/EBIT","year":"2023","value":"20.73"},{"name":"EV/EBIT","year":"2022","value":"9.29"},{"name":"EV/EBIT","year":"2021","value":"11.29"},{"name":"EV/EBIT","year":"2020","value":"15.08"},{"name":"EV/EBIT","year":"2019","value":"9.85"},{"name":"Коэффициент долга","year":"2023","value":"0.52"},{"name":"Коэффициент долга","year":"2022","value":"0.49"},{"name":"Коэффициент долга","year":"2021","value":"0.48"},{"name":"Коэффициент долга","year":"2020","value":"0.5"},{"name":"Коэффициент долга","year":"2019","value":"0.42"},{"name":"D/E","year":"2023","value":"1.07"},{"name":"D/E","year":"2022","value":"0.95"},{"name":"D/E","year":"2021","value":"0.92"},{"name":"D/E","year":"2020","value":"1.01"},{"name":"D/E","year":"2019","value":"0.71"},{"name":"CAPEX/Выручка","year":"2023","value":"10.09"},{"name":"CAPEX/Выручка","year":"2022","value":"9.86"},{"name":"CAPEX/Выручка","year":"2021","value":"6.42"},{"name":"CAPEX/Выручка","year":"2020","value":"2.97"},{"name":"CAPEX/Выручка","year":"2019","value":"13.67"},{"name":"NetDebt/EBITDA","year":"2023","value":"4"},{"name":"NetDebt/EBITDA","year":"2022","value":"2.07"},{"name":"NetDebt/EBITDA","year":"2021","value":"2.09"},{"name":"NetDebt/EBITDA","year":"2020","value":"3"},{"name":"NetDebt/EBITDA","year":"2019","value":"1.56"},{"name":"Долг/EBITDA","year":"2023","value":"4.06"},{"name":"Долг/EBITDA","year":"2022","value":"2.17"},{"name":"Долг/EBITDA","year":"2021","value":"2.15"},{"name":"Долг/EBITDA","year":"2020","value":"3.12"},{"name":"Долг/EBITDA","year":"2019","value":"1.62"},{"name":"ROE","year":"2023","value":"9.58"},{"name":"ROE","year":"2022","value":"14.04"},{"name":"ROE","year":"2021","value":"11.97"},{"name":"ROE","year":"2020","value":"10.77"},{"name":"ROE","year":"2019","value":"13.84"},{"name":"ROA","year":"2023","value":"4.62"},{"name":"ROA","year":"2022","value":"7.19"},{"name":"ROA","year":"2021","value":"6.24"},{"name":"ROA","year":"2020","value":"5.36"},{"name":"ROA","year":"2019","value":"8.07"},{"name":"Return on Sales","year":"2023","value":"11.87"},{"name":"Return on Sales","year":"2022","value":"20.23"},{"name":"Return on Sales","year":"2021","value":"19.17"},{"name":"Return on Sales","year":"2020","value":"17.16"},{"name":"Return on Sales","year":"2019","value":"18.82"},{"name":"ROIC","year":"2023","value":"5.28"},{"name":"ROIC","year":"2022","value":"10.68"},{"name":"ROIC","year":"2021","value":"9.77"},{"name":"ROIC","year":"2020","value":"8.8"},{"name":"ROIC","year":"2019","value":"11.61"},{"name":"ROCE","year":"2023","value":"6.87"},{"name":"ROCE","year":"2022","value":"13.99"},{"name":"ROCE","year":"2021","value":"12.55"},{"name":"ROCE","year":"2020","value":"10.53"},{"name":"ROCE","year":"2019","value":"14.83"},{"name":"Net Margin","year":"2023","value":"9.11"},{"name":"Net Margin","year":"2022","value":"12.83"},{"name":"Net Margin","year":"2021","value":"11.63"},{"name":"Net Margin","year":"2020","value":"10.94"},{"name":"Net Margin","year":"2019","value":"13.87"},{"name":"Операционная маржа","year":"2023","value":"11.87"},{"name":"Операционная маржа","year":"2022","value":"20.23"},{"name":"Операционная маржа","year":"2021","value":"19.17"},{"name":"Операционная маржа","year":"2020","value":"17.16"},{"name":"Операционная маржа","year":"2019","value":"18.82"},{"name":"EBITDA рентабельность","year":"2023","value":"15.54"},{"name":"EBITDA рентабельность","year":"2022","value":"24.9"},{"name":"EBITDA рентабельность","year":"2021","value":"25.6"},{"name":"EBITDA рентабельность","year":"2020","value":"21.08"},{"name":"EBITDA рентабельность","year":"2019","value":"24.11"},{"name":"Тек. ливкидность","year":"2023","value":"3.38"},{"name":"Тек. ливкидность","year":"2022","value":"2.33"},{"name":"Тек. ливкидность","year":"2021","value":"2.4"},{"name":"Тек. ливкидность","year":"2020","value":"1.99"},{"name":"Тек. ливкидность","year":"2019","value":"1.76"},{"name":"Валовая маржа","year":"2023","value":"38.54"},{"name":"Валовая маржа","year":"2022","value":"40.03"},{"name":"Валовая маржа","year":"2021","value":"33.39"},{"name":"Валовая маржа","year":"2020","value":"35.64"},{"name":"Валовая маржа","year":"2019","value":"40.68"}]