[{"name":"date","year":"2019","value":"03.04.2020"},{"name":"date","year":"2020","value":"09.02.2021"},{"name":"date","year":"2021","value":"08.04.2022"},{"name":"date","year":"2022","value":"08.04.2024"},{"name":"date","year":"2023","value":"08.04.2024"},{"name":"currency","year":"2019","value":"RUB"},{"name":"currency","year":"2020","value":"RUB"},{"name":"currency","year":"2021","value":"RUB"},{"name":"currency","year":"2022","value":"RUB"},{"name":"currency","year":"2023","value":"RUB"},{"name":"report_url","year":"2019","value":"http://www.e-disclosure.ru/portal/FileLoad.ashx?Fileid=1625240"},{"name":"report_url","year":"2020","value":"https://e-disclosure.ru/portal/FileLoad.ashx?Fileid=1679660"},{"name":"report_url","year":"2021","value":"https://e-disclosure.ru/portal/FileLoad.ashx?Fileid=1744628"},{"name":"report_url","year":"2022","value":""},{"name":"report_url","year":"2023","value":"https://www.e-disclosure.ru/portal/FileLoad.ashx?Fileid=1830663"},{"name":"year_report_url","year":"2019","value":"https://e-disclosure.ru/portal/FileLoad.ashx?Fileid=1656393"},{"name":"year_report_url","year":"2020","value":""},{"name":"year_report_url","year":"2021","value":""},{"name":"year_report_url","year":"2022","value":""},{"name":"year_report_url","year":"2023","value":""},{"name":"presentation_url","year":"2019","value":""},{"name":"presentation_url","year":"2020","value":"https://russaquaculture.ru/upload/iblock/e1d/e1d8cd23feeb6dc2a5afb0f4ddadf9da.pdf"},{"name":"presentation_url","year":"2021","value":"https://inarctica.com/upload/iblock/0f9/gy5l1p9esek98ygpkchwi1zx60gv68dn.pdf"},{"name":"presentation_url","year":"2022","value":""},{"name":"presentation_url","year":"2023","value":"https://inarctica.com/upload/iblock/70d/lcmawvw4rrvhk9dbbmaeixybcoxawkk7.pdf"},{"name":"revenue","year":"2019","value":"0.100"},{"name":"revenue","year":"2020","value":"2.95"},{"name":"revenue","year":"2021","value":"2.82"},{"name":"revenue","year":"2022","value":"3.78"},{"name":"revenue","year":"2023","value":"5.61"},{"name":"operating_income","year":"2019","value":""},{"name":"operating_income","year":"2020","value":"2.78"},{"name":"operating_income","year":"2021","value":"2.65"},{"name":"operating_income","year":"2022","value":"3.49"},{"name":"operating_income","year":"2023","value":"5.33"},{"name":"net_income","year":"2019","value":"0.001"},{"name":"net_income","year":"2020","value":"2.80"},{"name":"net_income","year":"2021","value":"2.66"},{"name":"net_income","year":"2022","value":"3.52"},{"name":"net_income","year":"2023","value":"5.36"},{"name":"ocf","year":"2019","value":""},{"name":"ocf","year":"2020","value":"-0.100"},{"name":"ocf","year":"2021","value":"-0.210"},{"name":"ocf","year":"2022","value":"3.34"},{"name":"ocf","year":"2023","value":"4.44"},{"name":"capex","year":"2019","value":""},{"name":"capex","year":"2020","value":"0.000"},{"name":"capex","year":"2021","value":"0.010"},{"name":"capex","year":"2022","value":"0.000"},{"name":"capex","year":"2023","value":"0.090"},{"name":"fcf","year":"2019","value":""},{"name":"fcf","year":"2020","value":"0.100"},{"name":"fcf","year":"2021","value":"-0.211"},{"name":"fcf","year":"2022","value":"3.34"},{"name":"fcf","year":"2023","value":"4.35"},{"name":"dividend_payout","year":"2019","value":""},{"name":"dividend_payout","year":"2020","value":"0.880"},{"name":"dividend_payout","year":"2021","value":"0.703"},{"name":"dividend_payout","year":"2022","value":"2.64"},{"name":"dividend_payout","year":"2023","value":"4.83"},{"name":"dividend","year":"2019","value":""},{"name":"dividend","year":"2020","value":"10"},{"name":"dividend","year":"2021","value":"8"},{"name":"dividend","year":"2022","value":"30"},{"name":"dividend","year":"2023","value":"55"},{"name":"div_yield","year":"2019","value":"0.0%"},{"name":"div_yield","year":"2020","value":"3.8%"},{"name":"div_yield","year":"2021","value":"1.3%"},{"name":"div_yield","year":"2022","value":"5.0%"},{"name":"div_yield","year":"2023","value":"6.5%"},{"name":"div_payout_ratio","year":"2019","value":"0%"},{"name":"div_payout_ratio","year":"2020","value":"31%"},{"name":"div_payout_ratio","year":"2021","value":"26%"},{"name":"div_payout_ratio","year":"2022","value":"75%"},{"name":"div_payout_ratio","year":"2023","value":"90%"},{"name":"opex","year":"2019","value":""},{"name":"opex","year":"2020","value":"0.154"},{"name":"opex","year":"2021","value":"0.163"},{"name":"opex","year":"2022","value":"0.272"},{"name":"opex","year":"2023","value":"0.270"},{"name":"cost_of_production","year":"2019","value":"0.010"},{"name":"cost_of_production","year":"2020","value":"0.018"},{"name":"cost_of_production","year":"2021","value":"0.009"},{"name":"cost_of_production","year":"2022","value":"0.015"},{"name":"cost_of_production","year":"2023","value":"0.013"},{"name":"employment_expenses","year":"2019","value":""},{"name":"employment_expenses","year":"2020","value":"0.112"},{"name":"employment_expenses","year":"2021","value":"0.040"},{"name":"employment_expenses","year":"2022","value":"0.180"},{"name":"employment_expenses","year":"2023","value":"0.220"},{"name":"interest_expenses","year":"2019","value":""},{"name":"interest_expenses","year":"2020","value":"0.000"},{"name":"interest_expenses","year":"2021","value":"0.142"},{"name":"interest_expenses","year":"2022","value":"0.280"},{"name":"interest_expenses","year":"2023","value":"0.288"},{"name":"assets","year":"2019","value":"6.77"},{"name":"assets","year":"2020","value":"9.16"},{"name":"assets","year":"2021","value":"13.4"},{"name":"assets","year":"2022","value":"13.0"},{"name":"assets","year":"2023","value":"14.5"},{"name":"net_assets","year":"2019","value":"6.75"},{"name":"net_assets","year":"2020","value":"9.12"},{"name":"net_assets","year":"2021","value":"10.3"},{"name":"net_assets","year":"2022","value":"9.82"},{"name":"net_assets","year":"2023","value":"11.2"},{"name":"debt","year":"2019","value":"0.000"},{"name":"debt","year":"2020","value":"0.000"},{"name":"debt","year":"2021","value":"3.09"},{"name":"debt","year":"2022","value":"3.10"},{"name":"debt","year":"2023","value":"3.10"},{"name":"cash","year":"2019","value":"0.170"},{"name":"cash","year":"2020","value":"0.300"},{"name":"cash","year":"2021","value":"0.000"},{"name":"cash","year":"2022","value":"0.000"},{"name":"cash","year":"2023","value":""},{"name":"net_debt","year":"2019","value":"-0.17"},{"name":"net_debt","year":"2020","value":"-0.30"},{"name":"net_debt","year":"2021","value":"3.09"},{"name":"net_debt","year":"2022","value":"3.10"},{"name":"net_debt","year":"2023","value":"3.10"},{"name":"common_share","year":"2019","value":"255.5"},{"name":"common_share","year":"2020","value":"261.5"},{"name":"common_share","year":"2021","value":"600.5"},{"name":"common_share","year":"2022","value":"597.0"},{"name":"common_share","year":"2023","value":"852.0"},{"name":"number_of_shares","year":"2019","value":"87.9"},{"name":"number_of_shares","year":"2020","value":"87.9"},{"name":"number_of_shares","year":"2021","value":"87.9"},{"name":"number_of_shares","year":"2022","value":"87.9"},{"name":"number_of_shares","year":"2023","value":"87.9"},{"name":"free_float","year":"2019","value":"8.00%"},{"name":"free_float","year":"2020","value":"14.0%"},{"name":"free_float","year":"2021","value":"14.0%"},{"name":"free_float","year":"2022","value":"18.1%"},{"name":"free_float","year":"2023","value":"17.0%"},{"name":"market_cap","year":"2019","value":"22.5"},{"name":"market_cap","year":"2020","value":"23.0"},{"name":"market_cap","year":"2021","value":"52.8"},{"name":"market_cap","year":"2022","value":"52.5"},{"name":"market_cap","year":"2023","value":"74.9"},{"name":"ev","year":"2019","value":"22.3"},{"name":"ev","year":"2020","value":"22.7"},{"name":"ev","year":"2021","value":"55.9"},{"name":"ev","year":"2022","value":"55.6"},{"name":"ev","year":"2023","value":"78.0"},{"name":"book_value","year":"2019","value":"6.75"},{"name":"book_value","year":"2020","value":"9.12"},{"name":"book_value","year":"2021","value":"10.3"},{"name":"book_value","year":"2022","value":"9.82"},{"name":"book_value","year":"2023","value":"11.2"},{"name":"eps","year":"2019","value":"0.01"},{"name":"eps","year":"2020","value":"31.9"},{"name":"eps","year":"2021","value":"30.3"},{"name":"eps","year":"2022","value":"40.1"},{"name":"eps","year":"2023","value":"61.0"},{"name":"fcf_share","year":"2019","value":"0.00"},{"name":"fcf_share","year":"2020","value":"1.14"},{"name":"fcf_share","year":"2021","value":"-2.40"},{"name":"fcf_share","year":"2022","value":"38.0"},{"name":"fcf_share","year":"2023","value":"49.5"},{"name":"bv_share","year":"2019","value":"76.8"},{"name":"bv_share","year":"2020","value":"103.8"},{"name":"bv_share","year":"2021","value":"117.0"},{"name":"bv_share","year":"2022","value":"111.7"},{"name":"bv_share","year":"2023","value":"127.8"},{"name":"ebitda_margin","year":"2019","value":"0.0%"},{"name":"ebitda_margin","year":"2020","value":"0.0%"},{"name":"ebitda_margin","year":"2021","value":"0.0%"},{"name":"ebitda_margin","year":"2022","value":"0.0%"},{"name":"ebitda_margin","year":"2023","value":"0.0%"},{"name":"net_margin","year":"2019","value":"1.0%"},{"name":"net_margin","year":"2020","value":"94.9%"},{"name":"net_margin","year":"2021","value":"94.4%"},{"name":"net_margin","year":"2022","value":"93.1%"},{"name":"net_margin","year":"2023","value":"95.5%"},{"name":"fcf_yield","year":"2019","value":"0.0%"},{"name":"fcf_yield","year":"2020","value":"0.4%"},{"name":"fcf_yield","year":"2021","value":"-0.4%"},{"name":"fcf_yield","year":"2022","value":"6.4%"},{"name":"fcf_yield","year":"2023","value":"5.8%"},{"name":"roe","year":"2019","value":"0.0%"},{"name":"roe","year":"2020","value":"30.7%"},{"name":"roe","year":"2021","value":"25.9%"},{"name":"roe","year":"2022","value":"35.8%"},{"name":"roe","year":"2023","value":"47.7%"},{"name":"roa","year":"2019","value":"0.0%"},{"name":"roa","year":"2020","value":"30.6%"},{"name":"roa","year":"2021","value":"19.9%"},{"name":"roa","year":"2022","value":"27.1%"},{"name":"roa","year":"2023","value":"37.0%"},{"name":"p_e","year":"2019","value":"22 453"},{"name":"p_e","year":"2020","value":"8.21"},{"name":"p_e","year":"2021","value":"19.8"},{"name":"p_e","year":"2022","value":"14.9"},{"name":"p_e","year":"2023","value":"14.0"},{"name":"p_fcf","year":"2019","value":""},{"name":"p_fcf","year":"2020","value":"229.8"},{"name":"p_fcf","year":"2021","value":"-250.1"},{"name":"p_fcf","year":"2022","value":"15.7"},{"name":"p_fcf","year":"2023","value":"17.2"},{"name":"p_s","year":"2019","value":"224.5"},{"name":"p_s","year":"2020","value":"7.79"},{"name":"p_s","year":"2021","value":"18.7"},{"name":"p_s","year":"2022","value":"13.9"},{"name":"p_s","year":"2023","value":"13.3"},{"name":"p_bv","year":"2019","value":"3.33"},{"name":"p_bv","year":"2020","value":"2.52"},{"name":"p_bv","year":"2021","value":"5.13"},{"name":"p_bv","year":"2022","value":"5.34"},{"name":"p_bv","year":"2023","value":"6.67"},{"name":"employees","year":"2019","value":"387"},{"name":"employees","year":"2020","value":"455"},{"name":"employees","year":"2021","value":"656"},{"name":"employees","year":"2022","value":"676"},{"name":"employees","year":"2023","value":""},{"name":"labour_productivity","year":"2019","value":"0.26"},{"name":"labour_productivity","year":"2020","value":"6.48"},{"name":"labour_productivity","year":"2021","value":"4.30"},{"name":"labour_productivity","year":"2022","value":"5.59"},{"name":"labour_productivity","year":"2023","value":""},{"name":"expenses_per_employee","year":"2019","value":"0.00"},{"name":"expenses_per_employee","year":"2020","value":"246.2"},{"name":"expenses_per_employee","year":"2021","value":"61.0"},{"name":"expenses_per_employee","year":"2022","value":"266.3"},{"name":"expenses_per_employee","year":"2023","value":""},{"name":"r_and_d_capex","year":"2019","value":""},{"name":"r_and_d_capex","year":"2020","value":""},{"name":"r_and_d_capex","year":"2021","value":"0.00%"},{"name":"r_and_d_capex","year":"2022","value":""},{"name":"r_and_d_capex","year":"2023","value":"0.00%"},{"name":"capex_revenue","year":"2019","value":"0%"},{"name":"capex_revenue","year":"2020","value":"0%"},{"name":"capex_revenue","year":"2021","value":"0%"},{"name":"capex_revenue","year":"2022","value":"0%"},{"name":"capex_revenue","year":"2023","value":"2%"},{"name":"irr","year":"2019","value":""},{"name":"irr","year":"2020","value":""},{"name":"irr","year":"2021","value":""},{"name":"irr","year":"2022","value":"4.1"},{"name":"irr","year":"2023","value":"4.1"},{"name":"ir_fs_quality","year":"2019","value":""},{"name":"ir_fs_quality","year":"2020","value":""},{"name":"ir_fs_quality","year":"2021","value":""},{"name":"ir_fs_quality","year":"2022","value":"4"},{"name":"ir_fs_quality","year":"2023","value":"4"},{"name":"ir_investor_presentations","year":"2019","value":""},{"name":"ir_investor_presentations","year":"2020","value":""},{"name":"ir_investor_presentations","year":"2021","value":""},{"name":"ir_investor_presentations","year":"2022","value":"5"},{"name":"ir_investor_presentations","year":"2023","value":"5"},{"name":"ir_annual_report","year":"2019","value":""},{"name":"ir_annual_report","year":"2020","value":""},{"name":"ir_annual_report","year":"2021","value":""},{"name":"ir_annual_report","year":"2022","value":"5"},{"name":"ir_annual_report","year":"2023","value":"5"},{"name":"ir_investor_site","year":"2019","value":""},{"name":"ir_investor_site","year":"2020","value":""},{"name":"ir_investor_site","year":"2021","value":""},{"name":"ir_investor_site","year":"2022","value":"5"},{"name":"ir_investor_site","year":"2023","value":"5"},{"name":"ir_investor_calendar","year":"2019","value":""},{"name":"ir_investor_calendar","year":"2020","value":""},{"name":"ir_investor_calendar","year":"2021","value":""},{"name":"ir_investor_calendar","year":"2022","value":"1"},{"name":"ir_investor_calendar","year":"2023","value":"1"},{"name":"ir_feedback","year":"2019","value":""},{"name":"ir_feedback","year":"2020","value":""},{"name":"ir_feedback","year":"2021","value":""},{"name":"ir_feedback","year":"2022","value":"5"},{"name":"ir_feedback","year":"2023","value":"5"}]