[
  {
    "name": "revenue",
    "year": "2016",
    "value": 0.094
  },
  {
    "name": "revenue",
    "year": "2017",
    "value": 0.082
  },
  {
    "name": "revenue",
    "year": "2018",
    "value": 0.1
  },
  {
    "name": "revenue",
    "year": "2019",
    "value": 0.1
  },
  {
    "name": "revenue",
    "year": "2020",
    "value": 2.95
  },
  {
    "name": "revenue",
    "year": "2021",
    "value": 2.822
  },
  {
    "name": "revenue",
    "year": "2022",
    "value": 3.78
  },
  {
    "name": "revenue",
    "year": "2023",
    "value": 5.61
  },
  {
    "name": "operating_income",
    "year": "2020",
    "value": 2.777
  },
  {
    "name": "operating_income",
    "year": "2021",
    "value": 2.65
  },
  {
    "name": "operating_income",
    "year": "2022",
    "value": 3.49
  },
  {
    "name": "operating_income",
    "year": "2023",
    "value": 5.33
  },
  {
    "name": "net_income",
    "year": "2016",
    "value": 0.567
  },
  {
    "name": "net_income",
    "year": "2017",
    "value": -0.011
  },
  {
    "name": "net_income",
    "year": "2018",
    "value": 0.001
  },
  {
    "name": "net_income",
    "year": "2019",
    "value": 0.001
  },
  {
    "name": "net_income",
    "year": "2020",
    "value": 2.8
  },
  {
    "name": "net_income",
    "year": "2021",
    "value": 2.663
  },
  {
    "name": "net_income",
    "year": "2022",
    "value": 3.52
  },
  {
    "name": "net_income",
    "year": "2023",
    "value": 5.36
  },
  {
    "name": "ocf",
    "year": "2020",
    "value": -0.1
  },
  {
    "name": "ocf",
    "year": "2021",
    "value": -0.21
  },
  {
    "name": "ocf",
    "year": "2022",
    "value": 3.34
  },
  {
    "name": "ocf",
    "year": "2023",
    "value": 4.44
  },
  {
    "name": "assets",
    "year": "2017",
    "value": 7.22
  },
  {
    "name": "assets",
    "year": "2018",
    "value": 7.22
  },
  {
    "name": "assets",
    "year": "2019",
    "value": 6.773
  },
  {
    "name": "assets",
    "year": "2020",
    "value": 9.156
  },
  {
    "name": "assets",
    "year": "2021",
    "value": 13.409
  },
  {
    "name": "assets",
    "year": "2022",
    "value": 13.0
  },
  {
    "name": "assets",
    "year": "2023",
    "value": 14.47
  },
  {
    "name": "net_assets",
    "year": "2017",
    "value": 7.2
  },
  {
    "name": "net_assets",
    "year": "2018",
    "value": 7.2
  },
  {
    "name": "net_assets",
    "year": "2019",
    "value": 6.75
  },
  {
    "name": "net_assets",
    "year": "2020",
    "value": 9.12
  },
  {
    "name": "net_assets",
    "year": "2021",
    "value": 10.28
  },
  {
    "name": "net_assets",
    "year": "2022",
    "value": 9.82
  },
  {
    "name": "net_assets",
    "year": "2023",
    "value": 11.23
  },
  {
    "name": "debt",
    "year": "2017",
    "value": 0.0
  },
  {
    "name": "debt",
    "year": "2018",
    "value": 0.0
  },
  {
    "name": "debt",
    "year": "2019",
    "value": 0.0
  },
  {
    "name": "debt",
    "year": "2020",
    "value": 0.0
  },
  {
    "name": "debt",
    "year": "2021",
    "value": 3.09
  },
  {
    "name": "debt",
    "year": "2022",
    "value": 3.1
  },
  {
    "name": "debt",
    "year": "2023",
    "value": 3.1
  },
  {
    "name": "cash",
    "year": "2017",
    "value": 0.001
  },
  {
    "name": "cash",
    "year": "2018",
    "value": 0.004
  },
  {
    "name": "cash",
    "year": "2019",
    "value": 0.17
  },
  {
    "name": "cash",
    "year": "2020",
    "value": 0.3
  },
  {
    "name": "cash",
    "year": "2021",
    "value": 0.00045
  },
  {
    "name": "cash",
    "year": "2022",
    "value": 0.0
  },
  {
    "name": "net_debt",
    "year": "2016",
    "value": 0.0
  },
  {
    "name": "net_debt",
    "year": "2017",
    "value": -0.001
  },
  {
    "name": "net_debt",
    "year": "2018",
    "value": -0.004
  },
  {
    "name": "net_debt",
    "year": "2019",
    "value": -0.17
  },
  {
    "name": "net_debt",
    "year": "2020",
    "value": -0.3
  },
  {
    "name": "net_debt",
    "year": "2021",
    "value": 3.08955
  },
  {
    "name": "net_debt",
    "year": "2022",
    "value": 3.1
  },
  {
    "name": "net_debt",
    "year": "2023",
    "value": 3.1
  },
  {
    "name": "common_share",
    "year": "2016",
    "value": 89.9
  },
  {
    "name": "common_share",
    "year": "2017",
    "value": 157.0
  },
  {
    "name": "common_share",
    "year": "2018",
    "value": 139.0
  },
  {
    "name": "common_share",
    "year": "2019",
    "value": 255.5
  },
  {
    "name": "common_share",
    "year": "2020",
    "value": 261.5
  },
  {
    "name": "common_share",
    "year": "2021",
    "value": 600.5
  },
  {
    "name": "common_share",
    "year": "2022",
    "value": 597.0
  },
  {
    "name": "common_share",
    "year": "2023",
    "value": 852.0
  },
  {
    "name": "number_of_shares",
    "year": "2016",
    "value": 79.538
  },
  {
    "name": "number_of_shares",
    "year": "2017",
    "value": 79.538
  },
  {
    "name": "number_of_shares",
    "year": "2018",
    "value": 87.877
  },
  {
    "name": "number_of_shares",
    "year": "2019",
    "value": 87.877
  },
  {
    "name": "number_of_shares",
    "year": "2020",
    "value": 87.877
  },
  {
    "name": "number_of_shares",
    "year": "2021",
    "value": 87.877
  },
  {
    "name": "number_of_shares",
    "year": "2022",
    "value": 87.877
  },
  {
    "name": "number_of_shares",
    "year": "2023",
    "value": 87.877
  },
  {
    "name": "market_cap",
    "year": "2016",
    "value": 7.1504662
  },
  {
    "name": "market_cap",
    "year": "2017",
    "value": 12.487466
  },
  {
    "name": "market_cap",
    "year": "2018",
    "value": 12.214903
  },
  {
    "name": "market_cap",
    "year": "2019",
    "value": 22.4525735
  },
  {
    "name": "market_cap",
    "year": "2020",
    "value": 22.9798355
  },
  {
    "name": "market_cap",
    "year": "2021",
    "value": 52.7701385
  },
  {
    "name": "market_cap",
    "year": "2022",
    "value": 52.462569
  },
  {
    "name": "market_cap",
    "year": "2023",
    "value": 74.871204
  },
  {
    "name": "ev",
    "year": "2016",
    "value": 7.1504662
  },
  {
    "name": "ev",
    "year": "2017",
    "value": 12.486466
  },
  {
    "name": "ev",
    "year": "2018",
    "value": 12.210903
  },
  {
    "name": "ev",
    "year": "2019",
    "value": 22.2825735
  },
  {
    "name": "ev",
    "year": "2020",
    "value": 22.6798355
  },
  {
    "name": "ev",
    "year": "2021",
    "value": 55.8596885
  },
  {
    "name": "ev",
    "year": "2022",
    "value": 55.562569
  },
  {
    "name": "ev",
    "year": "2023",
    "value": 77.971204
  },
  {
    "name": "book_value",
    "year": "2016",
    "value": 0.0
  },
  {
    "name": "book_value",
    "year": "2017",
    "value": 7.2
  },
  {
    "name": "book_value",
    "year": "2018",
    "value": 7.2
  },
  {
    "name": "book_value",
    "year": "2019",
    "value": 6.75
  },
  {
    "name": "book_value",
    "year": "2020",
    "value": 9.12
  },
  {
    "name": "book_value",
    "year": "2021",
    "value": 10.28
  },
  {
    "name": "book_value",
    "year": "2022",
    "value": 9.82
  },
  {
    "name": "book_value",
    "year": "2023",
    "value": 11.23
  },
  {
    "name": "eps",
    "year": "2016",
    "value": 7.12866805804
  },
  {
    "name": "eps",
    "year": "2017",
    "value": -0.138298674847
  },
  {
    "name": "eps",
    "year": "2018",
    "value": 0.0113795418596
  },
  {
    "name": "eps",
    "year": "2019",
    "value": 0.0113795418596
  },
  {
    "name": "eps",
    "year": "2020",
    "value": 31.862717207
  },
  {
    "name": "eps",
    "year": "2021",
    "value": 30.3037199722
  },
  {
    "name": "eps",
    "year": "2022",
    "value": 40.0559873459
  },
  {
    "name": "eps",
    "year": "2023",
    "value": 60.9943443677
  },
  {
    "name": "fcf_share",
    "year": "2016",
    "value": 0.0
  },
  {
    "name": "fcf_share",
    "year": "2017",
    "value": 0.0
  },
  {
    "name": "fcf_share",
    "year": "2018",
    "value": 0.0
  },
  {
    "name": "fcf_share",
    "year": "2019",
    "value": 0.0
  },
  {
    "name": "fcf_share",
    "year": "2020",
    "value": 1.13795418596
  },
  {
    "name": "fcf_share",
    "year": "2021",
    "value": -2.40108333239
  },
  {
    "name": "fcf_share",
    "year": "2022",
    "value": 38.0076698112
  },
  {
    "name": "fcf_share",
    "year": "2023",
    "value": 49.5010070895
  },
  {
    "name": "bv_share",
    "year": "2016",
    "value": 0.0
  },
  {
    "name": "bv_share",
    "year": "2017",
    "value": 90.5227689909
  },
  {
    "name": "bv_share",
    "year": "2018",
    "value": 81.9327013894
  },
  {
    "name": "bv_share",
    "year": "2019",
    "value": 76.8119075526
  },
  {
    "name": "bv_share",
    "year": "2020",
    "value": 103.78142176
  },
  {
    "name": "bv_share",
    "year": "2021",
    "value": 116.981690317
  },
  {
    "name": "bv_share",
    "year": "2022",
    "value": 111.747101062
  },
  {
    "name": "bv_share",
    "year": "2023",
    "value": 127.792255084
  },
  {
    "name": "ebitda_margin",
    "year": "2016",
    "value": 0.0
  },
  {
    "name": "ebitda_margin",
    "year": "2017",
    "value": 0.0
  },
  {
    "name": "ebitda_margin",
    "year": "2018",
    "value": 0.0
  },
  {
    "name": "ebitda_margin",
    "year": "2019",
    "value": 0.0
  },
  {
    "name": "ebitda_margin",
    "year": "2020",
    "value": 0.0
  },
  {
    "name": "ebitda_margin",
    "year": "2021",
    "value": 0.0
  },
  {
    "name": "ebitda_margin",
    "year": "2022",
    "value": 0.0
  },
  {
    "name": "ebitda_margin",
    "year": "2023",
    "value": 0.0
  },
  {
    "name": "net_margin",
    "year": "2016",
    "value": 603.191489362
  },
  {
    "name": "net_margin",
    "year": "2017",
    "value": -13.414634146300001
  },
  {
    "name": "net_margin",
    "year": "2018",
    "value": 1.0
  },
  {
    "name": "net_margin",
    "year": "2019",
    "value": 1.0
  },
  {
    "name": "net_margin",
    "year": "2020",
    "value": 94.91525423729999
  },
  {
    "name": "net_margin",
    "year": "2021",
    "value": 94.3656980865
  },
  {
    "name": "net_margin",
    "year": "2022",
    "value": 93.1216931217
  },
  {
    "name": "net_margin",
    "year": "2023",
    "value": 95.5436720143
  },
  {
    "name": "fcf_yield",
    "year": "2016",
    "value": 0.0
  },
  {
    "name": "fcf_yield",
    "year": "2017",
    "value": 0.0
  },
  {
    "name": "fcf_yield",
    "year": "2018",
    "value": 0.0
  },
  {
    "name": "fcf_yield",
    "year": "2019",
    "value": 0.0
  },
  {
    "name": "fcf_yield",
    "year": "2020",
    "value": 0.43516412465199994
  },
  {
    "name": "fcf_yield",
    "year": "2021",
    "value": -0.399847349273
  },
  {
    "name": "fcf_yield",
    "year": "2022",
    "value": 6.36644385447
  },
  {
    "name": "fcf_yield",
    "year": "2023",
    "value": 5.80997735792
  },
  {
    "name": "roe",
    "year": "2017",
    "value": -0.152777777778
  },
  {
    "name": "roe",
    "year": "2018",
    "value": 0.013888888888899999
  },
  {
    "name": "roe",
    "year": "2019",
    "value": 0.014814814814799999
  },
  {
    "name": "roe",
    "year": "2020",
    "value": 30.701754386
  },
  {
    "name": "roe",
    "year": "2021",
    "value": 25.904669260699997
  },
  {
    "name": "roe",
    "year": "2022",
    "value": 35.8452138493
  },
  {
    "name": "roe",
    "year": "2023",
    "value": 47.7292965272
  },
  {
    "name": "roa",
    "year": "2017",
    "value": -0.152354570637
  },
  {
    "name": "roa",
    "year": "2018",
    "value": 0.013850415512499999
  },
  {
    "name": "roa",
    "year": "2019",
    "value": 0.0147645061273
  },
  {
    "name": "roa",
    "year": "2020",
    "value": 30.581039755400003
  },
  {
    "name": "roa",
    "year": "2021",
    "value": 19.8597956596
  },
  {
    "name": "roa",
    "year": "2022",
    "value": 27.0769230769
  },
  {
    "name": "roa",
    "year": "2023",
    "value": 37.0421561852
  },
  {
    "name": "p_e",
    "year": "2016",
    "value": 12.6110514991
  },
  {
    "name": "p_e",
    "year": "2017",
    "value": -1135.22418182
  },
  {
    "name": "p_e",
    "year": "2018",
    "value": 12214.903
  },
  {
    "name": "p_e",
    "year": "2019",
    "value": 22452.5735
  },
  {
    "name": "p_e",
    "year": "2020",
    "value": 8.20708410714
  },
  {
    "name": "p_e",
    "year": "2021",
    "value": 19.8160490049
  },
  {
    "name": "p_e",
    "year": "2022",
    "value": 14.9041389205
  },
  {
    "name": "p_e",
    "year": "2023",
    "value": 13.968508209
  },
  {
    "name": "p_s",
    "year": "2016",
    "value": 76.0687893617
  },
  {
    "name": "p_s",
    "year": "2017",
    "value": 152.286170732
  },
  {
    "name": "p_s",
    "year": "2018",
    "value": 122.14903
  },
  {
    "name": "p_s",
    "year": "2019",
    "value": 224.525735
  },
  {
    "name": "p_s",
    "year": "2020",
    "value": 7.78977474576
  },
  {
    "name": "p_s",
    "year": "2021",
    "value": 18.6995529766
  },
  {
    "name": "p_s",
    "year": "2022",
    "value": 13.8789865079
  },
  {
    "name": "p_s",
    "year": "2023",
    "value": 13.3460256684
  },
  {
    "name": "p_bv",
    "year": "2017",
    "value": 1.73437027778
  },
  {
    "name": "p_bv",
    "year": "2018",
    "value": 1.69651430556
  },
  {
    "name": "p_bv",
    "year": "2019",
    "value": 3.32630718519
  },
  {
    "name": "p_bv",
    "year": "2020",
    "value": 2.51971880482
  },
  {
    "name": "p_bv",
    "year": "2021",
    "value": 5.13328195525
  },
  {
    "name": "p_bv",
    "year": "2022",
    "value": 5.34242046843
  },
  {
    "name": "p_bv",
    "year": "2023",
    "value": 6.66707070347
  },
  {
    "name": "employees",
    "year": "2019",
    "value": 387.0
  },
  {
    "name": "employees",
    "year": "2020",
    "value": 455.0
  },
  {
    "name": "employees",
    "year": "2021",
    "value": 656.0
  },
  {
    "name": "employees",
    "year": "2022",
    "value": 676.0
  },
  {
    "name": "labour_productivity",
    "year": "2019",
    "value": 0.258397932817
  },
  {
    "name": "labour_productivity",
    "year": "2020",
    "value": 6.48351648352
  },
  {
    "name": "labour_productivity",
    "year": "2021",
    "value": 4.30182926829
  },
  {
    "name": "labour_productivity",
    "year": "2022",
    "value": 5.59171597633
  },
  {
    "name": "expenses_per_employee",
    "year": "2019",
    "value": 0.0
  },
  {
    "name": "expenses_per_employee",
    "year": "2020",
    "value": 246.153846154
  },
  {
    "name": "expenses_per_employee",
    "year": "2021",
    "value": 60.9756097561
  },
  {
    "name": "expenses_per_employee",
    "year": "2022",
    "value": 266.272189349
  },
  {
    "name": "capex_revenue",
    "year": "2016",
    "value": 0.0
  },
  {
    "name": "capex_revenue",
    "year": "2017",
    "value": 0.0
  },
  {
    "name": "capex_revenue",
    "year": "2018",
    "value": 0.0
  },
  {
    "name": "capex_revenue",
    "year": "2019",
    "value": 0.0
  },
  {
    "name": "capex_revenue",
    "year": "2020",
    "value": 0.0
  },
  {
    "name": "capex_revenue",
    "year": "2021",
    "value": 0.354358610914
  },
  {
    "name": "capex_revenue",
    "year": "2022",
    "value": 0.0
  },
  {
    "name": "capex_revenue",
    "year": "2023",
    "value": 1.60427807487
  },
  {
    "name": "irr",
    "year": "2022",
    "value": 4.14286
  },
  {
    "name": "irr",
    "year": "2023",
    "value": 4.14286
  },
  {
    "name": "ir_fs_quality",
    "year": "2022",
    "value": 4.0
  },
  {
    "name": "ir_fs_quality",
    "year": "2023",
    "value": 4.0
  },
  {
    "name": "ir_investor_presentations",
    "year": "2022",
    "value": 5.0
  },
  {
    "name": "ir_investor_presentations",
    "year": "2023",
    "value": 5.0
  },
  {
    "name": "ir_annual_report",
    "year": "2022",
    "value": 5.0
  },
  {
    "name": "ir_annual_report",
    "year": "2023",
    "value": 5.0
  },
  {
    "name": "ir_investor_site",
    "year": "2022",
    "value": 5.0
  },
  {
    "name": "ir_investor_site",
    "year": "2023",
    "value": 5.0
  },
  {
    "name": "ir_investor_calendar",
    "year": "2022",
    "value": 1.0
  },
  {
    "name": "ir_investor_calendar",
    "year": "2023",
    "value": 1.0
  },
  {
    "name": "ir_feedback",
    "year": "2022",
    "value": 5.0
  },
  {
    "name": "ir_feedback",
    "year": "2023",
    "value": 5.0
  }
]