[{"name":"date","year":"2019Q4","value":"30.04.2020"},{"name":"date","year":"2020Q4","value":"28.04.2021"},{"name":"date","year":"2021Q4","value":"26.04.2022"},{"name":"date","year":"2022Q4","value":"27.04.2023"},{"name":"date","year":"2023Q4","value":"24.04.2024"},{"name":"currency","year":"2019Q4","value":"RUB"},{"name":"currency","year":"2020Q4","value":"RUB"},{"name":"currency","year":"2021Q4","value":"RUB"},{"name":"currency","year":"2022Q4","value":"RUB"},{"name":"currency","year":"2023Q4","value":"RUB"},{"name":"report_url","year":"2019Q4","value":"http://www.e-disclosure.ru/portal/FileLoad.ashx?Fileid=1631443"},{"name":"report_url","year":"2020Q4","value":"https://e-disclosure.ru/portal/FileLoad.ashx?Fileid=1697134"},{"name":"report_url","year":"2021Q4","value":"https://www.e-disclosure.ru/portal/FileLoad.ashx?Fileid=1747032"},{"name":"report_url","year":"2022Q4","value":"https://www.e-disclosure.ru/portal/fileload.ashx?fileid=1790282"},{"name":"report_url","year":"2023Q4","value":"https://www.e-disclosure.ru/portal/FileLoad.ashx?Fileid=1833466"},{"name":"dividend_payout","year":"2019Q4","value":"0.020"},{"name":"dividend_payout","year":"2020Q4","value":""},{"name":"dividend_payout","year":"2021Q4","value":""},{"name":"dividend_payout","year":"2022Q4","value":""},{"name":"dividend_payout","year":"2023Q4","value":"0.062"},{"name":"dividend","year":"2019Q4","value":"0.16"},{"name":"dividend","year":"2020Q4","value":""},{"name":"dividend","year":"2021Q4","value":""},{"name":"dividend","year":"2022Q4","value":""},{"name":"dividend","year":"2023Q4","value":"0.5"},{"name":"div_yield","year":"2019Q4","value":"4.9%"},{"name":"div_yield","year":"2020Q4","value":"0.0%"},{"name":"div_yield","year":"2021Q4","value":"0.0%"},{"name":"div_yield","year":"2022Q4","value":"0.0%"},{"name":"div_yield","year":"2023Q4","value":"4.5%"},{"name":"assets","year":"2019Q4","value":""},{"name":"assets","year":"2020Q4","value":"0.266"},{"name":"assets","year":"2021Q4","value":"0.292"},{"name":"assets","year":"2022Q4","value":"0.205"},{"name":"assets","year":"2023Q4","value":"0.323"},{"name":"net_assets","year":"2019Q4","value":"0.250"},{"name":"net_assets","year":"2020Q4","value":"0.250"},{"name":"net_assets","year":"2021Q4","value":"0.275"},{"name":"net_assets","year":"2022Q4","value":"0.193"},{"name":"net_assets","year":"2023Q4","value":"0.300"},{"name":"debt","year":"2019Q4","value":"0.005"},{"name":"debt","year":"2020Q4","value":"0.006"},{"name":"debt","year":"2021Q4","value":"0.000"},{"name":"debt","year":"2022Q4","value":"0.000"},{"name":"debt","year":"2023Q4","value":"0.000"},{"name":"cash","year":"2019Q4","value":"0.000"},{"name":"cash","year":"2020Q4","value":"0.000"},{"name":"cash","year":"2021Q4","value":"0.000"},{"name":"cash","year":"2022Q4","value":"0.003"},{"name":"cash","year":"2023Q4","value":"0.000"},{"name":"net_debt","year":"2019Q4","value":"0.00"},{"name":"net_debt","year":"2020Q4","value":"0.01"},{"name":"net_debt","year":"2021Q4","value":"0.00"},{"name":"net_debt","year":"2022Q4","value":"0.00"},{"name":"net_debt","year":"2023Q4","value":"0.00"},{"name":"common_share","year":"2019Q4","value":"3.28"},{"name":"common_share","year":"2020Q4","value":"3.80"},{"name":"common_share","year":"2021Q4","value":"7.57"},{"name":"common_share","year":"2022Q4","value":"5.01"},{"name":"common_share","year":"2023Q4","value":"11.0"},{"name":"number_of_shares","year":"2019Q4","value":"123.8"},{"name":"number_of_shares","year":"2020Q4","value":"123.8"},{"name":"number_of_shares","year":"2021Q4","value":"123.8"},{"name":"number_of_shares","year":"2022Q4","value":"123.8"},{"name":"number_of_shares","year":"2023Q4","value":"123.8"},{"name":"market_cap","year":"2019Q4","value":"0.41"},{"name":"market_cap","year":"2020Q4","value":"0.47"},{"name":"market_cap","year":"2021Q4","value":"0.94"},{"name":"market_cap","year":"2022Q4","value":"0.62"},{"name":"market_cap","year":"2023Q4","value":"1.36"},{"name":"ev","year":"2019Q4","value":"0.41"},{"name":"ev","year":"2020Q4","value":"0.48"},{"name":"ev","year":"2021Q4","value":"0.94"},{"name":"ev","year":"2022Q4","value":"0.62"},{"name":"ev","year":"2023Q4","value":"1.36"},{"name":"book_value","year":"2019Q4","value":"0.25"},{"name":"book_value","year":"2020Q4","value":"0.25"},{"name":"book_value","year":"2021Q4","value":"0.28"},{"name":"book_value","year":"2022Q4","value":"0.19"},{"name":"book_value","year":"2023Q4","value":"0.30"},{"name":"eps","year":"2019Q4","value":"0.00"},{"name":"eps","year":"2020Q4","value":"0.00"},{"name":"eps","year":"2021Q4","value":"0.00"},{"name":"eps","year":"2022Q4","value":"0.00"},{"name":"eps","year":"2023Q4","value":"0.00"},{"name":"fcf_share","year":"2019Q4","value":"0.00"},{"name":"fcf_share","year":"2020Q4","value":"0.00"},{"name":"fcf_share","year":"2021Q4","value":"0.00"},{"name":"fcf_share","year":"2022Q4","value":"0.00"},{"name":"fcf_share","year":"2023Q4","value":"0.00"},{"name":"bv_share","year":"2019Q4","value":"2.02"},{"name":"bv_share","year":"2020Q4","value":"2.02"},{"name":"bv_share","year":"2021Q4","value":"2.22"},{"name":"bv_share","year":"2022Q4","value":"1.56"},{"name":"bv_share","year":"2023Q4","value":"2.42"},{"name":"fcf_yield","year":"2019Q4","value":"0.0%"},{"name":"fcf_yield","year":"2020Q4","value":"0.0%"},{"name":"fcf_yield","year":"2021Q4","value":"0.0%"},{"name":"fcf_yield","year":"2022Q4","value":"0.0%"},{"name":"fcf_yield","year":"2023Q4","value":"0.0%"},{"name":"roe","year":"2019Q4","value":"0.0%"},{"name":"roe","year":"2020Q4","value":"0.0%"},{"name":"roe","year":"2021Q4","value":"0.0%"},{"name":"roe","year":"2022Q4","value":"0.0%"},{"name":"roe","year":"2023Q4","value":"0.0%"},{"name":"roa","year":"2019Q4","value":""},{"name":"roa","year":"2020Q4","value":"0.0%"},{"name":"roa","year":"2021Q4","value":"0.0%"},{"name":"roa","year":"2022Q4","value":"0.0%"},{"name":"roa","year":"2023Q4","value":"0.0%"},{"name":"p_bv","year":"2019Q4","value":"1.62"},{"name":"p_bv","year":"2020Q4","value":"1.88"},{"name":"p_bv","year":"2021Q4","value":"3.41"},{"name":"p_bv","year":"2022Q4","value":"3.21"},{"name":"p_bv","year":"2023Q4","value":"4.54"},{"name":"employees","year":"2019Q4","value":""},{"name":"employees","year":"2020Q4","value":"24"},{"name":"employees","year":"2021Q4","value":""},{"name":"employees","year":"2022Q4","value":"21"},{"name":"employees","year":"2023Q4","value":""},{"name":"expenses_per_employee","year":"2019Q4","value":""},{"name":"expenses_per_employee","year":"2020Q4","value":"0.00"},{"name":"expenses_per_employee","year":"2021Q4","value":""},{"name":"expenses_per_employee","year":"2022Q4","value":"0.00"},{"name":"expenses_per_employee","year":"2023Q4","value":""}]