{"date":"Дата отчета","currency":"Валюта отчета","report_url":"Финансовый отчет","dividend_payout":"Див.выплата, млрд руб","dividend":"Дивиденд, руб/акцию","div_yield":"Див доход, ао, %","assets":"Активы, млрд руб","net_assets":"Чистые активы, млрд руб","debt":"Долг, млрд руб","cash":"Наличность, млрд руб","net_debt":"Чистый долг, млрд руб","common_share":"Цена акции ао, руб","number_of_shares":"Число акций ао, млн","market_cap":"Капитализация, млрд руб","ev":"EV, млрд руб","book_value":"Баланс стоимость, млрд руб","eps":"EPS, руб","fcf_share":"FCF/акцию, руб","bv_share":"BV/акцию, руб","fcf_yield":"Доходность FCF, %","roe":"ROE, %","roa":"ROA, %","p_bv":"P/BV","employees":"Персонал, чел","expenses_per_employee":"Расходы/чел/год, тыс.р"}