[{"name":"date","year":"2022Q4","value":"26.03.2024"},{"name":"date","year":"2023Q2","value":"29.08.2023"},{"name":"date","year":"2023Q3","value":"30.10.2023"},{"name":"date","year":"2023Q4","value":"27.03.2024"},{"name":"date","year":"2024Q1","value":"17.04.2024"},{"name":"date","year":"LTM\n?","value":""},{"name":"currency","year":"2022Q4","value":"RUB"},{"name":"currency","year":"2023Q2","value":"RUB"},{"name":"currency","year":"2023Q3","value":"RUB"},{"name":"currency","year":"2023Q4","value":"RUB"},{"name":"currency","year":"2024Q1","value":"RUB"},{"name":"currency","year":"LTM\n?","value":"RUB"},{"name":"report_url","year":"2022Q4","value":""},{"name":"report_url","year":"2023Q2","value":"https://www.e-disclosure.ru/portal/FileLoad.ashx?Fileid=1806478"},{"name":"report_url","year":"2023Q3","value":"https://www.e-disclosure.ru/portal/FileLoad.ashx?Fileid=1814068"},{"name":"report_url","year":"2023Q4","value":"https://www.e-disclosure.ru/portal/FileLoad.ashx?Fileid=1827294"},{"name":"report_url","year":"2024Q1","value":"https://www.e-disclosure.ru/portal/FileLoad.ashx?Fileid=1832154"},{"name":"report_url","year":"LTM\n?","value":"http://www.belon.ru/upload/iblock/d91/d91e28d4584912f6fde49b2fc600b543.pdf"},{"name":"revenue","year":"2022Q4","value":""},{"name":"revenue","year":"2023Q2","value":""},{"name":"revenue","year":"2023Q3","value":""},{"name":"revenue","year":"2023Q4","value":""},{"name":"revenue","year":"2024Q1","value":""},{"name":"revenue","year":"LTM\n?","value":"0.261"},{"name":"net_income","year":"2022Q4","value":""},{"name":"net_income","year":"2023Q2","value":""},{"name":"net_income","year":"2023Q3","value":""},{"name":"net_income","year":"2023Q4","value":""},{"name":"net_income","year":"2024Q1","value":""},{"name":"net_income","year":"LTM\n?","value":"0.064"},{"name":"div_yield","year":"2022Q4","value":"0.0%"},{"name":"div_yield","year":"2023Q2","value":"0.0%"},{"name":"div_yield","year":"2023Q3","value":"0.0%"},{"name":"div_yield","year":"2023Q4","value":"0.0%"},{"name":"div_yield","year":"2024Q1","value":"0.0%"},{"name":"div_yield","year":"LTM\n?","value":"0.0%"},{"name":"div_payout_ratio","year":"2022Q4","value":""},{"name":"div_payout_ratio","year":"2023Q2","value":""},{"name":"div_payout_ratio","year":"2023Q3","value":""},{"name":"div_payout_ratio","year":"2023Q4","value":""},{"name":"div_payout_ratio","year":"2024Q1","value":""},{"name":"div_payout_ratio","year":"LTM\n?","value":"0"},{"name":"cost_of_production","year":"2022Q4","value":""},{"name":"cost_of_production","year":"2023Q2","value":""},{"name":"cost_of_production","year":"2023Q3","value":""},{"name":"cost_of_production","year":"2023Q4","value":""},{"name":"cost_of_production","year":"2024Q1","value":""},{"name":"cost_of_production","year":"LTM\n?","value":"0.254"},{"name":"assets","year":"2022Q4","value":"8.10"},{"name":"assets","year":"2023Q2","value":"8.14"},{"name":"assets","year":"2023Q3","value":"8.16"},{"name":"assets","year":"2023Q4","value":"8.18"},{"name":"assets","year":"2024Q1","value":"8.20"},{"name":"assets","year":"LTM\n?","value":""},{"name":"net_assets","year":"2022Q4","value":"8.10"},{"name":"net_assets","year":"2023Q2","value":"8.14"},{"name":"net_assets","year":"2023Q3","value":"8.16"},{"name":"net_assets","year":"2023Q4","value":"8.18"},{"name":"net_assets","year":"2024Q1","value":"8.20"},{"name":"net_assets","year":"LTM\n?","value":""},{"name":"net_debt","year":"2022Q4","value":"0.00"},{"name":"net_debt","year":"2023Q2","value":"0.00"},{"name":"net_debt","year":"2023Q3","value":"0.00"},{"name":"net_debt","year":"2023Q4","value":"0.00"},{"name":"net_debt","year":"2024Q1","value":"0.00"},{"name":"net_debt","year":"LTM\n?","value":"0"},{"name":"common_share","year":"2022Q4","value":"10.1"},{"name":"common_share","year":"2023Q2","value":"24.3"},{"name":"common_share","year":"2023Q3","value":"33.0"},{"name":"common_share","year":"2023Q4","value":"28.3"},{"name":"common_share","year":"2024Q1","value":"26.9"},{"name":"common_share","year":"LTM\n?","value":"18.5"},{"name":"number_of_shares","year":"2022Q4","value":"1 150"},{"name":"number_of_shares","year":"2023Q2","value":"1 150"},{"name":"number_of_shares","year":"2023Q3","value":"1 150"},{"name":"number_of_shares","year":"2023Q4","value":"1 150"},{"name":"number_of_shares","year":"2024Q1","value":"1 150"},{"name":"number_of_shares","year":"LTM\n?","value":"1 150"},{"name":"market_cap","year":"2022Q4","value":"11.6"},{"name":"market_cap","year":"2023Q2","value":"28.0"},{"name":"market_cap","year":"2023Q3","value":"38.0"},{"name":"market_cap","year":"2023Q4","value":"32.5"},{"name":"market_cap","year":"2024Q1","value":"30.9"},{"name":"market_cap","year":"LTM\n?","value":"21.3"},{"name":"ev","year":"2022Q4","value":"11.6"},{"name":"ev","year":"2023Q2","value":"28.0"},{"name":"ev","year":"2023Q3","value":"38.0"},{"name":"ev","year":"2023Q4","value":"32.5"},{"name":"ev","year":"2024Q1","value":"30.9"},{"name":"ev","year":"LTM\n?","value":"21.3"},{"name":"book_value","year":"2022Q4","value":"8.10"},{"name":"book_value","year":"2023Q2","value":"8.14"},{"name":"book_value","year":"2023Q3","value":"8.16"},{"name":"book_value","year":"2023Q4","value":"8.18"},{"name":"book_value","year":"2024Q1","value":"8.20"},{"name":"book_value","year":"LTM\n?","value":"0"},{"name":"eps","year":"2022Q4","value":"0.00"},{"name":"eps","year":"2023Q2","value":"0.00"},{"name":"eps","year":"2023Q3","value":"0.00"},{"name":"eps","year":"2023Q4","value":"0.00"},{"name":"eps","year":"2024Q1","value":"0.00"},{"name":"eps","year":"LTM\n?","value":"0.06"},{"name":"fcf_share","year":"2022Q4","value":"0.00"},{"name":"fcf_share","year":"2023Q2","value":"0.00"},{"name":"fcf_share","year":"2023Q3","value":"0.00"},{"name":"fcf_share","year":"2023Q4","value":"0.00"},{"name":"fcf_share","year":"2024Q1","value":"0.00"},{"name":"fcf_share","year":"LTM\n?","value":"0"},{"name":"bv_share","year":"2022Q4","value":"7.04"},{"name":"bv_share","year":"2023Q2","value":"7.08"},{"name":"bv_share","year":"2023Q3","value":"7.10"},{"name":"bv_share","year":"2023Q4","value":"7.11"},{"name":"bv_share","year":"2024Q1","value":"7.13"},{"name":"bv_share","year":"LTM\n?","value":"0"},{"name":"ebitda_margin","year":"2022Q4","value":""},{"name":"ebitda_margin","year":"2023Q2","value":""},{"name":"ebitda_margin","year":"2023Q3","value":""},{"name":"ebitda_margin","year":"2023Q4","value":""},{"name":"ebitda_margin","year":"2024Q1","value":""},{"name":"ebitda_margin","year":"LTM\n?","value":"0"},{"name":"net_margin","year":"2022Q4","value":""},{"name":"net_margin","year":"2023Q2","value":""},{"name":"net_margin","year":"2023Q3","value":""},{"name":"net_margin","year":"2023Q4","value":""},{"name":"net_margin","year":"2024Q1","value":""},{"name":"net_margin","year":"LTM\n?","value":"24.3%"},{"name":"fcf_yield","year":"2022Q4","value":"0.0%"},{"name":"fcf_yield","year":"2023Q2","value":"0.0%"},{"name":"fcf_yield","year":"2023Q3","value":"0.0%"},{"name":"fcf_yield","year":"2023Q4","value":"0.0%"},{"name":"fcf_yield","year":"2024Q1","value":"0.0%"},{"name":"fcf_yield","year":"LTM\n?","value":"0.0%"},{"name":"roe","year":"2022Q4","value":"0.0%"},{"name":"roe","year":"2023Q2","value":"0.0%"},{"name":"roe","year":"2023Q3","value":"0.0%"},{"name":"roe","year":"2023Q4","value":"0.0%"},{"name":"roe","year":"2024Q1","value":"0.0%"},{"name":"roe","year":"LTM\n?","value":""},{"name":"roa","year":"2022Q4","value":"0.0%"},{"name":"roa","year":"2023Q2","value":"0.0%"},{"name":"roa","year":"2023Q3","value":"0.0%"},{"name":"roa","year":"2023Q4","value":"0.0%"},{"name":"roa","year":"2024Q1","value":"0.0%"},{"name":"roa","year":"LTM\n?","value":""},{"name":"p_e","year":"2022Q4","value":""},{"name":"p_e","year":"2023Q2","value":""},{"name":"p_e","year":"2023Q3","value":""},{"name":"p_e","year":"2023Q4","value":""},{"name":"p_e","year":"2024Q1","value":""},{"name":"p_e","year":"LTM\n?","value":"335.6"},{"name":"p_s","year":"2022Q4","value":""},{"name":"p_s","year":"2023Q2","value":""},{"name":"p_s","year":"2023Q3","value":""},{"name":"p_s","year":"2023Q4","value":""},{"name":"p_s","year":"2024Q1","value":""},{"name":"p_s","year":"LTM\n?","value":"81.7"},{"name":"p_bv","year":"2022Q4","value":"1.44"},{"name":"p_bv","year":"2023Q2","value":"3.44"},{"name":"p_bv","year":"2023Q3","value":"4.65"},{"name":"p_bv","year":"2023Q4","value":"3.97"},{"name":"p_bv","year":"2024Q1","value":"3.77"},{"name":"p_bv","year":"LTM\n?","value":""},{"name":"capex_revenue","year":"2022Q4","value":""},{"name":"capex_revenue","year":"2023Q2","value":""},{"name":"capex_revenue","year":"2023Q3","value":""},{"name":"capex_revenue","year":"2023Q4","value":""},{"name":"capex_revenue","year":"2024Q1","value":""},{"name":"capex_revenue","year":"LTM\n?","value":"0"}]