[{"name":"date","year":"2019","value":"30.04.2020"},{"name":"date","year":"2020","value":"28.04.2021"},{"name":"date","year":"2021","value":"26.04.2022"},{"name":"date","year":"2022","value":"27.04.2023"},{"name":"date","year":"2023","value":"24.04.2024"},{"name":"currency","year":"2019","value":"RUB"},{"name":"currency","year":"2020","value":"RUB"},{"name":"currency","year":"2021","value":"RUB"},{"name":"currency","year":"2022","value":"RUB"},{"name":"currency","year":"2023","value":"RUB"},{"name":"report_url","year":"2019","value":"http://www.e-disclosure.ru/portal/FileLoad.ashx?Fileid=1631443"},{"name":"report_url","year":"2020","value":"https://e-disclosure.ru/portal/FileLoad.ashx?Fileid=1697134"},{"name":"report_url","year":"2021","value":"https://www.e-disclosure.ru/portal/FileLoad.ashx?Fileid=1747032"},{"name":"report_url","year":"2022","value":"https://www.e-disclosure.ru/portal/fileload.ashx?fileid=1790282"},{"name":"report_url","year":"2023","value":"https://www.e-disclosure.ru/portal/FileLoad.ashx?Fileid=1833466"},{"name":"year_report_url","year":"2019","value":"https://www.e-disclosure.ru/portal/FileLoad.ashx?Fileid=1659803"},{"name":"year_report_url","year":"2020","value":"https://www.e-disclosure.ru/portal/FileLoad.ashx?Fileid=1709272"},{"name":"year_report_url","year":"2021","value":"https://www.e-disclosure.ru/portal/FileLoad.ashx?Fileid=1757585"},{"name":"year_report_url","year":"2022","value":"https://www.e-disclosure.ru/portal/FileLoad.ashx?Fileid=1799998"},{"name":"year_report_url","year":"2023","value":"https://www.e-disclosure.ru/portal/FileLoad.ashx?Fileid=1843368"},{"name":"revenue","year":"2019","value":"0.041"},{"name":"revenue","year":"2020","value":"0.041"},{"name":"revenue","year":"2021","value":"0.056"},{"name":"revenue","year":"2022","value":"0.038"},{"name":"revenue","year":"2023","value":"0.062"},{"name":"net_income","year":"2019","value":"0.061"},{"name":"net_income","year":"2020","value":"0.020"},{"name":"net_income","year":"2021","value":"0.053"},{"name":"net_income","year":"2022","value":"-0.082"},{"name":"net_income","year":"2023","value":"0.109"},{"name":"ocf","year":"2019","value":""},{"name":"ocf","year":"2020","value":""},{"name":"ocf","year":"2021","value":"-0.001"},{"name":"ocf","year":"2022","value":"-0.013"},{"name":"ocf","year":"2023","value":"0.090"},{"name":"fcf","year":"2019","value":""},{"name":"fcf","year":"2020","value":""},{"name":"fcf","year":"2021","value":"-0.006"},{"name":"fcf","year":"2022","value":"-0.017"},{"name":"fcf","year":"2023","value":""},{"name":"dividend_payout","year":"2019","value":"0.020"},{"name":"dividend_payout","year":"2020","value":""},{"name":"dividend_payout","year":"2021","value":""},{"name":"dividend_payout","year":"2022","value":""},{"name":"dividend_payout","year":"2023","value":"0.062"},{"name":"dividend","year":"2019","value":"0.16"},{"name":"dividend","year":"2020","value":""},{"name":"dividend","year":"2021","value":""},{"name":"dividend","year":"2022","value":""},{"name":"dividend","year":"2023","value":"0.5"},{"name":"div_yield","year":"2019","value":"4.9%"},{"name":"div_yield","year":"2020","value":"0.0%"},{"name":"div_yield","year":"2021","value":"0.0%"},{"name":"div_yield","year":"2022","value":"0.0%"},{"name":"div_yield","year":"2023","value":"4.5%"},{"name":"div_payout_ratio","year":"2019","value":"33%"},{"name":"div_payout_ratio","year":"2020","value":"0%"},{"name":"div_payout_ratio","year":"2021","value":"0%"},{"name":"div_payout_ratio","year":"2022","value":"0%"},{"name":"div_payout_ratio","year":"2023","value":"57%"},{"name":"opex","year":"2019","value":"0.133"},{"name":"opex","year":"2020","value":"0.223"},{"name":"opex","year":"2021","value":"0.023"},{"name":"opex","year":"2022","value":"0.025"},{"name":"opex","year":"2023","value":"0.023"},{"name":"cost_of_production","year":"2019","value":"0.022"},{"name":"cost_of_production","year":"2020","value":"0.027"},{"name":"cost_of_production","year":"2021","value":"0.033"},{"name":"cost_of_production","year":"2022","value":"0.027"},{"name":"cost_of_production","year":"2023","value":"0.030"},{"name":"employment_expenses","year":"2019","value":""},{"name":"employment_expenses","year":"2020","value":""},{"name":"employment_expenses","year":"2021","value":"0.033"},{"name":"employment_expenses","year":"2022","value":"0.037"},{"name":"employment_expenses","year":"2023","value":""},{"name":"assets","year":"2019","value":""},{"name":"assets","year":"2020","value":"0.266"},{"name":"assets","year":"2021","value":"0.292"},{"name":"assets","year":"2022","value":"0.205"},{"name":"assets","year":"2023","value":"0.323"},{"name":"net_assets","year":"2019","value":"0.250"},{"name":"net_assets","year":"2020","value":"0.250"},{"name":"net_assets","year":"2021","value":"0.275"},{"name":"net_assets","year":"2022","value":"0.193"},{"name":"net_assets","year":"2023","value":"0.300"},{"name":"debt","year":"2019","value":"0.005"},{"name":"debt","year":"2020","value":"0.006"},{"name":"debt","year":"2021","value":"0.000"},{"name":"debt","year":"2022","value":"0.000"},{"name":"debt","year":"2023","value":"0.000"},{"name":"cash","year":"2019","value":"0.000"},{"name":"cash","year":"2020","value":"0.000"},{"name":"cash","year":"2021","value":"0.000"},{"name":"cash","year":"2022","value":"0.003"},{"name":"cash","year":"2023","value":"0.000"},{"name":"net_debt","year":"2019","value":"0.00"},{"name":"net_debt","year":"2020","value":"0.01"},{"name":"net_debt","year":"2021","value":"0.00"},{"name":"net_debt","year":"2022","value":"0.00"},{"name":"net_debt","year":"2023","value":"0.00"},{"name":"common_share","year":"2019","value":"3.28"},{"name":"common_share","year":"2020","value":"3.80"},{"name":"common_share","year":"2021","value":"7.57"},{"name":"common_share","year":"2022","value":"5.01"},{"name":"common_share","year":"2023","value":"11.0"},{"name":"number_of_shares","year":"2019","value":"123.8"},{"name":"number_of_shares","year":"2020","value":"123.8"},{"name":"number_of_shares","year":"2021","value":"123.8"},{"name":"number_of_shares","year":"2022","value":"123.8"},{"name":"number_of_shares","year":"2023","value":"123.8"},{"name":"market_cap","year":"2019","value":"0.41"},{"name":"market_cap","year":"2020","value":"0.47"},{"name":"market_cap","year":"2021","value":"0.94"},{"name":"market_cap","year":"2022","value":"0.62"},{"name":"market_cap","year":"2023","value":"1.36"},{"name":"ev","year":"2019","value":"0.41"},{"name":"ev","year":"2020","value":"0.48"},{"name":"ev","year":"2021","value":"0.94"},{"name":"ev","year":"2022","value":"0.62"},{"name":"ev","year":"2023","value":"1.36"},{"name":"book_value","year":"2019","value":"0.25"},{"name":"book_value","year":"2020","value":"0.25"},{"name":"book_value","year":"2021","value":"0.28"},{"name":"book_value","year":"2022","value":"0.19"},{"name":"book_value","year":"2023","value":"0.30"},{"name":"eps","year":"2019","value":"0.49"},{"name":"eps","year":"2020","value":"0.16"},{"name":"eps","year":"2021","value":"0.43"},{"name":"eps","year":"2022","value":"-0.66"},{"name":"eps","year":"2023","value":"0.88"},{"name":"fcf_share","year":"2019","value":"0.00"},{"name":"fcf_share","year":"2020","value":"0.00"},{"name":"fcf_share","year":"2021","value":"-0.05"},{"name":"fcf_share","year":"2022","value":"-0.14"},{"name":"fcf_share","year":"2023","value":"0.00"},{"name":"bv_share","year":"2019","value":"2.02"},{"name":"bv_share","year":"2020","value":"2.02"},{"name":"bv_share","year":"2021","value":"2.22"},{"name":"bv_share","year":"2022","value":"1.56"},{"name":"bv_share","year":"2023","value":"2.42"},{"name":"ebitda_margin","year":"2019","value":"0.0%"},{"name":"ebitda_margin","year":"2020","value":"0.0%"},{"name":"ebitda_margin","year":"2021","value":"0.0%"},{"name":"ebitda_margin","year":"2022","value":"0.0%"},{"name":"ebitda_margin","year":"2023","value":"0.0%"},{"name":"net_margin","year":"2019","value":"148.8%"},{"name":"net_margin","year":"2020","value":"48.8%"},{"name":"net_margin","year":"2021","value":"94.6%"},{"name":"net_margin","year":"2022","value":"-215.8%"},{"name":"net_margin","year":"2023","value":"175.8%"},{"name":"fcf_yield","year":"2019","value":"0.0%"},{"name":"fcf_yield","year":"2020","value":"0.0%"},{"name":"fcf_yield","year":"2021","value":"-0.6%"},{"name":"fcf_yield","year":"2022","value":"-2.7%"},{"name":"fcf_yield","year":"2023","value":"0.0%"},{"name":"roe","year":"2019","value":"24.4%"},{"name":"roe","year":"2020","value":"8.0%"},{"name":"roe","year":"2021","value":"19.3%"},{"name":"roe","year":"2022","value":"-42.5%"},{"name":"roe","year":"2023","value":"36.3%"},{"name":"roa","year":"2019","value":""},{"name":"roa","year":"2020","value":"7.5%"},{"name":"roa","year":"2021","value":"18.2%"},{"name":"roa","year":"2022","value":"-40.0%"},{"name":"roa","year":"2023","value":"33.7%"},{"name":"p_e","year":"2019","value":"6.66"},{"name":"p_e","year":"2020","value":"23.5"},{"name":"p_e","year":"2021","value":"17.7"},{"name":"p_e","year":"2022","value":"-7.56"},{"name":"p_e","year":"2023","value":"12.5"},{"name":"p_fcf","year":"2019","value":""},{"name":"p_fcf","year":"2020","value":""},{"name":"p_fcf","year":"2021","value":"-156.2"},{"name":"p_fcf","year":"2022","value":"-36.5"},{"name":"p_fcf","year":"2023","value":""},{"name":"p_s","year":"2019","value":"9.91"},{"name":"p_s","year":"2020","value":"11.5"},{"name":"p_s","year":"2021","value":"16.7"},{"name":"p_s","year":"2022","value":"16.3"},{"name":"p_s","year":"2023","value":"22.0"},{"name":"p_bv","year":"2019","value":"1.62"},{"name":"p_bv","year":"2020","value":"1.88"},{"name":"p_bv","year":"2021","value":"3.41"},{"name":"p_bv","year":"2022","value":"3.21"},{"name":"p_bv","year":"2023","value":"4.54"},{"name":"employees","year":"2019","value":""},{"name":"employees","year":"2020","value":"24"},{"name":"employees","year":"2021","value":""},{"name":"employees","year":"2022","value":"21"},{"name":"employees","year":"2023","value":""},{"name":"labour_productivity","year":"2019","value":""},{"name":"labour_productivity","year":"2020","value":"1.71"},{"name":"labour_productivity","year":"2021","value":""},{"name":"labour_productivity","year":"2022","value":"1.81"},{"name":"labour_productivity","year":"2023","value":""},{"name":"expenses_per_employee","year":"2019","value":""},{"name":"expenses_per_employee","year":"2020","value":"0.00"},{"name":"expenses_per_employee","year":"2021","value":""},{"name":"expenses_per_employee","year":"2022","value":"1 762"},{"name":"expenses_per_employee","year":"2023","value":""},{"name":"capex_revenue","year":"2019","value":"0%"},{"name":"capex_revenue","year":"2020","value":"0%"},{"name":"capex_revenue","year":"2021","value":"0%"},{"name":"capex_revenue","year":"2022","value":"0%"},{"name":"capex_revenue","year":"2023","value":"0%"}]