[
  {
    "name": "assets",
    "year": "2020",
    "value": 0.266
  },
  {
    "name": "assets",
    "year": "2021",
    "value": 0.292
  },
  {
    "name": "assets",
    "year": "2022",
    "value": 0.205
  },
  {
    "name": "assets",
    "year": "2023",
    "value": 0.323
  },
  {
    "name": "net_assets",
    "year": "2014",
    "value": 0.098
  },
  {
    "name": "net_assets",
    "year": "2015",
    "value": 0.133
  },
  {
    "name": "net_assets",
    "year": "2016",
    "value": 0.196
  },
  {
    "name": "net_assets",
    "year": "2017",
    "value": 0.198
  },
  {
    "name": "net_assets",
    "year": "2018",
    "value": 0.204
  },
  {
    "name": "net_assets",
    "year": "2019",
    "value": 0.25
  },
  {
    "name": "net_assets",
    "year": "2020",
    "value": 0.25
  },
  {
    "name": "net_assets",
    "year": "2021",
    "value": 0.275
  },
  {
    "name": "net_assets",
    "year": "2022",
    "value": 0.193
  },
  {
    "name": "net_assets",
    "year": "2023",
    "value": 0.3
  },
  {
    "name": "debt",
    "year": "2019",
    "value": 0.005
  },
  {
    "name": "debt",
    "year": "2020",
    "value": 0.006
  },
  {
    "name": "debt",
    "year": "2021",
    "value": 0.0
  },
  {
    "name": "debt",
    "year": "2022",
    "value": 0.0
  },
  {
    "name": "debt",
    "year": "2023",
    "value": 0.0
  },
  {
    "name": "cash",
    "year": "2016",
    "value": 0.001
  },
  {
    "name": "cash",
    "year": "2017",
    "value": 0.0007
  },
  {
    "name": "cash",
    "year": "2018",
    "value": 0.078
  },
  {
    "name": "cash",
    "year": "2019",
    "value": 5.1E-06
  },
  {
    "name": "cash",
    "year": "2020",
    "value": 6.8E-05
  },
  {
    "name": "cash",
    "year": "2021",
    "value": 3.4E-05
  },
  {
    "name": "cash",
    "year": "2022",
    "value": 0.003
  },
  {
    "name": "cash",
    "year": "2023",
    "value": 0.0
  },
  {
    "name": "net_debt",
    "year": "2013",
    "value": 0.0
  },
  {
    "name": "net_debt",
    "year": "2014",
    "value": 0.0
  },
  {
    "name": "net_debt",
    "year": "2015",
    "value": 0.0
  },
  {
    "name": "net_debt",
    "year": "2016",
    "value": -0.001
  },
  {
    "name": "net_debt",
    "year": "2017",
    "value": -0.0007
  },
  {
    "name": "net_debt",
    "year": "2018",
    "value": -0.078
  },
  {
    "name": "net_debt",
    "year": "2019",
    "value": 0.0049949
  },
  {
    "name": "net_debt",
    "year": "2020",
    "value": 0.005932
  },
  {
    "name": "net_debt",
    "year": "2021",
    "value": -3.4E-05
  },
  {
    "name": "net_debt",
    "year": "2022",
    "value": -0.003
  },
  {
    "name": "net_debt",
    "year": "2023",
    "value": 0.0
  },
  {
    "name": "common_share",
    "year": "2013",
    "value": 0.75
  },
  {
    "name": "common_share",
    "year": "2014",
    "value": 0.64
  },
  {
    "name": "common_share",
    "year": "2015",
    "value": 1.29
  },
  {
    "name": "common_share",
    "year": "2016",
    "value": 3.42
  },
  {
    "name": "common_share",
    "year": "2017",
    "value": 3.3
  },
  {
    "name": "common_share",
    "year": "2018",
    "value": 3.1
  },
  {
    "name": "common_share",
    "year": "2019",
    "value": 3.28
  },
  {
    "name": "common_share",
    "year": "2020",
    "value": 3.8
  },
  {
    "name": "common_share",
    "year": "2021",
    "value": 7.57
  },
  {
    "name": "common_share",
    "year": "2022",
    "value": 5.01
  },
  {
    "name": "common_share",
    "year": "2023",
    "value": 11.01
  },
  {
    "name": "number_of_shares",
    "year": "2017",
    "value": 123.817
  },
  {
    "name": "number_of_shares",
    "year": "2018",
    "value": 123.817
  },
  {
    "name": "number_of_shares",
    "year": "2019",
    "value": 123.817
  },
  {
    "name": "number_of_shares",
    "year": "2020",
    "value": 123.817
  },
  {
    "name": "number_of_shares",
    "year": "2021",
    "value": 123.817
  },
  {
    "name": "number_of_shares",
    "year": "2022",
    "value": 123.817
  },
  {
    "name": "number_of_shares",
    "year": "2023",
    "value": 123.817
  },
  {
    "name": "market_cap",
    "year": "2013",
    "value": 0.0
  },
  {
    "name": "market_cap",
    "year": "2014",
    "value": 0.0
  },
  {
    "name": "market_cap",
    "year": "2015",
    "value": 0.0
  },
  {
    "name": "market_cap",
    "year": "2016",
    "value": 0.0
  },
  {
    "name": "market_cap",
    "year": "2017",
    "value": 0.4085961
  },
  {
    "name": "market_cap",
    "year": "2018",
    "value": 0.3838327
  },
  {
    "name": "market_cap",
    "year": "2019",
    "value": 0.40611976
  },
  {
    "name": "market_cap",
    "year": "2020",
    "value": 0.4705046
  },
  {
    "name": "market_cap",
    "year": "2021",
    "value": 0.93729469
  },
  {
    "name": "market_cap",
    "year": "2022",
    "value": 0.62032317
  },
  {
    "name": "market_cap",
    "year": "2023",
    "value": 1.36322517
  },
  {
    "name": "ev",
    "year": "2013",
    "value": 0.0
  },
  {
    "name": "ev",
    "year": "2014",
    "value": 0.0
  },
  {
    "name": "ev",
    "year": "2015",
    "value": 0.0
  },
  {
    "name": "ev",
    "year": "2016",
    "value": -0.001
  },
  {
    "name": "ev",
    "year": "2017",
    "value": 0.4078961
  },
  {
    "name": "ev",
    "year": "2018",
    "value": 0.3058327
  },
  {
    "name": "ev",
    "year": "2019",
    "value": 0.41111466
  },
  {
    "name": "ev",
    "year": "2020",
    "value": 0.4764366
  },
  {
    "name": "ev",
    "year": "2021",
    "value": 0.93726069
  },
  {
    "name": "ev",
    "year": "2022",
    "value": 0.61732317
  },
  {
    "name": "ev",
    "year": "2023",
    "value": 1.36322517
  },
  {
    "name": "book_value",
    "year": "2013",
    "value": 0.0
  },
  {
    "name": "book_value",
    "year": "2014",
    "value": 0.098
  },
  {
    "name": "book_value",
    "year": "2015",
    "value": 0.133
  },
  {
    "name": "book_value",
    "year": "2016",
    "value": 0.196
  },
  {
    "name": "book_value",
    "year": "2017",
    "value": 0.198
  },
  {
    "name": "book_value",
    "year": "2018",
    "value": 0.204
  },
  {
    "name": "book_value",
    "year": "2019",
    "value": 0.25
  },
  {
    "name": "book_value",
    "year": "2020",
    "value": 0.25
  },
  {
    "name": "book_value",
    "year": "2021",
    "value": 0.275
  },
  {
    "name": "book_value",
    "year": "2022",
    "value": 0.193
  },
  {
    "name": "book_value",
    "year": "2023",
    "value": 0.3
  },
  {
    "name": "eps",
    "year": "2017",
    "value": 0.0726879184603
  },
  {
    "name": "eps",
    "year": "2018",
    "value": 0.0323057415379
  },
  {
    "name": "eps",
    "year": "2019",
    "value": 0.492662558453
  },
  {
    "name": "eps",
    "year": "2020",
    "value": 0.16152870769
  },
  {
    "name": "eps",
    "year": "2021",
    "value": 0.428051075377
  },
  {
    "name": "eps",
    "year": "2022",
    "value": -0.662267701527
  },
  {
    "name": "eps",
    "year": "2023",
    "value": 0.880331456908
  },
  {
    "name": "fcf_share",
    "year": "2017",
    "value": 0.0
  },
  {
    "name": "fcf_share",
    "year": "2018",
    "value": 0.0
  },
  {
    "name": "fcf_share",
    "year": "2019",
    "value": 0.0
  },
  {
    "name": "fcf_share",
    "year": "2020",
    "value": 0.0
  },
  {
    "name": "fcf_share",
    "year": "2021",
    "value": -0.0484586123069
  },
  {
    "name": "fcf_share",
    "year": "2022",
    "value": -0.137299401536
  },
  {
    "name": "fcf_share",
    "year": "2023",
    "value": 0.0
  },
  {
    "name": "bv_share",
    "year": "2017",
    "value": 1.59913420613
  },
  {
    "name": "bv_share",
    "year": "2018",
    "value": 1.64759281843
  },
  {
    "name": "bv_share",
    "year": "2019",
    "value": 2.01910884612
  },
  {
    "name": "bv_share",
    "year": "2020",
    "value": 2.01910884612
  },
  {
    "name": "bv_share",
    "year": "2021",
    "value": 2.22101973073
  },
  {
    "name": "bv_share",
    "year": "2022",
    "value": 1.5587520292
  },
  {
    "name": "bv_share",
    "year": "2023",
    "value": 2.42293061534
  },
  {
    "name": "fcf_yield",
    "year": "2013",
    "value": 0.0
  },
  {
    "name": "fcf_yield",
    "year": "2014",
    "value": 0.0
  },
  {
    "name": "fcf_yield",
    "year": "2015",
    "value": 0.0
  },
  {
    "name": "fcf_yield",
    "year": "2016",
    "value": 0.0
  },
  {
    "name": "fcf_yield",
    "year": "2017",
    "value": 0.0
  },
  {
    "name": "fcf_yield",
    "year": "2018",
    "value": 0.0
  },
  {
    "name": "fcf_yield",
    "year": "2019",
    "value": 0.0
  },
  {
    "name": "fcf_yield",
    "year": "2020",
    "value": 0.0
  },
  {
    "name": "fcf_yield",
    "year": "2021",
    "value": -0.640140188994
  },
  {
    "name": "fcf_yield",
    "year": "2022",
    "value": -2.74050701669
  },
  {
    "name": "fcf_yield",
    "year": "2023",
    "value": 0.0
  },
  {
    "name": "roe",
    "year": "2014",
    "value": -14.2857142857
  },
  {
    "name": "roe",
    "year": "2015",
    "value": 26.3157894737
  },
  {
    "name": "roe",
    "year": "2016",
    "value": 33.6734693878
  },
  {
    "name": "roe",
    "year": "2017",
    "value": 4.54545454545
  },
  {
    "name": "roe",
    "year": "2018",
    "value": 1.96078431373
  },
  {
    "name": "roe",
    "year": "2019",
    "value": 24.4
  },
  {
    "name": "roe",
    "year": "2020",
    "value": 8.0
  },
  {
    "name": "roe",
    "year": "2021",
    "value": 19.2727272727
  },
  {
    "name": "roe",
    "year": "2022",
    "value": -42.487046632100004
  },
  {
    "name": "roe",
    "year": "2023",
    "value": 36.3333333333
  },
  {
    "name": "roa",
    "year": "2020",
    "value": 7.5187969924799996
  },
  {
    "name": "roa",
    "year": "2021",
    "value": 18.1506849315
  },
  {
    "name": "roa",
    "year": "2022",
    "value": -40.0
  },
  {
    "name": "roa",
    "year": "2023",
    "value": 33.746130031
  },
  {
    "name": "p_bv",
    "year": "2014",
    "value": 0.0
  },
  {
    "name": "p_bv",
    "year": "2015",
    "value": 0.0
  },
  {
    "name": "p_bv",
    "year": "2016",
    "value": 0.0
  },
  {
    "name": "p_bv",
    "year": "2017",
    "value": 2.06361666667
  },
  {
    "name": "p_bv",
    "year": "2018",
    "value": 1.88153284314
  },
  {
    "name": "p_bv",
    "year": "2019",
    "value": 1.62447904
  },
  {
    "name": "p_bv",
    "year": "2020",
    "value": 1.8820184
  },
  {
    "name": "p_bv",
    "year": "2021",
    "value": 3.40834432727
  },
  {
    "name": "p_bv",
    "year": "2022",
    "value": 3.21410968912
  },
  {
    "name": "p_bv",
    "year": "2023",
    "value": 4.5440839
  },
  {
    "name": "employees",
    "year": "2013",
    "value": 17.0
  },
  {
    "name": "employees",
    "year": "2014",
    "value": 19.0
  },
  {
    "name": "employees",
    "year": "2015",
    "value": 19.0
  },
  {
    "name": "employees",
    "year": "2016",
    "value": 19.0
  },
  {
    "name": "employees",
    "year": "2017",
    "value": 23.0
  },
  {
    "name": "employees",
    "year": "2018",
    "value": null
  },
  {
    "name": "employees",
    "year": "2019",
    "value": null
  },
  {
    "name": "employees",
    "year": "2020",
    "value": 24.0
  },
  {
    "name": "employees",
    "year": "2021",
    "value": null
  },
  {
    "name": "employees",
    "year": "2022",
    "value": 21.0
  },
  {
    "name": "labour_productivity",
    "year": "2013",
    "value": 0.0
  },
  {
    "name": "labour_productivity",
    "year": "2014",
    "value": 1.0
  },
  {
    "name": "labour_productivity",
    "year": "2015",
    "value": 1.42105263158
  },
  {
    "name": "labour_productivity",
    "year": "2016",
    "value": 1.78947368421
  },
  {
    "name": "labour_productivity",
    "year": "2017",
    "value": 1.2173913043500002
  },
  {
    "name": "labour_productivity",
    "year": "2018",
    "value": null
  },
  {
    "name": "labour_productivity",
    "year": "2019",
    "value": null
  },
  {
    "name": "labour_productivity",
    "year": "2020",
    "value": 1.7083333333300001
  },
  {
    "name": "labour_productivity",
    "year": "2021",
    "value": null
  },
  {
    "name": "labour_productivity",
    "year": "2022",
    "value": 1.80952380952
  },
  {
    "name": "expenses_per_employee",
    "year": "2013",
    "value": 0.0
  },
  {
    "name": "expenses_per_employee",
    "year": "2014",
    "value": 0.0
  },
  {
    "name": "expenses_per_employee",
    "year": "2015",
    "value": 0.0
  },
  {
    "name": "expenses_per_employee",
    "year": "2016",
    "value": 0.0
  },
  {
    "name": "expenses_per_employee",
    "year": "2017",
    "value": 0.0
  },
  {
    "name": "expenses_per_employee",
    "year": "2018",
    "value": null
  },
  {
    "name": "expenses_per_employee",
    "year": "2019",
    "value": null
  },
  {
    "name": "expenses_per_employee",
    "year": "2020",
    "value": 0.0
  },
  {
    "name": "expenses_per_employee",
    "year": "2021",
    "value": null
  },
  {
    "name": "expenses_per_employee",
    "year": "2022",
    "value": 1761.9047619
  }
]