[{"name":"date","year":"2023Q1","value":"02.05.2023"},{"name":"date","year":"2023Q2","value":"31.07.2023"},{"name":"date","year":"2023Q3","value":"30.10.2023"},{"name":"date","year":"2023Q4","value":"04.04.2024"},{"name":"date","year":"2024Q1","value":"03.05.2024"},{"name":"currency","year":"2023Q1","value":"RUB"},{"name":"currency","year":"2023Q2","value":"RUB"},{"name":"currency","year":"2023Q3","value":"RUB"},{"name":"currency","year":"2023Q4","value":"RUB"},{"name":"currency","year":"2024Q1","value":"RUB"},{"name":"report_url","year":"2023Q1","value":"https://www.e-disclosure.ru/portal/FileLoad.ashx?Fileid=1791313"},{"name":"report_url","year":"2023Q2","value":"https://www.e-disclosure.ru/portal/fileload.ashx?fileid=1806117"},{"name":"report_url","year":"2023Q3","value":"https://www.e-disclosure.ru/portal/FileLoad.ashx?Fileid=1814207"},{"name":"report_url","year":"2023Q4","value":"https://www.e-disclosure.ru/portal/FileLoad.ashx?Fileid=1830488"},{"name":"report_url","year":"2024Q1","value":"https://www.e-disclosure.ru/portal/FileLoad.ashx?Fileid=1835896"},{"name":"presentation_url","year":"2023Q1","value":"https://sistema.ru/upload/iblock/a76/j1ugemzdfk7ai3jometp4gvllqq6zib6/Presentation-1Q-2023-RUS.pdf"},{"name":"presentation_url","year":"2023Q2","value":"https://sistema.ru/upload/iblock/adf/q7daqy63ifcrtyzc7h4p27fkscx7btil/Presentation-2Q-2023-RUS_FINAL.pdf"},{"name":"presentation_url","year":"2023Q3","value":"https://sistema.ru/upload/iblock/adf/q7daqy63ifcrtyzc7h4p27fkscx7btil/Presentation-2Q-2023-RUS_FINAL.pdf"},{"name":"presentation_url","year":"2023Q4","value":"https://sistema.ru/upload/iblock/1f7/l87pt1dubi3xo7bom3cc85zuuhyvix0l/Presentation-4Q-2023-RUS.pdf"},{"name":"presentation_url","year":"2024Q1","value":""},{"name":"revenue","year":"2023Q1","value":"0.957"},{"name":"revenue","year":"2023Q2","value":"21.3"},{"name":"revenue","year":"2023Q3","value":"5.97"},{"name":"revenue","year":"2023Q4","value":"0.013"},{"name":"revenue","year":"2024Q1","value":"0.400"},{"name":"operating_income","year":"2023Q1","value":"-0.291"},{"name":"operating_income","year":"2023Q2","value":"16.7"},{"name":"operating_income","year":"2023Q3","value":"4.78"},{"name":"operating_income","year":"2023Q4","value":"-13.8"},{"name":"operating_income","year":"2024Q1","value":"-0.860"},{"name":"net_income","year":"2023Q1","value":"27.9"},{"name":"net_income","year":"2023Q2","value":"85.2"},{"name":"net_income","year":"2023Q3","value":"-5.30"},{"name":"net_income","year":"2023Q4","value":"-57.8"},{"name":"net_income","year":"2024Q1","value":"63.2"},{"name":"dividend_payout","year":"2023Q1","value":""},{"name":"dividend_payout","year":"2023Q2","value":""},{"name":"dividend_payout","year":"2023Q3","value":""},{"name":"dividend_payout","year":"2023Q4","value":"5.02"},{"name":"dividend_payout","year":"2024Q1","value":""},{"name":"dividend","year":"2023Q1","value":""},{"name":"dividend","year":"2023Q2","value":""},{"name":"dividend","year":"2023Q3","value":""},{"name":"dividend","year":"2023Q4","value":"0.52"},{"name":"dividend","year":"2024Q1","value":""},{"name":"div_yield","year":"2023Q1","value":"0.0%"},{"name":"div_yield","year":"2023Q2","value":"0.0%"},{"name":"div_yield","year":"2023Q3","value":"0.0%"},{"name":"div_yield","year":"2023Q4","value":"3.2%"},{"name":"div_yield","year":"2024Q1","value":"0.0%"},{"name":"div_payout_ratio","year":"2023Q1","value":"0%"},{"name":"div_payout_ratio","year":"2023Q2","value":"0%"},{"name":"div_payout_ratio","year":"2023Q3","value":"0%"},{"name":"div_payout_ratio","year":"2023Q4","value":"0%"},{"name":"div_payout_ratio","year":"2024Q1","value":"0%"},{"name":"opex","year":"2023Q1","value":"1.25"},{"name":"opex","year":"2023Q2","value":"4.59"},{"name":"opex","year":"2023Q3","value":"1.18"},{"name":"opex","year":"2023Q4","value":"13.8"},{"name":"opex","year":"2024Q1","value":"1.26"},{"name":"assets","year":"2023Q1","value":"535.1"},{"name":"assets","year":"2023Q2","value":"558.6"},{"name":"assets","year":"2023Q3","value":"597.9"},{"name":"assets","year":"2023Q4","value":"582.0"},{"name":"assets","year":"2024Q1","value":"769.0"},{"name":"net_assets","year":"2023Q1","value":"245.7"},{"name":"net_assets","year":"2023Q2","value":"299.0"},{"name":"net_assets","year":"2023Q3","value":"321.7"},{"name":"net_assets","year":"2023Q4","value":"264.2"},{"name":"net_assets","year":"2024Q1","value":"327.3"},{"name":"debt","year":"2023Q1","value":"269.6"},{"name":"debt","year":"2023Q2","value":"227.7"},{"name":"debt","year":"2023Q3","value":"243.7"},{"name":"debt","year":"2023Q4","value":"280.7"},{"name":"debt","year":"2024Q1","value":"392.3"},{"name":"cash","year":"2023Q1","value":"0.350"},{"name":"cash","year":"2023Q2","value":"2.16"},{"name":"cash","year":"2023Q3","value":"0.800"},{"name":"cash","year":"2023Q4","value":"1.75"},{"name":"cash","year":"2024Q1","value":"2.80"},{"name":"net_debt","year":"2023Q1","value":"269.3"},{"name":"net_debt","year":"2023Q2","value":"225.6"},{"name":"net_debt","year":"2023Q3","value":"242.9"},{"name":"net_debt","year":"2023Q4","value":"279.0"},{"name":"net_debt","year":"2024Q1","value":"389.5"},{"name":"common_share","year":"2023Q1","value":"14.6"},{"name":"common_share","year":"2023Q2","value":"17.4"},{"name":"common_share","year":"2023Q3","value":"17.2"},{"name":"common_share","year":"2023Q4","value":"16.0"},{"name":"common_share","year":"2024Q1","value":"22.5"},{"name":"number_of_shares","year":"2023Q1","value":"9 650"},{"name":"number_of_shares","year":"2023Q2","value":"9 650"},{"name":"number_of_shares","year":"2023Q3","value":"9 650"},{"name":"number_of_shares","year":"2023Q4","value":"9 650"},{"name":"number_of_shares","year":"2024Q1","value":"9 650"},{"name":"market_cap","year":"2023Q1","value":"140.5"},{"name":"market_cap","year":"2023Q2","value":"167.7"},{"name":"market_cap","year":"2023Q3","value":"165.6"},{"name":"market_cap","year":"2023Q4","value":"154.6"},{"name":"market_cap","year":"2024Q1","value":"216.7"},{"name":"ev","year":"2023Q1","value":"409.8"},{"name":"ev","year":"2023Q2","value":"393.2"},{"name":"ev","year":"2023Q3","value":"408.5"},{"name":"ev","year":"2023Q4","value":"433.5"},{"name":"ev","year":"2024Q1","value":"606.2"},{"name":"book_value","year":"2023Q1","value":"245.7"},{"name":"book_value","year":"2023Q2","value":"299.0"},{"name":"book_value","year":"2023Q3","value":"321.7"},{"name":"book_value","year":"2023Q4","value":"264.2"},{"name":"book_value","year":"2024Q1","value":"327.3"},{"name":"eps","year":"2023Q1","value":"2.89"},{"name":"eps","year":"2023Q2","value":"8.83"},{"name":"eps","year":"2023Q3","value":"-0.55"},{"name":"eps","year":"2023Q4","value":"-5.99"},{"name":"eps","year":"2024Q1","value":"6.55"},{"name":"fcf_share","year":"2023Q1","value":"0.00"},{"name":"fcf_share","year":"2023Q2","value":"0.00"},{"name":"fcf_share","year":"2023Q3","value":"0.00"},{"name":"fcf_share","year":"2023Q4","value":"0.00"},{"name":"fcf_share","year":"2024Q1","value":"0.00"},{"name":"bv_share","year":"2023Q1","value":"25.5"},{"name":"bv_share","year":"2023Q2","value":"31.0"},{"name":"bv_share","year":"2023Q3","value":"33.3"},{"name":"bv_share","year":"2023Q4","value":"27.4"},{"name":"bv_share","year":"2024Q1","value":"33.9"},{"name":"ebitda_margin","year":"2023Q1","value":"0.0%"},{"name":"ebitda_margin","year":"2023Q2","value":"0.0%"},{"name":"ebitda_margin","year":"2023Q3","value":"0.0%"},{"name":"ebitda_margin","year":"2023Q4","value":"0.0%"},{"name":"ebitda_margin","year":"2024Q1","value":"0.0%"},{"name":"net_margin","year":"2023Q1","value":"2 910.1%"},{"name":"net_margin","year":"2023Q2","value":"400.1%"},{"name":"net_margin","year":"2023Q3","value":"-88.8%"},{"name":"net_margin","year":"2023Q4","value":"-444 384.6%"},{"name":"net_margin","year":"2024Q1","value":"15 800.0%"},{"name":"fcf_yield","year":"2023Q1","value":"0.0%"},{"name":"fcf_yield","year":"2023Q2","value":"0.0%"},{"name":"fcf_yield","year":"2023Q3","value":"0.0%"},{"name":"fcf_yield","year":"2023Q4","value":"0.0%"},{"name":"fcf_yield","year":"2024Q1","value":"0.0%"},{"name":"roe","year":"2023Q1","value":"18.0%"},{"name":"roe","year":"2023Q2","value":"44.2%"},{"name":"roe","year":"2023Q3","value":"54.7%"},{"name":"roe","year":"2023Q4","value":"18.9%"},{"name":"roe","year":"2024Q1","value":"26.1%"},{"name":"roa","year":"2023Q1","value":"8.2%"},{"name":"roa","year":"2023Q2","value":"23.7%"},{"name":"roa","year":"2023Q3","value":"29.4%"},{"name":"roa","year":"2023Q4","value":"8.6%"},{"name":"roa","year":"2024Q1","value":"11.1%"},{"name":"p_e","year":"2023Q1","value":"3.18"},{"name":"p_e","year":"2023Q2","value":"1.27"},{"name":"p_e","year":"2023Q3","value":"0.94"},{"name":"p_e","year":"2023Q4","value":"3.09"},{"name":"p_e","year":"2024Q1","value":"2.54"},{"name":"p_s","year":"2023Q1","value":"3.92"},{"name":"p_s","year":"2023Q2","value":"5.83"},{"name":"p_s","year":"2023Q3","value":"5.87"},{"name":"p_s","year":"2023Q4","value":"5.47"},{"name":"p_s","year":"2024Q1","value":"7.83"},{"name":"p_bv","year":"2023Q1","value":"0.57"},{"name":"p_bv","year":"2023Q2","value":"0.56"},{"name":"p_bv","year":"2023Q3","value":"0.51"},{"name":"p_bv","year":"2023Q4","value":"0.59"},{"name":"p_bv","year":"2024Q1","value":"0.66"},{"name":"employees","year":"2023Q1","value":""},{"name":"employees","year":"2023Q2","value":""},{"name":"employees","year":"2023Q3","value":""},{"name":"employees","year":"2023Q4","value":"251"},{"name":"employees","year":"2024Q1","value":""},{"name":"expenses_per_employee","year":"2023Q1","value":""},{"name":"expenses_per_employee","year":"2023Q2","value":""},{"name":"expenses_per_employee","year":"2023Q3","value":""},{"name":"expenses_per_employee","year":"2023Q4","value":"0.00"},{"name":"expenses_per_employee","year":"2024Q1","value":""},{"name":"capex_revenue","year":"2023Q1","value":"0%"},{"name":"capex_revenue","year":"2023Q2","value":"0%"},{"name":"capex_revenue","year":"2023Q3","value":"0%"},{"name":"capex_revenue","year":"2023Q4","value":"0%"},{"name":"capex_revenue","year":"2024Q1","value":"0%"}]