[{"name":"date","year":"2019","value":"19.04.2021"},{"name":"date","year":"2020","value":"26.04.2021"},{"name":"date","year":"2021","value":""},{"name":"date","year":"2022","value":""},{"name":"date","year":"2023","value":""},{"name":"currency","year":"2019","value":"RUB"},{"name":"currency","year":"2020","value":"RUB"},{"name":"currency","year":"2021","value":"RUB"},{"name":"currency","year":"2022","value":"RUB"},{"name":"currency","year":"2023","value":"RUB"},{"name":"report_url","year":"2019","value":"https://e-disclosure.ru/portal/FileLoad.ashx?Fileid=1630182"},{"name":"report_url","year":"2020","value":"https://e-disclosure.ru/portal/FileLoad.ashx?Fileid=1696795"},{"name":"report_url","year":"2021","value":""},{"name":"report_url","year":"2022","value":""},{"name":"report_url","year":"2023","value":""},{"name":"year_report_url","year":"2019","value":"https://e-disclosure.ru/portal/FileLoad.ashx?Fileid=1629032"},{"name":"year_report_url","year":"2020","value":"https://e-disclosure.ru/portal/FileLoad.ashx?Fileid=1695843"},{"name":"year_report_url","year":"2021","value":""},{"name":"year_report_url","year":"2022","value":""},{"name":"year_report_url","year":"2023","value":""},{"name":"net_operating_income","year":"2019","value":"19.7"},{"name":"net_operating_income","year":"2020","value":"12.9"},{"name":"net_operating_income","year":"2021","value":""},{"name":"net_operating_income","year":"2022","value":""},{"name":"net_operating_income","year":"2023","value":""},{"name":"net_interest_income","year":"2019","value":"5.53"},{"name":"net_interest_income","year":"2020","value":"4.39"},{"name":"net_interest_income","year":"2021","value":""},{"name":"net_interest_income","year":"2022","value":""},{"name":"net_interest_income","year":"2023","value":""},{"name":"commission_income","year":"2019","value":"7.18"},{"name":"commission_income","year":"2020","value":"5.10"},{"name":"commission_income","year":"2021","value":""},{"name":"commission_income","year":"2022","value":""},{"name":"commission_income","year":"2023","value":""},{"name":"net_income","year":"2019","value":"7.14"},{"name":"net_income","year":"2020","value":"3.12"},{"name":"net_income","year":"2021","value":""},{"name":"net_income","year":"2022","value":""},{"name":"net_income","year":"2023","value":""},{"name":"dividend_payout","year":"2019","value":"3.60"},{"name":"dividend_payout","year":"2020","value":"6.00"},{"name":"dividend_payout","year":"2021","value":"3.50"},{"name":"dividend_payout","year":"2022","value":"6.66"},{"name":"dividend_payout","year":"2023","value":"8.40"},{"name":"dividend","year":"2019","value":"44.61"},{"name":"dividend","year":"2020","value":"74.41"},{"name":"dividend","year":"2021","value":"43.37"},{"name":"dividend","year":"2022","value":"82.56"},{"name":"dividend","year":"2023","value":"104.08"},{"name":"div_yield","year":"2019","value":"7.0%"},{"name":"div_yield","year":"2020","value":"7.2%"},{"name":"div_yield","year":"2021","value":"4.2%"},{"name":"div_yield","year":"2022","value":"8.1%"},{"name":"div_yield","year":"2023","value":"10.4%"},{"name":"div_payout_ratio","year":"2019","value":"50%"},{"name":"div_payout_ratio","year":"2020","value":"192%"},{"name":"div_payout_ratio","year":"2021","value":""},{"name":"div_payout_ratio","year":"2022","value":""},{"name":"div_payout_ratio","year":"2023","value":""},{"name":"cash","year":"2019","value":"20.9"},{"name":"cash","year":"2020","value":"25.6"},{"name":"cash","year":"2021","value":""},{"name":"cash","year":"2022","value":""},{"name":"cash","year":"2023","value":""},{"name":"net_debt","year":"2019","value":"-20.9"},{"name":"net_debt","year":"2020","value":"-25.6"},{"name":"net_debt","year":"2021","value":"0.00"},{"name":"net_debt","year":"2022","value":"0.00"},{"name":"net_debt","year":"2023","value":"0.00"},{"name":"bank_assets","year":"2019","value":"120.1"},{"name":"bank_assets","year":"2020","value":"132.7"},{"name":"bank_assets","year":"2021","value":""},{"name":"bank_assets","year":"2022","value":""},{"name":"bank_assets","year":"2023","value":""},{"name":"capital","year":"2019","value":"28.4"},{"name":"capital","year":"2020","value":"25.0"},{"name":"capital","year":"2021","value":""},{"name":"capital","year":"2022","value":""},{"name":"capital","year":"2023","value":""},{"name":"loan_portfolio","year":"2019","value":"35.8"},{"name":"loan_portfolio","year":"2020","value":"29.0"},{"name":"loan_portfolio","year":"2021","value":""},{"name":"loan_portfolio","year":"2022","value":""},{"name":"loan_portfolio","year":"2023","value":""},{"name":"corporate_loans","year":"2019","value":"33.8"},{"name":"corporate_loans","year":"2020","value":"27.3"},{"name":"corporate_loans","year":"2021","value":""},{"name":"corporate_loans","year":"2022","value":""},{"name":"corporate_loans","year":"2023","value":""},{"name":"retail_loans","year":"2019","value":"2.04"},{"name":"retail_loans","year":"2020","value":"1.65"},{"name":"retail_loans","year":"2021","value":""},{"name":"retail_loans","year":"2022","value":""},{"name":"retail_loans","year":"2023","value":""},{"name":"deposits","year":"2019","value":"82.8"},{"name":"deposits","year":"2020","value":"97.2"},{"name":"deposits","year":"2021","value":""},{"name":"deposits","year":"2022","value":""},{"name":"deposits","year":"2023","value":""},{"name":"corporate_deposits","year":"2019","value":"49.6"},{"name":"corporate_deposits","year":"2020","value":"60.6"},{"name":"corporate_deposits","year":"2021","value":""},{"name":"corporate_deposits","year":"2022","value":""},{"name":"corporate_deposits","year":"2023","value":""},{"name":"retail_deposits","year":"2019","value":"33.2"},{"name":"retail_deposits","year":"2020","value":"36.6"},{"name":"retail_deposits","year":"2021","value":""},{"name":"retail_deposits","year":"2022","value":""},{"name":"retail_deposits","year":"2023","value":""},{"name":"loan_to_deposit_ratio","year":"2019","value":"43%"},{"name":"loan_to_deposit_ratio","year":"2020","value":"30%"},{"name":"loan_to_deposit_ratio","year":"2021","value":""},{"name":"loan_to_deposit_ratio","year":"2022","value":""},{"name":"loan_to_deposit_ratio","year":"2023","value":""},{"name":"common_share","year":"2019","value":"640.0"},{"name":"common_share","year":"2020","value":"1 035"},{"name":"common_share","year":"2021","value":"1 025"},{"name":"common_share","year":"2022","value":"1 025"},{"name":"common_share","year":"2023","value":"998.0"},{"name":"number_of_shares","year":"2019","value":"80.7"},{"name":"number_of_shares","year":"2020","value":"80.7"},{"name":"number_of_shares","year":"2021","value":"80.7"},{"name":"number_of_shares","year":"2022","value":"80.7"},{"name":"number_of_shares","year":"2023","value":"80.7"},{"name":"market_cap","year":"2019","value":"51.6"},{"name":"market_cap","year":"2020","value":"83.5"},{"name":"market_cap","year":"2021","value":"82.7"},{"name":"market_cap","year":"2022","value":"82.7"},{"name":"market_cap","year":"2023","value":"80.5"},{"name":"ev","year":"2019","value":"30.8"},{"name":"ev","year":"2020","value":"57.9"},{"name":"ev","year":"2021","value":"82.7"},{"name":"ev","year":"2022","value":"82.7"},{"name":"ev","year":"2023","value":"80.5"},{"name":"eps","year":"2019","value":"88.5"},{"name":"eps","year":"2020","value":"38.7"},{"name":"eps","year":"2021","value":"0.00"},{"name":"eps","year":"2022","value":"0.00"},{"name":"eps","year":"2023","value":"0.00"},{"name":"fcf_yield","year":"2019","value":"0.0%"},{"name":"fcf_yield","year":"2020","value":"0.0%"},{"name":"fcf_yield","year":"2021","value":"0.0%"},{"name":"fcf_yield","year":"2022","value":"0.0%"},{"name":"fcf_yield","year":"2023","value":"0.0%"},{"name":"bank_margin","year":"2019","value":"36.3%"},{"name":"bank_margin","year":"2020","value":"24.3%"},{"name":"bank_margin","year":"2021","value":""},{"name":"bank_margin","year":"2022","value":""},{"name":"bank_margin","year":"2023","value":""},{"name":"p_e","year":"2019","value":"7.23"},{"name":"p_e","year":"2020","value":"26.8"},{"name":"p_e","year":"2021","value":""},{"name":"p_e","year":"2022","value":""},{"name":"p_e","year":"2023","value":""},{"name":"p_b","year":"2019","value":"1.82"},{"name":"p_b","year":"2020","value":"3.34"},{"name":"p_b","year":"2021","value":""},{"name":"p_b","year":"2022","value":""},{"name":"p_b","year":"2023","value":""}]