{"date":"Дата отчета","currency":"Валюта отчета","report_url":"Финансовый отчет","year_report_url":"Годовой отчет","net_operating_income":"Чистый операц доход, млрд руб","net_interest_income":"Чист. проц. доходы, млрд руб","commission_income":"Чист. комисс. доход, млрд руб","net_income":"Чистая прибыль, млрд руб","dividend_payout":"Див.выплата, млрд руб","dividend":"Дивиденд, руб/акцию","div_yield":"Див доход, ао, %","div_payout_ratio":"Дивиденды/прибыль, %","cash":"Наличность, млрд руб","net_debt":"Чистый долг, млрд руб","bank_assets":"Активы банка, млрд руб","capital":"Капитал, млрд руб","loan_portfolio":"Кредитный портфель, млрд руб","corporate_loans":"Кредиты юрлицам, млрд руб","retail_loans":"Кредиты физлицам, млрд руб","deposits":"Депозиты, млрд руб","corporate_deposits":"Депозиты юрлиц, млрд руб","retail_deposits":"Депозиты физлиц, млрд руб","loan_to_deposit_ratio":"Loan-to-deposit ratio, %","common_share":"Цена акции ао, руб","number_of_shares":"Число акций ао, млн","market_cap":"Капитализация, млрд руб","ev":"EV, млрд руб","eps":"EPS, руб","fcf_yield":"Доходность FCF, %","bank_margin":"Рентабельность банка, %","p_e":"P/E","p_b":"P/B"}