[{"name":"date","year":"2020Q4","value":"27.05.2021"},{"name":"date","year":"2021Q4","value":"30.05.2023"},{"name":"date","year":"2022Q2","value":"11.12.2023"},{"name":"date","year":"2022Q4","value":"30.05.2023"},{"name":"date","year":"2023Q2","value":"11.12.2023"},{"name":"currency","year":"2020Q4","value":"RUB"},{"name":"currency","year":"2021Q4","value":"RUB"},{"name":"currency","year":"2022Q2","value":"RUB"},{"name":"currency","year":"2022Q4","value":"RUB"},{"name":"currency","year":"2023Q2","value":"RUB"},{"name":"report_url","year":"2020Q4","value":"https://e-disclosure.ru/portal/FileLoad.ashx?Fileid=1698581"},{"name":"report_url","year":"2021Q4","value":""},{"name":"report_url","year":"2022Q2","value":""},{"name":"report_url","year":"2022Q4","value":"https://www.e-disclosure.ru/portal/FileLoad.ashx?Fileid=1795997"},{"name":"report_url","year":"2023Q2","value":""},{"name":"net_income","year":"2020Q4","value":""},{"name":"net_income","year":"2021Q4","value":""},{"name":"net_income","year":"2022Q2","value":"-0.280"},{"name":"net_income","year":"2022Q4","value":""},{"name":"net_income","year":"2023Q2","value":"-0.055"},{"name":"div_yield","year":"2020Q4","value":"0.0%"},{"name":"div_yield","year":"2021Q4","value":"0.0%"},{"name":"div_yield","year":"2022Q2","value":""},{"name":"div_yield","year":"2022Q4","value":""},{"name":"div_yield","year":"2023Q2","value":""},{"name":"div_payout_ratio","year":"2020Q4","value":""},{"name":"div_payout_ratio","year":"2021Q4","value":""},{"name":"div_payout_ratio","year":"2022Q2","value":"0%"},{"name":"div_payout_ratio","year":"2022Q4","value":""},{"name":"div_payout_ratio","year":"2023Q2","value":"0%"},{"name":"assets","year":"2020Q4","value":"9.78"},{"name":"assets","year":"2021Q4","value":"7.45"},{"name":"assets","year":"2022Q2","value":""},{"name":"assets","year":"2022Q4","value":"2.81"},{"name":"assets","year":"2023Q2","value":"1.94"},{"name":"net_assets","year":"2020Q4","value":"1.82"},{"name":"net_assets","year":"2021Q4","value":"1.12"},{"name":"net_assets","year":"2022Q2","value":""},{"name":"net_assets","year":"2022Q4","value":"0.950"},{"name":"net_assets","year":"2023Q2","value":"0.910"},{"name":"debt","year":"2020Q4","value":"0.000"},{"name":"debt","year":"2021Q4","value":"0.126"},{"name":"debt","year":"2022Q2","value":""},{"name":"debt","year":"2022Q4","value":"0.020"},{"name":"debt","year":"2023Q2","value":"0.000"},{"name":"cash","year":"2020Q4","value":"4.96"},{"name":"cash","year":"2021Q4","value":"5.08"},{"name":"cash","year":"2022Q2","value":""},{"name":"cash","year":"2022Q4","value":"1.39"},{"name":"cash","year":"2023Q2","value":"0.770"},{"name":"net_debt","year":"2020Q4","value":"-4.96"},{"name":"net_debt","year":"2021Q4","value":"-4.95"},{"name":"net_debt","year":"2022Q2","value":"0.00"},{"name":"net_debt","year":"2022Q4","value":"-1.37"},{"name":"net_debt","year":"2023Q2","value":"-0.77"},{"name":"common_share","year":"2020Q4","value":"5.84"},{"name":"common_share","year":"2021Q4","value":"3.58"},{"name":"common_share","year":"2022Q2","value":""},{"name":"common_share","year":"2022Q4","value":""},{"name":"common_share","year":"2023Q2","value":""},{"name":"number_of_shares","year":"2020Q4","value":"526.0"},{"name":"number_of_shares","year":"2021Q4","value":"526.0"},{"name":"number_of_shares","year":"2022Q2","value":"526.0"},{"name":"number_of_shares","year":"2022Q4","value":"526.0"},{"name":"number_of_shares","year":"2023Q2","value":"526.0"},{"name":"market_cap","year":"2020Q4","value":"3.07"},{"name":"market_cap","year":"2021Q4","value":"1.88"},{"name":"market_cap","year":"2022Q2","value":"0.00"},{"name":"market_cap","year":"2022Q4","value":"0.00"},{"name":"market_cap","year":"2023Q2","value":"0.00"},{"name":"ev","year":"2020Q4","value":"-1.89"},{"name":"ev","year":"2021Q4","value":"-3.07"},{"name":"ev","year":"2022Q2","value":"0.00"},{"name":"ev","year":"2022Q4","value":"-1.37"},{"name":"ev","year":"2023Q2","value":"-0.77"},{"name":"book_value","year":"2020Q4","value":"1.72"},{"name":"book_value","year":"2021Q4","value":"1.04"},{"name":"book_value","year":"2022Q2","value":"0.00"},{"name":"book_value","year":"2022Q4","value":"0.93"},{"name":"book_value","year":"2023Q2","value":"0.89"},{"name":"eps","year":"2020Q4","value":"0.00"},{"name":"eps","year":"2021Q4","value":"0.00"},{"name":"eps","year":"2022Q2","value":"-0.53"},{"name":"eps","year":"2022Q4","value":"0.00"},{"name":"eps","year":"2023Q2","value":"-0.10"},{"name":"fcf_share","year":"2020Q4","value":"0.00"},{"name":"fcf_share","year":"2021Q4","value":"0.00"},{"name":"fcf_share","year":"2022Q2","value":"0.00"},{"name":"fcf_share","year":"2022Q4","value":"0.00"},{"name":"fcf_share","year":"2023Q2","value":"0.00"},{"name":"bv_share","year":"2020Q4","value":"3.28"},{"name":"bv_share","year":"2021Q4","value":"1.98"},{"name":"bv_share","year":"2022Q2","value":"0.00"},{"name":"bv_share","year":"2022Q4","value":"1.76"},{"name":"bv_share","year":"2023Q2","value":"1.69"},{"name":"fcf_yield","year":"2020Q4","value":"0.0%"},{"name":"fcf_yield","year":"2021Q4","value":"0.0%"},{"name":"fcf_yield","year":"2022Q2","value":""},{"name":"fcf_yield","year":"2022Q4","value":""},{"name":"fcf_yield","year":"2023Q2","value":""},{"name":"roe","year":"2020Q4","value":"0.0%"},{"name":"roe","year":"2021Q4","value":"0.0%"},{"name":"roe","year":"2022Q2","value":""},{"name":"roe","year":"2022Q4","value":"0.0%"},{"name":"roe","year":"2023Q2","value":"-6.0%"},{"name":"roa","year":"2020Q4","value":"0.0%"},{"name":"roa","year":"2021Q4","value":"0.0%"},{"name":"roa","year":"2022Q2","value":""},{"name":"roa","year":"2022Q4","value":"0.0%"},{"name":"roa","year":"2023Q2","value":"-2.8%"},{"name":"p_e","year":"2020Q4","value":""},{"name":"p_e","year":"2021Q4","value":""},{"name":"p_e","year":"2022Q2","value":"0.00"},{"name":"p_e","year":"2022Q4","value":""},{"name":"p_e","year":"2023Q2","value":"0.00"},{"name":"p_bv","year":"2020Q4","value":"1.78"},{"name":"p_bv","year":"2021Q4","value":"1.81"},{"name":"p_bv","year":"2022Q2","value":""},{"name":"p_bv","year":"2022Q4","value":"0.00"},{"name":"p_bv","year":"2023Q2","value":"0.00"}]