[
  {
    "name": "revenue",
    "year": "2013",
    "value": 4.332
  },
  {
    "name": "revenue",
    "year": "2014",
    "value": 5.345
  },
  {
    "name": "revenue",
    "year": "2015",
    "value": 8.966
  },
  {
    "name": "revenue",
    "year": "2016",
    "value": 8.044
  },
  {
    "name": "revenue",
    "year": "2017",
    "value": 5.613
  },
  {
    "name": "revenue",
    "year": "2018",
    "value": 5.151
  },
  {
    "name": "revenue",
    "year": "2019",
    "value": 4.3
  },
  {
    "name": "revenue",
    "year": "2020",
    "value": 7.65
  },
  {
    "name": "revenue",
    "year": "2021",
    "value": 15.76
  },
  {
    "name": "operating_income",
    "year": "2017",
    "value": -0.272
  },
  {
    "name": "operating_income",
    "year": "2018",
    "value": -1.0
  },
  {
    "name": "operating_income",
    "year": "2019",
    "value": -0.147
  },
  {
    "name": "operating_income",
    "year": "2020",
    "value": 3.75
  },
  {
    "name": "operating_income",
    "year": "2021",
    "value": 12.43
  },
  {
    "name": "net_income",
    "year": "2013",
    "value": 0.227
  },
  {
    "name": "net_income",
    "year": "2014",
    "value": 2.984
  },
  {
    "name": "net_income",
    "year": "2015",
    "value": 3.319
  },
  {
    "name": "net_income",
    "year": "2016",
    "value": 0.651
  },
  {
    "name": "net_income",
    "year": "2017",
    "value": -0.367
  },
  {
    "name": "net_income",
    "year": "2018",
    "value": 0.275
  },
  {
    "name": "net_income",
    "year": "2019",
    "value": -1.09
  },
  {
    "name": "net_income",
    "year": "2020",
    "value": -0.12
  },
  {
    "name": "net_income",
    "year": "2021",
    "value": -0.069
  },
  {
    "name": "net_income",
    "year": "2022",
    "value": 0.27
  },
  {
    "name": "net_income",
    "year": "2023",
    "value": 2.45
  },
  {
    "name": "cost_of_production",
    "year": "2013",
    "value": 3.98
  },
  {
    "name": "cost_of_production",
    "year": "2014",
    "value": 3.705
  },
  {
    "name": "cost_of_production",
    "year": "2015",
    "value": 6.331
  },
  {
    "name": "cost_of_production",
    "year": "2016",
    "value": 5.09
  },
  {
    "name": "cost_of_production",
    "year": "2017",
    "value": 5.541
  },
  {
    "name": "cost_of_production",
    "year": "2018",
    "value": 5.795
  },
  {
    "name": "cost_of_production",
    "year": "2019",
    "value": 4.2
  },
  {
    "name": "cost_of_production",
    "year": "2020",
    "value": 3.898
  },
  {
    "name": "cost_of_production",
    "year": "2021",
    "value": 3.325
  },
  {
    "name": "assets",
    "year": "2017",
    "value": 17.54
  },
  {
    "name": "assets",
    "year": "2018",
    "value": 17.84
  },
  {
    "name": "assets",
    "year": "2019",
    "value": 16.63
  },
  {
    "name": "assets",
    "year": "2020",
    "value": 15.21
  },
  {
    "name": "assets",
    "year": "2021",
    "value": 15.14
  },
  {
    "name": "assets",
    "year": "2022",
    "value": 15.48
  },
  {
    "name": "assets",
    "year": "2023",
    "value": 17.9
  },
  {
    "name": "net_assets",
    "year": "2017",
    "value": 15.93
  },
  {
    "name": "net_assets",
    "year": "2018",
    "value": 16.21
  },
  {
    "name": "net_assets",
    "year": "2019",
    "value": 15.11
  },
  {
    "name": "net_assets",
    "year": "2020",
    "value": 15.0
  },
  {
    "name": "net_assets",
    "year": "2021",
    "value": 14.93
  },
  {
    "name": "net_assets",
    "year": "2022",
    "value": 15.2
  },
  {
    "name": "net_assets",
    "year": "2023",
    "value": 17.64
  },
  {
    "name": "cash",
    "year": "2017",
    "value": 0.5
  },
  {
    "name": "cash",
    "year": "2018",
    "value": 0.51
  },
  {
    "name": "cash",
    "year": "2019",
    "value": 1.15
  },
  {
    "name": "net_debt",
    "year": "2013",
    "value": 0.0
  },
  {
    "name": "net_debt",
    "year": "2014",
    "value": 0.0
  },
  {
    "name": "net_debt",
    "year": "2015",
    "value": 0.0
  },
  {
    "name": "net_debt",
    "year": "2016",
    "value": 0.0
  },
  {
    "name": "net_debt",
    "year": "2017",
    "value": -0.5
  },
  {
    "name": "net_debt",
    "year": "2018",
    "value": -0.51
  },
  {
    "name": "net_debt",
    "year": "2019",
    "value": -1.15
  },
  {
    "name": "net_debt",
    "year": "2020",
    "value": 0.0
  },
  {
    "name": "net_debt",
    "year": "2021",
    "value": 0.0
  },
  {
    "name": "net_debt",
    "year": "2022",
    "value": 0.0
  },
  {
    "name": "net_debt",
    "year": "2023",
    "value": 0.0
  },
  {
    "name": "common_share",
    "year": "2016",
    "value": 1320.0
  },
  {
    "name": "common_share",
    "year": "2017",
    "value": 850.0
  },
  {
    "name": "common_share",
    "year": "2018",
    "value": 890.0
  },
  {
    "name": "common_share",
    "year": "2019",
    "value": 750.0
  },
  {
    "name": "common_share",
    "year": "2020",
    "value": 976.0
  },
  {
    "name": "common_share",
    "year": "2021",
    "value": 1097.0
  },
  {
    "name": "common_share",
    "year": "2022",
    "value": 926.0
  },
  {
    "name": "common_share",
    "year": "2023",
    "value": 1514.0
  },
  {
    "name": "number_of_shares",
    "year": "2013",
    "value": 7.02727
  },
  {
    "name": "number_of_shares",
    "year": "2014",
    "value": 7.02727
  },
  {
    "name": "number_of_shares",
    "year": "2015",
    "value": 7.02727
  },
  {
    "name": "number_of_shares",
    "year": "2016",
    "value": 7.02727
  },
  {
    "name": "number_of_shares",
    "year": "2017",
    "value": 7.02727
  },
  {
    "name": "number_of_shares",
    "year": "2018",
    "value": 7.02727
  },
  {
    "name": "number_of_shares",
    "year": "2019",
    "value": 7.02727
  },
  {
    "name": "number_of_shares",
    "year": "2020",
    "value": 7.02727
  },
  {
    "name": "number_of_shares",
    "year": "2021",
    "value": 7.02727
  },
  {
    "name": "number_of_shares",
    "year": "2022",
    "value": 7.02727
  },
  {
    "name": "number_of_shares",
    "year": "2023",
    "value": 7.02727
  },
  {
    "name": "number_of_priv_shares",
    "year": "2013",
    "value": 0.41301
  },
  {
    "name": "number_of_priv_shares",
    "year": "2014",
    "value": 0.41301
  },
  {
    "name": "number_of_priv_shares",
    "year": "2015",
    "value": 0.41301
  },
  {
    "name": "number_of_priv_shares",
    "year": "2016",
    "value": 0.41301
  },
  {
    "name": "number_of_priv_shares",
    "year": "2017",
    "value": 0.41301
  },
  {
    "name": "number_of_priv_shares",
    "year": "2018",
    "value": 0.41301
  },
  {
    "name": "number_of_priv_shares",
    "year": "2019",
    "value": 0.41301
  },
  {
    "name": "number_of_priv_shares",
    "year": "2020",
    "value": 0.41301
  },
  {
    "name": "number_of_priv_shares",
    "year": "2021",
    "value": 0.41301
  },
  {
    "name": "number_of_priv_shares",
    "year": "2022",
    "value": 0.41301
  },
  {
    "name": "number_of_priv_shares",
    "year": "2023",
    "value": 0.41301
  },
  {
    "name": "market_cap",
    "year": "2013",
    "value": 0.0
  },
  {
    "name": "market_cap",
    "year": "2014",
    "value": 0.0
  },
  {
    "name": "market_cap",
    "year": "2015",
    "value": 0.0
  },
  {
    "name": "market_cap",
    "year": "2016",
    "value": 9.2759964
  },
  {
    "name": "market_cap",
    "year": "2017",
    "value": 5.9731795
  },
  {
    "name": "market_cap",
    "year": "2018",
    "value": 6.2542703
  },
  {
    "name": "market_cap",
    "year": "2019",
    "value": 5.2704525
  },
  {
    "name": "market_cap",
    "year": "2020",
    "value": 6.85861552
  },
  {
    "name": "market_cap",
    "year": "2021",
    "value": 7.70891519
  },
  {
    "name": "market_cap",
    "year": "2022",
    "value": 6.50725202
  },
  {
    "name": "market_cap",
    "year": "2023",
    "value": 10.63928678
  },
  {
    "name": "ev",
    "year": "2013",
    "value": 0.0
  },
  {
    "name": "ev",
    "year": "2014",
    "value": 0.0
  },
  {
    "name": "ev",
    "year": "2015",
    "value": 0.0
  },
  {
    "name": "ev",
    "year": "2016",
    "value": 9.2759964
  },
  {
    "name": "ev",
    "year": "2017",
    "value": 5.4731795
  },
  {
    "name": "ev",
    "year": "2018",
    "value": 5.7442703
  },
  {
    "name": "ev",
    "year": "2019",
    "value": 4.1204525
  },
  {
    "name": "ev",
    "year": "2020",
    "value": 6.85861552
  },
  {
    "name": "ev",
    "year": "2021",
    "value": 7.70891519
  },
  {
    "name": "ev",
    "year": "2022",
    "value": 6.50725202
  },
  {
    "name": "ev",
    "year": "2023",
    "value": 10.63928678
  },
  {
    "name": "book_value",
    "year": "2013",
    "value": 0.0
  },
  {
    "name": "book_value",
    "year": "2014",
    "value": 0.0
  },
  {
    "name": "book_value",
    "year": "2015",
    "value": 0.0
  },
  {
    "name": "book_value",
    "year": "2016",
    "value": 0.0
  },
  {
    "name": "book_value",
    "year": "2017",
    "value": 15.93
  },
  {
    "name": "book_value",
    "year": "2018",
    "value": 16.21
  },
  {
    "name": "book_value",
    "year": "2019",
    "value": 15.11
  },
  {
    "name": "book_value",
    "year": "2020",
    "value": 15.0
  },
  {
    "name": "book_value",
    "year": "2021",
    "value": 14.93
  },
  {
    "name": "book_value",
    "year": "2022",
    "value": 15.2
  },
  {
    "name": "book_value",
    "year": "2023",
    "value": 17.64
  },
  {
    "name": "eps",
    "year": "2013",
    "value": 32.3027292249
  },
  {
    "name": "eps",
    "year": "2014",
    "value": 424.631471396
  },
  {
    "name": "eps",
    "year": "2015",
    "value": 472.302899988
  },
  {
    "name": "eps",
    "year": "2016",
    "value": 92.6391045171
  },
  {
    "name": "eps",
    "year": "2017",
    "value": -52.2251172931
  },
  {
    "name": "eps",
    "year": "2018",
    "value": 39.1332622768
  },
  {
    "name": "eps",
    "year": "2019",
    "value": -155.110021388
  },
  {
    "name": "eps",
    "year": "2020",
    "value": -17.0763326299
  },
  {
    "name": "eps",
    "year": "2021",
    "value": -9.81889126218
  },
  {
    "name": "eps",
    "year": "2022",
    "value": 38.4217484172
  },
  {
    "name": "eps",
    "year": "2023",
    "value": 348.641791193
  },
  {
    "name": "fcf_share",
    "year": "2013",
    "value": 0.0
  },
  {
    "name": "fcf_share",
    "year": "2014",
    "value": 0.0
  },
  {
    "name": "fcf_share",
    "year": "2015",
    "value": 0.0
  },
  {
    "name": "fcf_share",
    "year": "2016",
    "value": 0.0
  },
  {
    "name": "fcf_share",
    "year": "2017",
    "value": -104.307931814
  },
  {
    "name": "fcf_share",
    "year": "2018",
    "value": 2.13454157874
  },
  {
    "name": "fcf_share",
    "year": "2019",
    "value": 67.1669083442
  },
  {
    "name": "fcf_share",
    "year": "2020",
    "value": 179.01688707
  },
  {
    "name": "fcf_share",
    "year": "2021",
    "value": 65.7438806251
  },
  {
    "name": "fcf_share",
    "year": "2022",
    "value": 0.0
  },
  {
    "name": "fcf_share",
    "year": "2023",
    "value": 0.0
  },
  {
    "name": "bv_share",
    "year": "2013",
    "value": 0.0
  },
  {
    "name": "bv_share",
    "year": "2014",
    "value": 0.0
  },
  {
    "name": "bv_share",
    "year": "2015",
    "value": 0.0
  },
  {
    "name": "bv_share",
    "year": "2016",
    "value": 0.0
  },
  {
    "name": "bv_share",
    "year": "2017",
    "value": 2266.88315662
  },
  {
    "name": "bv_share",
    "year": "2018",
    "value": 2306.72793275
  },
  {
    "name": "bv_share",
    "year": "2019",
    "value": 2150.19488365
  },
  {
    "name": "bv_share",
    "year": "2020",
    "value": 2134.54157874
  },
  {
    "name": "bv_share",
    "year": "2021",
    "value": 2124.5803847
  },
  {
    "name": "bv_share",
    "year": "2022",
    "value": 2163.00213312
  },
  {
    "name": "bv_share",
    "year": "2023",
    "value": 2510.22089659
  },
  {
    "name": "ebitda_margin",
    "year": "2013",
    "value": 0.0
  },
  {
    "name": "ebitda_margin",
    "year": "2014",
    "value": 0.0
  },
  {
    "name": "ebitda_margin",
    "year": "2015",
    "value": 0.0
  },
  {
    "name": "ebitda_margin",
    "year": "2016",
    "value": 0.0
  },
  {
    "name": "ebitda_margin",
    "year": "2017",
    "value": 0.0
  },
  {
    "name": "ebitda_margin",
    "year": "2018",
    "value": 0.0
  },
  {
    "name": "ebitda_margin",
    "year": "2019",
    "value": 0.0
  },
  {
    "name": "ebitda_margin",
    "year": "2020",
    "value": 0.0
  },
  {
    "name": "ebitda_margin",
    "year": "2021",
    "value": 0.0
  },
  {
    "name": "net_margin",
    "year": "2013",
    "value": 5.24007386888
  },
  {
    "name": "net_margin",
    "year": "2014",
    "value": 55.82787652009999
  },
  {
    "name": "net_margin",
    "year": "2015",
    "value": 37.017622128
  },
  {
    "name": "net_margin",
    "year": "2016",
    "value": 8.0929885629
  },
  {
    "name": "net_margin",
    "year": "2017",
    "value": -6.538393016210001
  },
  {
    "name": "net_margin",
    "year": "2018",
    "value": 5.33876917103
  },
  {
    "name": "net_margin",
    "year": "2019",
    "value": -25.3488372093
  },
  {
    "name": "net_margin",
    "year": "2020",
    "value": -1.56862745098
  },
  {
    "name": "net_margin",
    "year": "2021",
    "value": -0.437817258883
  },
  {
    "name": "fcf_yield",
    "year": "2016",
    "value": 0.0
  },
  {
    "name": "fcf_yield",
    "year": "2017",
    "value": -12.2715213899
  },
  {
    "name": "fcf_yield",
    "year": "2018",
    "value": 0.239836132442
  },
  {
    "name": "fcf_yield",
    "year": "2019",
    "value": 8.95558777923
  },
  {
    "name": "fcf_yield",
    "year": "2020",
    "value": 18.341894167
  },
  {
    "name": "fcf_yield",
    "year": "2021",
    "value": 5.99306113264
  },
  {
    "name": "fcf_yield",
    "year": "2022",
    "value": 0.0
  },
  {
    "name": "fcf_yield",
    "year": "2023",
    "value": 0.0
  },
  {
    "name": "roe",
    "year": "2017",
    "value": -2.30382925298
  },
  {
    "name": "roe",
    "year": "2018",
    "value": 1.6964836520700002
  },
  {
    "name": "roe",
    "year": "2019",
    "value": -7.21376571807
  },
  {
    "name": "roe",
    "year": "2020",
    "value": -0.8
  },
  {
    "name": "roe",
    "year": "2021",
    "value": -0.46215673141299995
  },
  {
    "name": "roe",
    "year": "2022",
    "value": 1.77631578947
  },
  {
    "name": "roe",
    "year": "2023",
    "value": 13.8888888889
  },
  {
    "name": "roa",
    "year": "2017",
    "value": -2.09236031927
  },
  {
    "name": "roa",
    "year": "2018",
    "value": 1.54147982063
  },
  {
    "name": "roa",
    "year": "2019",
    "value": -6.55441972339
  },
  {
    "name": "roa",
    "year": "2020",
    "value": -0.7889546351079999
  },
  {
    "name": "roa",
    "year": "2021",
    "value": -0.45574636723899997
  },
  {
    "name": "roa",
    "year": "2022",
    "value": 1.74418604651
  },
  {
    "name": "roa",
    "year": "2023",
    "value": 13.687150838
  },
  {
    "name": "p_e",
    "year": "2013",
    "value": 0.0
  },
  {
    "name": "p_e",
    "year": "2014",
    "value": 0.0
  },
  {
    "name": "p_e",
    "year": "2015",
    "value": 0.0
  },
  {
    "name": "p_e",
    "year": "2016",
    "value": 14.2488423963
  },
  {
    "name": "p_e",
    "year": "2017",
    "value": -16.2756934605
  },
  {
    "name": "p_e",
    "year": "2018",
    "value": 22.7428010909
  },
  {
    "name": "p_e",
    "year": "2019",
    "value": -4.83527752294
  },
  {
    "name": "p_e",
    "year": "2020",
    "value": -57.1551293333
  },
  {
    "name": "p_e",
    "year": "2021",
    "value": -111.723408551
  },
  {
    "name": "p_e",
    "year": "2022",
    "value": 24.1009334074
  },
  {
    "name": "p_e",
    "year": "2023",
    "value": 4.34256603265
  },
  {
    "name": "p_s",
    "year": "2013",
    "value": 0.0
  },
  {
    "name": "p_s",
    "year": "2014",
    "value": 0.0
  },
  {
    "name": "p_s",
    "year": "2015",
    "value": 0.0
  },
  {
    "name": "p_s",
    "year": "2016",
    "value": 1.15315718548
  },
  {
    "name": "p_s",
    "year": "2017",
    "value": 1.06416880456
  },
  {
    "name": "p_s",
    "year": "2018",
    "value": 1.21418565327
  },
  {
    "name": "p_s",
    "year": "2019",
    "value": 1.22568662791
  },
  {
    "name": "p_s",
    "year": "2020",
    "value": 0.896551048366
  },
  {
    "name": "p_s",
    "year": "2021",
    "value": 0.489144364848
  },
  {
    "name": "p_bv",
    "year": "2017",
    "value": 0.374964187068
  },
  {
    "name": "p_bv",
    "year": "2018",
    "value": 0.385827902529
  },
  {
    "name": "p_bv",
    "year": "2019",
    "value": 0.348805592323
  },
  {
    "name": "p_bv",
    "year": "2020",
    "value": 0.457241034667
  },
  {
    "name": "p_bv",
    "year": "2021",
    "value": 0.516337253182
  },
  {
    "name": "p_bv",
    "year": "2022",
    "value": 0.428108685526
  },
  {
    "name": "p_bv",
    "year": "2023",
    "value": 0.603134171202
  },
  {
    "name": "capex_revenue",
    "year": "2013",
    "value": 0.0
  },
  {
    "name": "capex_revenue",
    "year": "2014",
    "value": 0.0
  },
  {
    "name": "capex_revenue",
    "year": "2015",
    "value": 0.0
  },
  {
    "name": "capex_revenue",
    "year": "2016",
    "value": 0.0
  },
  {
    "name": "capex_revenue",
    "year": "2017",
    "value": 13.1658649564
  },
  {
    "name": "capex_revenue",
    "year": "2018",
    "value": 13.70607649
  },
  {
    "name": "capex_revenue",
    "year": "2019",
    "value": 6.53488372093
  },
  {
    "name": "capex_revenue",
    "year": "2020",
    "value": 1.5947712418300002
  },
  {
    "name": "capex_revenue",
    "year": "2021",
    "value": 0.05076142131980001
  }
]