[{"name":"date","year":"2019","value":"15.06.2020"},{"name":"date","year":"2020","value":"01.04.2021"},{"name":"date","year":"2021","value":"31.03.2022"},{"name":"date","year":"2022","value":"02.05.2024"},{"name":"date","year":"2023","value":"02.05.2024"},{"name":"currency","year":"2019","value":"RUB"},{"name":"currency","year":"2020","value":"RUB"},{"name":"currency","year":"2021","value":"RUB"},{"name":"currency","year":"2022","value":"RUB"},{"name":"currency","year":"2023","value":"RUB"},{"name":"report_url","year":"2019","value":"http://www.e-disclosure.ru/portal/FileLoad.ashx?Fileid=1642175"},{"name":"report_url","year":"2020","value":"https://www.e-disclosure.ru/portal/FileLoad.ashx?Fileid=1689109"},{"name":"report_url","year":"2021","value":"https://www.e-disclosure.ru/portal/FileLoad.ashx?Fileid=1741582"},{"name":"report_url","year":"2022","value":""},{"name":"report_url","year":"2023","value":"https://www.e-disclosure.ru/portal/FileLoad.ashx?Fileid=1835143"},{"name":"revenue","year":"2019","value":"4.30"},{"name":"revenue","year":"2020","value":"7.65"},{"name":"revenue","year":"2021","value":"15.8"},{"name":"revenue","year":"2022","value":""},{"name":"revenue","year":"2023","value":""},{"name":"operating_income","year":"2019","value":"-0.147"},{"name":"operating_income","year":"2020","value":"3.75"},{"name":"operating_income","year":"2021","value":"12.4"},{"name":"operating_income","year":"2022","value":""},{"name":"operating_income","year":"2023","value":""},{"name":"net_income","year":"2019","value":"-1.09"},{"name":"net_income","year":"2020","value":"-0.120"},{"name":"net_income","year":"2021","value":"-0.069"},{"name":"net_income","year":"2022","value":"0.270"},{"name":"net_income","year":"2023","value":"2.45"},{"name":"ocf","year":"2019","value":"0.753"},{"name":"ocf","year":"2020","value":"1.38"},{"name":"ocf","year":"2021","value":"0.470"},{"name":"ocf","year":"2022","value":""},{"name":"ocf","year":"2023","value":""},{"name":"capex","year":"2019","value":"0.281"},{"name":"capex","year":"2020","value":"0.122"},{"name":"capex","year":"2021","value":"0.008"},{"name":"capex","year":"2022","value":""},{"name":"capex","year":"2023","value":""},{"name":"fcf","year":"2019","value":"0.472"},{"name":"fcf","year":"2020","value":"1.26"},{"name":"fcf","year":"2021","value":"0.462"},{"name":"fcf","year":"2022","value":""},{"name":"fcf","year":"2023","value":""},{"name":"div_yield","year":"2019","value":"0.0%"},{"name":"div_yield","year":"2020","value":"0.0%"},{"name":"div_yield","year":"2021","value":"0.0%"},{"name":"div_yield","year":"2022","value":"0.0%"},{"name":"div_yield","year":"2023","value":"0.0%"},{"name":"div_payout_ratio","year":"2019","value":"0%"},{"name":"div_payout_ratio","year":"2020","value":"0%"},{"name":"div_payout_ratio","year":"2021","value":"0%"},{"name":"div_payout_ratio","year":"2022","value":"0%"},{"name":"div_payout_ratio","year":"2023","value":"0%"},{"name":"cost_of_production","year":"2019","value":"4.20"},{"name":"cost_of_production","year":"2020","value":"3.90"},{"name":"cost_of_production","year":"2021","value":"3.33"},{"name":"cost_of_production","year":"2022","value":""},{"name":"cost_of_production","year":"2023","value":""},{"name":"employment_expenses","year":"2019","value":"1.54"},{"name":"employment_expenses","year":"2020","value":"1.20"},{"name":"employment_expenses","year":"2021","value":"0.035"},{"name":"employment_expenses","year":"2022","value":""},{"name":"employment_expenses","year":"2023","value":""},{"name":"assets","year":"2019","value":"16.6"},{"name":"assets","year":"2020","value":"15.2"},{"name":"assets","year":"2021","value":"15.1"},{"name":"assets","year":"2022","value":"15.5"},{"name":"assets","year":"2023","value":"17.9"},{"name":"net_assets","year":"2019","value":"15.1"},{"name":"net_assets","year":"2020","value":"15.0"},{"name":"net_assets","year":"2021","value":"14.9"},{"name":"net_assets","year":"2022","value":"15.2"},{"name":"net_assets","year":"2023","value":"17.6"},{"name":"cash","year":"2019","value":"1.15"},{"name":"cash","year":"2020","value":""},{"name":"cash","year":"2021","value":""},{"name":"cash","year":"2022","value":""},{"name":"cash","year":"2023","value":""},{"name":"net_debt","year":"2019","value":"-1.15"},{"name":"net_debt","year":"2020","value":"0.00"},{"name":"net_debt","year":"2021","value":"0.00"},{"name":"net_debt","year":"2022","value":"0.00"},{"name":"net_debt","year":"2023","value":"0.00"},{"name":"common_share","year":"2019","value":"750.0"},{"name":"common_share","year":"2020","value":"976.0"},{"name":"common_share","year":"2021","value":"1 097"},{"name":"common_share","year":"2022","value":"926.0"},{"name":"common_share","year":"2023","value":"1 514"},{"name":"number_of_shares","year":"2019","value":"7.03"},{"name":"number_of_shares","year":"2020","value":"7.03"},{"name":"number_of_shares","year":"2021","value":"7.03"},{"name":"number_of_shares","year":"2022","value":"7.03"},{"name":"number_of_shares","year":"2023","value":"7.03"},{"name":"number_of_priv_shares","year":"2019","value":"0.413"},{"name":"number_of_priv_shares","year":"2020","value":"0.413"},{"name":"number_of_priv_shares","year":"2021","value":"0.413"},{"name":"number_of_priv_shares","year":"2022","value":"0.413"},{"name":"number_of_priv_shares","year":"2023","value":"0.413"},{"name":"market_cap","year":"2019","value":"5.27"},{"name":"market_cap","year":"2020","value":"6.86"},{"name":"market_cap","year":"2021","value":"7.71"},{"name":"market_cap","year":"2022","value":"6.51"},{"name":"market_cap","year":"2023","value":"10.6"},{"name":"ev","year":"2019","value":"4.12"},{"name":"ev","year":"2020","value":"6.86"},{"name":"ev","year":"2021","value":"7.71"},{"name":"ev","year":"2022","value":"6.51"},{"name":"ev","year":"2023","value":"10.6"},{"name":"book_value","year":"2019","value":"15.1"},{"name":"book_value","year":"2020","value":"15.0"},{"name":"book_value","year":"2021","value":"14.9"},{"name":"book_value","year":"2022","value":"15.2"},{"name":"book_value","year":"2023","value":"17.6"},{"name":"eps","year":"2019","value":"-155.1"},{"name":"eps","year":"2020","value":"-17.1"},{"name":"eps","year":"2021","value":"-9.82"},{"name":"eps","year":"2022","value":"38.4"},{"name":"eps","year":"2023","value":"348.6"},{"name":"fcf_share","year":"2019","value":"67.2"},{"name":"fcf_share","year":"2020","value":"179.0"},{"name":"fcf_share","year":"2021","value":"65.7"},{"name":"fcf_share","year":"2022","value":"0.00"},{"name":"fcf_share","year":"2023","value":"0.00"},{"name":"bv_share","year":"2019","value":"2 150"},{"name":"bv_share","year":"2020","value":"2 135"},{"name":"bv_share","year":"2021","value":"2 125"},{"name":"bv_share","year":"2022","value":"2 163"},{"name":"bv_share","year":"2023","value":"2 510"},{"name":"ebitda_margin","year":"2019","value":"0.0%"},{"name":"ebitda_margin","year":"2020","value":"0.0%"},{"name":"ebitda_margin","year":"2021","value":"0.0%"},{"name":"ebitda_margin","year":"2022","value":""},{"name":"ebitda_margin","year":"2023","value":""},{"name":"net_margin","year":"2019","value":"-25.3%"},{"name":"net_margin","year":"2020","value":"-1.6%"},{"name":"net_margin","year":"2021","value":"-0.4%"},{"name":"net_margin","year":"2022","value":""},{"name":"net_margin","year":"2023","value":""},{"name":"fcf_yield","year":"2019","value":"9.0%"},{"name":"fcf_yield","year":"2020","value":"18.3%"},{"name":"fcf_yield","year":"2021","value":"6.0%"},{"name":"fcf_yield","year":"2022","value":"0.0%"},{"name":"fcf_yield","year":"2023","value":"0.0%"},{"name":"roe","year":"2019","value":"-7.2%"},{"name":"roe","year":"2020","value":"-0.8%"},{"name":"roe","year":"2021","value":"-0.5%"},{"name":"roe","year":"2022","value":"1.8%"},{"name":"roe","year":"2023","value":"13.9%"},{"name":"roa","year":"2019","value":"-6.6%"},{"name":"roa","year":"2020","value":"-0.8%"},{"name":"roa","year":"2021","value":"-0.5%"},{"name":"roa","year":"2022","value":"1.7%"},{"name":"roa","year":"2023","value":"13.7%"},{"name":"p_e","year":"2019","value":"-4.84"},{"name":"p_e","year":"2020","value":"-57.2"},{"name":"p_e","year":"2021","value":"-111.7"},{"name":"p_e","year":"2022","value":"24.1"},{"name":"p_e","year":"2023","value":"4.34"},{"name":"p_fcf","year":"2019","value":"11.2"},{"name":"p_fcf","year":"2020","value":"5.45"},{"name":"p_fcf","year":"2021","value":"16.7"},{"name":"p_fcf","year":"2022","value":""},{"name":"p_fcf","year":"2023","value":""},{"name":"p_s","year":"2019","value":"1.23"},{"name":"p_s","year":"2020","value":"0.90"},{"name":"p_s","year":"2021","value":"0.49"},{"name":"p_s","year":"2022","value":""},{"name":"p_s","year":"2023","value":""},{"name":"p_bv","year":"2019","value":"0.35"},{"name":"p_bv","year":"2020","value":"0.46"},{"name":"p_bv","year":"2021","value":"0.52"},{"name":"p_bv","year":"2022","value":"0.43"},{"name":"p_bv","year":"2023","value":"0.60"},{"name":"r_and_d_capex","year":"2019","value":"0.00%"},{"name":"r_and_d_capex","year":"2020","value":"0.00%"},{"name":"r_and_d_capex","year":"2021","value":"0.00%"},{"name":"r_and_d_capex","year":"2022","value":""},{"name":"r_and_d_capex","year":"2023","value":""},{"name":"capex_revenue","year":"2019","value":"7%"},{"name":"capex_revenue","year":"2020","value":"2%"},{"name":"capex_revenue","year":"2021","value":"0%"},{"name":"capex_revenue","year":"2022","value":""},{"name":"capex_revenue","year":"2023","value":""}]