[{"name":"date","year":"2019","value":"13.07.2020"},{"name":"date","year":"2020","value":"30.04.2021"},{"name":"date","year":"2021","value":"29.04.2022"},{"name":"date","year":"2022","value":"15.04.2024"},{"name":"date","year":"2023","value":"15.04.2024"},{"name":"date","year":"LTM\n?","value":"15.04.2024"},{"name":"currency","year":"2019","value":"RUB"},{"name":"currency","year":"2020","value":"RUB"},{"name":"currency","year":"2021","value":"RUB"},{"name":"currency","year":"2022","value":"RUB"},{"name":"currency","year":"2023","value":"RUB"},{"name":"currency","year":"LTM\n?","value":"RUB"},{"name":"report_url","year":"2019","value":"http://www.e-disclosure.ru/portal/FileLoad.ashx?Fileid=1649246"},{"name":"report_url","year":"2020","value":"https://e-disclosure.ru/portal/FileLoad.ashx?Fileid=1698392"},{"name":"report_url","year":"2021","value":"https://www.e-disclosure.ru/portal/FileLoad.ashx?Fileid=1747789"},{"name":"report_url","year":"2022","value":""},{"name":"report_url","year":"2023","value":"https://www.e-disclosure.ru/portal/FileLoad.ashx?Fileid=1831492"},{"name":"report_url","year":"LTM\n?","value":"https://www.e-disclosure.ru/portal/FileLoad.ashx?Fileid=1831492"},{"name":"year_report_url","year":"2019","value":"https://e-disclosure.ru/portal/FileLoad.ashx?Fileid=1636895"},{"name":"year_report_url","year":"2020","value":"https://e-disclosure.ru/portal/FileLoad.ashx?Fileid=1703454"},{"name":"year_report_url","year":"2021","value":"https://www.e-disclosure.ru/portal/FileLoad.ashx?Fileid=1751500"},{"name":"year_report_url","year":"2022","value":""},{"name":"year_report_url","year":"2023","value":"https://www.e-disclosure.ru/portal/FileLoad.ashx?Fileid=1836687"},{"name":"year_report_url","year":"LTM\n?","value":""},{"name":"revenue","year":"2019","value":"112.4"},{"name":"revenue","year":"2020","value":"113.6"},{"name":"revenue","year":"2021","value":"176.3"},{"name":"revenue","year":"2022","value":"168.0"},{"name":"revenue","year":"2023","value":"161.5"},{"name":"revenue","year":"LTM\n?","value":"161.5"},{"name":"operating_income","year":"2019","value":"0.307"},{"name":"operating_income","year":"2020","value":"6.26"},{"name":"operating_income","year":"2021","value":"10.7"},{"name":"operating_income","year":"2022","value":"8.82"},{"name":"operating_income","year":"2023","value":"16.1"},{"name":"operating_income","year":"LTM\n?","value":"16.1"},{"name":"ebitda","year":"2019","value":"3.90"},{"name":"ebitda","year":"2020","value":"9.78"},{"name":"ebitda","year":"2021","value":"14.3"},{"name":"ebitda","year":"2022","value":"12.1"},{"name":"ebitda","year":"2023","value":"19.6"},{"name":"ebitda","year":"LTM\n?","value":"19.6"},{"name":"net_income","year":"2019","value":"3.90"},{"name":"net_income","year":"2020","value":"-0.490"},{"name":"net_income","year":"2021","value":"6.49"},{"name":"net_income","year":"2022","value":"12.9"},{"name":"net_income","year":"2023","value":"4.18"},{"name":"net_income","year":"LTM\n?","value":"4.18"},{"name":"ocf","year":"2019","value":"8.54"},{"name":"ocf","year":"2020","value":"-3.76"},{"name":"ocf","year":"2021","value":"0.045"},{"name":"ocf","year":"2022","value":"-2.34"},{"name":"ocf","year":"2023","value":"29.1"},{"name":"ocf","year":"LTM\n?","value":"29.1"},{"name":"capex","year":"2019","value":"0.270"},{"name":"capex","year":"2020","value":"0.300"},{"name":"capex","year":"2021","value":"1.24"},{"name":"capex","year":"2022","value":"1.80"},{"name":"capex","year":"2023","value":"6.89"},{"name":"capex","year":"LTM\n?","value":"6.89"},{"name":"fcf","year":"2019","value":"4.97"},{"name":"fcf","year":"2020","value":"-6.82"},{"name":"fcf","year":"2021","value":"4.00"},{"name":"fcf","year":"2022","value":"0.100"},{"name":"fcf","year":"2023","value":"25.6"},{"name":"fcf","year":"LTM\n?","value":"25.6"},{"name":"div_yield","year":"2019","value":"0.0%"},{"name":"div_yield","year":"2020","value":"0.0%"},{"name":"div_yield","year":"2021","value":"0.0%"},{"name":"div_yield","year":"2022","value":"0.0%"},{"name":"div_yield","year":"2023","value":"0.0%"},{"name":"div_yield","year":"LTM\n?","value":"0"},{"name":"div_payout_ratio","year":"2019","value":"0%"},{"name":"div_payout_ratio","year":"2020","value":"0%"},{"name":"div_payout_ratio","year":"2021","value":"0%"},{"name":"div_payout_ratio","year":"2022","value":"0%"},{"name":"div_payout_ratio","year":"2023","value":"0%"},{"name":"div_payout_ratio","year":"LTM\n?","value":"0"},{"name":"opex","year":"2019","value":"10.8"},{"name":"opex","year":"2020","value":"12.1"},{"name":"opex","year":"2021","value":"17.7"},{"name":"opex","year":"2022","value":"17.5"},{"name":"opex","year":"2023","value":"16.0"},{"name":"opex","year":"LTM\n?","value":"28.1"},{"name":"cost_of_production","year":"2019","value":"101.4"},{"name":"cost_of_production","year":"2020","value":"95.2"},{"name":"cost_of_production","year":"2021","value":"147.8"},{"name":"cost_of_production","year":"2022","value":"141.6"},{"name":"cost_of_production","year":"2023","value":"129.4"},{"name":"cost_of_production","year":"LTM\n?","value":"129.4"},{"name":"amortization","year":"2019","value":""},{"name":"amortization","year":"2020","value":""},{"name":"amortization","year":"2021","value":""},{"name":"amortization","year":"2022","value":"3.3"},{"name":"amortization","year":"2023","value":"3.4"},{"name":"amortization","year":"LTM\n?","value":"3.4"},{"name":"employment_expenses","year":"2019","value":"0.890"},{"name":"employment_expenses","year":"2020","value":"0.800"},{"name":"employment_expenses","year":"2021","value":"0.800"},{"name":"employment_expenses","year":"2022","value":""},{"name":"employment_expenses","year":"2023","value":""},{"name":"employment_expenses","year":"LTM\n?","value":""},{"name":"interest_expenses","year":"2019","value":"8.98"},{"name":"interest_expenses","year":"2020","value":"8.95"},{"name":"interest_expenses","year":"2021","value":"10.0"},{"name":"interest_expenses","year":"2022","value":"11.4"},{"name":"interest_expenses","year":"2023","value":"12.5"},{"name":"interest_expenses","year":"LTM\n?","value":"12.5"},{"name":"assets","year":"2019","value":"214.8"},{"name":"assets","year":"2020","value":"284.3"},{"name":"assets","year":"2021","value":"252.9"},{"name":"assets","year":"2022","value":"250.5"},{"name":"assets","year":"2023","value":"245.5"},{"name":"assets","year":"LTM\n?","value":"245.5"},{"name":"net_assets","year":"2019","value":"37.0"},{"name":"net_assets","year":"2020","value":"36.5"},{"name":"net_assets","year":"2021","value":"43.1"},{"name":"net_assets","year":"2022","value":"55.9"},{"name":"net_assets","year":"2023","value":"61.7"},{"name":"net_assets","year":"LTM\n?","value":"61.7"},{"name":"debt","year":"2019","value":"150.1"},{"name":"debt","year":"2020","value":"216.7"},{"name":"debt","year":"2021","value":"185.5"},{"name":"debt","year":"2022","value":"170.2"},{"name":"debt","year":"2023","value":"155.7"},{"name":"debt","year":"LTM\n?","value":"155.7"},{"name":"cash","year":"2019","value":"0.470"},{"name":"cash","year":"2020","value":"0.022"},{"name":"cash","year":"2021","value":"4.73"},{"name":"cash","year":"2022","value":"0.360"},{"name":"cash","year":"2023","value":"0.650"},{"name":"cash","year":"LTM\n?","value":"0.650"},{"name":"net_debt","year":"2019","value":"149.6"},{"name":"net_debt","year":"2020","value":"216.7"},{"name":"net_debt","year":"2021","value":"180.8"},{"name":"net_debt","year":"2022","value":"169.8"},{"name":"net_debt","year":"2023","value":"155.1"},{"name":"net_debt","year":"LTM\n?","value":"155.1"},{"name":"common_share","year":"2019","value":"2 530"},{"name":"common_share","year":"2020","value":"2 785"},{"name":"common_share","year":"2021","value":"4 720"},{"name":"common_share","year":"2022","value":"3 550"},{"name":"common_share","year":"2023","value":"9 310"},{"name":"common_share","year":"LTM\n?","value":"6 600"},{"name":"number_of_shares","year":"2019","value":"3.16"},{"name":"number_of_shares","year":"2020","value":"3.16"},{"name":"number_of_shares","year":"2021","value":"3.16"},{"name":"number_of_shares","year":"2022","value":"3.16"},{"name":"number_of_shares","year":"2023","value":"3.16"},{"name":"number_of_shares","year":"LTM\n?","value":"3.16"},{"name":"market_cap","year":"2019","value":"8.00"},{"name":"market_cap","year":"2020","value":"8.81"},{"name":"market_cap","year":"2021","value":"14.9"},{"name":"market_cap","year":"2022","value":"11.2"},{"name":"market_cap","year":"2023","value":"29.4"},{"name":"market_cap","year":"LTM\n?","value":"20.9"},{"name":"ev","year":"2019","value":"157.6"},{"name":"ev","year":"2020","value":"225.5"},{"name":"ev","year":"2021","value":"195.7"},{"name":"ev","year":"2022","value":"181.1"},{"name":"ev","year":"2023","value":"184.5"},{"name":"ev","year":"LTM\n?","value":"175.9"},{"name":"book_value","year":"2019","value":"36.9"},{"name":"book_value","year":"2020","value":"36.5"},{"name":"book_value","year":"2021","value":"43.0"},{"name":"book_value","year":"2022","value":"55.9"},{"name":"book_value","year":"2023","value":"61.7"},{"name":"book_value","year":"LTM\n?","value":"61.7"},{"name":"eps","year":"2019","value":"1 233"},{"name":"eps","year":"2020","value":"-155.0"},{"name":"eps","year":"2021","value":"2 052"},{"name":"eps","year":"2022","value":"4 073"},{"name":"eps","year":"2023","value":"1 322"},{"name":"eps","year":"LTM\n?","value":"1 322"},{"name":"fcf_share","year":"2019","value":"1 572"},{"name":"fcf_share","year":"2020","value":"-2 156"},{"name":"fcf_share","year":"2021","value":"1 265"},{"name":"fcf_share","year":"2022","value":"31.6"},{"name":"fcf_share","year":"2023","value":"8 090"},{"name":"fcf_share","year":"LTM\n?","value":"8 090"},{"name":"bv_share","year":"2019","value":"11 673"},{"name":"bv_share","year":"2020","value":"11 528"},{"name":"bv_share","year":"2021","value":"13 610"},{"name":"bv_share","year":"2022","value":"17 680"},{"name":"bv_share","year":"2023","value":"19 516"},{"name":"bv_share","year":"LTM\n?","value":"19 516"},{"name":"ebitda_margin","year":"2019","value":"3.5%"},{"name":"ebitda_margin","year":"2020","value":"8.6%"},{"name":"ebitda_margin","year":"2021","value":"8.1%"},{"name":"ebitda_margin","year":"2022","value":"7.2%"},{"name":"ebitda_margin","year":"2023","value":"12.1%"},{"name":"ebitda_margin","year":"LTM\n?","value":"12.1%"},{"name":"net_margin","year":"2019","value":"3.5%"},{"name":"net_margin","year":"2020","value":"-0.4%"},{"name":"net_margin","year":"2021","value":"3.7%"},{"name":"net_margin","year":"2022","value":"7.7%"},{"name":"net_margin","year":"2023","value":"2.6%"},{"name":"net_margin","year":"LTM\n?","value":"2.6%"},{"name":"fcf_yield","year":"2019","value":"62.1%"},{"name":"fcf_yield","year":"2020","value":"-77.4%"},{"name":"fcf_yield","year":"2021","value":"26.8%"},{"name":"fcf_yield","year":"2022","value":"0.9%"},{"name":"fcf_yield","year":"2023","value":"86.9%"},{"name":"fcf_yield","year":"LTM\n?","value":"122.6%"},{"name":"roe","year":"2019","value":"10.5%"},{"name":"roe","year":"2020","value":"-1.3%"},{"name":"roe","year":"2021","value":"15.1%"},{"name":"roe","year":"2022","value":"23.0%"},{"name":"roe","year":"2023","value":"6.8%"},{"name":"roe","year":"LTM\n?","value":"6.8%"},{"name":"roa","year":"2019","value":"1.8%"},{"name":"roa","year":"2020","value":"-0.2%"},{"name":"roa","year":"2021","value":"2.6%"},{"name":"roa","year":"2022","value":"5.1%"},{"name":"roa","year":"2023","value":"1.7%"},{"name":"roa","year":"LTM\n?","value":"1.7%"},{"name":"p_e","year":"2019","value":"2.05"},{"name":"p_e","year":"2020","value":"-18.0"},{"name":"p_e","year":"2021","value":"2.30"},{"name":"p_e","year":"2022","value":"0.87"},{"name":"p_e","year":"2023","value":"7.04"},{"name":"p_e","year":"LTM\n?","value":"4.99"},{"name":"p_fcf","year":"2019","value":"1.61"},{"name":"p_fcf","year":"2020","value":"-1.29"},{"name":"p_fcf","year":"2021","value":"3.73"},{"name":"p_fcf","year":"2022","value":"112.3"},{"name":"p_fcf","year":"2023","value":"1.15"},{"name":"p_fcf","year":"LTM\n?","value":"0.82"},{"name":"p_s","year":"2019","value":"0.07"},{"name":"p_s","year":"2020","value":"0.08"},{"name":"p_s","year":"2021","value":"0.08"},{"name":"p_s","year":"2022","value":"0.07"},{"name":"p_s","year":"2023","value":"0.18"},{"name":"p_s","year":"LTM\n?","value":"0.13"},{"name":"p_bv","year":"2019","value":"0.22"},{"name":"p_bv","year":"2020","value":"0.24"},{"name":"p_bv","year":"2021","value":"0.35"},{"name":"p_bv","year":"2022","value":"0.20"},{"name":"p_bv","year":"2023","value":"0.48"},{"name":"p_bv","year":"LTM\n?","value":"0.34"},{"name":"ev_ebitda","year":"2019","value":"40.4"},{"name":"ev_ebitda","year":"2020","value":"23.1"},{"name":"ev_ebitda","year":"2021","value":"13.7"},{"name":"ev_ebitda","year":"2022","value":"14.9"},{"name":"ev_ebitda","year":"2023","value":"9.41"},{"name":"ev_ebitda","year":"LTM\n?","value":"8.98"},{"name":"debt_ebitda","year":"2019","value":"38.4"},{"name":"debt_ebitda","year":"2020","value":"22.2"},{"name":"debt_ebitda","year":"2021","value":"12.7"},{"name":"debt_ebitda","year":"2022","value":"14.0"},{"name":"debt_ebitda","year":"2023","value":"7.91"},{"name":"debt_ebitda","year":"LTM\n?","value":"7.91"},{"name":"r_and_d_capex","year":"2019","value":"0.00%"},{"name":"r_and_d_capex","year":"2020","value":"0.00%"},{"name":"r_and_d_capex","year":"2021","value":"0.00%"},{"name":"r_and_d_capex","year":"2022","value":"0.00%"},{"name":"r_and_d_capex","year":"2023","value":"0.00%"},{"name":"r_and_d_capex","year":"LTM\n?","value":"0"},{"name":"capex_revenue","year":"2019","value":"0%"},{"name":"capex_revenue","year":"2020","value":"0%"},{"name":"capex_revenue","year":"2021","value":"1%"},{"name":"capex_revenue","year":"2022","value":"1%"},{"name":"capex_revenue","year":"2023","value":"4%"},{"name":"capex_revenue","year":"LTM\n?","value":"4%"}]