[{"name":"date","year":"2019","value":"12.03.2020"},{"name":"date","year":"2020","value":"10.03.2021"},{"name":"date","year":"2021","value":"09.03.2022"},{"name":"date","year":"2022","value":"24.03.2023"},{"name":"date","year":"2023","value":"06.03.2024"},{"name":"date","year":"LTM\n?","value":"23.08.2024"},{"name":"currency","year":"2019","value":"RUB"},{"name":"currency","year":"2020","value":"RUB"},{"name":"currency","year":"2021","value":"RUB"},{"name":"currency","year":"2022","value":"RUB"},{"name":"currency","year":"2023","value":"RUB"},{"name":"currency","year":"LTM\n?","value":"RUB"},{"name":"report_url","year":"2019","value":"https://www.bspb.ru/investors/financial-statements/IFRS/IFRS_FY2019_rus.pdf"},{"name":"report_url","year":"2020","value":"https://www.bspb.ru/investors/financial-statements/IFRS/IFRS_FY2020_rus.pdf"},{"name":"report_url","year":"2021","value":"https://www.bspb.ru/investors/financial-statements/IFRS/IFRS_FY2021_rus.pdf"},{"name":"report_url","year":"2022","value":""},{"name":"report_url","year":"2023","value":"https://www.bspb.ru/media/BSPB_IFRS_2023_summary_RUS_059cff92f6.pdf"},{"name":"report_url","year":"LTM\n?","value":"https://www.bspb.ru/media/BSPB_IFRS_6m24_special_rus_1e95236dd8.pdf"},{"name":"year_report_url","year":"2019","value":"https://www.bspb.ru/investors/annual-reports/2019-godovoy-otchot.pdf"},{"name":"year_report_url","year":"2020","value":"https://www.bspb.ru/investors/annual-reports/2020-godovoy-otchot.pdf"},{"name":"year_report_url","year":"2021","value":""},{"name":"year_report_url","year":"2022","value":""},{"name":"year_report_url","year":"2023","value":"https://www.e-disclosure.ru/portal/FileLoad.ashx?Fileid=1826515"},{"name":"year_report_url","year":"LTM\n?","value":""},{"name":"presentation_url","year":"2019","value":"https://www.bspb.ru/investors/financial-statements/RAS/01.01.2020.zip"},{"name":"presentation_url","year":"2020","value":"https://www.bspb.ru/investors/results/2020/FY2020_Webcast.pdf"},{"name":"presentation_url","year":"2021","value":""},{"name":"presentation_url","year":"2022","value":""},{"name":"presentation_url","year":"2023","value":""},{"name":"presentation_url","year":"LTM\n?","value":"https://www.bspb.ru/media/2_Q2024_financials_ru_49f36b29b6.pdf"},{"name":"net_operating_income","year":"2019","value":"30.9"},{"name":"net_operating_income","year":"2020","value":"37.9"},{"name":"net_operating_income","year":"2021","value":"44.5"},{"name":"net_operating_income","year":"2022","value":""},{"name":"net_operating_income","year":"2023","value":"73.6"},{"name":"net_operating_income","year":"LTM\n?","value":""},{"name":"net_interest_income","year":"2019","value":"23.3"},{"name":"net_interest_income","year":"2020","value":"25.5"},{"name":"net_interest_income","year":"2021","value":"28.1"},{"name":"net_interest_income","year":"2022","value":""},{"name":"net_interest_income","year":"2023","value":"50.8"},{"name":"net_interest_income","year":"LTM\n?","value":"62.6"},{"name":"commission_income","year":"2019","value":"6.80"},{"name":"commission_income","year":"2020","value":"7.50"},{"name":"commission_income","year":"2021","value":"9.00"},{"name":"commission_income","year":"2022","value":""},{"name":"commission_income","year":"2023","value":"12.5"},{"name":"commission_income","year":"LTM\n?","value":"11.5"},{"name":"interest_income_on_securities","year":"2019","value":"-0.700"},{"name":"interest_income_on_securities","year":"2020","value":"2.50"},{"name":"interest_income_on_securities","year":"2021","value":"5.30"},{"name":"interest_income_on_securities","year":"2022","value":""},{"name":"interest_income_on_securities","year":"2023","value":"10.3"},{"name":"interest_income_on_securities","year":"LTM\n?","value":"6.99"},{"name":"net_income","year":"2019","value":"7.91"},{"name":"net_income","year":"2020","value":"10.8"},{"name":"net_income","year":"2021","value":"18.1"},{"name":"net_income","year":"2022","value":"47.5"},{"name":"net_income","year":"2023","value":"47.8"},{"name":"net_income","year":"LTM\n?","value":"43.3"},{"name":"ocf","year":"2019","value":""},{"name":"ocf","year":"2020","value":"24.7"},{"name":"ocf","year":"2021","value":"28.8"},{"name":"ocf","year":"2022","value":""},{"name":"ocf","year":"2023","value":""},{"name":"ocf","year":"LTM\n?","value":""},{"name":"dividend_payout","year":"2019","value":"1.59"},{"name":"dividend_payout","year":"2020","value":"2.17"},{"name":"dividend_payout","year":"2021","value":"0.002"},{"name":"dividend_payout","year":"2022","value":"15.2"},{"name":"dividend_payout","year":"2023","value":"19.6"},{"name":"dividend_payout","year":"LTM\n?","value":"23.0"},{"name":"dividend","year":"2019","value":"3.33"},{"name":"dividend","year":"2020","value":"4.56"},{"name":"dividend","year":"2021","value":""},{"name":"dividend","year":"2022","value":"32.97"},{"name":"dividend","year":"2023","value":"42.45"},{"name":"dividend","year":"LTM\n?","value":"50.63"},{"name":"div_yield","year":"2019","value":"5.9%"},{"name":"div_yield","year":"2020","value":"8.8%"},{"name":"div_yield","year":"2021","value":"0.0%"},{"name":"div_yield","year":"2022","value":"33.0%"},{"name":"div_yield","year":"2023","value":"19.7%"},{"name":"div_yield","year":"LTM\n?","value":"14.5%"},{"name":"dividend_pr","year":"2019","value":"0.11"},{"name":"dividend_pr","year":"2020","value":"0.22"},{"name":"dividend_pr","year":"2021","value":"0.11"},{"name":"dividend_pr","year":"2022","value":"0.33"},{"name":"dividend_pr","year":"2023","value":"0.44"},{"name":"dividend_pr","year":"LTM\n?","value":"0.44"},{"name":"div_yield_priv","year":"2019","value":"11.0%"},{"name":"div_yield_priv","year":"2020","value":"22.0%"},{"name":"div_yield_priv","year":"2021","value":"0.6%"},{"name":"div_yield_priv","year":"2022","value":"1.3%"},{"name":"div_yield_priv","year":"2023","value":"0.9%"},{"name":"div_yield_priv","year":"LTM\n?","value":"0.9%"},{"name":"div_payout_ratio","year":"2019","value":"20%"},{"name":"div_payout_ratio","year":"2020","value":"20%"},{"name":"div_payout_ratio","year":"2021","value":"0%"},{"name":"div_payout_ratio","year":"2022","value":"32%"},{"name":"div_payout_ratio","year":"2023","value":"41%"},{"name":"div_payout_ratio","year":"LTM\n?","value":"53%"},{"name":"opex","year":"2019","value":"14.1"},{"name":"opex","year":"2020","value":"15.2"},{"name":"opex","year":"2021","value":"16.8"},{"name":"opex","year":"2022","value":""},{"name":"opex","year":"2023","value":"23.6"},{"name":"opex","year":"LTM\n?","value":"23.1"},{"name":"employment_expenses","year":"2019","value":"6.45"},{"name":"employment_expenses","year":"2020","value":"7.58"},{"name":"employment_expenses","year":"2021","value":"8.51"},{"name":"employment_expenses","year":"2022","value":""},{"name":"employment_expenses","year":"2023","value":""},{"name":"employment_expenses","year":"LTM\n?","value":""},{"name":"creation_of_provision_for_loan_impairment","year":"2019","value":"7.89"},{"name":"creation_of_provision_for_loan_impairment","year":"2020","value":"8.85"},{"name":"creation_of_provision_for_loan_impairment","year":"2021","value":"4.60"},{"name":"creation_of_provision_for_loan_impairment","year":"2022","value":"7.57"},{"name":"creation_of_provision_for_loan_impairment","year":"2023","value":"0.000"},{"name":"creation_of_provision_for_loan_impairment","year":"LTM\n?","value":"4.18"},{"name":"write_off_loans","year":"2019","value":""},{"name":"write_off_loans","year":"2020","value":"6.20"},{"name":"write_off_loans","year":"2021","value":"6.10"},{"name":"write_off_loans","year":"2022","value":""},{"name":"write_off_loans","year":"2023","value":""},{"name":"write_off_loans","year":"LTM\n?","value":""},{"name":"cash","year":"2019","value":"42.6"},{"name":"cash","year":"2020","value":"60.3"},{"name":"cash","year":"2021","value":"34.1"},{"name":"cash","year":"2022","value":"47.4"},{"name":"cash","year":"2023","value":"55.9"},{"name":"cash","year":"LTM\n?","value":"62.2"},{"name":"net_debt","year":"2019","value":"-42.6"},{"name":"net_debt","year":"2020","value":"-60.3"},{"name":"net_debt","year":"2021","value":"-34.1"},{"name":"net_debt","year":"2022","value":"-47.4"},{"name":"net_debt","year":"2023","value":"-55.9"},{"name":"net_debt","year":"LTM\n?","value":"-62.2"},{"name":"bank_assets","year":"2019","value":"673.7"},{"name":"bank_assets","year":"2020","value":"730.2"},{"name":"bank_assets","year":"2021","value":"796.6"},{"name":"bank_assets","year":"2022","value":"839.3"},{"name":"bank_assets","year":"2023","value":"1 057"},{"name":"bank_assets","year":"LTM\n?","value":"1 074"},{"name":"capital","year":"2019","value":"80.1"},{"name":"capital","year":"2020","value":"88.7"},{"name":"capital","year":"2021","value":"97.0"},{"name":"capital","year":"2022","value":"144.8"},{"name":"capital","year":"2023","value":"173.9"},{"name":"capital","year":"LTM\n?","value":"187.8"},{"name":"loan_portfolio","year":"2019","value":"401.5"},{"name":"loan_portfolio","year":"2020","value":"459.3"},{"name":"loan_portfolio","year":"2021","value":"513.9"},{"name":"loan_portfolio","year":"2022","value":"553.7"},{"name":"loan_portfolio","year":"2023","value":"686.3"},{"name":"loan_portfolio","year":"LTM\n?","value":"715.4"},{"name":"corporate_loans","year":"2019","value":"298.5"},{"name":"corporate_loans","year":"2020","value":"344.0"},{"name":"corporate_loans","year":"2021","value":"378.6"},{"name":"corporate_loans","year":"2022","value":"416.7"},{"name":"corporate_loans","year":"2023","value":"527.4"},{"name":"corporate_loans","year":"LTM\n?","value":"557.0"},{"name":"retail_loans","year":"2019","value":"99.1"},{"name":"retail_loans","year":"2020","value":"111.0"},{"name":"retail_loans","year":"2021","value":"131.9"},{"name":"retail_loans","year":"2022","value":"137.0"},{"name":"retail_loans","year":"2023","value":"158.9"},{"name":"retail_loans","year":"LTM\n?","value":"158.4"},{"name":"deposits","year":"2019","value":"417.6"},{"name":"deposits","year":"2020","value":"479.1"},{"name":"deposits","year":"2021","value":"505.2"},{"name":"deposits","year":"2022","value":"641.3"},{"name":"deposits","year":"2023","value":"646.4"},{"name":"deposits","year":"LTM\n?","value":"654.4"},{"name":"corporate_deposits","year":"2019","value":"168.6"},{"name":"corporate_deposits","year":"2020","value":"194.9"},{"name":"corporate_deposits","year":"2021","value":"204.2"},{"name":"corporate_deposits","year":"2022","value":"333.0"},{"name":"corporate_deposits","year":"2023","value":"250.9"},{"name":"corporate_deposits","year":"LTM\n?","value":"256.0"},{"name":"retail_deposits","year":"2019","value":"249.0"},{"name":"retail_deposits","year":"2020","value":"276.0"},{"name":"retail_deposits","year":"2021","value":"295.1"},{"name":"retail_deposits","year":"2022","value":"328.3"},{"name":"retail_deposits","year":"2023","value":"395.6"},{"name":"retail_deposits","year":"LTM\n?","value":"394.0"},{"name":"provision_for_loan_impairment","year":"2019","value":"33.4"},{"name":"provision_for_loan_impairment","year":"2020","value":"39.8"},{"name":"provision_for_loan_impairment","year":"2021","value":"40.1"},{"name":"provision_for_loan_impairment","year":"2022","value":"42.6"},{"name":"provision_for_loan_impairment","year":"2023","value":"34.6"},{"name":"provision_for_loan_impairment","year":"LTM\n?","value":"29.4"},{"name":"core_capital_adequacy_ratio","year":"2019","value":"11.5%"},{"name":"core_capital_adequacy_ratio","year":"2020","value":"9.60%"},{"name":"core_capital_adequacy_ratio","year":"2021","value":"11.2%"},{"name":"core_capital_adequacy_ratio","year":"2022","value":"18.1%"},{"name":"core_capital_adequacy_ratio","year":"2023","value":"18.6%"},{"name":"core_capital_adequacy_ratio","year":"LTM\n?","value":"17.0%"},{"name":"total_capital_adequacy_ratio","year":"2019","value":"14.8%"},{"name":"total_capital_adequacy_ratio","year":"2020","value":"13.5%"},{"name":"total_capital_adequacy_ratio","year":"2021","value":"13.4%"},{"name":"total_capital_adequacy_ratio","year":"2022","value":"20.3%"},{"name":"total_capital_adequacy_ratio","year":"2023","value":"20.3%"},{"name":"total_capital_adequacy_ratio","year":"LTM\n?","value":"20.9%"},{"name":"cost_of_risk_ratio","year":"2019","value":"1.80%"},{"name":"cost_of_risk_ratio","year":"2020","value":"2.10%"},{"name":"cost_of_risk_ratio","year":"2021","value":"1.10%"},{"name":"cost_of_risk_ratio","year":"2022","value":"1.30%"},{"name":"cost_of_risk_ratio","year":"2023","value":"-0.700%"},{"name":"cost_of_risk_ratio","year":"LTM\n?","value":"0.600%"},{"name":"loan_to_deposit_ratio","year":"2019","value":"96%"},{"name":"loan_to_deposit_ratio","year":"2020","value":"96%"},{"name":"loan_to_deposit_ratio","year":"2021","value":"102%"},{"name":"loan_to_deposit_ratio","year":"2022","value":"86%"},{"name":"loan_to_deposit_ratio","year":"2023","value":"106%"},{"name":"loan_to_deposit_ratio","year":"LTM\n?","value":"109%"},{"name":"share_of_non_performing_loans","year":"2019","value":"9.20%"},{"name":"share_of_non_performing_loans","year":"2020","value":"10.4%"},{"name":"share_of_non_performing_loans","year":"2021","value":"8.90%"},{"name":"share_of_non_performing_loans","year":"2022","value":"8.50%"},{"name":"share_of_non_performing_loans","year":"2023","value":"5.20%"},{"name":"share_of_non_performing_loans","year":"LTM\n?","value":""},{"name":"common_share","year":"2019","value":"56.3"},{"name":"common_share","year":"2020","value":"51.8"},{"name":"common_share","year":"2021","value":"82.1"},{"name":"common_share","year":"2022","value":"100.0"},{"name":"common_share","year":"2023","value":"215.6"},{"name":"common_share","year":"LTM\n?","value":"349.4"},{"name":"number_of_shares","year":"2019","value":"475.6"},{"name":"number_of_shares","year":"2020","value":"475.6"},{"name":"number_of_shares","year":"2021","value":"461.9"},{"name":"number_of_shares","year":"2022","value":"461.9"},{"name":"number_of_shares","year":"2023","value":"461.9"},{"name":"number_of_shares","year":"LTM\n?","value":"457.5"},{"name":"priv_share","year":"2019","value":"1.000"},{"name":"priv_share","year":"2020","value":"1.000"},{"name":"priv_share","year":"2021","value":"18.9"},{"name":"priv_share","year":"2022","value":"25.4"},{"name":"priv_share","year":"2023","value":"48.6"},{"name":"priv_share","year":"LTM\n?","value":"50.5"},{"name":"number_of_priv_shares","year":"2019","value":"20.1"},{"name":"number_of_priv_shares","year":"2020","value":"20.1"},{"name":"number_of_priv_shares","year":"2021","value":"20.1"},{"name":"number_of_priv_shares","year":"2022","value":"20.1"},{"name":"number_of_priv_shares","year":"2023","value":"20.1"},{"name":"number_of_priv_shares","year":"LTM\n?","value":"20.1"},{"name":"free_float","year":"2019","value":"35.2%"},{"name":"free_float","year":"2020","value":"35.2%"},{"name":"free_float","year":"2021","value":""},{"name":"free_float","year":"2022","value":""},{"name":"free_float","year":"2023","value":""},{"name":"free_float","year":"LTM\n?","value":""},{"name":"insider_own","year":"2019","value":"50.6%"},{"name":"insider_own","year":"2020","value":"51.8%"},{"name":"insider_own","year":"2021","value":""},{"name":"insider_own","year":"2022","value":""},{"name":"insider_own","year":"2023","value":""},{"name":"insider_own","year":"LTM\n?","value":""},{"name":"market_cap","year":"2019","value":"26.8"},{"name":"market_cap","year":"2020","value":"24.6"},{"name":"market_cap","year":"2021","value":"38.3"},{"name":"market_cap","year":"2022","value":"46.7"},{"name":"market_cap","year":"2023","value":"100.6"},{"name":"market_cap","year":"LTM\n?","value":"160.9"},{"name":"ev","year":"2019","value":"-15.8"},{"name":"ev","year":"2020","value":"-35.6"},{"name":"ev","year":"2021","value":"4.27"},{"name":"ev","year":"2022","value":"-0.66"},{"name":"ev","year":"2023","value":"44.7"},{"name":"ev","year":"LTM\n?","value":"98.7"},{"name":"eps","year":"2019","value":"16.6"},{"name":"eps","year":"2020","value":"22.7"},{"name":"eps","year":"2021","value":"39.2"},{"name":"eps","year":"2022","value":"102.8"},{"name":"eps","year":"2023","value":"103.5"},{"name":"eps","year":"LTM\n?","value":"94.6"},{"name":"fcf_yield","year":"2019","value":"0.0%"},{"name":"fcf_yield","year":"2020","value":"0.0%"},{"name":"fcf_yield","year":"2021","value":"0.0%"},{"name":"fcf_yield","year":"2022","value":"0.0%"},{"name":"fcf_yield","year":"2023","value":"0.0%"},{"name":"fcf_yield","year":"LTM\n?","value":"0.0%"},{"name":"roe","year":"2019","value":"10.2%"},{"name":"roe","year":"2020","value":"12.9%"},{"name":"roe","year":"2021","value":""},{"name":"roe","year":"2022","value":""},{"name":"roe","year":"2023","value":""},{"name":"roe","year":"LTM\n?","value":"24.2%"},{"name":"roa","year":"2019","value":"1.4%"},{"name":"roa","year":"2020","value":"1.5%"},{"name":"roa","year":"2021","value":""},{"name":"roa","year":"2022","value":""},{"name":"roa","year":"2023","value":""},{"name":"roa","year":"LTM\n?","value":""},{"name":"net_intertest_margin","year":"2019","value":"3.70%"},{"name":"net_intertest_margin","year":"2020","value":"3.90%"},{"name":"net_intertest_margin","year":"2021","value":""},{"name":"net_intertest_margin","year":"2022","value":""},{"name":"net_intertest_margin","year":"2023","value":"5.90%"},{"name":"net_intertest_margin","year":"LTM\n?","value":"6.60%"},{"name":"bank_margin","year":"2019","value":"25.6%"},{"name":"bank_margin","year":"2020","value":"28.5%"},{"name":"bank_margin","year":"2021","value":"40.7%"},{"name":"bank_margin","year":"2022","value":""},{"name":"bank_margin","year":"2023","value":"64.9%"},{"name":"bank_margin","year":"LTM\n?","value":""},{"name":"p_e","year":"2019","value":"3.39"},{"name":"p_e","year":"2020","value":"2.28"},{"name":"p_e","year":"2021","value":"2.12"},{"name":"p_e","year":"2022","value":"0.98"},{"name":"p_e","year":"2023","value":"2.10"},{"name":"p_e","year":"LTM\n?","value":"3.72"},{"name":"p_b","year":"2019","value":"0.33"},{"name":"p_b","year":"2020","value":"0.28"},{"name":"p_b","year":"2021","value":"0.40"},{"name":"p_b","year":"2022","value":"0.32"},{"name":"p_b","year":"2023","value":"0.58"},{"name":"p_b","year":"LTM\n?","value":"0.86"},{"name":"employees","year":"2019","value":"4 258"},{"name":"employees","year":"2020","value":"4 220"},{"name":"employees","year":"2021","value":""},{"name":"employees","year":"2022","value":""},{"name":"employees","year":"2023","value":""},{"name":"employees","year":"LTM\n?","value":""},{"name":"labour_productivity","year":"2019","value":"7.26"},{"name":"labour_productivity","year":"2020","value":"8.98"},{"name":"labour_productivity","year":"2021","value":""},{"name":"labour_productivity","year":"2022","value":""},{"name":"labour_productivity","year":"2023","value":""},{"name":"labour_productivity","year":"LTM\n?","value":""},{"name":"expenses_per_employee","year":"2019","value":"1 516"},{"name":"expenses_per_employee","year":"2020","value":"1 796"},{"name":"expenses_per_employee","year":"2021","value":""},{"name":"expenses_per_employee","year":"2022","value":""},{"name":"expenses_per_employee","year":"2023","value":""},{"name":"expenses_per_employee","year":"LTM\n?","value":""}]