[
  {
    "name": "net_operating_income",
    "year": "2011",
    "value": 16.084
  },
  {
    "name": "net_operating_income",
    "year": "2012",
    "value": 15.103
  },
  {
    "name": "net_operating_income",
    "year": "2013",
    "value": 17.937
  },
  {
    "name": "net_operating_income",
    "year": "2014",
    "value": 22.301
  },
  {
    "name": "net_operating_income",
    "year": "2015",
    "value": 28.017
  },
  {
    "name": "net_operating_income",
    "year": "2016",
    "value": 31.09
  },
  {
    "name": "net_operating_income",
    "year": "2017",
    "value": 33.217
  },
  {
    "name": "net_operating_income",
    "year": "2018",
    "value": 32.8
  },
  {
    "name": "net_operating_income",
    "year": "2019",
    "value": 30.9
  },
  {
    "name": "net_operating_income",
    "year": "2020",
    "value": 37.9
  },
  {
    "name": "net_operating_income",
    "year": "2021",
    "value": 44.5
  },
  {
    "name": "net_operating_income",
    "year": "2022",
    "value": null
  },
  {
    "name": "net_operating_income",
    "year": "2023",
    "value": 73.6
  },
  {
    "name": "net_operating_income",
    "year": "LTM",
    "value": null
  },
  {
    "name": "net_interest_income",
    "year": "2011",
    "value": 13.62
  },
  {
    "name": "net_interest_income",
    "year": "2012",
    "value": 11.982
  },
  {
    "name": "net_interest_income",
    "year": "2013",
    "value": 13.372
  },
  {
    "name": "net_interest_income",
    "year": "2014",
    "value": 18.51
  },
  {
    "name": "net_interest_income",
    "year": "2015",
    "value": 17.477
  },
  {
    "name": "net_interest_income",
    "year": "2016",
    "value": 22.145
  },
  {
    "name": "net_interest_income",
    "year": "2017",
    "value": 20.548
  },
  {
    "name": "net_interest_income",
    "year": "2018",
    "value": 21.9
  },
  {
    "name": "net_interest_income",
    "year": "2019",
    "value": 23.3
  },
  {
    "name": "net_interest_income",
    "year": "2020",
    "value": 25.5
  },
  {
    "name": "net_interest_income",
    "year": "2021",
    "value": 28.1
  },
  {
    "name": "net_interest_income",
    "year": "2022",
    "value": null
  },
  {
    "name": "net_interest_income",
    "year": "2023",
    "value": 50.8
  },
  {
    "name": "net_interest_income",
    "year": "LTM",
    "value": 62.62
  },
  {
    "name": "commission_income",
    "year": "2011",
    "value": 2.052
  },
  {
    "name": "commission_income",
    "year": "2012",
    "value": 2.349
  },
  {
    "name": "commission_income",
    "year": "2013",
    "value": 2.678
  },
  {
    "name": "commission_income",
    "year": "2014",
    "value": 3.721
  },
  {
    "name": "commission_income",
    "year": "2015",
    "value": 4.042
  },
  {
    "name": "commission_income",
    "year": "2016",
    "value": 4.7
  },
  {
    "name": "commission_income",
    "year": "2017",
    "value": 5.211
  },
  {
    "name": "commission_income",
    "year": "2018",
    "value": 5.9
  },
  {
    "name": "commission_income",
    "year": "2019",
    "value": 6.8
  },
  {
    "name": "commission_income",
    "year": "2020",
    "value": 7.5
  },
  {
    "name": "commission_income",
    "year": "2021",
    "value": 9.0
  },
  {
    "name": "commission_income",
    "year": "2022",
    "value": null
  },
  {
    "name": "commission_income",
    "year": "2023",
    "value": 12.5
  },
  {
    "name": "commission_income",
    "year": "LTM",
    "value": 11.48
  },
  {
    "name": "interest_income_on_securities",
    "year": "2012",
    "value": 0.83
  },
  {
    "name": "interest_income_on_securities",
    "year": "2013",
    "value": 1.813
  },
  {
    "name": "interest_income_on_securities",
    "year": "2014",
    "value": -0.388
  },
  {
    "name": "interest_income_on_securities",
    "year": "2015",
    "value": 6.179
  },
  {
    "name": "interest_income_on_securities",
    "year": "2016",
    "value": 4.169
  },
  {
    "name": "interest_income_on_securities",
    "year": "2017",
    "value": 6.25
  },
  {
    "name": "interest_income_on_securities",
    "year": "2018",
    "value": 3.973
  },
  {
    "name": "interest_income_on_securities",
    "year": "2019",
    "value": -0.7
  },
  {
    "name": "interest_income_on_securities",
    "year": "2020",
    "value": 2.5
  },
  {
    "name": "interest_income_on_securities",
    "year": "2021",
    "value": 5.3
  },
  {
    "name": "interest_income_on_securities",
    "year": "2022",
    "value": null
  },
  {
    "name": "interest_income_on_securities",
    "year": "2023",
    "value": 10.3
  },
  {
    "name": "interest_income_on_securities",
    "year": "LTM",
    "value": 6.99
  },
  {
    "name": "net_income",
    "year": "2007",
    "value": 2.0
  },
  {
    "name": "net_income",
    "year": "2008",
    "value": 2.774
  },
  {
    "name": "net_income",
    "year": "2009",
    "value": 0.64
  },
  {
    "name": "net_income",
    "year": "2010",
    "value": 4.115
  },
  {
    "name": "net_income",
    "year": "2011",
    "value": 5.885
  },
  {
    "name": "net_income",
    "year": "2012",
    "value": 1.304
  },
  {
    "name": "net_income",
    "year": "2013",
    "value": 6.695
  },
  {
    "name": "net_income",
    "year": "2014",
    "value": 4.796
  },
  {
    "name": "net_income",
    "year": "2015",
    "value": 3.619
  },
  {
    "name": "net_income",
    "year": "2016",
    "value": 4.28
  },
  {
    "name": "net_income",
    "year": "2017",
    "value": 7.491
  },
  {
    "name": "net_income",
    "year": "2018",
    "value": 8.937
  },
  {
    "name": "net_income",
    "year": "2019",
    "value": 7.906
  },
  {
    "name": "net_income",
    "year": "2020",
    "value": 10.8
  },
  {
    "name": "net_income",
    "year": "2021",
    "value": 18.1
  },
  {
    "name": "net_income",
    "year": "2022",
    "value": 47.5
  },
  {
    "name": "net_income",
    "year": "2023",
    "value": 47.8
  },
  {
    "name": "net_income",
    "year": "LTM",
    "value": 43.28
  },
  {
    "name": "opex",
    "year": "2011",
    "value": 6.127
  },
  {
    "name": "opex",
    "year": "2012",
    "value": 7.212
  },
  {
    "name": "opex",
    "year": "2013",
    "value": 7.679
  },
  {
    "name": "opex",
    "year": "2014",
    "value": 9.659
  },
  {
    "name": "opex",
    "year": "2015",
    "value": 10.841
  },
  {
    "name": "opex",
    "year": "2016",
    "value": 12.738
  },
  {
    "name": "opex",
    "year": "2017",
    "value": 13.5
  },
  {
    "name": "opex",
    "year": "2018",
    "value": 13.0
  },
  {
    "name": "opex",
    "year": "2019",
    "value": 14.1
  },
  {
    "name": "opex",
    "year": "2020",
    "value": 15.2
  },
  {
    "name": "opex",
    "year": "2021",
    "value": 16.812
  },
  {
    "name": "opex",
    "year": "2022",
    "value": null
  },
  {
    "name": "opex",
    "year": "2023",
    "value": 23.6
  },
  {
    "name": "opex",
    "year": "LTM",
    "value": 23.12
  },
  {
    "name": "employment_expenses",
    "year": "2013",
    "value": 3.31
  },
  {
    "name": "employment_expenses",
    "year": "2014",
    "value": 4.447
  },
  {
    "name": "employment_expenses",
    "year": "2015",
    "value": 4.474
  },
  {
    "name": "employment_expenses",
    "year": "2016",
    "value": 5.628
  },
  {
    "name": "employment_expenses",
    "year": "2017",
    "value": 5.971
  },
  {
    "name": "employment_expenses",
    "year": "2018",
    "value": 5.942
  },
  {
    "name": "employment_expenses",
    "year": "2019",
    "value": 6.454
  },
  {
    "name": "employment_expenses",
    "year": "2020",
    "value": 7.58
  },
  {
    "name": "employment_expenses",
    "year": "2021",
    "value": 8.508
  },
  {
    "name": "employment_expenses",
    "year": "LTM",
    "value": null
  },
  {
    "name": "creation_of_provision_for_loan_impairment",
    "year": "2011",
    "value": 3.442
  },
  {
    "name": "creation_of_provision_for_loan_impairment",
    "year": "2012",
    "value": 6.176
  },
  {
    "name": "creation_of_provision_for_loan_impairment",
    "year": "2013",
    "value": 4.495
  },
  {
    "name": "creation_of_provision_for_loan_impairment",
    "year": "2014",
    "value": 7.285
  },
  {
    "name": "creation_of_provision_for_loan_impairment",
    "year": "2015",
    "value": 12.293
  },
  {
    "name": "creation_of_provision_for_loan_impairment",
    "year": "2016",
    "value": 12.49
  },
  {
    "name": "creation_of_provision_for_loan_impairment",
    "year": "2017",
    "value": 9.575
  },
  {
    "name": "creation_of_provision_for_loan_impairment",
    "year": "2018",
    "value": 7.127
  },
  {
    "name": "creation_of_provision_for_loan_impairment",
    "year": "2019",
    "value": 7.885
  },
  {
    "name": "creation_of_provision_for_loan_impairment",
    "year": "2020",
    "value": 8.85
  },
  {
    "name": "creation_of_provision_for_loan_impairment",
    "year": "2021",
    "value": 4.6
  },
  {
    "name": "creation_of_provision_for_loan_impairment",
    "year": "2022",
    "value": 7.57
  },
  {
    "name": "creation_of_provision_for_loan_impairment",
    "year": "2023",
    "value": 0.0
  },
  {
    "name": "creation_of_provision_for_loan_impairment",
    "year": "LTM",
    "value": 4.18
  },
  {
    "name": "write_off_loans",
    "year": "2020",
    "value": 6.2
  },
  {
    "name": "write_off_loans",
    "year": "2021",
    "value": 6.1
  },
  {
    "name": "write_off_loans",
    "year": "LTM",
    "value": null
  },
  {
    "name": "cash",
    "year": "2013",
    "value": 40.06
  },
  {
    "name": "cash",
    "year": "2014",
    "value": 57.24
  },
  {
    "name": "cash",
    "year": "2015",
    "value": null
  },
  {
    "name": "cash",
    "year": "2016",
    "value": null
  },
  {
    "name": "cash",
    "year": "2017",
    "value": 39.2
  },
  {
    "name": "cash",
    "year": "2018",
    "value": 37.19
  },
  {
    "name": "cash",
    "year": "2019",
    "value": 42.56
  },
  {
    "name": "cash",
    "year": "2020",
    "value": 60.27
  },
  {
    "name": "cash",
    "year": "2021",
    "value": 34.052
  },
  {
    "name": "cash",
    "year": "2022",
    "value": 47.37
  },
  {
    "name": "cash",
    "year": "2023",
    "value": 55.9
  },
  {
    "name": "cash",
    "year": "LTM",
    "value": 62.17
  },
  {
    "name": "net_debt",
    "year": "2007",
    "value": 0.0
  },
  {
    "name": "net_debt",
    "year": "2008",
    "value": 0.0
  },
  {
    "name": "net_debt",
    "year": "2009",
    "value": 0.0
  },
  {
    "name": "net_debt",
    "year": "2010",
    "value": 0.0
  },
  {
    "name": "net_debt",
    "year": "2011",
    "value": 0.0
  },
  {
    "name": "net_debt",
    "year": "2012",
    "value": 0.0
  },
  {
    "name": "net_debt",
    "year": "2013",
    "value": -40.06
  },
  {
    "name": "net_debt",
    "year": "2014",
    "value": -11.299
  },
  {
    "name": "net_debt",
    "year": "2015",
    "value": 0.0
  },
  {
    "name": "net_debt",
    "year": "2016",
    "value": 0.0
  },
  {
    "name": "net_debt",
    "year": "2017",
    "value": -39.2
  },
  {
    "name": "net_debt",
    "year": "2018",
    "value": -37.19
  },
  {
    "name": "net_debt",
    "year": "2019",
    "value": -42.56
  },
  {
    "name": "net_debt",
    "year": "2020",
    "value": -60.27
  },
  {
    "name": "net_debt",
    "year": "2021",
    "value": -34.052
  },
  {
    "name": "net_debt",
    "year": "2022",
    "value": -47.37
  },
  {
    "name": "net_debt",
    "year": "2023",
    "value": -55.9
  },
  {
    "name": "net_debt",
    "year": "LTM",
    "value": -62.17
  },
  {
    "name": "bank_assets",
    "year": "2013",
    "value": 409.422
  },
  {
    "name": "bank_assets",
    "year": "2014",
    "value": 521.6
  },
  {
    "name": "bank_assets",
    "year": "2015",
    "value": 562.5
  },
  {
    "name": "bank_assets",
    "year": "2016",
    "value": 580.29
  },
  {
    "name": "bank_assets",
    "year": "2017",
    "value": 606.9
  },
  {
    "name": "bank_assets",
    "year": "2018",
    "value": 673.0
  },
  {
    "name": "bank_assets",
    "year": "2019",
    "value": 673.7
  },
  {
    "name": "bank_assets",
    "year": "2020",
    "value": 730.2
  },
  {
    "name": "bank_assets",
    "year": "2021",
    "value": 796.6
  },
  {
    "name": "bank_assets",
    "year": "2022",
    "value": 839.33
  },
  {
    "name": "bank_assets",
    "year": "2023",
    "value": 1057.3
  },
  {
    "name": "bank_assets",
    "year": "LTM",
    "value": 1074.0
  },
  {
    "name": "capital",
    "year": "2011",
    "value": 40.02
  },
  {
    "name": "capital",
    "year": "2012",
    "value": 40.32
  },
  {
    "name": "capital",
    "year": "2013",
    "value": 47.676
  },
  {
    "name": "capital",
    "year": "2014",
    "value": 51.294
  },
  {
    "name": "capital",
    "year": "2015",
    "value": 56.783
  },
  {
    "name": "capital",
    "year": "2016",
    "value": 60.9
  },
  {
    "name": "capital",
    "year": "2017",
    "value": 70.3
  },
  {
    "name": "capital",
    "year": "2018",
    "value": 74.567
  },
  {
    "name": "capital",
    "year": "2019",
    "value": 80.07
  },
  {
    "name": "capital",
    "year": "2020",
    "value": 88.7
  },
  {
    "name": "capital",
    "year": "2021",
    "value": 97.0
  },
  {
    "name": "capital",
    "year": "2022",
    "value": 144.8
  },
  {
    "name": "capital",
    "year": "2023",
    "value": 173.9
  },
  {
    "name": "capital",
    "year": "LTM",
    "value": 187.8
  },
  {
    "name": "loan_portfolio",
    "year": "2013",
    "value": 250.884
  },
  {
    "name": "loan_portfolio",
    "year": "2014",
    "value": 343.7
  },
  {
    "name": "loan_portfolio",
    "year": "2015",
    "value": 370.3
  },
  {
    "name": "loan_portfolio",
    "year": "2016",
    "value": 354.31
  },
  {
    "name": "loan_portfolio",
    "year": "2017",
    "value": 357.7
  },
  {
    "name": "loan_portfolio",
    "year": "2018",
    "value": 338.0
  },
  {
    "name": "loan_portfolio",
    "year": "2019",
    "value": 401.5
  },
  {
    "name": "loan_portfolio",
    "year": "2020",
    "value": 459.3
  },
  {
    "name": "loan_portfolio",
    "year": "2021",
    "value": 513.9
  },
  {
    "name": "loan_portfolio",
    "year": "2022",
    "value": 553.7
  },
  {
    "name": "loan_portfolio",
    "year": "2023",
    "value": 686.3
  },
  {
    "name": "loan_portfolio",
    "year": "LTM",
    "value": 715.4
  },
  {
    "name": "corporate_loans",
    "year": "2015",
    "value": 283.6
  },
  {
    "name": "corporate_loans",
    "year": "2016",
    "value": 256.6
  },
  {
    "name": "corporate_loans",
    "year": "2017",
    "value": 245.0
  },
  {
    "name": "corporate_loans",
    "year": "2018",
    "value": 253.0
  },
  {
    "name": "corporate_loans",
    "year": "2019",
    "value": 298.5
  },
  {
    "name": "corporate_loans",
    "year": "2020",
    "value": 344.0
  },
  {
    "name": "corporate_loans",
    "year": "2021",
    "value": 378.6
  },
  {
    "name": "corporate_loans",
    "year": "2022",
    "value": 416.7
  },
  {
    "name": "corporate_loans",
    "year": "2023",
    "value": 527.4
  },
  {
    "name": "corporate_loans",
    "year": "LTM",
    "value": 557.0
  },
  {
    "name": "retail_loans",
    "year": "2015",
    "value": 51.7
  },
  {
    "name": "retail_loans",
    "year": "2016",
    "value": 58.2
  },
  {
    "name": "retail_loans",
    "year": "2017",
    "value": 73.0
  },
  {
    "name": "retail_loans",
    "year": "2018",
    "value": 86.0
  },
  {
    "name": "retail_loans",
    "year": "2019",
    "value": 99.1
  },
  {
    "name": "retail_loans",
    "year": "2020",
    "value": 111.0
  },
  {
    "name": "retail_loans",
    "year": "2021",
    "value": 131.9
  },
  {
    "name": "retail_loans",
    "year": "2022",
    "value": 137.0
  },
  {
    "name": "retail_loans",
    "year": "2023",
    "value": 158.9
  },
  {
    "name": "retail_loans",
    "year": "LTM",
    "value": 158.4
  },
  {
    "name": "deposits",
    "year": "2013",
    "value": 253.127
  },
  {
    "name": "deposits",
    "year": "2014",
    "value": 308.482
  },
  {
    "name": "deposits",
    "year": "2015",
    "value": 325.962
  },
  {
    "name": "deposits",
    "year": "2016",
    "value": 333.3
  },
  {
    "name": "deposits",
    "year": "2017",
    "value": 353.0
  },
  {
    "name": "deposits",
    "year": "2018",
    "value": 414.0
  },
  {
    "name": "deposits",
    "year": "2019",
    "value": 417.6
  },
  {
    "name": "deposits",
    "year": "2020",
    "value": 479.1
  },
  {
    "name": "deposits",
    "year": "2021",
    "value": 505.2
  },
  {
    "name": "deposits",
    "year": "2022",
    "value": 641.3
  },
  {
    "name": "deposits",
    "year": "2023",
    "value": 646.4
  },
  {
    "name": "deposits",
    "year": "LTM",
    "value": 654.4
  },
  {
    "name": "corporate_deposits",
    "year": "2015",
    "value": 138.0
  },
  {
    "name": "corporate_deposits",
    "year": "2016",
    "value": 145.9
  },
  {
    "name": "corporate_deposits",
    "year": "2017",
    "value": 147.4
  },
  {
    "name": "corporate_deposits",
    "year": "2018",
    "value": 165.0
  },
  {
    "name": "corporate_deposits",
    "year": "2019",
    "value": 168.6
  },
  {
    "name": "corporate_deposits",
    "year": "2020",
    "value": 194.9
  },
  {
    "name": "corporate_deposits",
    "year": "2021",
    "value": 204.21
  },
  {
    "name": "corporate_deposits",
    "year": "2022",
    "value": 332.98
  },
  {
    "name": "corporate_deposits",
    "year": "2023",
    "value": 250.9
  },
  {
    "name": "corporate_deposits",
    "year": "LTM",
    "value": 256.0
  },
  {
    "name": "retail_deposits",
    "year": "2015",
    "value": 188.1
  },
  {
    "name": "retail_deposits",
    "year": "2016",
    "value": 187.4
  },
  {
    "name": "retail_deposits",
    "year": "2017",
    "value": 205.6
  },
  {
    "name": "retail_deposits",
    "year": "2018",
    "value": 249.0
  },
  {
    "name": "retail_deposits",
    "year": "2019",
    "value": 249.0
  },
  {
    "name": "retail_deposits",
    "year": "2020",
    "value": 276.0
  },
  {
    "name": "retail_deposits",
    "year": "2021",
    "value": 295.113
  },
  {
    "name": "retail_deposits",
    "year": "2022",
    "value": 328.3
  },
  {
    "name": "retail_deposits",
    "year": "2023",
    "value": 395.6
  },
  {
    "name": "retail_deposits",
    "year": "LTM",
    "value": 394.0
  },
  {
    "name": "provision_for_loan_impairment",
    "year": "2013",
    "value": 25.948
  },
  {
    "name": "provision_for_loan_impairment",
    "year": "2014",
    "value": 28.405
  },
  {
    "name": "provision_for_loan_impairment",
    "year": "2015",
    "value": 34.965
  },
  {
    "name": "provision_for_loan_impairment",
    "year": "2016",
    "value": 39.6
  },
  {
    "name": "provision_for_loan_impairment",
    "year": "2017",
    "value": 39.5
  },
  {
    "name": "provision_for_loan_impairment",
    "year": "2018",
    "value": 39.8
  },
  {
    "name": "provision_for_loan_impairment",
    "year": "2019",
    "value": 33.377
  },
  {
    "name": "provision_for_loan_impairment",
    "year": "2020",
    "value": 39.808
  },
  {
    "name": "provision_for_loan_impairment",
    "year": "2021",
    "value": 40.115
  },
  {
    "name": "provision_for_loan_impairment",
    "year": "2022",
    "value": 42.6
  },
  {
    "name": "provision_for_loan_impairment",
    "year": "2023",
    "value": 34.6
  },
  {
    "name": "provision_for_loan_impairment",
    "year": "LTM",
    "value": 29.38
  },
  {
    "name": "core_capital_adequacy_ratio",
    "year": "2012",
    "value": 9.9
  },
  {
    "name": "core_capital_adequacy_ratio",
    "year": "2013",
    "value": 10.8
  },
  {
    "name": "core_capital_adequacy_ratio",
    "year": "2014",
    "value": 10.2
  },
  {
    "name": "core_capital_adequacy_ratio",
    "year": "2015",
    "value": 9.9
  },
  {
    "name": "core_capital_adequacy_ratio",
    "year": "2016",
    "value": 8.91
  },
  {
    "name": "core_capital_adequacy_ratio",
    "year": "2017",
    "value": 10.02
  },
  {
    "name": "core_capital_adequacy_ratio",
    "year": "2018",
    "value": 13.4
  },
  {
    "name": "core_capital_adequacy_ratio",
    "year": "2019",
    "value": 11.5
  },
  {
    "name": "core_capital_adequacy_ratio",
    "year": "2020",
    "value": 9.6
  },
  {
    "name": "core_capital_adequacy_ratio",
    "year": "2021",
    "value": 11.200000000000001
  },
  {
    "name": "core_capital_adequacy_ratio",
    "year": "2022",
    "value": 18.099999999999998
  },
  {
    "name": "core_capital_adequacy_ratio",
    "year": "2023",
    "value": 18.6
  },
  {
    "name": "core_capital_adequacy_ratio",
    "year": "LTM",
    "value": 17.0
  },
  {
    "name": "total_capital_adequacy_ratio",
    "year": "2012",
    "value": 13.8
  },
  {
    "name": "total_capital_adequacy_ratio",
    "year": "2013",
    "value": 14.299999999999999
  },
  {
    "name": "total_capital_adequacy_ratio",
    "year": "2014",
    "value": 13.3
  },
  {
    "name": "total_capital_adequacy_ratio",
    "year": "2015",
    "value": 15.6
  },
  {
    "name": "total_capital_adequacy_ratio",
    "year": "2016",
    "value": 14.35
  },
  {
    "name": "total_capital_adequacy_ratio",
    "year": "2017",
    "value": 14.14
  },
  {
    "name": "total_capital_adequacy_ratio",
    "year": "2018",
    "value": 17.2
  },
  {
    "name": "total_capital_adequacy_ratio",
    "year": "2019",
    "value": 14.799999999999999
  },
  {
    "name": "total_capital_adequacy_ratio",
    "year": "2020",
    "value": 13.5
  },
  {
    "name": "total_capital_adequacy_ratio",
    "year": "2021",
    "value": 13.4
  },
  {
    "name": "total_capital_adequacy_ratio",
    "year": "2022",
    "value": 20.3
  },
  {
    "name": "total_capital_adequacy_ratio",
    "year": "2023",
    "value": 20.3
  },
  {
    "name": "total_capital_adequacy_ratio",
    "year": "LTM",
    "value": 20.9
  },
  {
    "name": "cost_of_risk_ratio",
    "year": "2011",
    "value": 1.6199999999999999
  },
  {
    "name": "cost_of_risk_ratio",
    "year": "2012",
    "value": 2.67
  },
  {
    "name": "cost_of_risk_ratio",
    "year": "2013",
    "value": 1.72
  },
  {
    "name": "cost_of_risk_ratio",
    "year": "2014",
    "value": 2.35
  },
  {
    "name": "cost_of_risk_ratio",
    "year": "2015",
    "value": 3.44
  },
  {
    "name": "cost_of_risk_ratio",
    "year": "2016",
    "value": 3.45
  },
  {
    "name": "cost_of_risk_ratio",
    "year": "2017",
    "value": 2.69
  },
  {
    "name": "cost_of_risk_ratio",
    "year": "2018",
    "value": 1.91
  },
  {
    "name": "cost_of_risk_ratio",
    "year": "2019",
    "value": 1.7999999999999998
  },
  {
    "name": "cost_of_risk_ratio",
    "year": "2020",
    "value": 2.1
  },
  {
    "name": "cost_of_risk_ratio",
    "year": "2021",
    "value": 1.0999999999999999
  },
  {
    "name": "cost_of_risk_ratio",
    "year": "2022",
    "value": 1.3
  },
  {
    "name": "cost_of_risk_ratio",
    "year": "2023",
    "value": -0.7000000000000001
  },
  {
    "name": "cost_of_risk_ratio",
    "year": "LTM",
    "value": 0.6
  },
  {
    "name": "loan_to_deposit_ratio",
    "year": "2013",
    "value": 99.1138835446
  },
  {
    "name": "loan_to_deposit_ratio",
    "year": "2014",
    "value": 111.41654942599999
  },
  {
    "name": "loan_to_deposit_ratio",
    "year": "2015",
    "value": 113.60219902899999
  },
  {
    "name": "loan_to_deposit_ratio",
    "year": "2016",
    "value": 106.303630363
  },
  {
    "name": "loan_to_deposit_ratio",
    "year": "2017",
    "value": 101.331444759
  },
  {
    "name": "loan_to_deposit_ratio",
    "year": "2018",
    "value": 81.6425120773
  },
  {
    "name": "loan_to_deposit_ratio",
    "year": "2019",
    "value": 96.1446360153
  },
  {
    "name": "loan_to_deposit_ratio",
    "year": "2020",
    "value": 95.8672510958
  },
  {
    "name": "loan_to_deposit_ratio",
    "year": "2021",
    "value": 101.722090261
  },
  {
    "name": "loan_to_deposit_ratio",
    "year": "2022",
    "value": 86.3402463746
  },
  {
    "name": "loan_to_deposit_ratio",
    "year": "2023",
    "value": 106.17264851499999
  },
  {
    "name": "loan_to_deposit_ratio",
    "year": "LTM",
    "value": 109.32151589242054
  },
  {
    "name": "share_of_non_performing_loans",
    "year": "2015",
    "value": 5.8999999999999995
  },
  {
    "name": "share_of_non_performing_loans",
    "year": "2016",
    "value": 6.0
  },
  {
    "name": "share_of_non_performing_loans",
    "year": "2017",
    "value": 5.4
  },
  {
    "name": "share_of_non_performing_loans",
    "year": "2018",
    "value": 10.8
  },
  {
    "name": "share_of_non_performing_loans",
    "year": "2019",
    "value": 9.2
  },
  {
    "name": "share_of_non_performing_loans",
    "year": "2020",
    "value": 10.4
  },
  {
    "name": "share_of_non_performing_loans",
    "year": "2021",
    "value": 8.9
  },
  {
    "name": "share_of_non_performing_loans",
    "year": "2022",
    "value": 8.5
  },
  {
    "name": "share_of_non_performing_loans",
    "year": "2023",
    "value": 5.2
  },
  {
    "name": "share_of_non_performing_loans",
    "year": "LTM",
    "value": null
  },
  {
    "name": "common_share",
    "year": "2008",
    "value": 33.16
  },
  {
    "name": "common_share",
    "year": "2009",
    "value": 83.97
  },
  {
    "name": "common_share",
    "year": "2010",
    "value": 170.0
  },
  {
    "name": "common_share",
    "year": "2011",
    "value": 72.5
  },
  {
    "name": "common_share",
    "year": "2012",
    "value": 49.81
  },
  {
    "name": "common_share",
    "year": "2013",
    "value": 42.0
  },
  {
    "name": "common_share",
    "year": "2014",
    "value": 24.45
  },
  {
    "name": "common_share",
    "year": "2015",
    "value": 43.55
  },
  {
    "name": "common_share",
    "year": "2016",
    "value": 67.0
  },
  {
    "name": "common_share",
    "year": "2017",
    "value": 58.8
  },
  {
    "name": "common_share",
    "year": "2018",
    "value": 44.28
  },
  {
    "name": "common_share",
    "year": "2019",
    "value": 56.3
  },
  {
    "name": "common_share",
    "year": "2020",
    "value": 51.79
  },
  {
    "name": "common_share",
    "year": "2021",
    "value": 82.14
  },
  {
    "name": "common_share",
    "year": "2022",
    "value": 100.02
  },
  {
    "name": "common_share",
    "year": "2023",
    "value": 215.64
  },
  {
    "name": "common_share",
    "year": "LTM",
    "value": 348.39
  },
  {
    "name": "number_of_shares",
    "year": "2007",
    "value": 475.554
  },
  {
    "name": "number_of_shares",
    "year": "2008",
    "value": null
  },
  {
    "name": "number_of_shares",
    "year": "2009",
    "value": null
  },
  {
    "name": "number_of_shares",
    "year": "2010",
    "value": null
  },
  {
    "name": "number_of_shares",
    "year": "2011",
    "value": 499.554
  },
  {
    "name": "number_of_shares",
    "year": "2012",
    "value": 439.554
  },
  {
    "name": "number_of_shares",
    "year": "2013",
    "value": 439.554
  },
  {
    "name": "number_of_shares",
    "year": "2014",
    "value": 439.554
  },
  {
    "name": "number_of_shares",
    "year": "2015",
    "value": 439.554
  },
  {
    "name": "number_of_shares",
    "year": "2016",
    "value": 439.554
  },
  {
    "name": "number_of_shares",
    "year": "2017",
    "value": 499.554
  },
  {
    "name": "number_of_shares",
    "year": "2018",
    "value": 487.554
  },
  {
    "name": "number_of_shares",
    "year": "2019",
    "value": 475.554
  },
  {
    "name": "number_of_shares",
    "year": "2020",
    "value": 475.554
  },
  {
    "name": "number_of_shares",
    "year": "2021",
    "value": 461.88
  },
  {
    "name": "number_of_shares",
    "year": "2022",
    "value": 461.88
  },
  {
    "name": "number_of_shares",
    "year": "2023",
    "value": 461.88
  },
  {
    "name": "number_of_shares",
    "year": "LTM",
    "value": 457.5
  },
  {
    "name": "priv_share",
    "year": "2011",
    "value": 1.0
  },
  {
    "name": "priv_share",
    "year": "2012",
    "value": 1.0
  },
  {
    "name": "priv_share",
    "year": "2013",
    "value": 1.0
  },
  {
    "name": "priv_share",
    "year": "2014",
    "value": 1.0
  },
  {
    "name": "priv_share",
    "year": "2015",
    "value": 1.0
  },
  {
    "name": "priv_share",
    "year": "2016",
    "value": 1.0
  },
  {
    "name": "priv_share",
    "year": "2017",
    "value": 1.0
  },
  {
    "name": "priv_share",
    "year": "2018",
    "value": 1.0
  },
  {
    "name": "priv_share",
    "year": "2019",
    "value": 1.0
  },
  {
    "name": "priv_share",
    "year": "2020",
    "value": 1.0
  },
  {
    "name": "priv_share",
    "year": "2021",
    "value": 18.85
  },
  {
    "name": "priv_share",
    "year": "2022",
    "value": 25.35
  },
  {
    "name": "priv_share",
    "year": "2023",
    "value": 48.55
  },
  {
    "name": "priv_share",
    "year": "LTM",
    "value": 49.15
  },
  {
    "name": "number_of_priv_shares",
    "year": "2007",
    "value": 20.1
  },
  {
    "name": "number_of_priv_shares",
    "year": "2008",
    "value": null
  },
  {
    "name": "number_of_priv_shares",
    "year": "2009",
    "value": null
  },
  {
    "name": "number_of_priv_shares",
    "year": "2010",
    "value": null
  },
  {
    "name": "number_of_priv_shares",
    "year": "2011",
    "value": 20.1
  },
  {
    "name": "number_of_priv_shares",
    "year": "2012",
    "value": 20.1
  },
  {
    "name": "number_of_priv_shares",
    "year": "2013",
    "value": 20.1
  },
  {
    "name": "number_of_priv_shares",
    "year": "2014",
    "value": 20.1
  },
  {
    "name": "number_of_priv_shares",
    "year": "2015",
    "value": 20.1
  },
  {
    "name": "number_of_priv_shares",
    "year": "2016",
    "value": 20.1
  },
  {
    "name": "number_of_priv_shares",
    "year": "2017",
    "value": 20.1
  },
  {
    "name": "number_of_priv_shares",
    "year": "2018",
    "value": 20.1
  },
  {
    "name": "number_of_priv_shares",
    "year": "2019",
    "value": 20.1
  },
  {
    "name": "number_of_priv_shares",
    "year": "2020",
    "value": 20.1
  },
  {
    "name": "number_of_priv_shares",
    "year": "2021",
    "value": 20.1
  },
  {
    "name": "number_of_priv_shares",
    "year": "2022",
    "value": 20.1
  },
  {
    "name": "number_of_priv_shares",
    "year": "2023",
    "value": 20.1
  },
  {
    "name": "number_of_priv_shares",
    "year": "LTM",
    "value": 20.1
  },
  {
    "name": "free_float",
    "year": "2014",
    "value": 27.3
  },
  {
    "name": "free_float",
    "year": "2015",
    "value": 32.4
  },
  {
    "name": "free_float",
    "year": "2016",
    "value": 34.599999999999994
  },
  {
    "name": "free_float",
    "year": "2017",
    "value": 37.8
  },
  {
    "name": "free_float",
    "year": "2018",
    "value": 39.23
  },
  {
    "name": "free_float",
    "year": "2019",
    "value": 35.199999999999996
  },
  {
    "name": "free_float",
    "year": "2020",
    "value": 35.18
  },
  {
    "name": "free_float",
    "year": "LTM",
    "value": null
  },
  {
    "name": "insider_own",
    "year": "2014",
    "value": 52.300000000000004
  },
  {
    "name": "insider_own",
    "year": "2015",
    "value": 53.2
  },
  {
    "name": "insider_own",
    "year": "2016",
    "value": 52.5
  },
  {
    "name": "insider_own",
    "year": "2017",
    "value": null
  },
  {
    "name": "insider_own",
    "year": "2018",
    "value": 60.77
  },
  {
    "name": "insider_own",
    "year": "2019",
    "value": 50.6
  },
  {
    "name": "insider_own",
    "year": "2020",
    "value": 51.82
  },
  {
    "name": "insider_own",
    "year": "LTM",
    "value": null
  },
  {
    "name": "market_cap",
    "year": "2007",
    "value": 0.0
  },
  {
    "name": "market_cap",
    "year": "2008",
    "value": 0.0
  },
  {
    "name": "market_cap",
    "year": "2009",
    "value": 0.0
  },
  {
    "name": "market_cap",
    "year": "2010",
    "value": 0.0
  },
  {
    "name": "market_cap",
    "year": "2011",
    "value": 36.237765
  },
  {
    "name": "market_cap",
    "year": "2012",
    "value": 21.91428474
  },
  {
    "name": "market_cap",
    "year": "2013",
    "value": 18.481368
  },
  {
    "name": "market_cap",
    "year": "2014",
    "value": 10.7671953
  },
  {
    "name": "market_cap",
    "year": "2015",
    "value": 19.1626767
  },
  {
    "name": "market_cap",
    "year": "2016",
    "value": 29.470218
  },
  {
    "name": "market_cap",
    "year": "2017",
    "value": 29.3938752
  },
  {
    "name": "market_cap",
    "year": "2018",
    "value": 21.60899112
  },
  {
    "name": "market_cap",
    "year": "2019",
    "value": 26.7937902
  },
  {
    "name": "market_cap",
    "year": "2020",
    "value": 24.64904166
  },
  {
    "name": "market_cap",
    "year": "2021",
    "value": 38.3177082
  },
  {
    "name": "market_cap",
    "year": "2022",
    "value": 46.7067726
  },
  {
    "name": "market_cap",
    "year": "2023",
    "value": 100.5756582
  },
  {
    "name": "market_cap",
    "year": "LTM",
    "value": 160.37634
  },
  {
    "name": "ev",
    "year": "2007",
    "value": 0.0
  },
  {
    "name": "ev",
    "year": "2008",
    "value": 0.0
  },
  {
    "name": "ev",
    "year": "2009",
    "value": 0.0
  },
  {
    "name": "ev",
    "year": "2010",
    "value": 0.0
  },
  {
    "name": "ev",
    "year": "2011",
    "value": 36.237765
  },
  {
    "name": "ev",
    "year": "2012",
    "value": 21.91428474
  },
  {
    "name": "ev",
    "year": "2013",
    "value": -21.578632
  },
  {
    "name": "ev",
    "year": "2014",
    "value": -0.5318047
  },
  {
    "name": "ev",
    "year": "2015",
    "value": 19.1626767
  },
  {
    "name": "ev",
    "year": "2016",
    "value": 29.470218
  },
  {
    "name": "ev",
    "year": "2017",
    "value": -9.8061248
  },
  {
    "name": "ev",
    "year": "2018",
    "value": -15.58100888
  },
  {
    "name": "ev",
    "year": "2019",
    "value": -15.7662098
  },
  {
    "name": "ev",
    "year": "2020",
    "value": -35.62095834
  },
  {
    "name": "ev",
    "year": "2021",
    "value": 4.2657082
  },
  {
    "name": "ev",
    "year": "2022",
    "value": -0.6632274
  },
  {
    "name": "ev",
    "year": "2023",
    "value": 44.6756582
  },
  {
    "name": "ev",
    "year": "LTM",
    "value": 98.20634
  },
  {
    "name": "eps",
    "year": "2007",
    "value": 4.20562123334
  },
  {
    "name": "eps",
    "year": "2008",
    "value": null
  },
  {
    "name": "eps",
    "year": "2009",
    "value": null
  },
  {
    "name": "eps",
    "year": "2010",
    "value": null
  },
  {
    "name": "eps",
    "year": "2011",
    "value": 11.7805082133
  },
  {
    "name": "eps",
    "year": "2012",
    "value": 2.96664346133
  },
  {
    "name": "eps",
    "year": "2013",
    "value": 15.2313481393
  },
  {
    "name": "eps",
    "year": "2014",
    "value": 10.911059847
  },
  {
    "name": "eps",
    "year": "2015",
    "value": 8.23334561851
  },
  {
    "name": "eps",
    "year": "2016",
    "value": 9.73714264914
  },
  {
    "name": "eps",
    "year": "2017",
    "value": 14.9953758753
  },
  {
    "name": "eps",
    "year": "2018",
    "value": 18.3302772616
  },
  {
    "name": "eps",
    "year": "2019",
    "value": 16.6248207354
  },
  {
    "name": "eps",
    "year": "2020",
    "value": 22.71035466
  },
  {
    "name": "eps",
    "year": "2021",
    "value": 39.1876677925
  },
  {
    "name": "eps",
    "year": "2022",
    "value": 102.840564649
  },
  {
    "name": "eps",
    "year": "2023",
    "value": 103.490084005
  },
  {
    "name": "eps",
    "year": "LTM",
    "value": 94.60109289617486
  },
  {
    "name": "fcf_yield",
    "year": "2008",
    "value": 0.0
  },
  {
    "name": "fcf_yield",
    "year": "2009",
    "value": 0.0
  },
  {
    "name": "fcf_yield",
    "year": "2010",
    "value": 0.0
  },
  {
    "name": "fcf_yield",
    "year": "2011",
    "value": 0.0
  },
  {
    "name": "fcf_yield",
    "year": "2012",
    "value": 0.0
  },
  {
    "name": "fcf_yield",
    "year": "2013",
    "value": 0.0
  },
  {
    "name": "fcf_yield",
    "year": "2014",
    "value": 0.0
  },
  {
    "name": "fcf_yield",
    "year": "2015",
    "value": 0.0
  },
  {
    "name": "fcf_yield",
    "year": "2016",
    "value": 0.0
  },
  {
    "name": "fcf_yield",
    "year": "2017",
    "value": 0.0
  },
  {
    "name": "fcf_yield",
    "year": "2018",
    "value": 0.0
  },
  {
    "name": "fcf_yield",
    "year": "2019",
    "value": 0.0
  },
  {
    "name": "fcf_yield",
    "year": "2020",
    "value": 0.0
  },
  {
    "name": "fcf_yield",
    "year": "2021",
    "value": 0.0
  },
  {
    "name": "fcf_yield",
    "year": "2022",
    "value": 0.0
  },
  {
    "name": "fcf_yield",
    "year": "2023",
    "value": 0.0
  },
  {
    "name": "fcf_yield",
    "year": "LTM",
    "value": 0.0
  },
  {
    "name": "roe",
    "year": "2007",
    "value": 20.599999999999998
  },
  {
    "name": "roe",
    "year": "2008",
    "value": 16.400000000000002
  },
  {
    "name": "roe",
    "year": "2009",
    "value": 2.9000000000000004
  },
  {
    "name": "roe",
    "year": "2010",
    "value": 15.299999999999999
  },
  {
    "name": "roe",
    "year": "2011",
    "value": 17.2
  },
  {
    "name": "roe",
    "year": "2012",
    "value": 3.2
  },
  {
    "name": "roe",
    "year": "2013",
    "value": 15.2
  },
  {
    "name": "roe",
    "year": "2014",
    "value": 9.700000000000001
  },
  {
    "name": "roe",
    "year": "2015",
    "value": 6.7
  },
  {
    "name": "roe",
    "year": "2016",
    "value": 7.2700000000000005
  },
  {
    "name": "roe",
    "year": "2017",
    "value": 11.37
  },
  {
    "name": "roe",
    "year": "2018",
    "value": 12.35
  },
  {
    "name": "roe",
    "year": "2019",
    "value": 10.2
  },
  {
    "name": "roe",
    "year": "2020",
    "value": 12.9
  },
  {
    "name": "roe",
    "year": "LTM",
    "value": 24.2
  },
  {
    "name": "roa",
    "year": "2016",
    "value": 0.75
  },
  {
    "name": "roa",
    "year": "2017",
    "value": 1.25
  },
  {
    "name": "roa",
    "year": "2018",
    "value": 1.41
  },
  {
    "name": "roa",
    "year": "2019",
    "value": 1.4000000000000001
  },
  {
    "name": "roa",
    "year": "2020",
    "value": 1.5
  },
  {
    "name": "roa",
    "year": "LTM",
    "value": null
  },
  {
    "name": "net_intertest_margin",
    "year": "2011",
    "value": 4.8
  },
  {
    "name": "net_intertest_margin",
    "year": "2012",
    "value": 3.9
  },
  {
    "name": "net_intertest_margin",
    "year": "2013",
    "value": 3.9
  },
  {
    "name": "net_intertest_margin",
    "year": "2014",
    "value": 4.3999999999999995
  },
  {
    "name": "net_intertest_margin",
    "year": "2015",
    "value": 3.5000000000000004
  },
  {
    "name": "net_intertest_margin",
    "year": "2016",
    "value": 4.06
  },
  {
    "name": "net_intertest_margin",
    "year": "2017",
    "value": 3.5000000000000004
  },
  {
    "name": "net_intertest_margin",
    "year": "2018",
    "value": 3.5999999999999996
  },
  {
    "name": "net_intertest_margin",
    "year": "2019",
    "value": 3.6999999999999997
  },
  {
    "name": "net_intertest_margin",
    "year": "2020",
    "value": 3.9
  },
  {
    "name": "net_intertest_margin",
    "year": "2021",
    "value": null
  },
  {
    "name": "net_intertest_margin",
    "year": "2022",
    "value": null
  },
  {
    "name": "net_intertest_margin",
    "year": "2023",
    "value": 5.8999999999999995
  },
  {
    "name": "net_intertest_margin",
    "year": "LTM",
    "value": 6.6000000000000005
  },
  {
    "name": "bank_margin",
    "year": "2011",
    "value": 36.5891569261
  },
  {
    "name": "bank_margin",
    "year": "2012",
    "value": 8.63404621598
  },
  {
    "name": "bank_margin",
    "year": "2013",
    "value": 37.3250822323
  },
  {
    "name": "bank_margin",
    "year": "2014",
    "value": 21.5057620734
  },
  {
    "name": "bank_margin",
    "year": "2015",
    "value": 12.917157440099999
  },
  {
    "name": "bank_margin",
    "year": "2016",
    "value": 13.766484400099998
  },
  {
    "name": "bank_margin",
    "year": "2017",
    "value": 22.551705452
  },
  {
    "name": "bank_margin",
    "year": "2018",
    "value": 27.246951219499998
  },
  {
    "name": "bank_margin",
    "year": "2019",
    "value": 25.5857605178
  },
  {
    "name": "bank_margin",
    "year": "2020",
    "value": 28.496042216400003
  },
  {
    "name": "bank_margin",
    "year": "2021",
    "value": 40.6741573034
  },
  {
    "name": "bank_margin",
    "year": "2022",
    "value": null
  },
  {
    "name": "bank_margin",
    "year": "2023",
    "value": 64.9456521739
  },
  {
    "name": "bank_margin",
    "year": "LTM",
    "value": null
  },
  {
    "name": "p_e",
    "year": "2007",
    "value": 0.0
  },
  {
    "name": "p_e",
    "year": "2008",
    "value": 0.0
  },
  {
    "name": "p_e",
    "year": "2009",
    "value": 0.0
  },
  {
    "name": "p_e",
    "year": "2010",
    "value": 0.0
  },
  {
    "name": "p_e",
    "year": "2011",
    "value": 6.1576491079
  },
  {
    "name": "p_e",
    "year": "2012",
    "value": 16.8054330828
  },
  {
    "name": "p_e",
    "year": "2013",
    "value": 2.76047318895
  },
  {
    "name": "p_e",
    "year": "2014",
    "value": 2.24503655129
  },
  {
    "name": "p_e",
    "year": "2015",
    "value": 5.2950198121
  },
  {
    "name": "p_e",
    "year": "2016",
    "value": 6.88556495327
  },
  {
    "name": "p_e",
    "year": "2017",
    "value": 3.92389203044
  },
  {
    "name": "p_e",
    "year": "2018",
    "value": 2.41792448473
  },
  {
    "name": "p_e",
    "year": "2019",
    "value": 3.38904505439
  },
  {
    "name": "p_e",
    "year": "2020",
    "value": 2.28231867222
  },
  {
    "name": "p_e",
    "year": "2021",
    "value": 2.11700045304
  },
  {
    "name": "p_e",
    "year": "2022",
    "value": 0.983300475789
  },
  {
    "name": "p_e",
    "year": "2023",
    "value": 2.10409326778
  },
  {
    "name": "p_e",
    "year": "LTM",
    "value": 3.7017837338262476
  },
  {
    "name": "p_b",
    "year": "2011",
    "value": 0.90549137931
  },
  {
    "name": "p_b",
    "year": "2012",
    "value": 0.543509046131
  },
  {
    "name": "p_b",
    "year": "2013",
    "value": 0.387645104455
  },
  {
    "name": "p_b",
    "year": "2014",
    "value": 0.209911398994
  },
  {
    "name": "p_b",
    "year": "2015",
    "value": 0.337472072627
  },
  {
    "name": "p_b",
    "year": "2016",
    "value": 0.483911625616
  },
  {
    "name": "p_b",
    "year": "2017",
    "value": 0.41812055761
  },
  {
    "name": "p_b",
    "year": "2018",
    "value": 0.289792952915
  },
  {
    "name": "p_b",
    "year": "2019",
    "value": 0.33462957662
  },
  {
    "name": "p_b",
    "year": "2020",
    "value": 0.277892239684
  },
  {
    "name": "p_b",
    "year": "2021",
    "value": 0.395027919588
  },
  {
    "name": "p_b",
    "year": "2022",
    "value": 0.322560584254
  },
  {
    "name": "p_b",
    "year": "2023",
    "value": 0.578353411156
  },
  {
    "name": "p_b",
    "year": "LTM",
    "value": 0.8536817891373802
  },
  {
    "name": "employees",
    "year": "2016",
    "value": 3981.0
  },
  {
    "name": "employees",
    "year": "2017",
    "value": 4133.0
  },
  {
    "name": "employees",
    "year": "2018",
    "value": 3860.0
  },
  {
    "name": "employees",
    "year": "2019",
    "value": 4258.0
  },
  {
    "name": "employees",
    "year": "2020",
    "value": 4220.0
  },
  {
    "name": "employees",
    "year": "LTM",
    "value": null
  },
  {
    "name": "labour_productivity",
    "year": "2016",
    "value": 7.809595579
  },
  {
    "name": "labour_productivity",
    "year": "2017",
    "value": 8.03701911444
  },
  {
    "name": "labour_productivity",
    "year": "2018",
    "value": 8.49740932642
  },
  {
    "name": "labour_productivity",
    "year": "2019",
    "value": 7.256928135270001
  },
  {
    "name": "labour_productivity",
    "year": "2020",
    "value": 8.98104265403
  },
  {
    "name": "labour_productivity",
    "year": "LTM",
    "value": null
  },
  {
    "name": "expenses_per_employee",
    "year": "2016",
    "value": 1413.71514695
  },
  {
    "name": "expenses_per_employee",
    "year": "2017",
    "value": 1444.71328333
  },
  {
    "name": "expenses_per_employee",
    "year": "2018",
    "value": 1539.3782383399998
  },
  {
    "name": "expenses_per_employee",
    "year": "2019",
    "value": 1515.7350869
  },
  {
    "name": "expenses_per_employee",
    "year": "2020",
    "value": 1796.20853081
  },
  {
    "name": "expenses_per_employee",
    "year": "LTM",
    "value": null
  }
]