[{"name":"date","year":"2019","value":"19.02.2020"},{"name":"date","year":"2020","value":"12.02.2021"},{"name":"date","year":"2021","value":"11.02.2022"},{"name":"date","year":"2022","value":""},{"name":"date","year":"2023","value":"19.02.2024"},{"name":"date","year":"LTM\n?","value":"30.05.2024"},{"name":"currency","year":"2019","value":"RUB"},{"name":"currency","year":"2020","value":"RUB"},{"name":"currency","year":"2021","value":"RUB"},{"name":"currency","year":"2022","value":"RUB"},{"name":"currency","year":"2023","value":"RUB"},{"name":"currency","year":"LTM\n?","value":"RUB"},{"name":"report_url","year":"2019","value":"http://www.bashneft.ru/files/iblock/cd9/Bashneft_IFRS_Cons_FS_19-r.pdf"},{"name":"report_url","year":"2020","value":"https://e-disclosure.ru/portal/FileLoad.ashx?Fileid=1680498"},{"name":"report_url","year":"2021","value":"http://www.bashneft.ru/files/iblock/847/1.2021_Отчетность_МСФО_Башнефть.pdf"},{"name":"report_url","year":"2022","value":""},{"name":"report_url","year":"2023","value":"https://www.e-disclosure.ru/portal/FileLoad.ashx?Fileid=1823303"},{"name":"report_url","year":"LTM\n?","value":"https://www.e-disclosure.ru/portal/fileload.ashx?fileid=1839976"},{"name":"year_report_url","year":"2019","value":"https://www.e-disclosure.ru/portal/FileLoad.ashx?Fileid=1644202"},{"name":"year_report_url","year":"2020","value":"https://www.e-disclosure.ru/portal/FileLoad.ashx?Fileid=1713606"},{"name":"year_report_url","year":"2021","value":""},{"name":"year_report_url","year":"2022","value":""},{"name":"year_report_url","year":"2023","value":"https://www.e-disclosure.ru/portal/FileLoad.ashx?Fileid=1845030"},{"name":"year_report_url","year":"LTM\n?","value":""},{"name":"oil_production","year":"2019","value":"18.7"},{"name":"oil_production","year":"2020","value":"12.9"},{"name":"oil_production","year":"2021","value":"13.8"},{"name":"oil_production","year":"2022","value":""},{"name":"oil_production","year":"2023","value":""},{"name":"oil_production","year":"LTM\n?","value":""},{"name":"oil_refining","year":"2019","value":"17.3"},{"name":"oil_refining","year":"2020","value":"15.5"},{"name":"oil_refining","year":"2021","value":"16.1"},{"name":"oil_refining","year":"2022","value":""},{"name":"oil_refining","year":"2023","value":""},{"name":"oil_refining","year":"LTM\n?","value":""},{"name":"revenue","year":"2019","value":"854.6"},{"name":"revenue","year":"2020","value":"532.6"},{"name":"revenue","year":"2021","value":"851.7"},{"name":"revenue","year":"2022","value":""},{"name":"revenue","year":"2023","value":"1 032"},{"name":"revenue","year":"LTM\n?","value":"1 312"},{"name":"operating_income","year":"2019","value":"116.6"},{"name":"operating_income","year":"2020","value":"-11.2"},{"name":"operating_income","year":"2021","value":"114.2"},{"name":"operating_income","year":"2022","value":""},{"name":"operating_income","year":"2023","value":"194.2"},{"name":"operating_income","year":"LTM\n?","value":"233.4"},{"name":"ebitda","year":"2019","value":"166.7"},{"name":"ebitda","year":"2020","value":"32.2"},{"name":"ebitda","year":"2021","value":"157.2"},{"name":"ebitda","year":"2022","value":""},{"name":"ebitda","year":"2023","value":"243.6"},{"name":"ebitda","year":"LTM\n?","value":"294.3"},{"name":"net_income","year":"2019","value":"76.6"},{"name":"net_income","year":"2020","value":"-11.1"},{"name":"net_income","year":"2021","value":"83.3"},{"name":"net_income","year":"2022","value":""},{"name":"net_income","year":"2023","value":"177.4"},{"name":"net_income","year":"LTM\n?","value":"209.1"},{"name":"ocf","year":"2019","value":"86.6"},{"name":"ocf","year":"2020","value":"64.0"},{"name":"ocf","year":"2021","value":"68.7"},{"name":"ocf","year":"2022","value":""},{"name":"ocf","year":"2023","value":"150.6"},{"name":"ocf","year":"LTM\n?","value":"172.1"},{"name":"capex","year":"2019","value":"62.2"},{"name":"capex","year":"2020","value":"67.0"},{"name":"capex","year":"2021","value":"64.2"},{"name":"capex","year":"2022","value":""},{"name":"capex","year":"2023","value":"65.5"},{"name":"capex","year":"LTM\n?","value":"79.2"},{"name":"fcf","year":"2019","value":"24.3"},{"name":"fcf","year":"2020","value":"-3.03"},{"name":"fcf","year":"2021","value":"4.54"},{"name":"fcf","year":"2022","value":""},{"name":"fcf","year":"2023","value":""},{"name":"fcf","year":"LTM\n?","value":"75.2"},{"name":"dividend_payout","year":"2019","value":"19.2"},{"name":"dividend_payout","year":"2020","value":"0.003"},{"name":"dividend_payout","year":"2021","value":"20.8"},{"name":"dividend_payout","year":"2022","value":"36.0"},{"name":"dividend_payout","year":"2023","value":"44.4"},{"name":"dividend_payout","year":"LTM\n?","value":"44.4"},{"name":"dividend","year":"2019","value":"107.81"},{"name":"dividend","year":"2020","value":"0"},{"name":"dividend","year":"2021","value":"117.29"},{"name":"dividend","year":"2022","value":"199.89"},{"name":"dividend","year":"2023","value":"249.69"},{"name":"dividend","year":"LTM\n?","value":"249.69"},{"name":"div_yield","year":"2019","value":"5.6%"},{"name":"div_yield","year":"2020","value":"0.0%"},{"name":"div_yield","year":"2021","value":"8.6%"},{"name":"div_yield","year":"2022","value":"21.2%"},{"name":"div_yield","year":"2023","value":"11.4%"},{"name":"div_yield","year":"LTM\n?","value":"12.2%"},{"name":"dividend_pr","year":"2019","value":"107.81"},{"name":"dividend_pr","year":"2020","value":"0.1"},{"name":"dividend_pr","year":"2021","value":"117.29"},{"name":"dividend_pr","year":"2022","value":"199.89"},{"name":"dividend_pr","year":"2023","value":"249.69"},{"name":"dividend_pr","year":"LTM\n?","value":"249.69"},{"name":"div_yield_priv","year":"2019","value":"6.3%"},{"name":"div_yield_priv","year":"2020","value":"0.0%"},{"name":"div_yield_priv","year":"2021","value":"11.8%"},{"name":"div_yield_priv","year":"2022","value":"29.4%"},{"name":"div_yield_priv","year":"2023","value":"14.4%"},{"name":"div_yield_priv","year":"LTM\n?","value":"19.4%"},{"name":"div_payout_ratio","year":"2019","value":"25%"},{"name":"div_payout_ratio","year":"2020","value":"0%"},{"name":"div_payout_ratio","year":"2021","value":"25%"},{"name":"div_payout_ratio","year":"2022","value":""},{"name":"div_payout_ratio","year":"2023","value":"25%"},{"name":"div_payout_ratio","year":"LTM\n?","value":"21%"},{"name":"opex","year":"2019","value":"106.1"},{"name":"opex","year":"2020","value":"101.2"},{"name":"opex","year":"2021","value":"96.1"},{"name":"opex","year":"2022","value":""},{"name":"opex","year":"2023","value":"120.6"},{"name":"opex","year":"LTM\n?","value":"160.4"},{"name":"cost_of_production","year":"2019","value":"632.0"},{"name":"cost_of_production","year":"2020","value":"442.6"},{"name":"cost_of_production","year":"2021","value":"641.4"},{"name":"cost_of_production","year":"2022","value":""},{"name":"cost_of_production","year":"2023","value":""},{"name":"cost_of_production","year":"LTM\n?","value":"568.2"},{"name":"amortization","year":"2019","value":""},{"name":"amortization","year":"2020","value":""},{"name":"amortization","year":"2021","value":""},{"name":"amortization","year":"2022","value":""},{"name":"amortization","year":"2023","value":"49.4"},{"name":"amortization","year":"LTM\n?","value":"11.5"},{"name":"employment_expenses","year":"2019","value":"38.9"},{"name":"employment_expenses","year":"2020","value":"41.0"},{"name":"employment_expenses","year":"2021","value":"43.3"},{"name":"employment_expenses","year":"2022","value":""},{"name":"employment_expenses","year":"2023","value":""},{"name":"employment_expenses","year":"LTM\n?","value":""},{"name":"interest_expenses","year":"2019","value":"10.5"},{"name":"interest_expenses","year":"2020","value":"9.70"},{"name":"interest_expenses","year":"2021","value":"7.78"},{"name":"interest_expenses","year":"2022","value":""},{"name":"interest_expenses","year":"2023","value":""},{"name":"interest_expenses","year":"LTM\n?","value":""},{"name":"assets","year":"2019","value":"811.3"},{"name":"assets","year":"2020","value":"787.7"},{"name":"assets","year":"2021","value":"916.1"},{"name":"assets","year":"2022","value":""},{"name":"assets","year":"2023","value":"1 127"},{"name":"assets","year":"LTM\n?","value":"1 154"},{"name":"net_assets","year":"2019","value":"500.9"},{"name":"net_assets","year":"2020","value":"471.5"},{"name":"net_assets","year":"2021","value":"554.9"},{"name":"net_assets","year":"2022","value":""},{"name":"net_assets","year":"2023","value":"832.0"},{"name":"net_assets","year":"LTM\n?","value":"863.0"},{"name":"debt","year":"2019","value":"127.8"},{"name":"debt","year":"2020","value":"138.6"},{"name":"debt","year":"2021","value":"138.1"},{"name":"debt","year":"2022","value":""},{"name":"debt","year":"2023","value":""},{"name":"debt","year":"LTM\n?","value":""},{"name":"cash","year":"2019","value":"31.3"},{"name":"cash","year":"2020","value":"15.8"},{"name":"cash","year":"2021","value":"8.17"},{"name":"cash","year":"2022","value":""},{"name":"cash","year":"2023","value":""},{"name":"cash","year":"LTM\n?","value":""},{"name":"net_debt","year":"2019","value":"96.5"},{"name":"net_debt","year":"2020","value":"122.8"},{"name":"net_debt","year":"2021","value":"130.0"},{"name":"net_debt","year":"2022","value":"0.00"},{"name":"net_debt","year":"2023","value":"0.00"},{"name":"net_debt","year":"LTM\n?","value":"0"},{"name":"common_share","year":"2019","value":"1 930"},{"name":"common_share","year":"2020","value":"1 661"},{"name":"common_share","year":"2021","value":"1 359"},{"name":"common_share","year":"2022","value":"941.5"},{"name":"common_share","year":"2023","value":"2 197"},{"name":"common_share","year":"LTM\n?","value":"2 053"},{"name":"number_of_shares","year":"2019","value":"147.8"},{"name":"number_of_shares","year":"2020","value":"147.8"},{"name":"number_of_shares","year":"2021","value":"147.8"},{"name":"number_of_shares","year":"2022","value":"147.8"},{"name":"number_of_shares","year":"2023","value":"147.8"},{"name":"number_of_shares","year":"LTM\n?","value":"147.8"},{"name":"priv_share","year":"2019","value":"1 723"},{"name":"priv_share","year":"2020","value":"1 163"},{"name":"priv_share","year":"2021","value":"996.0"},{"name":"priv_share","year":"2022","value":"680.5"},{"name":"priv_share","year":"2023","value":"1 737"},{"name":"priv_share","year":"LTM\n?","value":"1 290"},{"name":"number_of_priv_shares","year":"2019","value":"29.8"},{"name":"number_of_priv_shares","year":"2020","value":"29.8"},{"name":"number_of_priv_shares","year":"2021","value":"29.8"},{"name":"number_of_priv_shares","year":"2022","value":"29.8"},{"name":"number_of_priv_shares","year":"2023","value":"29.8"},{"name":"number_of_priv_shares","year":"LTM\n?","value":"29.8"},{"name":"market_cap","year":"2019","value":"336.7"},{"name":"market_cap","year":"2020","value":"280.1"},{"name":"market_cap","year":"2021","value":"230.6"},{"name":"market_cap","year":"2022","value":"159.5"},{"name":"market_cap","year":"2023","value":"376.5"},{"name":"market_cap","year":"LTM\n?","value":"342.0"},{"name":"ev","year":"2019","value":"433.2"},{"name":"ev","year":"2020","value":"402.9"},{"name":"ev","year":"2021","value":"360.6"},{"name":"ev","year":"2022","value":"159.5"},{"name":"ev","year":"2023","value":"376.5"},{"name":"ev","year":"LTM\n?","value":"342.0"},{"name":"book_value","year":"2019","value":"497.3"},{"name":"book_value","year":"2020","value":"468.4"},{"name":"book_value","year":"2021","value":"551.7"},{"name":"book_value","year":"2022","value":"0.00"},{"name":"book_value","year":"2023","value":"832.0"},{"name":"book_value","year":"LTM\n?","value":"863.0"},{"name":"eps","year":"2019","value":"518.1"},{"name":"eps","year":"2020","value":"-75.2"},{"name":"eps","year":"2021","value":"563.6"},{"name":"eps","year":"2022","value":"0.00"},{"name":"eps","year":"2023","value":"1 200"},{"name":"eps","year":"LTM\n?","value":"1 415"},{"name":"fcf_share","year":"2019","value":"164.4"},{"name":"fcf_share","year":"2020","value":"-20.5"},{"name":"fcf_share","year":"2021","value":"30.7"},{"name":"fcf_share","year":"2022","value":"0.00"},{"name":"fcf_share","year":"2023","value":"0.00"},{"name":"fcf_share","year":"LTM\n?","value":"508.4"},{"name":"bv_share","year":"2019","value":"3 363"},{"name":"bv_share","year":"2020","value":"3 168"},{"name":"bv_share","year":"2021","value":"3 732"},{"name":"bv_share","year":"2022","value":"0.00"},{"name":"bv_share","year":"2023","value":"5 627"},{"name":"bv_share","year":"LTM\n?","value":"5 837"},{"name":"ebitda_margin","year":"2019","value":"19.5%"},{"name":"ebitda_margin","year":"2020","value":"6.0%"},{"name":"ebitda_margin","year":"2021","value":"18.5%"},{"name":"ebitda_margin","year":"2022","value":""},{"name":"ebitda_margin","year":"2023","value":"23.6%"},{"name":"ebitda_margin","year":"LTM\n?","value":"22.4%"},{"name":"net_margin","year":"2019","value":"9.0%"},{"name":"net_margin","year":"2020","value":"-2.1%"},{"name":"net_margin","year":"2021","value":"9.8%"},{"name":"net_margin","year":"2022","value":""},{"name":"net_margin","year":"2023","value":"17.2%"},{"name":"net_margin","year":"LTM\n?","value":"15.9%"},{"name":"fcf_yield","year":"2019","value":"8.5%"},{"name":"fcf_yield","year":"2020","value":"-1.2%"},{"name":"fcf_yield","year":"2021","value":"2.3%"},{"name":"fcf_yield","year":"2022","value":"0.0%"},{"name":"fcf_yield","year":"2023","value":"0.0%"},{"name":"fcf_yield","year":"LTM\n?","value":"24.8%"},{"name":"roe","year":"2019","value":"15.3%"},{"name":"roe","year":"2020","value":"-2.4%"},{"name":"roe","year":"2021","value":"15.0%"},{"name":"roe","year":"2022","value":""},{"name":"roe","year":"2023","value":"21.3%"},{"name":"roe","year":"LTM\n?","value":"24.2%"},{"name":"roa","year":"2019","value":"9.4%"},{"name":"roa","year":"2020","value":"-1.4%"},{"name":"roa","year":"2021","value":"9.1%"},{"name":"roa","year":"2022","value":""},{"name":"roa","year":"2023","value":"15.7%"},{"name":"roa","year":"LTM\n?","value":"18.1%"},{"name":"p_e","year":"2019","value":"4.40"},{"name":"p_e","year":"2020","value":"-25.2"},{"name":"p_e","year":"2021","value":"2.77"},{"name":"p_e","year":"2022","value":""},{"name":"p_e","year":"2023","value":"2.12"},{"name":"p_e","year":"LTM\n?","value":"1.64"},{"name":"p_fcf","year":"2019","value":"13.9"},{"name":"p_fcf","year":"2020","value":"-92.5"},{"name":"p_fcf","year":"2021","value":"50.8"},{"name":"p_fcf","year":"2022","value":""},{"name":"p_fcf","year":"2023","value":""},{"name":"p_fcf","year":"LTM\n?","value":"4.55"},{"name":"p_s","year":"2019","value":"0.39"},{"name":"p_s","year":"2020","value":"0.53"},{"name":"p_s","year":"2021","value":"0.27"},{"name":"p_s","year":"2022","value":""},{"name":"p_s","year":"2023","value":"0.36"},{"name":"p_s","year":"LTM\n?","value":"0.26"},{"name":"p_bv","year":"2019","value":"0.68"},{"name":"p_bv","year":"2020","value":"0.60"},{"name":"p_bv","year":"2021","value":"0.42"},{"name":"p_bv","year":"2022","value":""},{"name":"p_bv","year":"2023","value":"0.45"},{"name":"p_bv","year":"LTM\n?","value":"0.40"},{"name":"ev_ebitda","year":"2019","value":"2.60"},{"name":"ev_ebitda","year":"2020","value":"12.5"},{"name":"ev_ebitda","year":"2021","value":"2.29"},{"name":"ev_ebitda","year":"2022","value":""},{"name":"ev_ebitda","year":"2023","value":"1.55"},{"name":"ev_ebitda","year":"LTM\n?","value":"1.16"},{"name":"debt_ebitda","year":"2019","value":"0.58"},{"name":"debt_ebitda","year":"2020","value":"3.82"},{"name":"debt_ebitda","year":"2021","value":"0.83"},{"name":"debt_ebitda","year":"2022","value":""},{"name":"debt_ebitda","year":"2023","value":"0.00"},{"name":"debt_ebitda","year":"LTM\n?","value":"0"},{"name":"employees","year":"2019","value":"33 300"},{"name":"employees","year":"2020","value":"34 100"},{"name":"employees","year":"2021","value":""},{"name":"employees","year":"2022","value":""},{"name":"employees","year":"2023","value":""},{"name":"employees","year":"LTM\n?","value":""},{"name":"labour_productivity","year":"2019","value":"25.7"},{"name":"labour_productivity","year":"2020","value":"15.6"},{"name":"labour_productivity","year":"2021","value":""},{"name":"labour_productivity","year":"2022","value":""},{"name":"labour_productivity","year":"2023","value":""},{"name":"labour_productivity","year":"LTM\n?","value":""},{"name":"expenses_per_employee","year":"2019","value":"1 168"},{"name":"expenses_per_employee","year":"2020","value":"1 202"},{"name":"expenses_per_employee","year":"2021","value":""},{"name":"expenses_per_employee","year":"2022","value":""},{"name":"expenses_per_employee","year":"2023","value":""},{"name":"expenses_per_employee","year":"LTM\n?","value":""},{"name":"r_and_d_capex","year":"2019","value":"0.00%"},{"name":"r_and_d_capex","year":"2020","value":"0.00%"},{"name":"r_and_d_capex","year":"2021","value":"0.00%"},{"name":"r_and_d_capex","year":"2022","value":""},{"name":"r_and_d_capex","year":"2023","value":"0.00%"},{"name":"r_and_d_capex","year":"LTM\n?","value":"0"},{"name":"capex_revenue","year":"2019","value":"7%"},{"name":"capex_revenue","year":"2020","value":"13%"},{"name":"capex_revenue","year":"2021","value":"8%"},{"name":"capex_revenue","year":"2022","value":""},{"name":"capex_revenue","year":"2023","value":"6%"},{"name":"capex_revenue","year":"LTM\n?","value":"6%"}]