{"date":"Дата отчета","currency":"Валюта отчета","report_url":"Финансовый отчет","year_report_url":"Годовой отчет","oil_production":"Добыча нефти, млн т","oil_refining":"Переработка нефти, млн т","revenue":"Выручка, млрд руб","operating_income":"Операционная прибыль, млрд руб","ebitda":"EBITDA, млрд руб","net_income":"Чистая прибыль, млрд руб","ocf":"Опер.денежный поток, млрд руб","capex":"CAPEX, млрд руб","fcf":"FCF, млрд руб","dividend_payout":"Див.выплата, млрд руб","dividend":"Дивиденд, руб/акцию","div_yield":"Див доход, ао, %","dividend_pr":"Дивиденд ап, руб/акцию","div_yield_priv":"Див доход, ап, %","div_payout_ratio":"Дивиденды/прибыль, %","opex":"Опер. расходы, млрд руб","cost_of_production":"Себестоимость, млрд руб","amortization":"Амортизация, млрд руб","employment_expenses":"Расх на персонал, млрд руб","interest_expenses":"Процентные расходы, млрд руб","assets":"Активы, млрд руб","net_assets":"Чистые активы, млрд руб","debt":"Долг, млрд руб","cash":"Наличность, млрд руб","net_debt":"Чистый долг, млрд руб","common_share":"Цена акции ао, руб","number_of_shares":"Число акций ао, млн","priv_share":"Цена акции ап, руб","number_of_priv_shares":"Число акций ап, млн","market_cap":"Капитализация, млрд руб","ev":"EV, млрд руб","book_value":"Баланс стоимость, млрд руб","eps":"EPS, руб","fcf_share":"FCF/акцию, руб","bv_share":"BV/акцию, руб","ebitda_margin":"Рентаб EBITDA, %","net_margin":"Чистая рентаб, %","fcf_yield":"Доходность FCF, %","roe":"ROE, %","roa":"ROA, %","p_e":"P/E","p_fcf":"P/FCF","p_s":"P/S","p_bv":"P/BV","ev_ebitda":"EV/EBITDA","debt_ebitda":"Долг/EBITDA","employees":"Персонал, чел","labour_productivity":"Произв.труда, млн руб/чел/год","expenses_per_employee":"Расходы/чел/год, тыс.р","r_and_d_capex":"R&amp;D/CAPEX, %","capex_revenue":"CAPEX/Выручка, %"}