[
  {
    "name": "revenue",
    "year": "2020Q3",
    "value": 1.081
  },
  {
    "name": "revenue",
    "year": "2020Q4",
    "value": null
  },
  {
    "name": "revenue",
    "year": "2021Q1",
    "value": 1.248
  },
  {
    "name": "revenue",
    "year": "2021Q2",
    "value": 1.456
  },
  {
    "name": "revenue",
    "year": "2021Q3",
    "value": 1.557
  },
  {
    "name": "revenue",
    "year": "2021Q4",
    "value": 1.772
  },
  {
    "name": "revenue",
    "year": "2022Q1",
    "value": 1.726
  },
  {
    "name": "revenue",
    "year": "2022Q2",
    "value": 1.905
  },
  {
    "name": "revenue",
    "year": "2022Q3",
    "value": 2.241
  },
  {
    "name": "revenue",
    "year": "2022Q4",
    "value": 2.398
  },
  {
    "name": "revenue",
    "year": "2023Q1",
    "value": 2.403
  },
  {
    "name": "revenue",
    "year": "2023Q2",
    "value": 2.66
  },
  {
    "name": "revenue",
    "year": "2023Q3",
    "value": 3.238
  },
  {
    "name": "revenue",
    "year": "2023Q4",
    "value": 3.269
  },
  {
    "name": "revenue",
    "year": "2024Q1",
    "value": 3.15
  },
  {
    "name": "operating_income",
    "year": "2020Q3",
    "value": -0.221
  },
  {
    "name": "operating_income",
    "year": "2020Q4",
    "value": null
  },
  {
    "name": "operating_income",
    "year": "2021Q1",
    "value": -0.36
  },
  {
    "name": "operating_income",
    "year": "2021Q2",
    "value": -1.282
  },
  {
    "name": "operating_income",
    "year": "2021Q3",
    "value": -0.285
  },
  {
    "name": "operating_income",
    "year": "2021Q4",
    "value": -0.877
  },
  {
    "name": "operating_income",
    "year": "2022Q1",
    "value": -0.187
  },
  {
    "name": "operating_income",
    "year": "2022Q2",
    "value": 0.231
  },
  {
    "name": "operating_income",
    "year": "2022Q3",
    "value": 0.344
  },
  {
    "name": "operating_income",
    "year": "2022Q4",
    "value": 0.362
  },
  {
    "name": "operating_income",
    "year": "2023Q1",
    "value": 0.132
  },
  {
    "name": "operating_income",
    "year": "2023Q2",
    "value": 0.306
  },
  {
    "name": "operating_income",
    "year": "2023Q3",
    "value": 0.86
  },
  {
    "name": "operating_income",
    "year": "2023Q4",
    "value": 0.522
  },
  {
    "name": "operating_income",
    "year": "2024Q1",
    "value": 0.775
  },
  {
    "name": "ebitda",
    "year": "2020Q3",
    "value": 0.085
  },
  {
    "name": "ebitda",
    "year": "2020Q4",
    "value": null
  },
  {
    "name": "ebitda",
    "year": "2021Q1",
    "value": -0.068
  },
  {
    "name": "ebitda",
    "year": "2021Q2",
    "value": 0.119
  },
  {
    "name": "ebitda",
    "year": "2021Q3",
    "value": 0.151
  },
  {
    "name": "ebitda",
    "year": "2021Q4",
    "value": 0.011
  },
  {
    "name": "ebitda",
    "year": "2022Q1",
    "value": 0.056
  },
  {
    "name": "ebitda",
    "year": "2022Q2",
    "value": 0.48
  },
  {
    "name": "ebitda",
    "year": "2022Q3",
    "value": 0.549
  },
  {
    "name": "ebitda",
    "year": "2022Q4",
    "value": 0.585
  },
  {
    "name": "ebitda",
    "year": "2023Q1",
    "value": 0.353
  },
  {
    "name": "ebitda",
    "year": "2023Q2",
    "value": 0.59
  },
  {
    "name": "ebitda",
    "year": "2023Q3",
    "value": 1.086
  },
  {
    "name": "ebitda",
    "year": "2023Q4",
    "value": 0.751
  },
  {
    "name": "ebitda",
    "year": "2024Q1",
    "value": 0.96
  },
  {
    "name": "net_income",
    "year": "2020Q3",
    "value": -0.24
  },
  {
    "name": "net_income",
    "year": "2020Q4",
    "value": null
  },
  {
    "name": "net_income",
    "year": "2021Q1",
    "value": -0.383
  },
  {
    "name": "net_income",
    "year": "2021Q2",
    "value": -1.287
  },
  {
    "name": "net_income",
    "year": "2021Q3",
    "value": -0.299
  },
  {
    "name": "net_income",
    "year": "2021Q4",
    "value": -0.888
  },
  {
    "name": "net_income",
    "year": "2022Q1",
    "value": 0.044
  },
  {
    "name": "net_income",
    "year": "2022Q2",
    "value": -0.433
  },
  {
    "name": "net_income",
    "year": "2022Q3",
    "value": 0.38
  },
  {
    "name": "net_income",
    "year": "2022Q4",
    "value": 0.489
  },
  {
    "name": "net_income",
    "year": "2023Q1",
    "value": 0.211
  },
  {
    "name": "net_income",
    "year": "2023Q2",
    "value": 0.404
  },
  {
    "name": "net_income",
    "year": "2023Q3",
    "value": 0.812
  },
  {
    "name": "net_income",
    "year": "2023Q4",
    "value": 0.263
  },
  {
    "name": "net_income",
    "year": "2024Q1",
    "value": 0.74
  },
  {
    "name": "ocf",
    "year": "2021Q1",
    "value": -0.074
  },
  {
    "name": "ocf",
    "year": "2021Q2",
    "value": 0.101
  },
  {
    "name": "ocf",
    "year": "2021Q3",
    "value": null
  },
  {
    "name": "ocf",
    "year": "2021Q4",
    "value": -2.158
  },
  {
    "name": "ocf",
    "year": "2022Q1",
    "value": -0.045
  },
  {
    "name": "ocf",
    "year": "2022Q2",
    "value": 0.734
  },
  {
    "name": "ocf",
    "year": "2022Q3",
    "value": null
  },
  {
    "name": "ocf",
    "year": "2022Q4",
    "value": 1.23
  },
  {
    "name": "ocf",
    "year": "2023Q1",
    "value": 0.5
  },
  {
    "name": "ocf",
    "year": "2023Q2",
    "value": 0.344
  },
  {
    "name": "ocf",
    "year": "2023Q3",
    "value": 0.915
  },
  {
    "name": "ocf",
    "year": "2023Q4",
    "value": 0.661
  },
  {
    "name": "ocf",
    "year": "2024Q1",
    "value": 0.995
  },
  {
    "name": "capex",
    "year": "2021Q1",
    "value": 0.029
  },
  {
    "name": "capex",
    "year": "2021Q2",
    "value": 0.045
  },
  {
    "name": "capex",
    "year": "2021Q3",
    "value": null
  },
  {
    "name": "capex",
    "year": "2021Q4",
    "value": 0.002
  },
  {
    "name": "capex",
    "year": "2022Q1",
    "value": 0.034
  },
  {
    "name": "capex",
    "year": "2022Q2",
    "value": 0.027
  },
  {
    "name": "capex",
    "year": "2022Q3",
    "value": null
  },
  {
    "name": "capex",
    "year": "2022Q4",
    "value": 0.059
  },
  {
    "name": "capex",
    "year": "2023Q1",
    "value": 0.033
  },
  {
    "name": "capex",
    "year": "2023Q2",
    "value": 0.03
  },
  {
    "name": "capex",
    "year": "2023Q3",
    "value": 0.3
  },
  {
    "name": "capex",
    "year": "2023Q4",
    "value": 0.0
  },
  {
    "name": "capex",
    "year": "2024Q1",
    "value": 0.032
  },
  {
    "name": "fcf",
    "year": "2021Q1",
    "value": -0.113
  },
  {
    "name": "fcf",
    "year": "2021Q2",
    "value": 0.047
  },
  {
    "name": "fcf",
    "year": "2021Q3",
    "value": null
  },
  {
    "name": "fcf",
    "year": "2021Q4",
    "value": -2.268
  },
  {
    "name": "fcf",
    "year": "2022Q1",
    "value": -0.09
  },
  {
    "name": "fcf",
    "year": "2022Q2",
    "value": 0.7
  },
  {
    "name": "fcf",
    "year": "2022Q3",
    "value": null
  },
  {
    "name": "fcf",
    "year": "2022Q4",
    "value": 1.15
  },
  {
    "name": "fcf",
    "year": "2023Q1",
    "value": 0.455
  },
  {
    "name": "fcf",
    "year": "2023Q2",
    "value": 0.31
  },
  {
    "name": "fcf",
    "year": "2023Q3",
    "value": 0.944
  },
  {
    "name": "fcf",
    "year": "2023Q4",
    "value": 0.231
  },
  {
    "name": "fcf",
    "year": "2024Q1",
    "value": 0.952
  },
  {
    "name": "opex",
    "year": "2020Q3",
    "value": 1.302
  },
  {
    "name": "opex",
    "year": "2020Q4",
    "value": null
  },
  {
    "name": "opex",
    "year": "2021Q1",
    "value": 1.608
  },
  {
    "name": "opex",
    "year": "2021Q2",
    "value": 2.737
  },
  {
    "name": "opex",
    "year": "2021Q3",
    "value": 1.842
  },
  {
    "name": "opex",
    "year": "2021Q4",
    "value": 2.66
  },
  {
    "name": "opex",
    "year": "2022Q1",
    "value": 1.913
  },
  {
    "name": "opex",
    "year": "2022Q2",
    "value": 1.674
  },
  {
    "name": "opex",
    "year": "2022Q3",
    "value": null
  },
  {
    "name": "opex",
    "year": "2022Q4",
    "value": 3.927
  },
  {
    "name": "opex",
    "year": "2023Q1",
    "value": 2.27
  },
  {
    "name": "opex",
    "year": "2023Q2",
    "value": 2.355
  },
  {
    "name": "opex",
    "year": "2023Q3",
    "value": 2.378
  },
  {
    "name": "opex",
    "year": "2023Q4",
    "value": 2.747
  },
  {
    "name": "opex",
    "year": "2024Q1",
    "value": 2.376
  },
  {
    "name": "employment_expenses",
    "year": "2020Q3",
    "value": 0.645
  },
  {
    "name": "employment_expenses",
    "year": "2020Q4",
    "value": null
  },
  {
    "name": "employment_expenses",
    "year": "2021Q1",
    "value": 0.799
  },
  {
    "name": "employment_expenses",
    "year": "2021Q2",
    "value": 1.833
  },
  {
    "name": "employment_expenses",
    "year": "2021Q3",
    "value": 0.916
  },
  {
    "name": "employment_expenses",
    "year": "2021Q4",
    "value": 1.514
  },
  {
    "name": "employment_expenses",
    "year": "2022Q1",
    "value": 0.884
  },
  {
    "name": "employment_expenses",
    "year": "2022Q2",
    "value": 0.9
  },
  {
    "name": "employment_expenses",
    "year": "2022Q3",
    "value": null
  },
  {
    "name": "employment_expenses",
    "year": "2022Q4",
    "value": 1.976
  },
  {
    "name": "employment_expenses",
    "year": "2023Q1",
    "value": 1.058
  },
  {
    "name": "employment_expenses",
    "year": "2023Q2",
    "value": 1.094
  },
  {
    "name": "employment_expenses",
    "year": "2023Q3",
    "value": 1.054
  },
  {
    "name": "employment_expenses",
    "year": "2023Q4",
    "value": 1.144
  },
  {
    "name": "employment_expenses",
    "year": "2024Q1",
    "value": 1.185
  },
  {
    "name": "assets",
    "year": "2020Q4",
    "value": 1.37
  },
  {
    "name": "assets",
    "year": "2021Q1",
    "value": null
  },
  {
    "name": "assets",
    "year": "2021Q2",
    "value": null
  },
  {
    "name": "assets",
    "year": "2021Q3",
    "value": 3.72
  },
  {
    "name": "assets",
    "year": "2021Q4",
    "value": 5.6
  },
  {
    "name": "assets",
    "year": "2022Q1",
    "value": 5.661
  },
  {
    "name": "assets",
    "year": "2022Q2",
    "value": 5.425
  },
  {
    "name": "assets",
    "year": "2022Q3",
    "value": null
  },
  {
    "name": "assets",
    "year": "2022Q4",
    "value": 6.97
  },
  {
    "name": "assets",
    "year": "2023Q1",
    "value": 7.6
  },
  {
    "name": "assets",
    "year": "2023Q2",
    "value": 8.15
  },
  {
    "name": "assets",
    "year": "2023Q3",
    "value": 10.23
  },
  {
    "name": "assets",
    "year": "2023Q4",
    "value": 10.3
  },
  {
    "name": "assets",
    "year": "2024Q1",
    "value": 11.3
  },
  {
    "name": "net_assets",
    "year": "2020Q4",
    "value": -0.872
  },
  {
    "name": "net_assets",
    "year": "2021Q1",
    "value": null
  },
  {
    "name": "net_assets",
    "year": "2021Q2",
    "value": null
  },
  {
    "name": "net_assets",
    "year": "2021Q3",
    "value": -0.548
  },
  {
    "name": "net_assets",
    "year": "2021Q4",
    "value": 3.872
  },
  {
    "name": "net_assets",
    "year": "2022Q1",
    "value": 4.091
  },
  {
    "name": "net_assets",
    "year": "2022Q2",
    "value": 3.836
  },
  {
    "name": "net_assets",
    "year": "2022Q3",
    "value": null
  },
  {
    "name": "net_assets",
    "year": "2022Q4",
    "value": 5.01
  },
  {
    "name": "net_assets",
    "year": "2023Q1",
    "value": 5.4
  },
  {
    "name": "net_assets",
    "year": "2023Q2",
    "value": 5.9
  },
  {
    "name": "net_assets",
    "year": "2023Q3",
    "value": 6.8
  },
  {
    "name": "net_assets",
    "year": "2023Q4",
    "value": 7.18
  },
  {
    "name": "net_assets",
    "year": "2024Q1",
    "value": 8.0
  },
  {
    "name": "debt",
    "year": "2020Q4",
    "value": 0.728
  },
  {
    "name": "debt",
    "year": "2021Q1",
    "value": null
  },
  {
    "name": "debt",
    "year": "2021Q2",
    "value": null
  },
  {
    "name": "debt",
    "year": "2021Q3",
    "value": 0.45
  },
  {
    "name": "debt",
    "year": "2021Q4",
    "value": 0.0
  },
  {
    "name": "debt",
    "year": "2022Q1",
    "value": 0.0
  },
  {
    "name": "debt",
    "year": "2022Q2",
    "value": 0.0
  },
  {
    "name": "debt",
    "year": "2022Q3",
    "value": null
  },
  {
    "name": "debt",
    "year": "2022Q4",
    "value": 0.0
  },
  {
    "name": "debt",
    "year": "2023Q1",
    "value": 0.0
  },
  {
    "name": "debt",
    "year": "2023Q2",
    "value": 0.0
  },
  {
    "name": "debt",
    "year": "2023Q3",
    "value": 0.0
  },
  {
    "name": "debt",
    "year": "2023Q4",
    "value": 0.0
  },
  {
    "name": "debt",
    "year": "2024Q1",
    "value": 0.0
  },
  {
    "name": "cash",
    "year": "2020Q4",
    "value": 0.449
  },
  {
    "name": "cash",
    "year": "2021Q1",
    "value": null
  },
  {
    "name": "cash",
    "year": "2021Q2",
    "value": null
  },
  {
    "name": "cash",
    "year": "2021Q3",
    "value": 0.849
  },
  {
    "name": "cash",
    "year": "2021Q4",
    "value": 2.419
  },
  {
    "name": "cash",
    "year": "2022Q1",
    "value": 2.578
  },
  {
    "name": "cash",
    "year": "2022Q2",
    "value": 2.586
  },
  {
    "name": "cash",
    "year": "2022Q3",
    "value": null
  },
  {
    "name": "cash",
    "year": "2022Q4",
    "value": 4.1
  },
  {
    "name": "cash",
    "year": "2023Q1",
    "value": 4.7
  },
  {
    "name": "cash",
    "year": "2023Q2",
    "value": 5.19
  },
  {
    "name": "cash",
    "year": "2023Q3",
    "value": 6.33
  },
  {
    "name": "cash",
    "year": "2023Q4",
    "value": 6.43
  },
  {
    "name": "cash",
    "year": "2024Q1",
    "value": 7.39
  },
  {
    "name": "net_debt",
    "year": "2019Q4",
    "value": 0.0
  },
  {
    "name": "net_debt",
    "year": "2020Q3",
    "value": 0.0
  },
  {
    "name": "net_debt",
    "year": "2020Q4",
    "value": 0.279
  },
  {
    "name": "net_debt",
    "year": "2021Q1",
    "value": 0.0
  },
  {
    "name": "net_debt",
    "year": "2021Q2",
    "value": 0.0
  },
  {
    "name": "net_debt",
    "year": "2021Q3",
    "value": -0.399
  },
  {
    "name": "net_debt",
    "year": "2021Q4",
    "value": -2.419
  },
  {
    "name": "net_debt",
    "year": "2022Q1",
    "value": -2.578
  },
  {
    "name": "net_debt",
    "year": "2022Q2",
    "value": -2.586
  },
  {
    "name": "net_debt",
    "year": "2022Q3",
    "value": 0.0
  },
  {
    "name": "net_debt",
    "year": "2022Q4",
    "value": -4.1
  },
  {
    "name": "net_debt",
    "year": "2023Q1",
    "value": -4.7
  },
  {
    "name": "net_debt",
    "year": "2023Q2",
    "value": -5.19
  },
  {
    "name": "net_debt",
    "year": "2023Q3",
    "value": -6.33
  },
  {
    "name": "net_debt",
    "year": "2023Q4",
    "value": -6.43
  },
  {
    "name": "net_debt",
    "year": "2024Q1",
    "value": -7.39
  },
  {
    "name": "common_share",
    "year": "2021Q4",
    "value": 1040.0
  },
  {
    "name": "common_share",
    "year": "2022Q1",
    "value": 442.0
  },
  {
    "name": "common_share",
    "year": "2022Q2",
    "value": 268.6
  },
  {
    "name": "common_share",
    "year": "2022Q3",
    "value": 300.0
  },
  {
    "name": "common_share",
    "year": "2022Q4",
    "value": 361.2
  },
  {
    "name": "common_share",
    "year": "2023Q1",
    "value": 480.6
  },
  {
    "name": "common_share",
    "year": "2023Q2",
    "value": 697.4
  },
  {
    "name": "common_share",
    "year": "2023Q3",
    "value": 748.8
  },
  {
    "name": "common_share",
    "year": "2023Q4",
    "value": 614.2
  },
  {
    "name": "common_share",
    "year": "2024Q1",
    "value": 847.0
  },
  {
    "name": "number_of_shares",
    "year": "2021Q4",
    "value": 71.3
  },
  {
    "name": "number_of_shares",
    "year": "2022Q1",
    "value": 71.299
  },
  {
    "name": "number_of_shares",
    "year": "2022Q2",
    "value": 71.299
  },
  {
    "name": "number_of_shares",
    "year": "2022Q3",
    "value": 71.299
  },
  {
    "name": "number_of_shares",
    "year": "2022Q4",
    "value": 71.3
  },
  {
    "name": "number_of_shares",
    "year": "2023Q1",
    "value": 71.3
  },
  {
    "name": "number_of_shares",
    "year": "2023Q2",
    "value": 71.3
  },
  {
    "name": "number_of_shares",
    "year": "2023Q3",
    "value": 71.3
  },
  {
    "name": "number_of_shares",
    "year": "2023Q4",
    "value": 71.3
  },
  {
    "name": "number_of_shares",
    "year": "2024Q1",
    "value": 71.3
  },
  {
    "name": "market_cap",
    "year": "2019Q4",
    "value": 0.0
  },
  {
    "name": "market_cap",
    "year": "2020Q3",
    "value": 0.0
  },
  {
    "name": "market_cap",
    "year": "2020Q4",
    "value": 0.0
  },
  {
    "name": "market_cap",
    "year": "2021Q1",
    "value": 0.0
  },
  {
    "name": "market_cap",
    "year": "2021Q2",
    "value": 0.0
  },
  {
    "name": "market_cap",
    "year": "2021Q3",
    "value": 0.0
  },
  {
    "name": "market_cap",
    "year": "2021Q4",
    "value": 74.152
  },
  {
    "name": "market_cap",
    "year": "2022Q1",
    "value": 31.514158
  },
  {
    "name": "market_cap",
    "year": "2022Q2",
    "value": 19.1509114
  },
  {
    "name": "market_cap",
    "year": "2022Q3",
    "value": 21.3897
  },
  {
    "name": "market_cap",
    "year": "2022Q4",
    "value": 25.75356
  },
  {
    "name": "market_cap",
    "year": "2023Q1",
    "value": 34.26678
  },
  {
    "name": "market_cap",
    "year": "2023Q2",
    "value": 49.72462
  },
  {
    "name": "market_cap",
    "year": "2023Q3",
    "value": 53.38944
  },
  {
    "name": "market_cap",
    "year": "2023Q4",
    "value": 43.79246
  },
  {
    "name": "market_cap",
    "year": "2024Q1",
    "value": 60.3911
  },
  {
    "name": "ev",
    "year": "2019Q4",
    "value": 0.0
  },
  {
    "name": "ev",
    "year": "2020Q3",
    "value": 0.0
  },
  {
    "name": "ev",
    "year": "2020Q4",
    "value": 0.279
  },
  {
    "name": "ev",
    "year": "2021Q1",
    "value": 0.0
  },
  {
    "name": "ev",
    "year": "2021Q2",
    "value": 0.0
  },
  {
    "name": "ev",
    "year": "2021Q3",
    "value": -0.399
  },
  {
    "name": "ev",
    "year": "2021Q4",
    "value": 71.733
  },
  {
    "name": "ev",
    "year": "2022Q1",
    "value": 28.936158
  },
  {
    "name": "ev",
    "year": "2022Q2",
    "value": 16.5649114
  },
  {
    "name": "ev",
    "year": "2022Q3",
    "value": 21.3897
  },
  {
    "name": "ev",
    "year": "2022Q4",
    "value": 21.65356
  },
  {
    "name": "ev",
    "year": "2023Q1",
    "value": 29.56678
  },
  {
    "name": "ev",
    "year": "2023Q2",
    "value": 44.53462
  },
  {
    "name": "ev",
    "year": "2023Q3",
    "value": 47.05944
  },
  {
    "name": "ev",
    "year": "2023Q4",
    "value": 37.36246
  },
  {
    "name": "ev",
    "year": "2024Q1",
    "value": 53.0011
  },
  {
    "name": "book_value",
    "year": "2019Q4",
    "value": 0.0
  },
  {
    "name": "book_value",
    "year": "2020Q3",
    "value": 0.0
  },
  {
    "name": "book_value",
    "year": "2020Q4",
    "value": -1.129
  },
  {
    "name": "book_value",
    "year": "2021Q1",
    "value": 0.0
  },
  {
    "name": "book_value",
    "year": "2021Q2",
    "value": 0.0
  },
  {
    "name": "book_value",
    "year": "2021Q3",
    "value": -2.549
  },
  {
    "name": "book_value",
    "year": "2021Q4",
    "value": 1.89
  },
  {
    "name": "book_value",
    "year": "2022Q1",
    "value": 2.136
  },
  {
    "name": "book_value",
    "year": "2022Q2",
    "value": 1.918
  },
  {
    "name": "book_value",
    "year": "2022Q3",
    "value": 0.0
  },
  {
    "name": "book_value",
    "year": "2022Q4",
    "value": 3.145
  },
  {
    "name": "book_value",
    "year": "2023Q1",
    "value": 3.565
  },
  {
    "name": "book_value",
    "year": "2023Q2",
    "value": 4.085
  },
  {
    "name": "book_value",
    "year": "2023Q3",
    "value": 4.297
  },
  {
    "name": "book_value",
    "year": "2023Q4",
    "value": 4.71
  },
  {
    "name": "book_value",
    "year": "2024Q1",
    "value": 5.57
  },
  {
    "name": "eps",
    "year": "2021Q4",
    "value": -12.4544179523
  },
  {
    "name": "eps",
    "year": "2022Q1",
    "value": 0.617119454691
  },
  {
    "name": "eps",
    "year": "2022Q2",
    "value": -6.07301645184
  },
  {
    "name": "eps",
    "year": "2022Q3",
    "value": 5.32966801778
  },
  {
    "name": "eps",
    "year": "2022Q4",
    "value": 6.85834502104
  },
  {
    "name": "eps",
    "year": "2023Q1",
    "value": 2.95932678822
  },
  {
    "name": "eps",
    "year": "2023Q2",
    "value": 5.66619915849
  },
  {
    "name": "eps",
    "year": "2023Q3",
    "value": 11.3884992987
  },
  {
    "name": "eps",
    "year": "2023Q4",
    "value": 3.68863955119
  },
  {
    "name": "eps",
    "year": "2024Q1",
    "value": 10.3786816269
  },
  {
    "name": "fcf_share",
    "year": "2021Q4",
    "value": -31.809256662
  },
  {
    "name": "fcf_share",
    "year": "2022Q1",
    "value": -1.26228979369
  },
  {
    "name": "fcf_share",
    "year": "2022Q2",
    "value": 9.81780950644
  },
  {
    "name": "fcf_share",
    "year": "2022Q3",
    "value": 0.0
  },
  {
    "name": "fcf_share",
    "year": "2022Q4",
    "value": 16.1290322581
  },
  {
    "name": "fcf_share",
    "year": "2023Q1",
    "value": 6.38148667602
  },
  {
    "name": "fcf_share",
    "year": "2023Q2",
    "value": 4.34782608696
  },
  {
    "name": "fcf_share",
    "year": "2023Q3",
    "value": 13.2398316971
  },
  {
    "name": "fcf_share",
    "year": "2023Q4",
    "value": 3.23983169705
  },
  {
    "name": "fcf_share",
    "year": "2024Q1",
    "value": 13.3520336606
  },
  {
    "name": "bv_share",
    "year": "2021Q4",
    "value": 26.507713885
  },
  {
    "name": "bv_share",
    "year": "2022Q1",
    "value": 29.9583444368
  },
  {
    "name": "bv_share",
    "year": "2022Q2",
    "value": 26.9007980477
  },
  {
    "name": "bv_share",
    "year": "2022Q3",
    "value": 0.0
  },
  {
    "name": "bv_share",
    "year": "2022Q4",
    "value": 44.1093969144
  },
  {
    "name": "bv_share",
    "year": "2023Q1",
    "value": 50.0
  },
  {
    "name": "bv_share",
    "year": "2023Q2",
    "value": 57.2931276297
  },
  {
    "name": "bv_share",
    "year": "2023Q3",
    "value": 60.2664796634
  },
  {
    "name": "bv_share",
    "year": "2023Q4",
    "value": 66.0589060309
  },
  {
    "name": "bv_share",
    "year": "2024Q1",
    "value": 78.1206171108
  },
  {
    "name": "ebitda_margin",
    "year": "2020Q3",
    "value": 7.86308973173
  },
  {
    "name": "ebitda_margin",
    "year": "2020Q4",
    "value": null
  },
  {
    "name": "ebitda_margin",
    "year": "2021Q1",
    "value": -5.44871794872
  },
  {
    "name": "ebitda_margin",
    "year": "2021Q2",
    "value": 8.17307692308
  },
  {
    "name": "ebitda_margin",
    "year": "2021Q3",
    "value": 9.6981374438
  },
  {
    "name": "ebitda_margin",
    "year": "2021Q4",
    "value": 0.620767494357
  },
  {
    "name": "ebitda_margin",
    "year": "2022Q1",
    "value": 3.24449594438
  },
  {
    "name": "ebitda_margin",
    "year": "2022Q2",
    "value": 25.1968503937
  },
  {
    "name": "ebitda_margin",
    "year": "2022Q3",
    "value": 24.497991967900003
  },
  {
    "name": "ebitda_margin",
    "year": "2022Q4",
    "value": 24.3953294412
  },
  {
    "name": "ebitda_margin",
    "year": "2023Q1",
    "value": 14.6899708697
  },
  {
    "name": "ebitda_margin",
    "year": "2023Q2",
    "value": 22.180451127799998
  },
  {
    "name": "ebitda_margin",
    "year": "2023Q3",
    "value": 33.5392217418
  },
  {
    "name": "ebitda_margin",
    "year": "2023Q4",
    "value": 22.9733863567
  },
  {
    "name": "ebitda_margin",
    "year": "2024Q1",
    "value": 30.4761904762
  },
  {
    "name": "net_margin",
    "year": "2020Q3",
    "value": -22.2016651249
  },
  {
    "name": "net_margin",
    "year": "2020Q4",
    "value": null
  },
  {
    "name": "net_margin",
    "year": "2021Q1",
    "value": -30.6891025641
  },
  {
    "name": "net_margin",
    "year": "2021Q2",
    "value": -88.3928571429
  },
  {
    "name": "net_margin",
    "year": "2021Q3",
    "value": -19.203596660200002
  },
  {
    "name": "net_margin",
    "year": "2021Q4",
    "value": -50.1128668172
  },
  {
    "name": "net_margin",
    "year": "2022Q1",
    "value": 2.54924681344
  },
  {
    "name": "net_margin",
    "year": "2022Q2",
    "value": -22.7296587927
  },
  {
    "name": "net_margin",
    "year": "2022Q3",
    "value": 16.9567157519
  },
  {
    "name": "net_margin",
    "year": "2022Q4",
    "value": 20.3919933278
  },
  {
    "name": "net_margin",
    "year": "2023Q1",
    "value": 8.78069080316
  },
  {
    "name": "net_margin",
    "year": "2023Q2",
    "value": 15.187969924799999
  },
  {
    "name": "net_margin",
    "year": "2023Q3",
    "value": 25.077208153199997
  },
  {
    "name": "net_margin",
    "year": "2023Q4",
    "value": 8.04527378403
  },
  {
    "name": "net_margin",
    "year": "2024Q1",
    "value": 23.492063492099998
  },
  {
    "name": "fcf_yield",
    "year": "2021Q4",
    "value": -3.14758873665
  },
  {
    "name": "fcf_yield",
    "year": "2022Q1",
    "value": -7.33321194874
  },
  {
    "name": "fcf_yield",
    "year": "2022Q2",
    "value": -8.65755141032
  },
  {
    "name": "fcf_yield",
    "year": "2022Q3",
    "value": -7.75139436271
  },
  {
    "name": "fcf_yield",
    "year": "2022Q4",
    "value": 6.83400663831
  },
  {
    "name": "fcf_yield",
    "year": "2023Q1",
    "value": 6.726631448879999
  },
  {
    "name": "fcf_yield",
    "year": "2023Q2",
    "value": 3.8512109293099996
  },
  {
    "name": "fcf_yield",
    "year": "2023Q3",
    "value": 5.35499154889
  },
  {
    "name": "fcf_yield",
    "year": "2023Q4",
    "value": 4.42998634925
  },
  {
    "name": "fcf_yield",
    "year": "2024Q1",
    "value": 4.03536282664
  },
  {
    "name": "roe",
    "year": "2020Q4",
    "value": 27.5229357798
  },
  {
    "name": "roe",
    "year": "2021Q1",
    "value": null
  },
  {
    "name": "roe",
    "year": "2021Q2",
    "value": null
  },
  {
    "name": "roe",
    "year": "2021Q3",
    "value": 359.306569343
  },
  {
    "name": "roe",
    "year": "2021Q4",
    "value": -73.7861570248
  },
  {
    "name": "roe",
    "year": "2022Q1",
    "value": -59.398680029299996
  },
  {
    "name": "roe",
    "year": "2022Q2",
    "value": -41.0844629823
  },
  {
    "name": "roe",
    "year": "2022Q3",
    "value": null
  },
  {
    "name": "roe",
    "year": "2022Q4",
    "value": 9.58083832335
  },
  {
    "name": "roe",
    "year": "2023Q1",
    "value": 11.981481481500001
  },
  {
    "name": "roe",
    "year": "2023Q2",
    "value": 25.1525423729
  },
  {
    "name": "roe",
    "year": "2023Q3",
    "value": 28.176470588199997
  },
  {
    "name": "roe",
    "year": "2023Q4",
    "value": 23.537604456799997
  },
  {
    "name": "roe",
    "year": "2024Q1",
    "value": 27.737499999999997
  },
  {
    "name": "roa",
    "year": "2020Q4",
    "value": -17.5182481752
  },
  {
    "name": "roa",
    "year": "2021Q1",
    "value": null
  },
  {
    "name": "roa",
    "year": "2021Q2",
    "value": null
  },
  {
    "name": "roa",
    "year": "2021Q3",
    "value": -52.9301075269
  },
  {
    "name": "roa",
    "year": "2021Q4",
    "value": -51.017857142900006
  },
  {
    "name": "roa",
    "year": "2022Q1",
    "value": -42.9252782194
  },
  {
    "name": "roa",
    "year": "2022Q2",
    "value": -29.0506912442
  },
  {
    "name": "roa",
    "year": "2022Q3",
    "value": null
  },
  {
    "name": "roa",
    "year": "2022Q4",
    "value": 6.88665710187
  },
  {
    "name": "roa",
    "year": "2023Q1",
    "value": 8.51315789474
  },
  {
    "name": "roa",
    "year": "2023Q2",
    "value": 18.208588957099998
  },
  {
    "name": "roa",
    "year": "2023Q3",
    "value": 18.7292277615
  },
  {
    "name": "roa",
    "year": "2023Q4",
    "value": 16.407766990299997
  },
  {
    "name": "roa",
    "year": "2024Q1",
    "value": 19.6371681416
  },
  {
    "name": "p_e",
    "year": "2020Q3",
    "value": 0.0
  },
  {
    "name": "p_e",
    "year": "2020Q4",
    "value": 0.0
  },
  {
    "name": "p_e",
    "year": "2021Q1",
    "value": 0.0
  },
  {
    "name": "p_e",
    "year": "2021Q2",
    "value": 0.0
  },
  {
    "name": "p_e",
    "year": "2021Q3",
    "value": 0.0
  },
  {
    "name": "p_e",
    "year": "2021Q4",
    "value": -25.9544977249
  },
  {
    "name": "p_e",
    "year": "2022Q1",
    "value": -12.9687893004
  },
  {
    "name": "p_e",
    "year": "2022Q2",
    "value": -12.1515935279
  },
  {
    "name": "p_e",
    "year": "2022Q3",
    "value": -23.845819398
  },
  {
    "name": "p_e",
    "year": "2022Q4",
    "value": 53.65325
  },
  {
    "name": "p_e",
    "year": "2023Q1",
    "value": 52.9625656878
  },
  {
    "name": "p_e",
    "year": "2023Q2",
    "value": 33.5071563342
  },
  {
    "name": "p_e",
    "year": "2023Q3",
    "value": 27.8650521921
  },
  {
    "name": "p_e",
    "year": "2023Q4",
    "value": 25.9126982249
  },
  {
    "name": "p_e",
    "year": "2024Q1",
    "value": 27.2154574132
  },
  {
    "name": "p_s",
    "year": "2020Q3",
    "value": 0.0
  },
  {
    "name": "p_s",
    "year": "2020Q4",
    "value": 0.0
  },
  {
    "name": "p_s",
    "year": "2021Q1",
    "value": 0.0
  },
  {
    "name": "p_s",
    "year": "2021Q2",
    "value": 0.0
  },
  {
    "name": "p_s",
    "year": "2021Q3",
    "value": 0.0
  },
  {
    "name": "p_s",
    "year": "2021Q4",
    "value": 12.2910658047
  },
  {
    "name": "p_s",
    "year": "2022Q1",
    "value": 4.84014099217
  },
  {
    "name": "p_s",
    "year": "2022Q2",
    "value": 2.75156772989
  },
  {
    "name": "p_s",
    "year": "2022Q3",
    "value": 2.79823390895
  },
  {
    "name": "p_s",
    "year": "2022Q4",
    "value": 3.11409431681
  },
  {
    "name": "p_s",
    "year": "2023Q1",
    "value": 3.82997429306
  },
  {
    "name": "p_s",
    "year": "2023Q2",
    "value": 5.12519274376
  },
  {
    "name": "p_s",
    "year": "2023Q3",
    "value": 4.99013365735
  },
  {
    "name": "p_s",
    "year": "2023Q4",
    "value": 3.7850008643
  },
  {
    "name": "p_s",
    "year": "2024Q1",
    "value": 4.90306892912
  },
  {
    "name": "p_bv",
    "year": "2020Q4",
    "value": 0.0
  },
  {
    "name": "p_bv",
    "year": "2021Q1",
    "value": null
  },
  {
    "name": "p_bv",
    "year": "2021Q2",
    "value": null
  },
  {
    "name": "p_bv",
    "year": "2021Q3",
    "value": 0.0
  },
  {
    "name": "p_bv",
    "year": "2021Q4",
    "value": 39.2338624339
  },
  {
    "name": "p_bv",
    "year": "2022Q1",
    "value": 14.7538192884
  },
  {
    "name": "p_bv",
    "year": "2022Q2",
    "value": 9.98483388947
  },
  {
    "name": "p_bv",
    "year": "2022Q3",
    "value": null
  },
  {
    "name": "p_bv",
    "year": "2022Q4",
    "value": 8.18873131955
  },
  {
    "name": "p_bv",
    "year": "2023Q1",
    "value": 9.612
  },
  {
    "name": "p_bv",
    "year": "2023Q2",
    "value": 12.1724895961
  },
  {
    "name": "p_bv",
    "year": "2023Q3",
    "value": 12.4248173144
  },
  {
    "name": "p_bv",
    "year": "2023Q4",
    "value": 9.29776220807
  },
  {
    "name": "p_bv",
    "year": "2024Q1",
    "value": 10.8422082585
  },
  {
    "name": "ev_ebitda",
    "year": "2020Q3",
    "value": 0.0
  },
  {
    "name": "ev_ebitda",
    "year": "2020Q4",
    "value": 3.28235294118
  },
  {
    "name": "ev_ebitda",
    "year": "2021Q1",
    "value": 0.0
  },
  {
    "name": "ev_ebitda",
    "year": "2021Q2",
    "value": 0.0
  },
  {
    "name": "ev_ebitda",
    "year": "2021Q3",
    "value": -1.97524752475
  },
  {
    "name": "ev_ebitda",
    "year": "2021Q4",
    "value": 336.774647887
  },
  {
    "name": "ev_ebitda",
    "year": "2022Q1",
    "value": 85.8639703264
  },
  {
    "name": "ev_ebitda",
    "year": "2022Q2",
    "value": 23.7319647564
  },
  {
    "name": "ev_ebitda",
    "year": "2022Q3",
    "value": 19.516149635
  },
  {
    "name": "ev_ebitda",
    "year": "2022Q4",
    "value": 12.9662035928
  },
  {
    "name": "ev_ebitda",
    "year": "2023Q1",
    "value": 15.0314082359
  },
  {
    "name": "ev_ebitda",
    "year": "2023Q2",
    "value": 21.441800674
  },
  {
    "name": "ev_ebitda",
    "year": "2023Q3",
    "value": 18.0028462127
  },
  {
    "name": "ev_ebitda",
    "year": "2023Q4",
    "value": 13.4397338129
  },
  {
    "name": "ev_ebitda",
    "year": "2024Q1",
    "value": 15.6483909064
  },
  {
    "name": "debt_ebitda",
    "year": "2020Q3",
    "value": 0.0
  },
  {
    "name": "debt_ebitda",
    "year": "2020Q4",
    "value": 3.28235294118
  },
  {
    "name": "debt_ebitda",
    "year": "2021Q1",
    "value": 0.0
  },
  {
    "name": "debt_ebitda",
    "year": "2021Q2",
    "value": 0.0
  },
  {
    "name": "debt_ebitda",
    "year": "2021Q3",
    "value": -1.97524752475
  },
  {
    "name": "debt_ebitda",
    "year": "2021Q4",
    "value": -11.3568075117
  },
  {
    "name": "debt_ebitda",
    "year": "2022Q1",
    "value": -7.64985163205
  },
  {
    "name": "debt_ebitda",
    "year": "2022Q2",
    "value": -3.70487106017
  },
  {
    "name": "debt_ebitda",
    "year": "2022Q3",
    "value": 0.0
  },
  {
    "name": "debt_ebitda",
    "year": "2022Q4",
    "value": -2.45508982036
  },
  {
    "name": "debt_ebitda",
    "year": "2023Q1",
    "value": -2.3894255211
  },
  {
    "name": "debt_ebitda",
    "year": "2023Q2",
    "value": -2.49879634088
  },
  {
    "name": "debt_ebitda",
    "year": "2023Q3",
    "value": -2.42157612854
  },
  {
    "name": "debt_ebitda",
    "year": "2023Q4",
    "value": -2.31294964029
  },
  {
    "name": "debt_ebitda",
    "year": "2024Q1",
    "value": -2.18187186301
  },
  {
    "name": "r_and_d_capex",
    "year": "2021Q1",
    "value": 0.0
  },
  {
    "name": "r_and_d_capex",
    "year": "2021Q2",
    "value": 0.0
  },
  {
    "name": "r_and_d_capex",
    "year": "2021Q3",
    "value": null
  },
  {
    "name": "r_and_d_capex",
    "year": "2021Q4",
    "value": 0.0
  },
  {
    "name": "r_and_d_capex",
    "year": "2022Q1",
    "value": 0.0
  },
  {
    "name": "r_and_d_capex",
    "year": "2022Q2",
    "value": 0.0
  },
  {
    "name": "r_and_d_capex",
    "year": "2022Q3",
    "value": null
  },
  {
    "name": "r_and_d_capex",
    "year": "2022Q4",
    "value": 0.0
  },
  {
    "name": "r_and_d_capex",
    "year": "2023Q1",
    "value": 0.0
  },
  {
    "name": "r_and_d_capex",
    "year": "2023Q2",
    "value": 0.0
  },
  {
    "name": "r_and_d_capex",
    "year": "2023Q3",
    "value": 0.0
  },
  {
    "name": "r_and_d_capex",
    "year": "2023Q4",
    "value": null
  },
  {
    "name": "r_and_d_capex",
    "year": "2024Q1",
    "value": 0.0
  },
  {
    "name": "capex_revenue",
    "year": "2020Q3",
    "value": 0.0
  },
  {
    "name": "capex_revenue",
    "year": "2020Q4",
    "value": null
  },
  {
    "name": "capex_revenue",
    "year": "2021Q1",
    "value": 2.3237179487199997
  },
  {
    "name": "capex_revenue",
    "year": "2021Q2",
    "value": 3.09065934066
  },
  {
    "name": "capex_revenue",
    "year": "2021Q3",
    "value": 0.0
  },
  {
    "name": "capex_revenue",
    "year": "2021Q4",
    "value": 0.112866817156
  },
  {
    "name": "capex_revenue",
    "year": "2022Q1",
    "value": 1.9698725376600001
  },
  {
    "name": "capex_revenue",
    "year": "2022Q2",
    "value": 1.41732283465
  },
  {
    "name": "capex_revenue",
    "year": "2022Q3",
    "value": 0.0
  },
  {
    "name": "capex_revenue",
    "year": "2022Q4",
    "value": 2.46038365304
  },
  {
    "name": "capex_revenue",
    "year": "2023Q1",
    "value": 1.37328339576
  },
  {
    "name": "capex_revenue",
    "year": "2023Q2",
    "value": 1.12781954887
  },
  {
    "name": "capex_revenue",
    "year": "2023Q3",
    "value": 9.26497838172
  },
  {
    "name": "capex_revenue",
    "year": "2023Q4",
    "value": 0.0
  },
  {
    "name": "capex_revenue",
    "year": "2024Q1",
    "value": 1.01587301587
  }
]