[{"name":"date","year":"2023Q1","value":"19.08.2023"},{"name":"date","year":"2023Q2","value":"18.08.2023"},{"name":"date","year":"2023Q3","value":"21.11.2023"},{"name":"date","year":"2023Q4","value":"26.04.2024"},{"name":"date","year":"2024Q1","value":"24.05.2024"},{"name":"date","year":"LTM\n?","value":"24.05.2024"},{"name":"currency","year":"2023Q1","value":"RUB"},{"name":"currency","year":"2023Q2","value":"RUB"},{"name":"currency","year":"2023Q3","value":"RUB"},{"name":"currency","year":"2023Q4","value":"RUB"},{"name":"currency","year":"2024Q1","value":"RUB"},{"name":"currency","year":"LTM\n?","value":"RUB"},{"name":"report_url","year":"2023Q1","value":"https://ir.ciangroup.ru/upload/iblock/8bb/k183rmlbhcmt0lzey6acgmlnyr4u131z/cian_q1_2023_financial_results_rus.pdf"},{"name":"report_url","year":"2023Q2","value":"https://ir.ciangroup.ru/upload/iblock/4a4/irprtym51g9vvnhp6rh2a8c72lhoqsw0/Cian_Q2_2023_financial_results_RUS.pdf"},{"name":"report_url","year":"2023Q3","value":"https://ir.ciangroup.ru/upload/iblock/485/wr0ju3i0q9fql2rmaj19at25vbnvk4pt/Cian_Q3_2023_financial_results_RUS%20%281%29.pdf"},{"name":"report_url","year":"2023Q4","value":"https://ir.ciangroup.ru/upload/iblock/6cd/yri8tgdligyc1s3adad1cdzosewzrr1w/Cian_Q4_2023_financial_results_RUS.pdf"},{"name":"report_url","year":"2024Q1","value":"https://ir.ciangroup.ru/upload/iblock/5f4/s9n4jk5xvldgffw71bj4205n42fm491t/Cian_Q1_2024_financial_results_RUS.pdf"},{"name":"report_url","year":"LTM\n?","value":"https://ir.ciangroup.ru/upload/iblock/5f4/s9n4jk5xvldgffw71bj4205n42fm491t/Cian_Q1_2024_financial_results_RUS.pdf"},{"name":"revenue","year":"2023Q1","value":"2.40"},{"name":"revenue","year":"2023Q2","value":"2.66"},{"name":"revenue","year":"2023Q3","value":"3.24"},{"name":"revenue","year":"2023Q4","value":"3.27"},{"name":"revenue","year":"2024Q1","value":"3.15"},{"name":"revenue","year":"LTM\n?","value":"12.3"},{"name":"operating_income","year":"2023Q1","value":"0.132"},{"name":"operating_income","year":"2023Q2","value":"0.306"},{"name":"operating_income","year":"2023Q3","value":"0.860"},{"name":"operating_income","year":"2023Q4","value":"0.522"},{"name":"operating_income","year":"2024Q1","value":"0.775"},{"name":"operating_income","year":"LTM\n?","value":"2.46"},{"name":"ebitda","year":"2023Q1","value":"0.353"},{"name":"ebitda","year":"2023Q2","value":"0.590"},{"name":"ebitda","year":"2023Q3","value":"1.09"},{"name":"ebitda","year":"2023Q4","value":"0.751"},{"name":"ebitda","year":"2024Q1","value":"0.960"},{"name":"ebitda","year":"LTM\n?","value":"3.39"},{"name":"net_income","year":"2023Q1","value":"0.211"},{"name":"net_income","year":"2023Q2","value":"0.404"},{"name":"net_income","year":"2023Q3","value":"0.812"},{"name":"net_income","year":"2023Q4","value":"0.263"},{"name":"net_income","year":"2024Q1","value":"0.740"},{"name":"net_income","year":"LTM\n?","value":"2.22"},{"name":"ocf","year":"2023Q1","value":"0.500"},{"name":"ocf","year":"2023Q2","value":"0.344"},{"name":"ocf","year":"2023Q3","value":"0.915"},{"name":"ocf","year":"2023Q4","value":"0.661"},{"name":"ocf","year":"2024Q1","value":"0.995"},{"name":"ocf","year":"LTM\n?","value":"2.92"},{"name":"capex","year":"2023Q1","value":"0.033"},{"name":"capex","year":"2023Q2","value":"0.030"},{"name":"capex","year":"2023Q3","value":"0.300"},{"name":"capex","year":"2023Q4","value":"0.000"},{"name":"capex","year":"2024Q1","value":"0.032"},{"name":"capex","year":"LTM\n?","value":"0.362"},{"name":"fcf","year":"2023Q1","value":"0.455"},{"name":"fcf","year":"2023Q2","value":"0.310"},{"name":"fcf","year":"2023Q3","value":"0.944"},{"name":"fcf","year":"2023Q4","value":"0.231"},{"name":"fcf","year":"2024Q1","value":"0.952"},{"name":"fcf","year":"LTM\n?","value":"2.44"},{"name":"div_yield","year":"2023Q1","value":"0.0%"},{"name":"div_yield","year":"2023Q2","value":"0.0%"},{"name":"div_yield","year":"2023Q3","value":"0.0%"},{"name":"div_yield","year":"2023Q4","value":"0.0%"},{"name":"div_yield","year":"2024Q1","value":"0.0%"},{"name":"div_yield","year":"LTM\n?","value":"0.0%"},{"name":"div_payout_ratio","year":"2023Q1","value":"0%"},{"name":"div_payout_ratio","year":"2023Q2","value":"0%"},{"name":"div_payout_ratio","year":"2023Q3","value":"0%"},{"name":"div_payout_ratio","year":"2023Q4","value":"0%"},{"name":"div_payout_ratio","year":"2024Q1","value":"0%"},{"name":"div_payout_ratio","year":"LTM\n?","value":"0"},{"name":"opex","year":"2023Q1","value":"2.27"},{"name":"opex","year":"2023Q2","value":"2.36"},{"name":"opex","year":"2023Q3","value":"2.38"},{"name":"opex","year":"2023Q4","value":"2.75"},{"name":"opex","year":"2024Q1","value":"2.38"},{"name":"opex","year":"LTM\n?","value":"9.86"},{"name":"amortization","year":"2023Q1","value":"0.1"},{"name":"amortization","year":"2023Q2","value":"0.1"},{"name":"amortization","year":"2023Q3","value":"0.1"},{"name":"amortization","year":"2023Q4","value":""},{"name":"amortization","year":"2024Q1","value":"0.1"},{"name":"amortization","year":"LTM\n?","value":"0.2"},{"name":"employment_expenses","year":"2023Q1","value":"1.06"},{"name":"employment_expenses","year":"2023Q2","value":"1.09"},{"name":"employment_expenses","year":"2023Q3","value":"1.05"},{"name":"employment_expenses","year":"2023Q4","value":"1.14"},{"name":"employment_expenses","year":"2024Q1","value":"1.19"},{"name":"employment_expenses","year":"LTM\n?","value":"4.48"},{"name":"assets","year":"2023Q1","value":"7.60"},{"name":"assets","year":"2023Q2","value":"8.15"},{"name":"assets","year":"2023Q3","value":"10.2"},{"name":"assets","year":"2023Q4","value":"10.3"},{"name":"assets","year":"2024Q1","value":"11.3"},{"name":"assets","year":"LTM\n?","value":"11.3"},{"name":"net_assets","year":"2023Q1","value":"5.40"},{"name":"net_assets","year":"2023Q2","value":"5.90"},{"name":"net_assets","year":"2023Q3","value":"6.80"},{"name":"net_assets","year":"2023Q4","value":"7.18"},{"name":"net_assets","year":"2024Q1","value":"8.00"},{"name":"net_assets","year":"LTM\n?","value":"8.00"},{"name":"debt","year":"2023Q1","value":"0.000"},{"name":"debt","year":"2023Q2","value":"0.000"},{"name":"debt","year":"2023Q3","value":"0.000"},{"name":"debt","year":"2023Q4","value":"0.000"},{"name":"debt","year":"2024Q1","value":"0.000"},{"name":"debt","year":"LTM\n?","value":"0.000"},{"name":"cash","year":"2023Q1","value":"4.70"},{"name":"cash","year":"2023Q2","value":"5.19"},{"name":"cash","year":"2023Q3","value":"6.33"},{"name":"cash","year":"2023Q4","value":"6.43"},{"name":"cash","year":"2024Q1","value":"7.39"},{"name":"cash","year":"LTM\n?","value":"7.39"},{"name":"net_debt","year":"2023Q1","value":"-4.70"},{"name":"net_debt","year":"2023Q2","value":"-5.19"},{"name":"net_debt","year":"2023Q3","value":"-6.33"},{"name":"net_debt","year":"2023Q4","value":"-6.43"},{"name":"net_debt","year":"2024Q1","value":"-7.39"},{"name":"net_debt","year":"LTM\n?","value":"-7.39"},{"name":"common_share","year":"2023Q1","value":"480.6"},{"name":"common_share","year":"2023Q2","value":"697.4"},{"name":"common_share","year":"2023Q3","value":"748.8"},{"name":"common_share","year":"2023Q4","value":"614.2"},{"name":"common_share","year":"2024Q1","value":"847.0"},{"name":"common_share","year":"LTM\n?","value":"603.6"},{"name":"number_of_shares","year":"2023Q1","value":"71.3"},{"name":"number_of_shares","year":"2023Q2","value":"71.3"},{"name":"number_of_shares","year":"2023Q3","value":"71.3"},{"name":"number_of_shares","year":"2023Q4","value":"71.3"},{"name":"number_of_shares","year":"2024Q1","value":"71.3"},{"name":"number_of_shares","year":"LTM\n?","value":"71.3"},{"name":"market_cap","year":"2023Q1","value":"34.3"},{"name":"market_cap","year":"2023Q2","value":"49.7"},{"name":"market_cap","year":"2023Q3","value":"53.4"},{"name":"market_cap","year":"2023Q4","value":"43.8"},{"name":"market_cap","year":"2024Q1","value":"60.4"},{"name":"market_cap","year":"LTM\n?","value":"43.0"},{"name":"ev","year":"2023Q1","value":"29.6"},{"name":"ev","year":"2023Q2","value":"44.5"},{"name":"ev","year":"2023Q3","value":"47.1"},{"name":"ev","year":"2023Q4","value":"37.4"},{"name":"ev","year":"2024Q1","value":"53.0"},{"name":"ev","year":"LTM\n?","value":"35.6"},{"name":"book_value","year":"2023Q1","value":"3.57"},{"name":"book_value","year":"2023Q2","value":"4.09"},{"name":"book_value","year":"2023Q3","value":"4.30"},{"name":"book_value","year":"2023Q4","value":"4.71"},{"name":"book_value","year":"2024Q1","value":"5.57"},{"name":"book_value","year":"LTM\n?","value":"5.57"},{"name":"eps","year":"2023Q1","value":"2.96"},{"name":"eps","year":"2023Q2","value":"5.67"},{"name":"eps","year":"2023Q3","value":"11.4"},{"name":"eps","year":"2023Q4","value":"3.69"},{"name":"eps","year":"2024Q1","value":"10.4"},{"name":"eps","year":"LTM\n?","value":"31.1"},{"name":"fcf_share","year":"2023Q1","value":"6.38"},{"name":"fcf_share","year":"2023Q2","value":"4.35"},{"name":"fcf_share","year":"2023Q3","value":"13.2"},{"name":"fcf_share","year":"2023Q4","value":"3.24"},{"name":"fcf_share","year":"2024Q1","value":"13.4"},{"name":"fcf_share","year":"LTM\n?","value":"34.2"},{"name":"bv_share","year":"2023Q1","value":"50.0"},{"name":"bv_share","year":"2023Q2","value":"57.3"},{"name":"bv_share","year":"2023Q3","value":"60.3"},{"name":"bv_share","year":"2023Q4","value":"66.1"},{"name":"bv_share","year":"2024Q1","value":"78.1"},{"name":"bv_share","year":"LTM\n?","value":"78.1"},{"name":"ebitda_margin","year":"2023Q1","value":"14.7%"},{"name":"ebitda_margin","year":"2023Q2","value":"22.2%"},{"name":"ebitda_margin","year":"2023Q3","value":"33.5%"},{"name":"ebitda_margin","year":"2023Q4","value":"23.0%"},{"name":"ebitda_margin","year":"2024Q1","value":"30.5%"},{"name":"ebitda_margin","year":"LTM\n?","value":"27.5%"},{"name":"net_margin","year":"2023Q1","value":"8.8%"},{"name":"net_margin","year":"2023Q2","value":"15.2%"},{"name":"net_margin","year":"2023Q3","value":"25.1%"},{"name":"net_margin","year":"2023Q4","value":"8.0%"},{"name":"net_margin","year":"2024Q1","value":"23.5%"},{"name":"net_margin","year":"LTM\n?","value":"18.0%"},{"name":"fcf_yield","year":"2023Q1","value":"6.7%"},{"name":"fcf_yield","year":"2023Q2","value":"3.9%"},{"name":"fcf_yield","year":"2023Q3","value":"5.4%"},{"name":"fcf_yield","year":"2023Q4","value":"4.4%"},{"name":"fcf_yield","year":"2024Q1","value":"4.0%"},{"name":"fcf_yield","year":"LTM\n?","value":"5.7%"},{"name":"roe","year":"2023Q1","value":"12.0%"},{"name":"roe","year":"2023Q2","value":"25.2%"},{"name":"roe","year":"2023Q3","value":"28.2%"},{"name":"roe","year":"2023Q4","value":"23.5%"},{"name":"roe","year":"2024Q1","value":"27.7%"},{"name":"roe","year":"LTM\n?","value":"27.7%"},{"name":"roa","year":"2023Q1","value":"8.5%"},{"name":"roa","year":"2023Q2","value":"18.2%"},{"name":"roa","year":"2023Q3","value":"18.7%"},{"name":"roa","year":"2023Q4","value":"16.4%"},{"name":"roa","year":"2024Q1","value":"19.6%"},{"name":"roa","year":"LTM\n?","value":"19.6%"},{"name":"p_e","year":"2023Q1","value":"53.0"},{"name":"p_e","year":"2023Q2","value":"33.5"},{"name":"p_e","year":"2023Q3","value":"27.9"},{"name":"p_e","year":"2023Q4","value":"25.9"},{"name":"p_e","year":"2024Q1","value":"27.2"},{"name":"p_e","year":"LTM\n?","value":"19.4"},{"name":"p_fcf","year":"2023Q1","value":"75.3"},{"name":"p_fcf","year":"2023Q2","value":"160.4"},{"name":"p_fcf","year":"2023Q3","value":"56.6"},{"name":"p_fcf","year":"2023Q4","value":"22.6"},{"name":"p_fcf","year":"2024Q1","value":"24.8"},{"name":"p_fcf","year":"LTM\n?","value":"17.7"},{"name":"p_s","year":"2023Q1","value":"3.83"},{"name":"p_s","year":"2023Q2","value":"5.13"},{"name":"p_s","year":"2023Q3","value":"4.99"},{"name":"p_s","year":"2023Q4","value":"3.79"},{"name":"p_s","year":"2024Q1","value":"4.90"},{"name":"p_s","year":"LTM\n?","value":"3.49"},{"name":"p_bv","year":"2023Q1","value":"9.61"},{"name":"p_bv","year":"2023Q2","value":"12.2"},{"name":"p_bv","year":"2023Q3","value":"12.4"},{"name":"p_bv","year":"2023Q4","value":"9.30"},{"name":"p_bv","year":"2024Q1","value":"10.8"},{"name":"p_bv","year":"LTM\n?","value":"7.73"},{"name":"ev_ebitda","year":"2023Q1","value":"15.0"},{"name":"ev_ebitda","year":"2023Q2","value":"21.4"},{"name":"ev_ebitda","year":"2023Q3","value":"18.0"},{"name":"ev_ebitda","year":"2023Q4","value":"13.4"},{"name":"ev_ebitda","year":"2024Q1","value":"15.6"},{"name":"ev_ebitda","year":"LTM\n?","value":"10.5"},{"name":"debt_ebitda","year":"2023Q1","value":"-2.39"},{"name":"debt_ebitda","year":"2023Q2","value":"-2.50"},{"name":"debt_ebitda","year":"2023Q3","value":"-2.42"},{"name":"debt_ebitda","year":"2023Q4","value":"-2.31"},{"name":"debt_ebitda","year":"2024Q1","value":"-2.18"},{"name":"debt_ebitda","year":"LTM\n?","value":"-2.18"},{"name":"r_and_d_capex","year":"2023Q1","value":"0.00%"},{"name":"r_and_d_capex","year":"2023Q2","value":"0.00%"},{"name":"r_and_d_capex","year":"2023Q3","value":"0.00%"},{"name":"r_and_d_capex","year":"2023Q4","value":""},{"name":"r_and_d_capex","year":"2024Q1","value":"0.00%"},{"name":"r_and_d_capex","year":"LTM\n?","value":"0"},{"name":"capex_revenue","year":"2023Q1","value":"1%"},{"name":"capex_revenue","year":"2023Q2","value":"1%"},{"name":"capex_revenue","year":"2023Q3","value":"9%"},{"name":"capex_revenue","year":"2023Q4","value":"0%"},{"name":"capex_revenue","year":"2024Q1","value":"1%"},{"name":"capex_revenue","year":"LTM\n?","value":"3%"}]