[{"name":"date","year":"2023Q2","value":"07.08.2023"},{"name":"date","year":"2023Q3","value":"13.11.2023"},{"name":"date","year":"2023Q4","value":"04.03.2024"},{"name":"date","year":"2024Q1","value":"13.05.2024"},{"name":"date","year":"2024Q2","value":"06.08.2024"},{"name":"date","year":"LTM\n?","value":"06.08.2024"},{"name":"currency","year":"2023Q2","value":"RUB"},{"name":"currency","year":"2023Q3","value":"RUB"},{"name":"currency","year":"2023Q4","value":"RUB"},{"name":"currency","year":"2024Q1","value":"RUB"},{"name":"currency","year":"2024Q2","value":"RUB"},{"name":"currency","year":"LTM\n?","value":"RUB"},{"name":"report_url","year":"2023Q2","value":"https://www.rusagrogroup.ru/fileadmin/files/reports/ru/pdf/2Q23_RUS_PressRelease_RA_aq.pdf"},{"name":"report_url","year":"2023Q3","value":"https://www.rusagrogroup.ru/fileadmin/files/reports/ru/pdf/3Q23_RUS_PressRelease_RA_v5.pdf"},{"name":"report_url","year":"2023Q4","value":"https://www.rusagrogroup.ru/fileadmin/files/financial_statements/Ros_Agro_PLC_Consolidation_FS_2023_RUS_FRC.pdf"},{"name":"report_url","year":"2024Q1","value":"https://www.rusagrogroup.ru/fileadmin/files/reports/ru/pdf/1Q24_RUS_PressRelease_RA_v1.pdf"},{"name":"report_url","year":"2024Q2","value":"https://www.rusagrogroup.ru/fileadmin/files/reports/ru/pdf/2Q24_RUS_PressRelease_RA_v1.pdf"},{"name":"report_url","year":"LTM\n?","value":"https://www.rusagrogroup.ru/fileadmin/files/reports/ru/pdf/2Q24_RUS_PressRelease_RA_v1.pdf"},{"name":"presentation_url","year":"2023Q2","value":"https://www.rusagrogroup.ru/fileadmin/files/presentations/2Q23_RUS_InvestorsPresentation_RA_aq.pdf"},{"name":"presentation_url","year":"2023Q3","value":"https://www.rusagrogroup.ru/fileadmin/files/presentations/3Q23_RUS_InvestorsPresentation_RA_v3.2.pdf"},{"name":"presentation_url","year":"2023Q4","value":"https://www.rusagrogroup.ru/fileadmin/files/presentations/4Q23_RUS_InvestorsPresentation_RA_v1.pdf"},{"name":"presentation_url","year":"2024Q1","value":""},{"name":"presentation_url","year":"2024Q2","value":""},{"name":"presentation_url","year":"LTM\n?","value":""},{"name":"revenue","year":"2023Q2","value":"59.2"},{"name":"revenue","year":"2023Q3","value":"71.7"},{"name":"revenue","year":"2023Q4","value":"99.1"},{"name":"revenue","year":"2024Q1","value":"68.3"},{"name":"revenue","year":"2024Q2","value":"70.7"},{"name":"revenue","year":"LTM\n?","value":"309.8"},{"name":"operating_income","year":"2023Q2","value":"5.35"},{"name":"operating_income","year":"2023Q3","value":"23.7"},{"name":"operating_income","year":"2023Q4","value":"15.2"},{"name":"operating_income","year":"2024Q1","value":"2.29"},{"name":"operating_income","year":"2024Q2","value":"3.34"},{"name":"operating_income","year":"LTM\n?","value":"44.6"},{"name":"ebitda","year":"2023Q2","value":"8.47"},{"name":"ebitda","year":"2023Q3","value":"15.0"},{"name":"ebitda","year":"2023Q4","value":"25.9"},{"name":"ebitda","year":"2024Q1","value":"7.30"},{"name":"ebitda","year":"2024Q2","value":"8.46"},{"name":"ebitda","year":"LTM\n?","value":"56.7"},{"name":"net_income","year":"2023Q2","value":"7.77"},{"name":"net_income","year":"2023Q3","value":"25.5"},{"name":"net_income","year":"2023Q4","value":"7.78"},{"name":"net_income","year":"2024Q1","value":"0.530"},{"name":"net_income","year":"2024Q2","value":"1.75"},{"name":"net_income","year":"LTM\n?","value":"35.6"},{"name":"ocf","year":"2023Q2","value":"16.6"},{"name":"ocf","year":"2023Q3","value":"14.8"},{"name":"ocf","year":"2023Q4","value":"5.95"},{"name":"ocf","year":"2024Q1","value":"10.3"},{"name":"ocf","year":"2024Q2","value":"6.64"},{"name":"ocf","year":"LTM\n?","value":"37.6"},{"name":"capex","year":"2023Q2","value":"9.39"},{"name":"capex","year":"2023Q3","value":"5.50"},{"name":"capex","year":"2023Q4","value":"2.02"},{"name":"capex","year":"2024Q1","value":"6.27"},{"name":"capex","year":"2024Q2","value":"4.90"},{"name":"capex","year":"LTM\n?","value":"18.7"},{"name":"fcf","year":"2023Q2","value":"10.4"},{"name":"fcf","year":"2023Q3","value":"9.57"},{"name":"fcf","year":"2023Q4","value":"3.45"},{"name":"fcf","year":"2024Q1","value":"3.73"},{"name":"fcf","year":"2024Q2","value":"3.27"},{"name":"fcf","year":"LTM\n?","value":"20.0"},{"name":"div_yield","year":"2023Q2","value":"0.0%"},{"name":"div_yield","year":"2023Q3","value":"0.0%"},{"name":"div_yield","year":"2023Q4","value":"0.0%"},{"name":"div_yield","year":"2024Q1","value":"0.0%"},{"name":"div_yield","year":"2024Q2","value":"0.0%"},{"name":"div_yield","year":"LTM\n?","value":"0.0%"},{"name":"div_payout_ratio","year":"2023Q2","value":"0%"},{"name":"div_payout_ratio","year":"2023Q3","value":"0%"},{"name":"div_payout_ratio","year":"2023Q4","value":"0%"},{"name":"div_payout_ratio","year":"2024Q1","value":"0%"},{"name":"div_payout_ratio","year":"2024Q2","value":"0%"},{"name":"div_payout_ratio","year":"LTM\n?","value":"0"},{"name":"opex","year":"2023Q2","value":"6.46"},{"name":"opex","year":"2023Q3","value":"7.93"},{"name":"opex","year":"2023Q4","value":"11.4"},{"name":"opex","year":"2024Q1","value":"10.3"},{"name":"opex","year":"2024Q2","value":"9.64"},{"name":"opex","year":"LTM\n?","value":"39.3"},{"name":"cost_of_production","year":"2023Q2","value":"46.4"},{"name":"cost_of_production","year":"2023Q3","value":"52.6"},{"name":"cost_of_production","year":"2023Q4","value":"67.8"},{"name":"cost_of_production","year":"2024Q1","value":"52.5"},{"name":"cost_of_production","year":"2024Q2","value":"57.4"},{"name":"cost_of_production","year":"LTM\n?","value":"230.3"},{"name":"amortization","year":"2023Q2","value":""},{"name":"amortization","year":"2023Q3","value":""},{"name":"amortization","year":"2023Q4","value":""},{"name":"amortization","year":"2024Q1","value":"3.4"},{"name":"amortization","year":"2024Q2","value":""},{"name":"amortization","year":"LTM\n?","value":"3.4"},{"name":"interest_expenses","year":"2023Q2","value":"2.79"},{"name":"interest_expenses","year":"2023Q3","value":"0.300"},{"name":"interest_expenses","year":"2023Q4","value":"14.5"},{"name":"interest_expenses","year":"2024Q1","value":"3.40"},{"name":"interest_expenses","year":"2024Q2","value":""},{"name":"interest_expenses","year":"LTM\n?","value":"18.2"},{"name":"assets","year":"2023Q2","value":"463.2"},{"name":"assets","year":"2023Q3","value":"452.3"},{"name":"assets","year":"2023Q4","value":"432.8"},{"name":"assets","year":"2024Q1","value":"409.0"},{"name":"assets","year":"2024Q2","value":"399.0"},{"name":"assets","year":"LTM\n?","value":"399.0"},{"name":"net_assets","year":"2023Q2","value":"167.9"},{"name":"net_assets","year":"2023Q3","value":"191.4"},{"name":"net_assets","year":"2023Q4","value":"201.2"},{"name":"net_assets","year":"2024Q1","value":"201.7"},{"name":"net_assets","year":"2024Q2","value":"202.5"},{"name":"net_assets","year":"LTM\n?","value":"202.5"},{"name":"debt","year":"2023Q2","value":"232.5"},{"name":"debt","year":"2023Q3","value":"194.5"},{"name":"debt","year":"2023Q4","value":"127.5"},{"name":"debt","year":"2024Q1","value":"128.4"},{"name":"debt","year":"2024Q2","value":"111.0"},{"name":"debt","year":"LTM\n?","value":"111.0"},{"name":"cash","year":"2023Q2","value":"152.5"},{"name":"cash","year":"2023Q3","value":"129.3"},{"name":"cash","year":"2023Q4","value":"61.1"},{"name":"cash","year":"2024Q1","value":"65.7"},{"name":"cash","year":"2024Q2","value":"49.4"},{"name":"cash","year":"LTM\n?","value":"49.4"},{"name":"net_debt","year":"2023Q2","value":"80.0"},{"name":"net_debt","year":"2023Q3","value":"65.2"},{"name":"net_debt","year":"2023Q4","value":"66.4"},{"name":"net_debt","year":"2024Q1","value":"62.7"},{"name":"net_debt","year":"2024Q2","value":"61.6"},{"name":"net_debt","year":"LTM\n?","value":"61.6"},{"name":"common_share","year":"2023Q2","value":"974.4"},{"name":"common_share","year":"2023Q3","value":"1 197"},{"name":"common_share","year":"2023Q4","value":"1 350"},{"name":"common_share","year":"2024Q1","value":"1 430"},{"name":"common_share","year":"2024Q2","value":"1 418"},{"name":"common_share","year":"LTM\n?","value":"1 217"},{"name":"number_of_shares","year":"2023Q2","value":"136.7"},{"name":"number_of_shares","year":"2023Q3","value":"136.7"},{"name":"number_of_shares","year":"2023Q4","value":"136.7"},{"name":"number_of_shares","year":"2024Q1","value":"136.7"},{"name":"number_of_shares","year":"2024Q2","value":"136.7"},{"name":"number_of_shares","year":"LTM\n?","value":"136.7"},{"name":"market_cap","year":"2023Q2","value":"133.2"},{"name":"market_cap","year":"2023Q3","value":"163.6"},{"name":"market_cap","year":"2023Q4","value":"184.4"},{"name":"market_cap","year":"2024Q1","value":"195.4"},{"name":"market_cap","year":"2024Q2","value":"193.8"},{"name":"market_cap","year":"LTM\n?","value":"166.4"},{"name":"ev","year":"2023Q2","value":"213.2"},{"name":"ev","year":"2023Q3","value":"228.8"},{"name":"ev","year":"2023Q4","value":"250.9"},{"name":"ev","year":"2024Q1","value":"258.1"},{"name":"ev","year":"2024Q2","value":"255.4"},{"name":"ev","year":"LTM\n?","value":"228.0"},{"name":"book_value","year":"2023Q2","value":"163.6"},{"name":"book_value","year":"2023Q3","value":"187.0"},{"name":"book_value","year":"2023Q4","value":"189.6"},{"name":"book_value","year":"2024Q1","value":"190.2"},{"name":"book_value","year":"2024Q2","value":"191.1"},{"name":"book_value","year":"LTM\n?","value":"191.1"},{"name":"eps","year":"2023Q2","value":"56.9"},{"name":"eps","year":"2023Q3","value":"186.8"},{"name":"eps","year":"2023Q4","value":"56.9"},{"name":"eps","year":"2024Q1","value":"3.88"},{"name":"eps","year":"2024Q2","value":"12.8"},{"name":"eps","year":"LTM\n?","value":"260.4"},{"name":"fcf_share","year":"2023Q2","value":"75.8"},{"name":"fcf_share","year":"2023Q3","value":"70.0"},{"name":"fcf_share","year":"2023Q4","value":"25.2"},{"name":"fcf_share","year":"2024Q1","value":"27.3"},{"name":"fcf_share","year":"2024Q2","value":"23.9"},{"name":"fcf_share","year":"LTM\n?","value":"146.5"},{"name":"bv_share","year":"2023Q2","value":"1 197"},{"name":"bv_share","year":"2023Q3","value":"1 368"},{"name":"bv_share","year":"2023Q4","value":"1 387"},{"name":"bv_share","year":"2024Q1","value":"1 392"},{"name":"bv_share","year":"2024Q2","value":"1 398"},{"name":"bv_share","year":"LTM\n?","value":"1 398"},{"name":"ebitda_margin","year":"2023Q2","value":"14.3%"},{"name":"ebitda_margin","year":"2023Q3","value":"21.0%"},{"name":"ebitda_margin","year":"2023Q4","value":"26.2%"},{"name":"ebitda_margin","year":"2024Q1","value":"10.7%"},{"name":"ebitda_margin","year":"2024Q2","value":"12.0%"},{"name":"ebitda_margin","year":"LTM\n?","value":"18.3%"},{"name":"net_margin","year":"2023Q2","value":"13.1%"},{"name":"net_margin","year":"2023Q3","value":"35.6%"},{"name":"net_margin","year":"2023Q4","value":"7.8%"},{"name":"net_margin","year":"2024Q1","value":"0.8%"},{"name":"net_margin","year":"2024Q2","value":"2.5%"},{"name":"net_margin","year":"LTM\n?","value":"11.5%"},{"name":"fcf_yield","year":"2023Q2","value":"17.2%"},{"name":"fcf_yield","year":"2023Q3","value":"17.1%"},{"name":"fcf_yield","year":"2023Q4","value":"20.4%"},{"name":"fcf_yield","year":"2024Q1","value":"13.9%"},{"name":"fcf_yield","year":"2024Q2","value":"10.3%"},{"name":"fcf_yield","year":"LTM\n?","value":"12.0%"},{"name":"roe","year":"2023Q2","value":"11.8%"},{"name":"roe","year":"2023Q3","value":"22.8%"},{"name":"roe","year":"2023Q4","value":"23.1%"},{"name":"roe","year":"2024Q1","value":"20.6%"},{"name":"roe","year":"2024Q2","value":"17.6%"},{"name":"roe","year":"LTM\n?","value":"17.6%"},{"name":"roa","year":"2023Q2","value":"4.3%"},{"name":"roa","year":"2023Q3","value":"9.6%"},{"name":"roa","year":"2023Q4","value":"10.7%"},{"name":"roa","year":"2024Q1","value":"10.2%"},{"name":"roa","year":"2024Q2","value":"8.9%"},{"name":"roa","year":"LTM\n?","value":"8.9%"},{"name":"p_e","year":"2023Q2","value":"6.72"},{"name":"p_e","year":"2023Q3","value":"3.75"},{"name":"p_e","year":"2023Q4","value":"3.97"},{"name":"p_e","year":"2024Q1","value":"4.70"},{"name":"p_e","year":"2024Q2","value":"5.45"},{"name":"p_e","year":"LTM\n?","value":"4.67"},{"name":"p_fcf","year":"2023Q2","value":"5.83"},{"name":"p_fcf","year":"2023Q3","value":"5.84"},{"name":"p_fcf","year":"2023Q4","value":"4.91"},{"name":"p_fcf","year":"2024Q1","value":"7.21"},{"name":"p_fcf","year":"2024Q2","value":"9.68"},{"name":"p_fcf","year":"LTM\n?","value":"8.31"},{"name":"p_s","year":"2023Q2","value":"0.61"},{"name":"p_s","year":"2023Q3","value":"0.69"},{"name":"p_s","year":"2023Q4","value":"0.67"},{"name":"p_s","year":"2024Q1","value":"0.66"},{"name":"p_s","year":"2024Q2","value":"0.63"},{"name":"p_s","year":"LTM\n?","value":"0.54"},{"name":"p_bv","year":"2023Q2","value":"0.81"},{"name":"p_bv","year":"2023Q3","value":"0.87"},{"name":"p_bv","year":"2023Q4","value":"0.97"},{"name":"p_bv","year":"2024Q1","value":"1.03"},{"name":"p_bv","year":"2024Q2","value":"1.01"},{"name":"p_bv","year":"LTM\n?","value":"0.87"},{"name":"ev_ebitda","year":"2023Q2","value":"7.00"},{"name":"ev_ebitda","year":"2023Q3","value":"5.72"},{"name":"ev_ebitda","year":"2023Q4","value":"4.44"},{"name":"ev_ebitda","year":"2024Q1","value":"4.55"},{"name":"ev_ebitda","year":"2024Q2","value":"4.50"},{"name":"ev_ebitda","year":"LTM\n?","value":"4.02"},{"name":"debt_ebitda","year":"2023Q2","value":"2.63"},{"name":"debt_ebitda","year":"2023Q3","value":"1.63"},{"name":"debt_ebitda","year":"2023Q4","value":"1.17"},{"name":"debt_ebitda","year":"2024Q1","value":"1.11"},{"name":"debt_ebitda","year":"2024Q2","value":"1.09"},{"name":"debt_ebitda","year":"LTM\n?","value":"1.09"},{"name":"employees","year":"2023Q2","value":""},{"name":"employees","year":"2023Q3","value":""},{"name":"employees","year":"2023Q4","value":"23 100"},{"name":"employees","year":"2024Q1","value":""},{"name":"employees","year":"2024Q2","value":""},{"name":"employees","year":"LTM\n?","value":""},{"name":"expenses_per_employee","year":"2023Q2","value":""},{"name":"expenses_per_employee","year":"2023Q3","value":""},{"name":"expenses_per_employee","year":"2023Q4","value":"0.00"},{"name":"expenses_per_employee","year":"2024Q1","value":""},{"name":"expenses_per_employee","year":"2024Q2","value":""},{"name":"expenses_per_employee","year":"LTM\n?","value":""},{"name":"r_and_d_capex","year":"2023Q2","value":"0.00%"},{"name":"r_and_d_capex","year":"2023Q3","value":"0.00%"},{"name":"r_and_d_capex","year":"2023Q4","value":"0.00%"},{"name":"r_and_d_capex","year":"2024Q1","value":"0.00%"},{"name":"r_and_d_capex","year":"2024Q2","value":"0.00%"},{"name":"r_and_d_capex","year":"LTM\n?","value":"0"},{"name":"capex_revenue","year":"2023Q2","value":"16%"},{"name":"capex_revenue","year":"2023Q3","value":"8%"},{"name":"capex_revenue","year":"2023Q4","value":"2%"},{"name":"capex_revenue","year":"2024Q1","value":"9%"},{"name":"capex_revenue","year":"2024Q2","value":"7%"},{"name":"capex_revenue","year":"LTM\n?","value":"6%"},{"name":"irr","year":"2023Q2","value":""},{"name":"irr","year":"2023Q3","value":""},{"name":"irr","year":"2023Q4","value":"5.0"},{"name":"irr","year":"2024Q1","value":"5.0"},{"name":"irr","year":"2024Q2","value":"5.0"},{"name":"irr","year":"LTM\n?","value":"5.0"},{"name":"ir_fs_quality","year":"2023Q2","value":""},{"name":"ir_fs_quality","year":"2023Q3","value":""},{"name":"ir_fs_quality","year":"2023Q4","value":"5"},{"name":"ir_fs_quality","year":"2024Q1","value":"5"},{"name":"ir_fs_quality","year":"2024Q2","value":"5"},{"name":"ir_fs_quality","year":"LTM\n?","value":"5"},{"name":"ir_investor_presentations","year":"2023Q2","value":""},{"name":"ir_investor_presentations","year":"2023Q3","value":""},{"name":"ir_investor_presentations","year":"2023Q4","value":"5"},{"name":"ir_investor_presentations","year":"2024Q1","value":"5"},{"name":"ir_investor_presentations","year":"2024Q2","value":"5"},{"name":"ir_investor_presentations","year":"LTM\n?","value":"5"},{"name":"ir_annual_report","year":"2023Q2","value":""},{"name":"ir_annual_report","year":"2023Q3","value":""},{"name":"ir_annual_report","year":"2023Q4","value":"5"},{"name":"ir_annual_report","year":"2024Q1","value":"5"},{"name":"ir_annual_report","year":"2024Q2","value":"5"},{"name":"ir_annual_report","year":"LTM\n?","value":"5"},{"name":"ir_investor_site","year":"2023Q2","value":""},{"name":"ir_investor_site","year":"2023Q3","value":""},{"name":"ir_investor_site","year":"2023Q4","value":"5"},{"name":"ir_investor_site","year":"2024Q1","value":"5"},{"name":"ir_investor_site","year":"2024Q2","value":"5"},{"name":"ir_investor_site","year":"LTM\n?","value":"5"},{"name":"ir_investor_calendar","year":"2023Q2","value":""},{"name":"ir_investor_calendar","year":"2023Q3","value":""},{"name":"ir_investor_calendar","year":"2023Q4","value":"5"},{"name":"ir_investor_calendar","year":"2024Q1","value":"5"},{"name":"ir_investor_calendar","year":"2024Q2","value":"5"},{"name":"ir_investor_calendar","year":"LTM\n?","value":"5"},{"name":"ir_feedback","year":"2023Q2","value":""},{"name":"ir_feedback","year":"2023Q3","value":""},{"name":"ir_feedback","year":"2023Q4","value":"5"},{"name":"ir_feedback","year":"2024Q1","value":"5"},{"name":"ir_feedback","year":"2024Q2","value":"5"},{"name":"ir_feedback","year":"LTM\n?","value":"5"}]