[{"name":"date","year":"2019","value":""},{"name":"date","year":"2020","value":"25.03.2021"},{"name":"date","year":"2021","value":"25.03.2022"},{"name":"date","year":"2022","value":"26.03.2024"},{"name":"date","year":"2023","value":"27.03.2024"},{"name":"date","year":"LTM\n?","value":""},{"name":"currency","year":"2019","value":"RUB"},{"name":"currency","year":"2020","value":"RUB"},{"name":"currency","year":"2021","value":"RUB"},{"name":"currency","year":"2022","value":"RUB"},{"name":"currency","year":"2023","value":"RUB"},{"name":"currency","year":"LTM\n?","value":"RUB"},{"name":"report_url","year":"2019","value":""},{"name":"report_url","year":"2020","value":"https://www.e-disclosure.ru/portal/FileLoad.ashx?Fileid=1685964"},{"name":"report_url","year":"2021","value":"https://www.e-disclosure.ru/portal/FileLoad.ashx?Fileid=1739964"},{"name":"report_url","year":"2022","value":""},{"name":"report_url","year":"2023","value":"https://www.e-disclosure.ru/portal/FileLoad.ashx?Fileid=1827294"},{"name":"report_url","year":"LTM\n?","value":"http://www.belon.ru/upload/iblock/d91/d91e28d4584912f6fde49b2fc600b543.pdf"},{"name":"revenue","year":"2019","value":""},{"name":"revenue","year":"2020","value":""},{"name":"revenue","year":"2021","value":""},{"name":"revenue","year":"2022","value":""},{"name":"revenue","year":"2023","value":""},{"name":"revenue","year":"LTM\n?","value":"0.261"},{"name":"net_income","year":"2019","value":""},{"name":"net_income","year":"2020","value":"0.084"},{"name":"net_income","year":"2021","value":"0.077"},{"name":"net_income","year":"2022","value":"0.080"},{"name":"net_income","year":"2023","value":"0.078"},{"name":"net_income","year":"LTM\n?","value":"0.064"},{"name":"div_yield","year":"2019","value":"0.0%"},{"name":"div_yield","year":"2020","value":"0.0%"},{"name":"div_yield","year":"2021","value":"0.0%"},{"name":"div_yield","year":"2022","value":"0.0%"},{"name":"div_yield","year":"2023","value":"0.0%"},{"name":"div_yield","year":"LTM\n?","value":"0.0%"},{"name":"div_payout_ratio","year":"2019","value":""},{"name":"div_payout_ratio","year":"2020","value":"0%"},{"name":"div_payout_ratio","year":"2021","value":"0%"},{"name":"div_payout_ratio","year":"2022","value":"0%"},{"name":"div_payout_ratio","year":"2023","value":"0%"},{"name":"div_payout_ratio","year":"LTM\n?","value":"0"},{"name":"cost_of_production","year":"2019","value":""},{"name":"cost_of_production","year":"2020","value":""},{"name":"cost_of_production","year":"2021","value":""},{"name":"cost_of_production","year":"2022","value":""},{"name":"cost_of_production","year":"2023","value":""},{"name":"cost_of_production","year":"LTM\n?","value":"0.254"},{"name":"assets","year":"2019","value":"7.87"},{"name":"assets","year":"2020","value":"7.95"},{"name":"assets","year":"2021","value":"8.03"},{"name":"assets","year":"2022","value":"8.10"},{"name":"assets","year":"2023","value":"8.18"},{"name":"assets","year":"LTM\n?","value":""},{"name":"net_assets","year":"2019","value":"7.86"},{"name":"net_assets","year":"2020","value":"7.95"},{"name":"net_assets","year":"2021","value":"8.02"},{"name":"net_assets","year":"2022","value":"8.10"},{"name":"net_assets","year":"2023","value":"8.18"},{"name":"net_assets","year":"LTM\n?","value":""},{"name":"net_debt","year":"2019","value":"0.00"},{"name":"net_debt","year":"2020","value":"0.00"},{"name":"net_debt","year":"2021","value":"0.00"},{"name":"net_debt","year":"2022","value":"0.00"},{"name":"net_debt","year":"2023","value":"0.00"},{"name":"net_debt","year":"LTM\n?","value":"0"},{"name":"common_share","year":"2019","value":"4.00"},{"name":"common_share","year":"2020","value":"5.25"},{"name":"common_share","year":"2021","value":"11.4"},{"name":"common_share","year":"2022","value":"10.1"},{"name":"common_share","year":"2023","value":"28.3"},{"name":"common_share","year":"LTM\n?","value":"18.5"},{"name":"number_of_shares","year":"2019","value":"1 150"},{"name":"number_of_shares","year":"2020","value":"1 150"},{"name":"number_of_shares","year":"2021","value":"1 150"},{"name":"number_of_shares","year":"2022","value":"1 150"},{"name":"number_of_shares","year":"2023","value":"1 150"},{"name":"number_of_shares","year":"LTM\n?","value":"1 150"},{"name":"free_float","year":"2019","value":""},{"name":"free_float","year":"2020","value":"4.70%"},{"name":"free_float","year":"2021","value":""},{"name":"free_float","year":"2022","value":""},{"name":"free_float","year":"2023","value":""},{"name":"free_float","year":"LTM\n?","value":""},{"name":"market_cap","year":"2019","value":"4.60"},{"name":"market_cap","year":"2020","value":"6.04"},{"name":"market_cap","year":"2021","value":"13.1"},{"name":"market_cap","year":"2022","value":"11.6"},{"name":"market_cap","year":"2023","value":"32.5"},{"name":"market_cap","year":"LTM\n?","value":"21.3"},{"name":"ev","year":"2019","value":"4.60"},{"name":"ev","year":"2020","value":"6.04"},{"name":"ev","year":"2021","value":"13.1"},{"name":"ev","year":"2022","value":"11.6"},{"name":"ev","year":"2023","value":"32.5"},{"name":"ev","year":"LTM\n?","value":"21.3"},{"name":"book_value","year":"2019","value":"7.86"},{"name":"book_value","year":"2020","value":"7.95"},{"name":"book_value","year":"2021","value":"8.02"},{"name":"book_value","year":"2022","value":"8.10"},{"name":"book_value","year":"2023","value":"8.18"},{"name":"book_value","year":"LTM\n?","value":"0"},{"name":"eps","year":"2019","value":"0.00"},{"name":"eps","year":"2020","value":"0.07"},{"name":"eps","year":"2021","value":"0.07"},{"name":"eps","year":"2022","value":"0.07"},{"name":"eps","year":"2023","value":"0.07"},{"name":"eps","year":"LTM\n?","value":"0.06"},{"name":"fcf_share","year":"2019","value":"0.00"},{"name":"fcf_share","year":"2020","value":"0.00"},{"name":"fcf_share","year":"2021","value":"0.00"},{"name":"fcf_share","year":"2022","value":"0.00"},{"name":"fcf_share","year":"2023","value":"0.00"},{"name":"fcf_share","year":"LTM\n?","value":"0"},{"name":"bv_share","year":"2019","value":"6.83"},{"name":"bv_share","year":"2020","value":"6.91"},{"name":"bv_share","year":"2021","value":"6.97"},{"name":"bv_share","year":"2022","value":"7.04"},{"name":"bv_share","year":"2023","value":"7.11"},{"name":"bv_share","year":"LTM\n?","value":"0"},{"name":"ebitda_margin","year":"2019","value":""},{"name":"ebitda_margin","year":"2020","value":""},{"name":"ebitda_margin","year":"2021","value":""},{"name":"ebitda_margin","year":"2022","value":""},{"name":"ebitda_margin","year":"2023","value":""},{"name":"ebitda_margin","year":"LTM\n?","value":"0"},{"name":"net_margin","year":"2019","value":""},{"name":"net_margin","year":"2020","value":""},{"name":"net_margin","year":"2021","value":""},{"name":"net_margin","year":"2022","value":""},{"name":"net_margin","year":"2023","value":""},{"name":"net_margin","year":"LTM\n?","value":"24.3%"},{"name":"fcf_yield","year":"2019","value":"0.0%"},{"name":"fcf_yield","year":"2020","value":"0.0%"},{"name":"fcf_yield","year":"2021","value":"0.0%"},{"name":"fcf_yield","year":"2022","value":"0.0%"},{"name":"fcf_yield","year":"2023","value":"0.0%"},{"name":"fcf_yield","year":"LTM\n?","value":"0.0%"},{"name":"roe","year":"2019","value":"0.0%"},{"name":"roe","year":"2020","value":"1.1%"},{"name":"roe","year":"2021","value":"1.0%"},{"name":"roe","year":"2022","value":"1.0%"},{"name":"roe","year":"2023","value":"1.0%"},{"name":"roe","year":"LTM\n?","value":""},{"name":"roa","year":"2019","value":"0.0%"},{"name":"roa","year":"2020","value":"1.1%"},{"name":"roa","year":"2021","value":"1.0%"},{"name":"roa","year":"2022","value":"1.0%"},{"name":"roa","year":"2023","value":"1.0%"},{"name":"roa","year":"LTM\n?","value":""},{"name":"p_e","year":"2019","value":""},{"name":"p_e","year":"2020","value":"71.9"},{"name":"p_e","year":"2021","value":"170.3"},{"name":"p_e","year":"2022","value":"145.5"},{"name":"p_e","year":"2023","value":"416.6"},{"name":"p_e","year":"LTM\n?","value":"335.6"},{"name":"p_s","year":"2019","value":""},{"name":"p_s","year":"2020","value":""},{"name":"p_s","year":"2021","value":""},{"name":"p_s","year":"2022","value":""},{"name":"p_s","year":"2023","value":""},{"name":"p_s","year":"LTM\n?","value":"81.7"},{"name":"p_bv","year":"2019","value":"0.58"},{"name":"p_bv","year":"2020","value":"0.76"},{"name":"p_bv","year":"2021","value":"1.64"},{"name":"p_bv","year":"2022","value":"1.44"},{"name":"p_bv","year":"2023","value":"3.97"},{"name":"p_bv","year":"LTM\n?","value":""},{"name":"employees","year":"2019","value":"1"},{"name":"employees","year":"2020","value":"1"},{"name":"employees","year":"2021","value":"0"},{"name":"employees","year":"2022","value":""},{"name":"employees","year":"2023","value":""},{"name":"employees","year":"LTM\n?","value":""},{"name":"labour_productivity","year":"2019","value":"0.00"},{"name":"labour_productivity","year":"2020","value":"0.00"},{"name":"labour_productivity","year":"2021","value":""},{"name":"labour_productivity","year":"2022","value":""},{"name":"labour_productivity","year":"2023","value":""},{"name":"labour_productivity","year":"LTM\n?","value":""},{"name":"expenses_per_employee","year":"2019","value":"0.00"},{"name":"expenses_per_employee","year":"2020","value":"0.00"},{"name":"expenses_per_employee","year":"2021","value":""},{"name":"expenses_per_employee","year":"2022","value":""},{"name":"expenses_per_employee","year":"2023","value":""},{"name":"expenses_per_employee","year":"LTM\n?","value":""},{"name":"capex_revenue","year":"2019","value":""},{"name":"capex_revenue","year":"2020","value":""},{"name":"capex_revenue","year":"2021","value":""},{"name":"capex_revenue","year":"2022","value":""},{"name":"capex_revenue","year":"2023","value":""},{"name":"capex_revenue","year":"LTM\n?","value":"0"}]