[{"name":"date","year":"2019","value":"21.04.2020"},{"name":"date","year":"2020","value":"18.03.2021"},{"name":"date","year":"2021","value":"03.08.2023"},{"name":"date","year":"2022","value":"03.08.2023"},{"name":"date","year":"2023","value":"11.03.2024"},{"name":"currency","year":"2019","value":"RUB"},{"name":"currency","year":"2020","value":"RUB"},{"name":"currency","year":"2021","value":"RUB"},{"name":"currency","year":"2022","value":"RUB"},{"name":"currency","year":"2023","value":"RUB"},{"name":"report_url","year":"2019","value":"http://www.e-disclosure.ru/portal/FileLoad.ashx?Fileid=1629649"},{"name":"report_url","year":"2020","value":"https://e-disclosure.ru/portal/FileLoad.ashx?Fileid=1684678"},{"name":"report_url","year":"2021","value":""},{"name":"report_url","year":"2022","value":"https://www.e-disclosure.ru/portal/FileLoad.ashx?Fileid=1806572"},{"name":"report_url","year":"2023","value":"https://www.e-disclosure.ru/portal/FileLoad.ashx?Fileid=1824648"},{"name":"revenue","year":"2019","value":"0.901"},{"name":"revenue","year":"2020","value":"0.480"},{"name":"revenue","year":"2021","value":"0.000"},{"name":"revenue","year":"2022","value":"1.45"},{"name":"revenue","year":"2023","value":"3.17"},{"name":"operating_income","year":"2019","value":""},{"name":"operating_income","year":"2020","value":""},{"name":"operating_income","year":"2021","value":""},{"name":"operating_income","year":"2022","value":"0.570"},{"name":"operating_income","year":"2023","value":"0.890"},{"name":"net_income","year":"2019","value":"-0.197"},{"name":"net_income","year":"2020","value":"-9.00"},{"name":"net_income","year":"2021","value":"-1.49"},{"name":"net_income","year":"2022","value":"-0.120"},{"name":"net_income","year":"2023","value":"-0.001"},{"name":"div_yield","year":"2019","value":"0.0%"},{"name":"div_yield","year":"2020","value":"0.0%"},{"name":"div_yield","year":"2021","value":"0.0%"},{"name":"div_yield","year":"2022","value":"0.0%"},{"name":"div_yield","year":"2023","value":"0.0%"},{"name":"div_payout_ratio","year":"2019","value":"0%"},{"name":"div_payout_ratio","year":"2020","value":"0%"},{"name":"div_payout_ratio","year":"2021","value":"0%"},{"name":"div_payout_ratio","year":"2022","value":"0%"},{"name":"div_payout_ratio","year":"2023","value":"0%"},{"name":"cost_of_production","year":"2019","value":"0.000"},{"name":"cost_of_production","year":"2020","value":"0.000"},{"name":"cost_of_production","year":"2021","value":"0.000"},{"name":"cost_of_production","year":"2022","value":"0.120"},{"name":"cost_of_production","year":"2023","value":"0.125"},{"name":"assets","year":"2019","value":""},{"name":"assets","year":"2020","value":"77.3"},{"name":"assets","year":"2021","value":"76.1"},{"name":"assets","year":"2022","value":"76.3"},{"name":"assets","year":"2023","value":"77.0"},{"name":"net_assets","year":"2019","value":""},{"name":"net_assets","year":"2020","value":"47.2"},{"name":"net_assets","year":"2021","value":"45.7"},{"name":"net_assets","year":"2022","value":"45.6"},{"name":"net_assets","year":"2023","value":"45.6"},{"name":"debt","year":"2019","value":""},{"name":"debt","year":"2020","value":"30.1"},{"name":"debt","year":"2021","value":"30.2"},{"name":"debt","year":"2022","value":"30.2"},{"name":"debt","year":"2023","value":"30.3"},{"name":"net_debt","year":"2019","value":"0.00"},{"name":"net_debt","year":"2020","value":"30.1"},{"name":"net_debt","year":"2021","value":"30.2"},{"name":"net_debt","year":"2022","value":"30.2"},{"name":"net_debt","year":"2023","value":"30.3"},{"name":"common_share","year":"2019","value":"12.3"},{"name":"common_share","year":"2020","value":"14.0"},{"name":"common_share","year":"2021","value":"14.0"},{"name":"common_share","year":"2022","value":"11.6"},{"name":"common_share","year":"2023","value":"14.2"},{"name":"number_of_shares","year":"2019","value":"2 331"},{"name":"number_of_shares","year":"2020","value":"2 331"},{"name":"number_of_shares","year":"2021","value":"2 331"},{"name":"number_of_shares","year":"2022","value":"2 331"},{"name":"number_of_shares","year":"2023","value":"2 331"},{"name":"market_cap","year":"2019","value":"28.6"},{"name":"market_cap","year":"2020","value":"32.5"},{"name":"market_cap","year":"2021","value":"32.5"},{"name":"market_cap","year":"2022","value":"27.0"},{"name":"market_cap","year":"2023","value":"33.1"},{"name":"ev","year":"2019","value":"28.6"},{"name":"ev","year":"2020","value":"62.6"},{"name":"ev","year":"2021","value":"62.7"},{"name":"ev","year":"2022","value":"57.2"},{"name":"ev","year":"2023","value":"63.4"},{"name":"book_value","year":"2019","value":"0.00"},{"name":"book_value","year":"2020","value":"47.2"},{"name":"book_value","year":"2021","value":"45.7"},{"name":"book_value","year":"2022","value":"45.6"},{"name":"book_value","year":"2023","value":"45.6"},{"name":"eps","year":"2019","value":"-0.08"},{"name":"eps","year":"2020","value":"-3.86"},{"name":"eps","year":"2021","value":"-0.64"},{"name":"eps","year":"2022","value":"-0.05"},{"name":"eps","year":"2023","value":"0.00"},{"name":"fcf_share","year":"2019","value":"0.00"},{"name":"fcf_share","year":"2020","value":"0.00"},{"name":"fcf_share","year":"2021","value":"0.00"},{"name":"fcf_share","year":"2022","value":"0.00"},{"name":"fcf_share","year":"2023","value":"0.00"},{"name":"bv_share","year":"2019","value":"0.00"},{"name":"bv_share","year":"2020","value":"20.2"},{"name":"bv_share","year":"2021","value":"19.6"},{"name":"bv_share","year":"2022","value":"19.6"},{"name":"bv_share","year":"2023","value":"19.6"},{"name":"ebitda_margin","year":"2019","value":"0.0%"},{"name":"ebitda_margin","year":"2020","value":"0.0%"},{"name":"ebitda_margin","year":"2021","value":""},{"name":"ebitda_margin","year":"2022","value":"0.0%"},{"name":"ebitda_margin","year":"2023","value":"0.0%"},{"name":"net_margin","year":"2019","value":"-21.9%"},{"name":"net_margin","year":"2020","value":"-1 875.0%"},{"name":"net_margin","year":"2021","value":""},{"name":"net_margin","year":"2022","value":"-8.3%"},{"name":"net_margin","year":"2023","value":"0.0%"},{"name":"fcf_yield","year":"2019","value":"0.0%"},{"name":"fcf_yield","year":"2020","value":"0.0%"},{"name":"fcf_yield","year":"2021","value":"0.0%"},{"name":"fcf_yield","year":"2022","value":"0.0%"},{"name":"fcf_yield","year":"2023","value":"0.0%"},{"name":"roe","year":"2019","value":""},{"name":"roe","year":"2020","value":"-19.1%"},{"name":"roe","year":"2021","value":"-3.3%"},{"name":"roe","year":"2022","value":"-0.3%"},{"name":"roe","year":"2023","value":"0.0%"},{"name":"roa","year":"2019","value":""},{"name":"roa","year":"2020","value":"-11.6%"},{"name":"roa","year":"2021","value":"-2.0%"},{"name":"roa","year":"2022","value":"-0.2%"},{"name":"roa","year":"2023","value":"0.0%"},{"name":"p_e","year":"2019","value":"-145.4"},{"name":"p_e","year":"2020","value":"-3.61"},{"name":"p_e","year":"2021","value":"-21.8"},{"name":"p_e","year":"2022","value":"-224.7"},{"name":"p_e","year":"2023","value":"-33 142"},{"name":"p_s","year":"2019","value":"31.8"},{"name":"p_s","year":"2020","value":"67.7"},{"name":"p_s","year":"2021","value":""},{"name":"p_s","year":"2022","value":"18.6"},{"name":"p_s","year":"2023","value":"10.5"},{"name":"p_bv","year":"2019","value":""},{"name":"p_bv","year":"2020","value":"0.69"},{"name":"p_bv","year":"2021","value":"0.71"},{"name":"p_bv","year":"2022","value":"0.59"},{"name":"p_bv","year":"2023","value":"0.73"},{"name":"employees","year":"2019","value":""},{"name":"employees","year":"2020","value":"5 904"},{"name":"employees","year":"2021","value":""},{"name":"employees","year":"2022","value":""},{"name":"employees","year":"2023","value":""},{"name":"labour_productivity","year":"2019","value":""},{"name":"labour_productivity","year":"2020","value":"0.08"},{"name":"labour_productivity","year":"2021","value":""},{"name":"labour_productivity","year":"2022","value":""},{"name":"labour_productivity","year":"2023","value":""},{"name":"expenses_per_employee","year":"2019","value":""},{"name":"expenses_per_employee","year":"2020","value":"0.00"},{"name":"expenses_per_employee","year":"2021","value":""},{"name":"expenses_per_employee","year":"2022","value":""},{"name":"expenses_per_employee","year":"2023","value":""},{"name":"capex_revenue","year":"2019","value":"0%"},{"name":"capex_revenue","year":"2020","value":"0%"},{"name":"capex_revenue","year":"2021","value":""},{"name":"capex_revenue","year":"2022","value":"0%"},{"name":"capex_revenue","year":"2023","value":"0%"}]