[{"name":"Выручка","year":"2023","value":"1045869000000"},{"name":"Выручка","year":"2022","value":"895133000000"},{"name":"Выручка","year":"2021","value":"773218000000"},{"name":"Выручка","year":"2020","value":"691626000000"},{"name":"Выручка","year":"2019","value":"654303000000"},{"name":"Валовая прибыль","year":"2023","value":"502371000000"},{"name":"Валовая прибыль","year":"2022","value":"448905000000"},{"name":"Валовая прибыль","year":"2021","value":"369860000000"},{"name":"Валовая прибыль","year":"2020","value":"361571000000"},{"name":"Валовая прибыль","year":"2019","value":"354180000000"},{"name":"EBITDA","year":"2023","value":"267695000000"},{"name":"EBITDA","year":"2022","value":"317659000000"},{"name":"EBITDA","year":"2021","value":"251900000000"},{"name":"EBITDA","year":"2020","value":"233136000000"},{"name":"EBITDA","year":"2019","value":"224241000000"},{"name":"EBIT","year":"2023","value":"119719000000"},{"name":"EBIT","year":"2022","value":"168651000000"},{"name":"EBIT","year":"2021","value":"170202000000"},{"name":"EBIT","year":"2020","value":"112644000000"},{"name":"EBIT","year":"2019","value":"89171000000"},{"name":"Процентные доходы","year":"2023","value":"10409000000"},{"name":"Процентные доходы","year":"2022","value":"10244000000"},{"name":"Процентные доходы","year":"2021","value":"6272000000"},{"name":"Процентные доходы","year":"2020","value":"5330000000"},{"name":"Процентные доходы","year":"2019","value":"5921000000"},{"name":"Процентные расходы","year":"2023","value":"133928000000"},{"name":"Процентные расходы","year":"2022","value":"112883000000"},{"name":"Процентные расходы","year":"2021","value":"70153000000"},{"name":"Процентные расходы","year":"2020","value":"71468000000"},{"name":"Процентные расходы","year":"2019","value":"77560000000"},{"name":"Чистые процентные доходы/расходы","year":"2023","value":"-123519000000"},{"name":"Чистые процентные доходы/расходы","year":"2022","value":"-102639000000"},{"name":"Чистые процентные доходы/расходы","year":"2021","value":"-63881000000"},{"name":"Чистые процентные доходы/расходы","year":"2020","value":"-66138000000"},{"name":"Чистые процентные доходы/расходы","year":"2019","value":"-71639000000"},{"name":"Операционный доход","year":"2023","value":"116338000000"},{"name":"Операционный доход","year":"2022","value":"157671000000"},{"name":"Операционный доход","year":"2021","value":"155819000000"},{"name":"Операционный доход","year":"2020","value":"109404000000"},{"name":"Операционный доход","year":"2019","value":"86828000000"},{"name":"Расходы на персонал","year":"2023","value":"227582000000"},{"name":"Расходы на персонал","year":"2022","value":"182550000000"},{"name":"Расходы на персонал","year":"2021","value":"147648000000"},{"name":"Расходы на персонал","year":"2020","value":"134176000000"},{"name":"Расходы на персонал","year":"2019","value":"128418000000"},{"name":"Прибыль до налогов","year":"2023","value":"-3800000000"},{"name":"Прибыль до налогов","year":"2022","value":"66012000000"},{"name":"Прибыль до налогов","year":"2021","value":"106321000000"},{"name":"Прибыль до налогов","year":"2020","value":"46506000000"},{"name":"Прибыль до налогов","year":"2019","value":"17532000000"},{"name":"Чистая прибыль","year":"2023","value":"-5314000000"},{"name":"Чистая прибыль","year":"2022","value":"43506000000"},{"name":"Чистая прибыль","year":"2021","value":"53182000000"},{"name":"Чистая прибыль","year":"2020","value":"41287000000"},{"name":"Чистая прибыль","year":"2019","value":"57608000000"},{"name":"Капитал на акционеров","year":"2023","value":"74635000000"},{"name":"Капитал на акционеров","year":"2022","value":"104197000000"},{"name":"Капитал на акционеров","year":"2021","value":"84901000000"},{"name":"Капитал на акционеров","year":"2020","value":"64847000000"},{"name":"Капитал на акционеров","year":"2019","value":"41375000000"},{"name":"Активы","year":"2023","value":"2358110000000"},{"name":"Активы","year":"2022","value":"2098605000000"},{"name":"Активы","year":"2021","value":"1754856000000"},{"name":"Активы","year":"2020","value":"1421316000000"},{"name":"Активы","year":"2019","value":"1263527000000"},{"name":"CA Оборотные активы","year":"2023","value":"862177000000"},{"name":"CA Оборотные активы","year":"2022","value":"761377000000"},{"name":"CA Оборотные активы","year":"2021","value":"448204000000"},{"name":"CA Оборотные активы","year":"2020","value":"374475000000"},{"name":"CA Оборотные активы","year":"2019","value":"305231000000"},{"name":"Денежные средства и их эквиваленты","year":"2023","value":"137701000000"},{"name":"Денежные средства и их эквиваленты","year":"2022","value":"135491000000"},{"name":"Денежные средства и их эквиваленты","year":"2021","value":"86792000000"},{"name":"Денежные средства и их эквиваленты","year":"2020","value":"118003000000"},{"name":"Денежные средства и их эквиваленты","year":"2019","value":"69358000000"},{"name":"Обязательства","year":"2023","value":"2209521000000"},{"name":"Обязательства","year":"2022","value":"1911265000000"},{"name":"Обязательства","year":"2021","value":"1633439000000"},{"name":"Обязательства","year":"2020","value":"1333987000000"},{"name":"Обязательства","year":"2019","value":"1197799000000"},{"name":"Собственный капитал","year":"2023","value":"148589000000"},{"name":"Собственный капитал","year":"2022","value":"187340000000"},{"name":"Собственный капитал","year":"2021","value":"125446000000"},{"name":"Собственный капитал","year":"2020","value":"87329000000"},{"name":"Собственный капитал","year":"2019","value":"65728000000"},{"name":"Капитал на акционеров","year":"2023","value":"-23611000000"},{"name":"Капитал на акционеров","year":"2022","value":"18823000000"},{"name":"Капитал на акционеров","year":"2021","value":"16755000000"},{"name":"Капитал на акционеров","year":"2020","value":"10216000000"},{"name":"Капитал на акционеров","year":"2019","value":"28597000000"},{"name":"Внеоборотные активы","year":"2023","value":"1495933000000"},{"name":"Внеоборотные активы","year":"2022","value":"1337228000000"},{"name":"Внеоборотные активы","year":"2021","value":"1758885000000"},{"name":"Внеоборотные активы","year":"2020","value":"1046841000000"},{"name":"Внеоборотные активы","year":"2019","value":"958296000000"},{"name":"Собственный капитал","year":"2023","value":"1730.4917"},{"name":"Собственный капитал","year":"2022","value":"1554.613"},{"name":"Собственный капитал","year":"2021","value":"3015.5685"},{"name":"Собственный капитал","year":"2020","value":"3764.1303"},{"name":"Собственный капитал","year":"2019","value":"2375.491"},{"name":"CFO операционные денежные потоки","year":"2023","value":"74112000000"},{"name":"CFO операционные денежные потоки","year":"2022","value":"48967000000"},{"name":"CFO операционные денежные потоки","year":"2021","value":"121571000000"},{"name":"CFO операционные денежные потоки","year":"2020","value":"136827000000"},{"name":"CFO операционные денежные потоки","year":"2019","value":"106269000000"},{"name":"FCF на акцию","year":"2023","value":"-75154000000"},{"name":"FCF на акцию","year":"2022","value":"-109592000000"},{"name":"FCF на акцию","year":"2021","value":"-1966000000"},{"name":"FCF на акцию","year":"2020","value":"9049000000"},{"name":"FCF на акцию","year":"2019","value":"-11353000000"},{"name":"Инвестиционный денежный поток","year":"2023","value":"-202447000000"},{"name":"Инвестиционный денежный поток","year":"2022","value":"-139561000000"},{"name":"Инвестиционный денежный поток","year":"2021","value":"-219204000000"},{"name":"Инвестиционный денежный поток","year":"2020","value":"-108055000000"},{"name":"Инвестиционный денежный поток","year":"2019","value":"-43926000000"},{"name":"CFF Денежный поток от финансовой деятельности","year":"2023","value":"114887000000"},{"name":"CFF Денежный поток от финансовой деятельности","year":"2022","value":"148202000000"},{"name":"CFF Денежный поток от финансовой деятельности","year":"2021","value":"66761000000"},{"name":"CFF Денежный поток от финансовой деятельности","year":"2020","value":"20257000000"},{"name":"CFF Денежный поток от финансовой деятельности","year":"2019","value":"-110102000000"},{"name":"CB Текущие кредиты","year":"2023","value":"500404000000"},{"name":"CB Текущие кредиты","year":"2022","value":"298841000000"},{"name":"CB Текущие кредиты","year":"2021","value":"209306000000"},{"name":"CB Текущие кредиты","year":"2020","value":"83391000000"},{"name":"CB Текущие кредиты","year":"2019","value":"129454000000"},{"name":"Общий долг","year":"2023","value":"1061815000000"},{"name":"Общий долг","year":"2022","value":"925554000000"},{"name":"Общий долг","year":"2021","value":"764025000000"},{"name":"Общий долг","year":"2020","value":"605958000000"},{"name":"Общий долг","year":"2019","value":"551512000000"},{"name":"Текущие обязательства","year":"2023","value":"1257190000000"},{"name":"Текущие обязательства","year":"2022","value":"873206000000"},{"name":"Текущие обязательства","year":"2021","value":"730197000000"},{"name":"Текущие обязательства","year":"2020","value":"488739000000"},{"name":"Текущие обязательства","year":"2019","value":"499714000000"},{"name":"CL Текущая аренда","year":"2023","value":"30749000000"},{"name":"CL Текущая аренда","year":"2022","value":"29299000000"},{"name":"CL Текущая аренда","year":"2021","value":"23335000000"},{"name":"CL Текущая аренда","year":"2020","value":"17772000000"},{"name":"CL Текущая аренда","year":"2019","value":"16060000000"},{"name":"Долгосрочная аренда","year":"2023","value":"145246000000"},{"name":"Долгосрочная аренда","year":"2022","value":"156528000000"},{"name":"Долгосрочная аренда","year":"2021","value":"167238000000"},{"name":"Долгосрочная аренда","year":"2020","value":"147803000000"},{"name":"Долгосрочная аренда","year":"2019","value":"149565000000"},{"name":"Долгосрочные кредиты","year":"2023","value":"699112000000"},{"name":"Долгосрочные кредиты","year":"2022","value":"762204000000"},{"name":"Долгосрочные кредиты","year":"2021","value":"641511000000"},{"name":"Долгосрочные кредиты","year":"2020","value":"640570000000"},{"name":"Долгосрочные кредиты","year":"2019","value":"491416000000"},{"name":"Долгосрочные обязательства","year":"2023","value":"952331000000"},{"name":"Долгосрочные обязательства","year":"2022","value":"1038059000000"},{"name":"Долгосрочные обязательства","year":"2021","value":"903242000000"},{"name":"Долгосрочные обязательства","year":"2020","value":"845248000000"},{"name":"Долгосрочные обязательства","year":"2019","value":"698085000000"},{"name":"Чистый долг","year":"2023","value":"1199516000000"},{"name":"Чистый долг","year":"2022","value":"1061045000000"},{"name":"Чистый долг","year":"2021","value":"850817000000"},{"name":"Чистый долг","year":"2020","value":"723961000000"},{"name":"Чистый долг","year":"2019","value":"620870000000"},{"name":"Общие расходы","year":"2023","value":"386033000000"},{"name":"Общие расходы","year":"2022","value":"291234000000"},{"name":"Общие расходы","year":"2021","value":"265669000000"},{"name":"Общие расходы","year":"2020","value":"252167000000"},{"name":"Общие расходы","year":"2019","value":"245495000000"}]