[{"name":"Выручка","year":"2023","value":"2075658000"},{"name":"Выручка","year":"2022","value":"1489079000"},{"name":"Процентные доходы","year":"2023","value":"2960992000"},{"name":"Процентные доходы","year":"2022","value":"2476498000"},{"name":"Процентные расходы","year":"2023","value":"443211000"},{"name":"Процентные расходы","year":"2022","value":"507434000"},{"name":"Чистые процентные доходы/расходы","year":"2023","value":"2517781000"},{"name":"Чистые процентные доходы/расходы","year":"2022","value":"1969064000"},{"name":"Расходы на персонал","year":"2023","value":"1223881000"},{"name":"Расходы на персонал","year":"2022","value":"880772000"},{"name":"Прибыль до налогов","year":"2023","value":"682869000"},{"name":"Прибыль до налогов","year":"2022","value":"462321000"},{"name":"Чистая прибыль","year":"2023","value":"554156000"},{"name":"Чистая прибыль","year":"2022","value":"389817000"},{"name":"Капитал на акционеров","year":"2023","value":"3795202000"},{"name":"Капитал на акционеров","year":"2022","value":"2143073000"},{"name":"Активы","year":"2023","value":"6483368000"},{"name":"Активы","year":"2022","value":"5255380000"},{"name":"Денежные средства и их эквиваленты","year":"2023","value":"341959000"},{"name":"Денежные средства и их эквиваленты","year":"2022","value":"203979000"},{"name":"Обязательства","year":"2023","value":"2688166000"},{"name":"Обязательства","year":"2022","value":"3112307000"},{"name":"Обязательства","year":"2021","value":"2954345000"},{"name":"Собственный капитал","year":"2023","value":"3795202000"},{"name":"Собственный капитал","year":"2022","value":"2143073000"},{"name":"Капитал на акционеров","year":"2023","value":"554156000"},{"name":"Капитал на акционеров","year":"2022","value":"389817000"},{"name":"Собственный капитал","year":"2023","value":"56.0304"},{"name":"CFO операционные денежные потоки","year":"2023","value":"176232000"},{"name":"CFO операционные денежные потоки","year":"2022","value":"254687000"},{"name":"FCF на акцию","year":"2023","value":"-325497000"},{"name":"FCF на акцию","year":"2022","value":"216020000"},{"name":"Инвестиционный денежный поток","year":"2023","value":"-499253000"},{"name":"Инвестиционный денежный поток","year":"2022","value":"-35899000"},{"name":"CFF Денежный поток от финансовой деятельности","year":"2023","value":"461001000"},{"name":"CFF Денежный поток от финансовой деятельности","year":"2022","value":"-163765000"}]