[{"name":"Выручка","year":"2023","value":"1368551000"},{"name":"Выручка","year":"2022","value":"1136904000"},{"name":"Выручка","year":"2021","value":"1180790000"},{"name":"Выручка","year":"2020","value":"1084023000"},{"name":"Выручка","year":"2019","value":"835575000"},{"name":"EBITDA","year":"2023","value":"299189000"},{"name":"EBITDA","year":"2022","value":"138119000"},{"name":"EBITDA","year":"2021","value":"155182000"},{"name":"EBITDA","year":"2020","value":"204561000"},{"name":"EBITDA","year":"2019","value":"240544000"},{"name":"EBIT","year":"2023","value":"228293000"},{"name":"EBIT","year":"2022","value":"84640000"},{"name":"EBIT","year":"2021","value":"73907000"},{"name":"EBIT","year":"2020","value":"129669000"},{"name":"EBIT","year":"2019","value":"138084000"},{"name":"Процентные доходы","year":"2023","value":"32334000"},{"name":"Процентные доходы","year":"2022","value":"12479000"},{"name":"Процентные доходы","year":"2021","value":"6234000"},{"name":"Процентные доходы","year":"2020","value":"3959000"},{"name":"Процентные доходы","year":"2019","value":"4908000"},{"name":"Процентные расходы","year":"2023","value":"49234000"},{"name":"Процентные расходы","year":"2022","value":"67814000"},{"name":"Процентные расходы","year":"2021","value":"50682000"},{"name":"Процентные расходы","year":"2020","value":"40157000"},{"name":"Процентные расходы","year":"2019","value":"41548000"},{"name":"Чистые процентные доходы/расходы","year":"2023","value":"-16900000"},{"name":"Чистые процентные доходы/расходы","year":"2022","value":"-55335000"},{"name":"Чистые процентные доходы/расходы","year":"2021","value":"-44448000"},{"name":"Чистые процентные доходы/расходы","year":"2020","value":"-36198000"},{"name":"Чистые процентные доходы/расходы","year":"2019","value":"-36640000"},{"name":"Операционный доход","year":"2023","value":"275515000"},{"name":"Операционный доход","year":"2022","value":"110914000"},{"name":"Операционный доход","year":"2021","value":"119091000"},{"name":"Операционный доход","year":"2020","value":"197966000"},{"name":"Операционный доход","year":"2019","value":"180522000"},{"name":"Прибыль до налогов","year":"2023","value":"211393000"},{"name":"Прибыль до налогов","year":"2022","value":"29305000"},{"name":"Прибыль до налогов","year":"2021","value":"29459000"},{"name":"Прибыль до налогов","year":"2020","value":"93471000"},{"name":"Прибыль до налогов","year":"2019","value":"101444000"},{"name":"Чистая прибыль","year":"2023","value":"194657000"},{"name":"Чистая прибыль","year":"2022","value":"23075000"},{"name":"Чистая прибыль","year":"2021","value":"33547000"},{"name":"Чистая прибыль","year":"2020","value":"103404000"},{"name":"Чистая прибыль","year":"2019","value":"111335000"},{"name":"Капитал на акционеров","year":"2023","value":"500488000"},{"name":"Капитал на акционеров","year":"2022","value":"341039000"},{"name":"Капитал на акционеров","year":"2021","value":"234779000"},{"name":"Капитал на акционеров","year":"2020","value":"194258000"},{"name":"Капитал на акционеров","year":"2019","value":"98748000"},{"name":"Активы","year":"2023","value":"2544054000"},{"name":"Активы","year":"2022","value":"2044564000"},{"name":"Активы","year":"2021","value":"1737248000"},{"name":"Активы","year":"2020","value":"1512095000"},{"name":"Активы","year":"2019","value":"1399042000"},{"name":"CA Оборотные активы","year":"2023","value":"1117237000"},{"name":"CA Оборотные активы","year":"2022","value":"689769000"},{"name":"CA Оборотные активы","year":"2021","value":"658055000"},{"name":"CA Оборотные активы","year":"2020","value":"575933000"},{"name":"CA Оборотные активы","year":"2019","value":"509647000"},{"name":"Денежные средства и их эквиваленты","year":"2023","value":"544938000"},{"name":"Денежные средства и их эквиваленты","year":"2022","value":"201658000"},{"name":"Денежные средства и их эквиваленты","year":"2021","value":"193289000"},{"name":"Денежные средства и их эквиваленты","year":"2020","value":"107391000"},{"name":"Денежные средства и их эквиваленты","year":"2019","value":"89745000"},{"name":"Обязательства","year":"2023","value":"1569321000"},{"name":"Обязательства","year":"2022","value":"1474309000"},{"name":"Обязательства","year":"2021","value":"1276687000"},{"name":"Обязательства","year":"2020","value":"1097095000"},{"name":"Обязательства","year":"2019","value":"1028313000"},{"name":"Собственный капитал","year":"2023","value":"974733000"},{"name":"Собственный капитал","year":"2022","value":"570255000"},{"name":"Собственный капитал","year":"2021","value":"460561000"},{"name":"Собственный капитал","year":"2020","value":"415000000"},{"name":"Собственный капитал","year":"2019","value":"370729000"},{"name":"Капитал на акционеров","year":"2023","value":"168858000"},{"name":"Капитал на акционеров","year":"2022","value":"46118000"},{"name":"Капитал на акционеров","year":"2021","value":"11631000"},{"name":"Капитал на акционеров","year":"2020","value":"72851000"},{"name":"Капитал на акционеров","year":"2019","value":"84554000"},{"name":"Внеоборотные активы","year":"2023","value":"1426817000"},{"name":"Внеоборотные активы","year":"2022","value":"1354795000"},{"name":"Внеоборотные активы","year":"2021","value":"1079193000"},{"name":"Внеоборотные активы","year":"2020","value":"936162000"},{"name":"Внеоборотные активы","year":"2019","value":"889395000"},{"name":"Собственный капитал","year":"2023","value":"106.1765"},{"name":"Собственный капитал","year":"2022","value":"72.0625"},{"name":"Собственный капитал","year":"2021","value":"130.6582"},{"name":"Собственный капитал","year":"2020","value":"38.6127"},{"name":"Собственный капитал","year":"2019","value":"15.6941"},{"name":"CFO операционные денежные потоки","year":"2023","value":"434847000"},{"name":"CFO операционные денежные потоки","year":"2022","value":"220299000"},{"name":"CFO операционные денежные потоки","year":"2021","value":"280801000"},{"name":"CFO операционные денежные потоки","year":"2020","value":"53863000"},{"name":"CFO операционные денежные потоки","year":"2019","value":"183050000"},{"name":"FCF на акцию","year":"2023","value":"230555000"},{"name":"FCF на акцию","year":"2022","value":"84373000"},{"name":"FCF на акцию","year":"2021","value":"127505000"},{"name":"FCF на акцию","year":"2020","value":"-31735000"},{"name":"FCF на акцию","year":"2019","value":"-20531000"},{"name":"Инвестиционный денежный поток","year":"2023","value":"-216968000"},{"name":"Инвестиционный денежный поток","year":"2022","value":"-346776000"},{"name":"Инвестиционный денежный поток","year":"2021","value":"-252249000"},{"name":"Инвестиционный денежный поток","year":"2020","value":"-79164000"},{"name":"Инвестиционный денежный поток","year":"2019","value":"-156963000"},{"name":"CFF Денежный поток от финансовой деятельности","year":"2023","value":"124941000"},{"name":"CFF Денежный поток от финансовой деятельности","year":"2022","value":"138308000"},{"name":"CFF Денежный поток от финансовой деятельности","year":"2021","value":"58956000"},{"name":"CFF Денежный поток от финансовой деятельности","year":"2020","value":"45124000"},{"name":"CFF Денежный поток от финансовой деятельности","year":"2019","value":"2407000"},{"name":"CB Текущие кредиты","year":"2023","value":"734000"},{"name":"CB Текущие кредиты","year":"2022","value":"22734000"},{"name":"CB Текущие кредиты","year":"2021","value":"202000"},{"name":"CB Текущие кредиты","year":"2020","value":"177954000"},{"name":"CB Текущие кредиты","year":"2019","value":"138384000"},{"name":"Общий долг","year":"2023","value":"-543896000"},{"name":"Общий долг","year":"2022","value":"-164724000"},{"name":"Общий долг","year":"2021","value":"-168087000"},{"name":"Общий долг","year":"2020","value":"70563000"},{"name":"Общий долг","year":"2019","value":"73728000"},{"name":"Текущие обязательства","year":"2023","value":"561397000"},{"name":"Текущие обязательства","year":"2022","value":"395569000"},{"name":"Текущие обязательства","year":"2021","value":"372154000"},{"name":"Текущие обязательства","year":"2020","value":"556126000"},{"name":"Текущие обязательства","year":"2019","value":"487456000"},{"name":"CL Текущая аренда","year":"2023","value":"19532000"},{"name":"CL Текущая аренда","year":"2022","value":"11693000"},{"name":"CL Текущая аренда","year":"2021","value":"8885000"},{"name":"CL Текущая аренда","year":"2020","value":"9911000"},{"name":"CL Текущая аренда","year":"2019","value":"7984000"},{"name":"Долгосрочная аренда","year":"2023","value":"119765000"},{"name":"Долгосрочная аренда","year":"2022","value":"111363000"},{"name":"Долгосрочная аренда","year":"2021","value":"113815000"},{"name":"Долгосрочная аренда","year":"2020","value":"125593000"},{"name":"Долгосрочная аренда","year":"2019","value":"134187000"},{"name":"Долгосрочные кредиты","year":"2023","value":"308000"},{"name":"Долгосрочные кредиты","year":"2022","value":"14200000"},{"name":"Долгосрочные кредиты","year":"2021","value":"25000000"},{"name":"Долгосрочные кредиты","year":"2019","value":"113660000"},{"name":"Долгосрочные кредиты","year":"2018","value":"322015000"},{"name":"Долгосрочные обязательства","year":"2023","value":"1007924000"},{"name":"Долгосрочные обязательства","year":"2022","value":"1078740000"},{"name":"Долгосрочные обязательства","year":"2021","value":"904533000"},{"name":"Долгосрочные обязательства","year":"2020","value":"540969000"},{"name":"Долгосрочные обязательства","year":"2019","value":"540857000"},{"name":"Чистый долг","year":"2023","value":"1042000"},{"name":"Чистый долг","year":"2022","value":"36934000"},{"name":"Чистый долг","year":"2021","value":"25202000"},{"name":"Чистый долг","year":"2020","value":"177954000"},{"name":"Чистый долг","year":"2019","value":"252044000"},{"name":"Общие расходы","year":"2023","value":"1093036000"}]