[{"name":"Выручка","year":"2023","value":"62217000"},{"name":"Выручка","year":"2022","value":"38083000"},{"name":"Выручка","year":"2021","value":"55926000"},{"name":"Выручка","year":"2020","value":"41439000"},{"name":"Выручка","year":"2019","value":"41464000"},{"name":"Валовая прибыль","year":"2021","value":"23399000"},{"name":"Валовая прибыль","year":"2020","value":"14517000"},{"name":"Валовая прибыль","year":"2019","value":"19396000"},{"name":"Валовая прибыль","year":"2018","value":"14213000"},{"name":"Валовая прибыль","year":"2017","value":"13651000"},{"name":"EBITDA","year":"2021","value":"70096000"},{"name":"EBITDA","year":"2020","value":"28978000"},{"name":"EBITDA","year":"2019","value":"76658000"},{"name":"EBITDA","year":"2018","value":"3125000"},{"name":"EBITDA","year":"2017","value":"9223000"},{"name":"EBIT","year":"2021","value":"64243000"},{"name":"EBIT","year":"2020","value":"23512000"},{"name":"EBIT","year":"2019","value":"73281000"},{"name":"EBIT","year":"2018","value":"2881000"},{"name":"EBIT","year":"2017","value":"9138000"},{"name":"Процентные доходы","year":"2023","value":"117000"},{"name":"Процентные доходы","year":"2022","value":"33000"},{"name":"Процентные доходы","year":"2021","value":"67000"},{"name":"Процентные доходы","year":"2020","value":"157000"},{"name":"Процентные расходы","year":"2023","value":"693000"},{"name":"Процентные расходы","year":"2022","value":"670000"},{"name":"Процентные расходы","year":"2021","value":"262000"},{"name":"Процентные расходы","year":"2020","value":"368000"},{"name":"Чистые процентные доходы/расходы","year":"2023","value":"-576000"},{"name":"Чистые процентные доходы/расходы","year":"2022","value":"-637000"},{"name":"Чистые процентные доходы/расходы","year":"2021","value":"-195000"},{"name":"Чистые процентные доходы/расходы","year":"2020","value":"-211000"},{"name":"Операционный доход","year":"2019","value":"105372000"},{"name":"Операционный доход","year":"2018","value":"105372000"},{"name":"Операционный доход","year":"2017","value":"198302000"},{"name":"Операционный доход","year":"2016","value":"196947000"},{"name":"Операционный доход","year":"2015","value":"170283000"},{"name":"Расходы на персонал","year":"2023","value":"22892000"},{"name":"Расходы на персонал","year":"2022","value":"25096000"},{"name":"Расходы на персонал","year":"2021","value":"23193000"},{"name":"Расходы на персонал","year":"2020","value":"27842000"},{"name":"Расходы на персонал","year":"2019","value":"22247000"},{"name":"Прибыль до налогов","year":"2023","value":"133868000"},{"name":"Прибыль до налогов","year":"2022","value":"-104183000"},{"name":"Прибыль до налогов","year":"2021","value":"64048000"},{"name":"Прибыль до налогов","year":"2020","value":"23301000"},{"name":"Прибыль до налогов","year":"2019","value":"72848000"},{"name":"Чистая прибыль","year":"2023","value":"108773000"},{"name":"Чистая прибыль","year":"2022","value":"-82300000"},{"name":"Чистая прибыль","year":"2021","value":"52570000"},{"name":"Чистая прибыль","year":"2020","value":"19970000"},{"name":"Чистая прибыль","year":"2019","value":"61248000"},{"name":"Капитал на акционеров","year":"2023","value":"302531000"},{"name":"Капитал на акционеров","year":"2022","value":"192942000"},{"name":"Капитал на акционеров","year":"2021","value":"274485000"},{"name":"Капитал на акционеров","year":"2020","value":"246679000"},{"name":"Капитал на акционеров","year":"2019","value":"246520000"},{"name":"Активы","year":"2023","value":"323778000"},{"name":"Активы","year":"2022","value":"205474000"},{"name":"Активы","year":"2021","value":"291739000"},{"name":"Активы","year":"2020","value":"266357000"},{"name":"Активы","year":"2019","value":"266213000"},{"name":"CA Оборотные активы","year":"2021","value":"6760000"},{"name":"CA Оборотные активы","year":"2020","value":"259091000"},{"name":"CA Оборотные активы","year":"2019","value":"258690000"},{"name":"CA Оборотные активы","year":"2018","value":"207819000"},{"name":"CA Оборотные активы","year":"2017","value":"206056000"},{"name":"Денежные средства и их эквиваленты","year":"2023","value":"354000"},{"name":"Денежные средства и их эквиваленты","year":"2022","value":"3042000"},{"name":"Денежные средства и их эквиваленты","year":"2021","value":"34000"},{"name":"Денежные средства и их эквиваленты","year":"2020","value":"68000"},{"name":"Денежные средства и их эквиваленты","year":"2019","value":"51000"},{"name":"Обязательства","year":"2023","value":"21247000"},{"name":"Обязательства","year":"2022","value":"12532000"},{"name":"Обязательства","year":"2021","value":"17254000"},{"name":"Обязательства","year":"2020","value":"19678000"},{"name":"Обязательства","year":"2019","value":"19693000"},{"name":"Собственный капитал","year":"2023","value":"302531000"},{"name":"Собственный капитал","year":"2022","value":"192942000"},{"name":"Собственный капитал","year":"2021","value":"274485000"},{"name":"Собственный капитал","year":"2020","value":"246679000"},{"name":"Собственный капитал","year":"2019","value":"246520000"},{"name":"Капитал на акционеров","year":"2023","value":"108773000"},{"name":"Капитал на акционеров","year":"2022","value":"-82300000"},{"name":"Капитал на акционеров","year":"2021","value":"52570000"},{"name":"Капитал на акционеров","year":"2020","value":"19970000"},{"name":"Капитал на акционеров","year":"2019","value":"61248000"},{"name":"Внеоборотные активы","year":"2021","value":"284979000"},{"name":"Внеоборотные активы","year":"2020","value":"7266000"},{"name":"Внеоборотные активы","year":"2019","value":"7523000"},{"name":"Внеоборотные активы","year":"2018","value":"2639000"},{"name":"Внеоборотные активы","year":"2017","value":"1323000"},{"name":"Собственный капитал","year":"2023","value":"15.275"},{"name":"Собственный капитал","year":"2022","value":"8.3722"},{"name":"Собственный капитал","year":"2021","value":"12.339"},{"name":"Собственный капитал","year":"2020","value":"6.3394"},{"name":"Собственный капитал","year":"2019","value":"6.4573"},{"name":"CFO операционные денежные потоки","year":"2023","value":"8457000"},{"name":"CFO операционные денежные потоки","year":"2022","value":"-12606000"},{"name":"CFO операционные денежные потоки","year":"2021","value":"-726000"},{"name":"CFO операционные денежные потоки","year":"2020","value":"-14160000"},{"name":"CFO операционные денежные потоки","year":"2019","value":"-3069000"},{"name":"FCF на акцию","year":"2023","value":"8457000"},{"name":"FCF на акцию","year":"2022","value":"-12606000"},{"name":"FCF на акцию","year":"2021","value":"-838000"},{"name":"FCF на акцию","year":"2020","value":"-14354000"},{"name":"FCF на акцию","year":"2019","value":"-3105000"},{"name":"Инвестиционный денежный поток","year":"2023","value":"-6372000"},{"name":"Инвестиционный денежный поток","year":"2022","value":"20386000"},{"name":"Инвестиционный денежный поток","year":"2021","value":"30405000"},{"name":"Инвестиционный денежный поток","year":"2020","value":"38883000"},{"name":"Инвестиционный денежный поток","year":"2019","value":"24808000"},{"name":"CFF Денежный поток от финансовой деятельности","year":"2023","value":"-4769000"},{"name":"CFF Денежный поток от финансовой деятельности","year":"2022","value":"-4775000"},{"name":"CFF Денежный поток от финансовой деятельности","year":"2021","value":"-29713000"},{"name":"CFF Денежный поток от финансовой деятельности","year":"2020","value":"-24706000"},{"name":"CFF Денежный поток от финансовой деятельности","year":"2019","value":"-21766000"},{"name":"Общий долг","year":"2021","value":"-34000"},{"name":"Общий долг","year":"2020","value":"-68000"},{"name":"Общий долг","year":"2019","value":"-51000"},{"name":"Общий долг","year":"2018","value":"-78000"},{"name":"Общий долг","year":"2017","value":"-661000"},{"name":"Текущие обязательства","year":"2021","value":"14555000"},{"name":"Текущие обязательства","year":"2020","value":"10994000"},{"name":"Текущие обязательства","year":"2019","value":"13764000"},{"name":"Текущие обязательства","year":"2018","value":"6484000"},{"name":"Текущие обязательства","year":"2017","value":"5468000"},{"name":"Долгосрочные обязательства","year":"2021","value":"2699000"},{"name":"Долгосрочные обязательства","year":"2020","value":"8684000"},{"name":"Долгосрочные обязательства","year":"2019","value":"5929000"},{"name":"Долгосрочные обязательства","year":"2017","value":"4013000"},{"name":"Долгосрочные обязательства","year":"2016","value":"8784000"},{"name":"Общие расходы","year":"2019","value":"91159000"},{"name":"Общие расходы","year":"2018","value":"91159000"},{"name":"Общие расходы","year":"2017","value":"184651000"},{"name":"Общие расходы","year":"2016","value":"176425000"},{"name":"Общие расходы","year":"2015","value":"143580000"}]