[{"name":"Выручка","year":"2023","value":"3228920000"},{"name":"Выручка","year":"2022","value":"4356397000"},{"name":"Выручка","year":"2021","value":"6372800000"},{"name":"Выручка","year":"2020","value":"6207286000"},{"name":"Выручка","year":"2019","value":"4301635000"},{"name":"Валовая прибыль","year":"2023","value":"1559701000"},{"name":"Валовая прибыль","year":"2022","value":"1155373000"},{"name":"Валовая прибыль","year":"2021","value":"3129199000"},{"name":"Валовая прибыль","year":"2020","value":"2731345000"},{"name":"Валовая прибыль","year":"2019","value":"1830083000"},{"name":"EBITDA","year":"2023","value":"1610268000"},{"name":"EBITDA","year":"2022","value":"-3939025000"},{"name":"EBITDA","year":"2021","value":"3268914000"},{"name":"EBITDA","year":"2020","value":"974251000"},{"name":"EBITDA","year":"2019","value":"-953113000"},{"name":"EBIT","year":"2023","value":"1597879000"},{"name":"EBIT","year":"2022","value":"-4457553000"},{"name":"EBIT","year":"2021","value":"2785741000"},{"name":"EBIT","year":"2020","value":"543429000"},{"name":"EBIT","year":"2019","value":"-1224127000"},{"name":"Процентные доходы","year":"2023","value":"884891000"},{"name":"Процентные доходы","year":"2022","value":"680956000"},{"name":"Процентные доходы","year":"2021","value":"382988000"},{"name":"Процентные доходы","year":"2020","value":"521953000"},{"name":"Процентные доходы","year":"2019","value":"670262000"},{"name":"Процентные расходы","year":"2023","value":"2235000"},{"name":"Процентные расходы","year":"2022","value":"3289000"},{"name":"Процентные расходы","year":"2021","value":"2808000"},{"name":"Процентные расходы","year":"2020","value":"6567000"},{"name":"Процентные расходы","year":"2019","value":"9912000"},{"name":"Чистые процентные доходы/расходы","year":"2023","value":"882656000"},{"name":"Чистые процентные доходы/расходы","year":"2022","value":"677667000"},{"name":"Чистые процентные доходы/расходы","year":"2021","value":"380180000"},{"name":"Чистые процентные доходы/расходы","year":"2020","value":"515386000"},{"name":"Чистые процентные доходы/расходы","year":"2019","value":"660350000"},{"name":"Расходы на персонал","year":"2023","value":"199547000"},{"name":"Расходы на персонал","year":"2022","value":"333002000"},{"name":"Расходы на персонал","year":"2021","value":"282551000"},{"name":"Расходы на персонал","year":"2020","value":"321024000"},{"name":"Расходы на персонал","year":"2019","value":"283822000"},{"name":"Прибыль до налогов","year":"2023","value":"4280128000"},{"name":"Прибыль до налогов","year":"2022","value":"-3779886000"},{"name":"Прибыль до налогов","year":"2021","value":"3165921000"},{"name":"Прибыль до налогов","year":"2020","value":"1058815000"},{"name":"Прибыль до налогов","year":"2019","value":"-563777000"},{"name":"Чистая прибыль","year":"2023","value":"2092736000"},{"name":"Чистая прибыль","year":"2022","value":"-3501102000"},{"name":"Чистая прибыль","year":"2021","value":"2699427000"},{"name":"Чистая прибыль","year":"2020","value":"1058815000"},{"name":"Чистая прибыль","year":"2019","value":"-455640000"},{"name":"Капитал на акционеров","year":"2023","value":"17653819000"},{"name":"Капитал на акционеров","year":"2022","value":"15561083000"},{"name":"Капитал на акционеров","year":"2021","value":"19053879000"},{"name":"Капитал на акционеров","year":"2020","value":"16354452000"},{"name":"Капитал на акционеров","year":"2019","value":"15575882000"},{"name":"Активы","year":"2023","value":"17868541000"},{"name":"Активы","year":"2022","value":"16222375000"},{"name":"Активы","year":"2021","value":"20496331000"},{"name":"Активы","year":"2020","value":"17442907000"},{"name":"Активы","year":"2019","value":"17136478000"},{"name":"CA Оборотные активы","year":"2023","value":"17829948000"},{"name":"CA Оборотные активы","year":"2022","value":"16017361000"},{"name":"CA Оборотные активы","year":"2021","value":"16395357000"},{"name":"CA Оборотные активы","year":"2020","value":"14580252000"},{"name":"CA Оборотные активы","year":"2019","value":"13204077000"},{"name":"Денежные средства и их эквиваленты","year":"2023","value":"5050552000"},{"name":"Денежные средства и их эквиваленты","year":"2022","value":"1880829000"},{"name":"Денежные средства и их эквиваленты","year":"2021","value":"2599465000"},{"name":"Денежные средства и их эквиваленты","year":"2020","value":"12334324000"},{"name":"Денежные средства и их эквиваленты","year":"2019","value":"1862825000"},{"name":"Обязательства","year":"2023","value":"214722000"},{"name":"Обязательства","year":"2022","value":"661292000"},{"name":"Обязательства","year":"2021","value":"1442452000"},{"name":"Обязательства","year":"2020","value":"1088455000"},{"name":"Обязательства","year":"2019","value":"1560596000"},{"name":"Собственный капитал","year":"2023","value":"17653819000"},{"name":"Собственный капитал","year":"2022","value":"15561083000"},{"name":"Собственный капитал","year":"2021","value":"19053879000"},{"name":"Собственный капитал","year":"2020","value":"16354452000"},{"name":"Собственный капитал","year":"2019","value":"15575882000"},{"name":"Капитал на акционеров","year":"2023","value":"2092736000"},{"name":"Капитал на акционеров","year":"2022","value":"-3501102000"},{"name":"Капитал на акционеров","year":"2021","value":"2699427000"},{"name":"Капитал на акционеров","year":"2020","value":"1058815000"},{"name":"Капитал на акционеров","year":"2019","value":"-455640000"},{"name":"Внеоборотные активы","year":"2023","value":"38593000"},{"name":"Внеоборотные активы","year":"2022","value":"205014000"},{"name":"Внеоборотные активы","year":"2021","value":"4100974000"},{"name":"Внеоборотные активы","year":"2020","value":"2862655000"},{"name":"Внеоборотные активы","year":"2019","value":"3932401000"},{"name":"Собственный капитал","year":"2023","value":"119.7649"},{"name":"Собственный капитал","year":"2022","value":"88.4491"},{"name":"Собственный капитал","year":"2021","value":"102.8807"},{"name":"Собственный капитал","year":"2020","value":"92.2748"},{"name":"Собственный капитал","year":"2019","value":"85.0977"},{"name":"CFO операционные денежные потоки","year":"2023","value":"-2134428000"},{"name":"CFO операционные денежные потоки","year":"2022","value":"3889000"},{"name":"CFO операционные денежные потоки","year":"2021","value":"3006869000"},{"name":"CFO операционные денежные потоки","year":"2020","value":"1064733000"},{"name":"CFO операционные денежные потоки","year":"2019","value":"1769201000"},{"name":"FCF на акцию","year":"2023","value":"-2722785000"},{"name":"FCF на акцию","year":"2022","value":"-1129107000"},{"name":"FCF на акцию","year":"2021","value":"1299581000"},{"name":"FCF на акцию","year":"2020","value":"135875000"},{"name":"FCF на акцию","year":"2019","value":"-210675000"},{"name":"Инвестиционный денежный поток","year":"2023","value":"4643739000"},{"name":"Инвестиционный денежный поток","year":"2022","value":"-671009000"},{"name":"Инвестиционный денежный поток","year":"2021","value":"-13006356000"},{"name":"Инвестиционный денежный поток","year":"2020","value":"9030308000"},{"name":"Инвестиционный денежный поток","year":"2019","value":"-206236000"},{"name":"CFF Денежный поток от финансовой деятельности","year":"2023","value":"216791000"},{"name":"CFF Денежный поток от финансовой деятельности","year":"2022","value":"37300000"},{"name":"CFF Денежный поток от финансовой деятельности","year":"2021","value":"106685000"},{"name":"CFF Денежный поток от финансовой деятельности","year":"2020","value":"-8729000"},{"name":"CB Текущие кредиты","year":"2023","value":"160292000"},{"name":"CB Текущие кредиты","year":"2022","value":"67001000"},{"name":"CB Текущие кредиты","year":"2021","value":"29701000"},{"name":"Общий долг","year":"2023","value":"-4890260000"},{"name":"Общий долг","year":"2022","value":"-1813828000"},{"name":"Общий долг","year":"2021","value":"-2569764000"},{"name":"Общий долг","year":"2020","value":"-12334324000"},{"name":"Общий долг","year":"2019","value":"-1856796000"},{"name":"Текущие обязательства","year":"2023","value":"214722000"},{"name":"Текущие обязательства","year":"2022","value":"585659000"},{"name":"Текущие обязательства","year":"2021","value":"1085217000"},{"name":"Текущие обязательства","year":"2020","value":"603495000"},{"name":"Текущие обязательства","year":"2019","value":"864930000"},{"name":"Долгосрочные обязательства","year":"2022","value":"75633000"},{"name":"Долгосрочные обязательства","year":"2021","value":"357235000"},{"name":"Долгосрочные обязательства","year":"2020","value":"484960000"},{"name":"Долгосрочные обязательства","year":"2019","value":"695666000"},{"name":"Чистый долг","year":"2023","value":"160292000"},{"name":"Чистый долг","year":"2022","value":"67001000"},{"name":"Чистый долг","year":"2021","value":"29701000"},{"name":"Общие расходы","year":"2023","value":"1643108000"}]