[{"name":"date","year":"2023Q1","value":"29.08.2023"},{"name":"date","year":"2023Q2","value":"29.08.2023"},{"name":"date","year":"2023Q3","value":"17.11.2023"},{"name":"date","year":"2023Q4","value":"01.03.2024"},{"name":"date","year":"2024Q1","value":"17.05.2024"},{"name":"date","year":"LTM\n?","value":"17.05.2024"},{"name":"currency","year":"2023Q1","value":"RUB"},{"name":"currency","year":"2023Q2","value":"RUB"},{"name":"currency","year":"2023Q3","value":"RUB"},{"name":"currency","year":"2023Q4","value":"RUB"},{"name":"currency","year":"2024Q1","value":"RUB"},{"name":"currency","year":"LTM\n?","value":"RUB"},{"name":"report_url","year":"2023Q1","value":"https://www.e-disclosure.ru/portal/FileLoad.ashx?Fileid=1795340"},{"name":"report_url","year":"2023Q2","value":"https://www.e-disclosure.ru/portal/FileLoad.ashx?Fileid=1808892"},{"name":"report_url","year":"2023Q3","value":"https://ir.mkb.ru/file/2271566c-4f9f-428f-819b-dbbe1dbce27a"},{"name":"report_url","year":"2023Q4","value":"https://e-disclosure.ru/portal/FileLoad.ashx?Fileid=1823856"},{"name":"report_url","year":"2024Q1","value":"https://www.e-disclosure.ru/portal/FileLoad.ashx?Fileid=1837265"},{"name":"report_url","year":"LTM\n?","value":"https://www.e-disclosure.ru/portal/FileLoad.ashx?Fileid=1837265"},{"name":"presentation_url","year":"2023Q1","value":""},{"name":"presentation_url","year":"2023Q2","value":""},{"name":"presentation_url","year":"2023Q3","value":""},{"name":"presentation_url","year":"2023Q4","value":"https://ir.mkb.ru/file/0f37ece4-662c-4e96-9722-0c5ad55f2534"},{"name":"presentation_url","year":"2024Q1","value":""},{"name":"presentation_url","year":"LTM\n?","value":""},{"name":"net_operating_income","year":"2023Q1","value":"28.4"},{"name":"net_operating_income","year":"2023Q2","value":"32.4"},{"name":"net_operating_income","year":"2023Q3","value":"31.8"},{"name":"net_operating_income","year":"2023Q4","value":"35.4"},{"name":"net_operating_income","year":"2024Q1","value":"26.6"},{"name":"net_operating_income","year":"LTM\n?","value":"126.2"},{"name":"net_interest_income","year":"2023Q1","value":"24.7"},{"name":"net_interest_income","year":"2023Q2","value":"28.1"},{"name":"net_interest_income","year":"2023Q3","value":"32.5"},{"name":"net_interest_income","year":"2023Q4","value":"30.9"},{"name":"net_interest_income","year":"2024Q1","value":"23.6"},{"name":"net_interest_income","year":"LTM\n?","value":"115.1"},{"name":"commission_income","year":"2023Q1","value":"3.67"},{"name":"commission_income","year":"2023Q2","value":"4.33"},{"name":"commission_income","year":"2023Q3","value":"4.00"},{"name":"commission_income","year":"2023Q4","value":"4.50"},{"name":"commission_income","year":"2024Q1","value":"3.02"},{"name":"commission_income","year":"LTM\n?","value":"15.9"},{"name":"net_income","year":"2023Q1","value":"13.0"},{"name":"net_income","year":"2023Q2","value":"17.4"},{"name":"net_income","year":"2023Q3","value":"17.9"},{"name":"net_income","year":"2023Q4","value":"11.5"},{"name":"net_income","year":"2024Q1","value":"14.0"},{"name":"net_income","year":"LTM\n?","value":"60.8"},{"name":"div_yield","year":"2023Q1","value":"0.0%"},{"name":"div_yield","year":"2023Q2","value":"0.0%"},{"name":"div_yield","year":"2023Q3","value":"0.0%"},{"name":"div_yield","year":"2023Q4","value":"0.0%"},{"name":"div_yield","year":"2024Q1","value":"0.0%"},{"name":"div_yield","year":"LTM\n?","value":"0.0%"},{"name":"div_payout_ratio","year":"2023Q1","value":"0%"},{"name":"div_payout_ratio","year":"2023Q2","value":"0%"},{"name":"div_payout_ratio","year":"2023Q3","value":"0%"},{"name":"div_payout_ratio","year":"2023Q4","value":"0%"},{"name":"div_payout_ratio","year":"2024Q1","value":"0%"},{"name":"div_payout_ratio","year":"LTM\n?","value":"0"},{"name":"opex","year":"2023Q1","value":"8.23"},{"name":"opex","year":"2023Q2","value":"10.4"},{"name":"opex","year":"2023Q3","value":"9.20"},{"name":"opex","year":"2023Q4","value":"12.5"},{"name":"opex","year":"2024Q1","value":"8.56"},{"name":"opex","year":"LTM\n?","value":"40.6"},{"name":"amortization","year":"2023Q1","value":"0.6"},{"name":"amortization","year":"2023Q2","value":"0.6"},{"name":"amortization","year":"2023Q3","value":"0.6"},{"name":"amortization","year":"2023Q4","value":"0.6"},{"name":"amortization","year":"2024Q1","value":"0.6"},{"name":"amortization","year":"LTM\n?","value":"2.3"},{"name":"employment_expenses","year":"2023Q1","value":"5.87"},{"name":"employment_expenses","year":"2023Q2","value":"7.07"},{"name":"employment_expenses","year":"2023Q3","value":"5.74"},{"name":"employment_expenses","year":"2023Q4","value":"7.26"},{"name":"employment_expenses","year":"2024Q1","value":"6.04"},{"name":"employment_expenses","year":"LTM\n?","value":"26.1"},{"name":"creation_of_provision_for_loan_impairment","year":"2023Q1","value":"4.68"},{"name":"creation_of_provision_for_loan_impairment","year":"2023Q2","value":"3.39"},{"name":"creation_of_provision_for_loan_impairment","year":"2023Q3","value":"11.6"},{"name":"creation_of_provision_for_loan_impairment","year":"2023Q4","value":"4.43"},{"name":"creation_of_provision_for_loan_impairment","year":"2024Q1","value":"5.12"},{"name":"creation_of_provision_for_loan_impairment","year":"LTM\n?","value":"24.5"},{"name":"cash","year":"2023Q1","value":"1 570"},{"name":"cash","year":"2023Q2","value":"1 442"},{"name":"cash","year":"2023Q3","value":"1 525"},{"name":"cash","year":"2023Q4","value":"1 379"},{"name":"cash","year":"2024Q1","value":"1 479"},{"name":"cash","year":"LTM\n?","value":"1 479"},{"name":"net_debt","year":"2023Q1","value":"-1 570"},{"name":"net_debt","year":"2023Q2","value":"-1 442"},{"name":"net_debt","year":"2023Q3","value":"-1 525"},{"name":"net_debt","year":"2023Q4","value":"-1 379"},{"name":"net_debt","year":"2024Q1","value":"-1 479"},{"name":"net_debt","year":"LTM\n?","value":"-1 479"},{"name":"bank_assets","year":"2023Q1","value":"4 240"},{"name":"bank_assets","year":"2023Q2","value":"4 397"},{"name":"bank_assets","year":"2023Q3","value":"4 856"},{"name":"bank_assets","year":"2023Q4","value":"4 667"},{"name":"bank_assets","year":"2024Q1","value":"4 827"},{"name":"bank_assets","year":"LTM\n?","value":"4 827"},{"name":"capital","year":"2023Q1","value":"284.9"},{"name":"capital","year":"2023Q2","value":"301.7"},{"name":"capital","year":"2023Q3","value":"335.0"},{"name":"capital","year":"2023Q4","value":"347.9"},{"name":"capital","year":"2024Q1","value":"357.8"},{"name":"capital","year":"LTM\n?","value":"357.8"},{"name":"loan_portfolio","year":"2023Q1","value":"2 037"},{"name":"loan_portfolio","year":"2023Q2","value":"2 114"},{"name":"loan_portfolio","year":"2023Q3","value":"2 436"},{"name":"loan_portfolio","year":"2023Q4","value":"2 350"},{"name":"loan_portfolio","year":"2024Q1","value":"2 467"},{"name":"loan_portfolio","year":"LTM\n?","value":"2 467"},{"name":"corporate_loans","year":"2023Q1","value":"1 837"},{"name":"corporate_loans","year":"2023Q2","value":"1 914"},{"name":"corporate_loans","year":"2023Q3","value":"2 233"},{"name":"corporate_loans","year":"2023Q4","value":"2 149"},{"name":"corporate_loans","year":"2024Q1","value":"2 266"},{"name":"corporate_loans","year":"LTM\n?","value":"2 266"},{"name":"retail_loans","year":"2023Q1","value":"200.6"},{"name":"retail_loans","year":"2023Q2","value":"200.1"},{"name":"retail_loans","year":"2023Q3","value":"203.0"},{"name":"retail_loans","year":"2023Q4","value":"200.6"},{"name":"retail_loans","year":"2024Q1","value":"200.5"},{"name":"retail_loans","year":"LTM\n?","value":"200.5"},{"name":"deposits","year":"2023Q1","value":"2 634"},{"name":"deposits","year":"2023Q2","value":"2 697"},{"name":"deposits","year":"2023Q3","value":"3 087"},{"name":"deposits","year":"2023Q4","value":"2 861"},{"name":"deposits","year":"2024Q1","value":"3 009"},{"name":"deposits","year":"LTM\n?","value":"3 009"},{"name":"corporate_deposits","year":"2023Q1","value":"2 040"},{"name":"corporate_deposits","year":"2023Q2","value":"2 069"},{"name":"corporate_deposits","year":"2023Q3","value":"2 406"},{"name":"corporate_deposits","year":"2023Q4","value":"2 076"},{"name":"corporate_deposits","year":"2024Q1","value":"2 150"},{"name":"corporate_deposits","year":"LTM\n?","value":"2 150"},{"name":"retail_deposits","year":"2023Q1","value":"594.1"},{"name":"retail_deposits","year":"2023Q2","value":"628.1"},{"name":"retail_deposits","year":"2023Q3","value":"628.0"},{"name":"retail_deposits","year":"2023Q4","value":"785.5"},{"name":"retail_deposits","year":"2024Q1","value":"859.0"},{"name":"retail_deposits","year":"LTM\n?","value":"859.0"},{"name":"core_capital_adequacy_ratio","year":"2023Q1","value":""},{"name":"core_capital_adequacy_ratio","year":"2023Q2","value":""},{"name":"core_capital_adequacy_ratio","year":"2023Q3","value":""},{"name":"core_capital_adequacy_ratio","year":"2023Q4","value":"12.4%"},{"name":"core_capital_adequacy_ratio","year":"2024Q1","value":""},{"name":"core_capital_adequacy_ratio","year":"LTM\n?","value":""},{"name":"total_capital_adequacy_ratio","year":"2023Q1","value":""},{"name":"total_capital_adequacy_ratio","year":"2023Q2","value":""},{"name":"total_capital_adequacy_ratio","year":"2023Q3","value":""},{"name":"total_capital_adequacy_ratio","year":"2023Q4","value":"13.8%"},{"name":"total_capital_adequacy_ratio","year":"2024Q1","value":""},{"name":"total_capital_adequacy_ratio","year":"LTM\n?","value":""},{"name":"loan_to_deposit_ratio","year":"2023Q1","value":"77%"},{"name":"loan_to_deposit_ratio","year":"2023Q2","value":"78%"},{"name":"loan_to_deposit_ratio","year":"2023Q3","value":"79%"},{"name":"loan_to_deposit_ratio","year":"2023Q4","value":"82%"},{"name":"loan_to_deposit_ratio","year":"2024Q1","value":"82%"},{"name":"loan_to_deposit_ratio","year":"LTM\n?","value":"82%"},{"name":"share_of_non_performing_loans","year":"2023Q1","value":""},{"name":"share_of_non_performing_loans","year":"2023Q2","value":""},{"name":"share_of_non_performing_loans","year":"2023Q3","value":""},{"name":"share_of_non_performing_loans","year":"2023Q4","value":"1.000%"},{"name":"share_of_non_performing_loans","year":"2024Q1","value":""},{"name":"share_of_non_performing_loans","year":"LTM\n?","value":""},{"name":"common_share","year":"2023Q1","value":"7.17"},{"name":"common_share","year":"2023Q2","value":"6.78"},{"name":"common_share","year":"2023Q3","value":"7.03"},{"name":"common_share","year":"2023Q4","value":"8.02"},{"name":"common_share","year":"2024Q1","value":"7.68"},{"name":"common_share","year":"LTM\n?","value":"6.54"},{"name":"number_of_shares","year":"2023Q1","value":"33 430"},{"name":"number_of_shares","year":"2023Q2","value":"33 430"},{"name":"number_of_shares","year":"2023Q3","value":"33 430"},{"name":"number_of_shares","year":"2023Q4","value":"33 430"},{"name":"number_of_shares","year":"2024Q1","value":"33 430"},{"name":"number_of_shares","year":"LTM\n?","value":"33 430"},{"name":"market_cap","year":"2023Q1","value":"239.8"},{"name":"market_cap","year":"2023Q2","value":"226.6"},{"name":"market_cap","year":"2023Q3","value":"234.9"},{"name":"market_cap","year":"2023Q4","value":"268.2"},{"name":"market_cap","year":"2024Q1","value":"256.7"},{"name":"market_cap","year":"LTM\n?","value":"218.5"},{"name":"ev","year":"2023Q1","value":"-1 330"},{"name":"ev","year":"2023Q2","value":"-1 215"},{"name":"ev","year":"2023Q3","value":"-1 290"},{"name":"ev","year":"2023Q4","value":"-1 111"},{"name":"ev","year":"2024Q1","value":"-1 223"},{"name":"ev","year":"LTM\n?","value":"-1 261"},{"name":"eps","year":"2023Q1","value":"0.39"},{"name":"eps","year":"2023Q2","value":"0.52"},{"name":"eps","year":"2023Q3","value":"0.54"},{"name":"eps","year":"2023Q4","value":"0.34"},{"name":"eps","year":"2024Q1","value":"0.42"},{"name":"eps","year":"LTM\n?","value":"1.82"},{"name":"fcf_yield","year":"2023Q1","value":"0.0%"},{"name":"fcf_yield","year":"2023Q2","value":"0.0%"},{"name":"fcf_yield","year":"2023Q3","value":"0.0%"},{"name":"fcf_yield","year":"2023Q4","value":"0.0%"},{"name":"fcf_yield","year":"2024Q1","value":"0.0%"},{"name":"fcf_yield","year":"LTM\n?","value":"0.0%"},{"name":"bank_margin","year":"2023Q1","value":"45.8%"},{"name":"bank_margin","year":"2023Q2","value":"53.7%"},{"name":"bank_margin","year":"2023Q3","value":"56.3%"},{"name":"bank_margin","year":"2023Q4","value":"32.5%"},{"name":"bank_margin","year":"2024Q1","value":"52.5%"},{"name":"bank_margin","year":"LTM\n?","value":"48.1%"},{"name":"p_e","year":"2023Q1","value":"18.4"},{"name":"p_e","year":"2023Q2","value":"7.45"},{"name":"p_e","year":"2023Q3","value":"4.86"},{"name":"p_e","year":"2023Q4","value":"4.49"},{"name":"p_e","year":"2024Q1","value":"4.22"},{"name":"p_e","year":"LTM\n?","value":"3.60"},{"name":"p_b","year":"2023Q1","value":"0.84"},{"name":"p_b","year":"2023Q2","value":"0.75"},{"name":"p_b","year":"2023Q3","value":"0.70"},{"name":"p_b","year":"2023Q4","value":"0.77"},{"name":"p_b","year":"2024Q1","value":"0.72"},{"name":"p_b","year":"LTM\n?","value":"0.61"}]