[{"name":"date","year":"2019","value":"08.05.2020"},{"name":"date","year":"2020","value":"30.04.2021"},{"name":"date","year":"2021","value":"05.05.2022"},{"name":"date","year":"2022","value":"29.04.2023"},{"name":"date","year":"2023","value":"26.04.2024"},{"name":"date","year":"LTM\n?","value":"26.04.2024"},{"name":"currency","year":"2019","value":"RUB"},{"name":"currency","year":"2020","value":"RUB"},{"name":"currency","year":"2021","value":"RUB"},{"name":"currency","year":"2022","value":"RUB"},{"name":"currency","year":"2023","value":"RUB"},{"name":"currency","year":"LTM\n?","value":"RUB"},{"name":"report_url","year":"2019","value":"http://www.e-disclosure.ru/portal/FileLoad.ashx?Fileid=1632568"},{"name":"report_url","year":"2020","value":"https://e-disclosure.ru/portal/FileLoad.ashx?Fileid=1698222"},{"name":"report_url","year":"2021","value":"https://hsci.ru/wp-content/uploads/ifrs/12m2021%20HSCI_IFRS.pdf"},{"name":"report_url","year":"2022","value":"https://www.e-disclosure.ru/portal/FileLoad.ashx?Fileid=1791506"},{"name":"report_url","year":"2023","value":"https://www.e-disclosure.ru/portal/FileLoad.ashx?Fileid=1833936"},{"name":"report_url","year":"LTM\n?","value":"https://www.e-disclosure.ru/portal/FileLoad.ashx?Fileid=1833936"},{"name":"year_report_url","year":"2019","value":"https://e-disclosure.ru/portal/FileLoad.ashx?Fileid=1643460"},{"name":"year_report_url","year":"2020","value":"https://e-disclosure.ru/portal/FileLoad.ashx?Fileid=1706186"},{"name":"year_report_url","year":"2021","value":"https://www.e-disclosure.ru/portal/FileLoad.ashx?Fileid=1754962"},{"name":"year_report_url","year":"2022","value":"https://e-disclosure.ru/portal/FileLoad.ashx?Fileid=1802131"},{"name":"year_report_url","year":"2023","value":"https://www.e-disclosure.ru/portal/FileLoad.ashx?Fileid=1841580"},{"name":"year_report_url","year":"LTM\n?","value":""},{"name":"revenue","year":"2019","value":"0.840"},{"name":"revenue","year":"2020","value":"1.08"},{"name":"revenue","year":"2021","value":"1.18"},{"name":"revenue","year":"2022","value":"1.14"},{"name":"revenue","year":"2023","value":"1.37"},{"name":"revenue","year":"LTM\n?","value":"1.37"},{"name":"operating_income","year":"2019","value":"0.180"},{"name":"operating_income","year":"2020","value":"0.200"},{"name":"operating_income","year":"2021","value":"0.120"},{"name":"operating_income","year":"2022","value":"0.111"},{"name":"operating_income","year":"2023","value":"0.276"},{"name":"operating_income","year":"LTM\n?","value":"0.276"},{"name":"ebitda","year":"2019","value":"0.240"},{"name":"ebitda","year":"2020","value":"0.205"},{"name":"ebitda","year":"2021","value":"0.155"},{"name":"ebitda","year":"2022","value":"0.164"},{"name":"ebitda","year":"2023","value":"0.347"},{"name":"ebitda","year":"LTM\n?","value":"0.347"},{"name":"net_income","year":"2019","value":"0.085"},{"name":"net_income","year":"2020","value":"0.073"},{"name":"net_income","year":"2021","value":"0.012"},{"name":"net_income","year":"2022","value":"0.046"},{"name":"net_income","year":"2023","value":"0.169"},{"name":"net_income","year":"LTM\n?","value":"0.169"},{"name":"ocf","year":"2019","value":"0.176"},{"name":"ocf","year":"2020","value":"0.054"},{"name":"ocf","year":"2021","value":"0.280"},{"name":"ocf","year":"2022","value":"0.220"},{"name":"ocf","year":"2023","value":"0.435"},{"name":"ocf","year":"LTM\n?","value":"0.435"},{"name":"capex","year":"2019","value":"0.200"},{"name":"capex","year":"2020","value":"0.086"},{"name":"capex","year":"2021","value":"0.153"},{"name":"capex","year":"2022","value":"0.218"},{"name":"capex","year":"2023","value":"0.204"},{"name":"capex","year":"LTM\n?","value":"0.204"},{"name":"fcf","year":"2019","value":"-0.045"},{"name":"fcf","year":"2020","value":"0.041"},{"name":"fcf","year":"2021","value":"0.066"},{"name":"fcf","year":"2022","value":"-0.042"},{"name":"fcf","year":"2023","value":"0.191"},{"name":"fcf","year":"LTM\n?","value":"0.191"},{"name":"dividend_payout","year":"2019","value":""},{"name":"dividend_payout","year":"2020","value":""},{"name":"dividend_payout","year":"2021","value":""},{"name":"dividend_payout","year":"2022","value":"0.085"},{"name":"dividend_payout","year":"2023","value":"0.111"},{"name":"dividend_payout","year":"LTM\n?","value":"0.111"},{"name":"dividend","year":"2019","value":""},{"name":"dividend","year":"2020","value":""},{"name":"dividend","year":"2021","value":""},{"name":"dividend","year":"2022","value":"1"},{"name":"dividend","year":"2023","value":"1.2"},{"name":"dividend","year":"LTM\n?","value":"1.2"},{"name":"div_yield","year":"2019","value":"0.0%"},{"name":"div_yield","year":"2020","value":"0.0%"},{"name":"div_yield","year":"2021","value":"0.0%"},{"name":"div_yield","year":"2022","value":"1.6%"},{"name":"div_yield","year":"2023","value":"1.2%"},{"name":"div_yield","year":"LTM\n?","value":"1.6%"},{"name":"div_payout_ratio","year":"2019","value":"0%"},{"name":"div_payout_ratio","year":"2020","value":"0%"},{"name":"div_payout_ratio","year":"2021","value":"0%"},{"name":"div_payout_ratio","year":"2022","value":"185%"},{"name":"div_payout_ratio","year":"2023","value":"66%"},{"name":"div_payout_ratio","year":"LTM\n?","value":"66%"},{"name":"opex","year":"2019","value":"0.660"},{"name":"opex","year":"2020","value":"0.750"},{"name":"opex","year":"2021","value":"1.06"},{"name":"opex","year":"2022","value":"1.03"},{"name":"opex","year":"2023","value":"1.09"},{"name":"opex","year":"LTM\n?","value":"1.09"},{"name":"amortization","year":"2019","value":""},{"name":"amortization","year":"2020","value":""},{"name":"amortization","year":"2021","value":""},{"name":"amortization","year":"2022","value":"0.1"},{"name":"amortization","year":"2023","value":"0.1"},{"name":"amortization","year":"LTM\n?","value":"0.1"},{"name":"r_and_d","year":"2019","value":"0.030"},{"name":"r_and_d","year":"2020","value":""},{"name":"r_and_d","year":"2021","value":"0.005"},{"name":"r_and_d","year":"2022","value":"0.080"},{"name":"r_and_d","year":"2023","value":"0.030"},{"name":"r_and_d","year":"LTM\n?","value":""},{"name":"employment_expenses","year":"2019","value":"0.201"},{"name":"employment_expenses","year":"2020","value":"0.224"},{"name":"employment_expenses","year":"2021","value":"0.253"},{"name":"employment_expenses","year":"2022","value":"0.245"},{"name":"employment_expenses","year":"2023","value":"0.258"},{"name":"employment_expenses","year":"LTM\n?","value":""},{"name":"interest_expenses","year":"2019","value":"0.028"},{"name":"interest_expenses","year":"2020","value":"0.027"},{"name":"interest_expenses","year":"2021","value":"0.051"},{"name":"interest_expenses","year":"2022","value":"0.049"},{"name":"interest_expenses","year":"2023","value":"0.052"},{"name":"interest_expenses","year":"LTM\n?","value":"0.054"},{"name":"assets","year":"2019","value":"1.40"},{"name":"assets","year":"2020","value":"1.51"},{"name":"assets","year":"2021","value":"1.74"},{"name":"assets","year":"2022","value":"2.04"},{"name":"assets","year":"2023","value":"2.54"},{"name":"assets","year":"LTM\n?","value":"2.54"},{"name":"net_assets","year":"2019","value":"0.110"},{"name":"net_assets","year":"2020","value":"0.194"},{"name":"net_assets","year":"2021","value":"0.234"},{"name":"net_assets","year":"2022","value":"0.341"},{"name":"net_assets","year":"2023","value":"0.500"},{"name":"net_assets","year":"LTM\n?","value":"0.500"},{"name":"debt","year":"2019","value":"0.252"},{"name":"debt","year":"2020","value":"0.180"},{"name":"debt","year":"2021","value":"0.494"},{"name":"debt","year":"2022","value":"0.708"},{"name":"debt","year":"2023","value":"0.650"},{"name":"debt","year":"LTM\n?","value":"0.650"},{"name":"cash","year":"2019","value":"0.090"},{"name":"cash","year":"2020","value":"0.100"},{"name":"cash","year":"2021","value":"0.193"},{"name":"cash","year":"2022","value":"0.202"},{"name":"cash","year":"2023","value":"0.544"},{"name":"cash","year":"LTM\n?","value":"0.544"},{"name":"net_debt","year":"2019","value":"0.16"},{"name":"net_debt","year":"2020","value":"0.08"},{"name":"net_debt","year":"2021","value":"0.30"},{"name":"net_debt","year":"2022","value":"0.51"},{"name":"net_debt","year":"2023","value":"0.11"},{"name":"net_debt","year":"LTM\n?","value":"0.11"},{"name":"common_share","year":"2019","value":"13.0"},{"name":"common_share","year":"2020","value":"38.2"},{"name":"common_share","year":"2021","value":"115.0"},{"name":"common_share","year":"2022","value":"62.1"},{"name":"common_share","year":"2023","value":"102.0"},{"name":"common_share","year":"LTM\n?","value":"77.1"},{"name":"number_of_shares","year":"2019","value":"75.0"},{"name":"number_of_shares","year":"2020","value":"75.0"},{"name":"number_of_shares","year":"2021","value":"85.0"},{"name":"number_of_shares","year":"2022","value":"92.6"},{"name":"number_of_shares","year":"2023","value":"92.6"},{"name":"number_of_shares","year":"LTM\n?","value":"92.6"},{"name":"free_float","year":"2019","value":""},{"name":"free_float","year":"2020","value":""},{"name":"free_float","year":"2021","value":""},{"name":"free_float","year":"2022","value":""},{"name":"free_float","year":"2023","value":"15.0%"},{"name":"free_float","year":"LTM\n?","value":""},{"name":"market_cap","year":"2019","value":"0.97"},{"name":"market_cap","year":"2020","value":"2.86"},{"name":"market_cap","year":"2021","value":"9.78"},{"name":"market_cap","year":"2022","value":"5.75"},{"name":"market_cap","year":"2023","value":"9.45"},{"name":"market_cap","year":"LTM\n?","value":"7.14"},{"name":"ev","year":"2019","value":"1.14"},{"name":"ev","year":"2020","value":"2.94"},{"name":"ev","year":"2021","value":"10.1"},{"name":"ev","year":"2022","value":"6.26"},{"name":"ev","year":"2023","value":"9.56"},{"name":"ev","year":"LTM\n?","value":"7.25"},{"name":"book_value","year":"2019","value":"-0.31"},{"name":"book_value","year":"2020","value":"-0.27"},{"name":"book_value","year":"2021","value":"-0.31"},{"name":"book_value","year":"2022","value":"-0.40"},{"name":"book_value","year":"2023","value":"-0.30"},{"name":"book_value","year":"LTM\n?","value":"-0.30"},{"name":"eps","year":"2019","value":"1.13"},{"name":"eps","year":"2020","value":"0.97"},{"name":"eps","year":"2021","value":"0.14"},{"name":"eps","year":"2022","value":"0.50"},{"name":"eps","year":"2023","value":"1.82"},{"name":"eps","year":"LTM\n?","value":"1.82"},{"name":"fcf_share","year":"2019","value":"-0.60"},{"name":"fcf_share","year":"2020","value":"0.55"},{"name":"fcf_share","year":"2021","value":"0.78"},{"name":"fcf_share","year":"2022","value":"-0.45"},{"name":"fcf_share","year":"2023","value":"2.06"},{"name":"fcf_share","year":"LTM\n?","value":"2.06"},{"name":"bv_share","year":"2019","value":"-4.13"},{"name":"bv_share","year":"2020","value":"-3.53"},{"name":"bv_share","year":"2021","value":"-3.64"},{"name":"bv_share","year":"2022","value":"-4.26"},{"name":"bv_share","year":"2023","value":"-3.24"},{"name":"bv_share","year":"LTM\n?","value":"-3.24"},{"name":"ebitda_margin","year":"2019","value":"28.6%"},{"name":"ebitda_margin","year":"2020","value":"18.9%"},{"name":"ebitda_margin","year":"2021","value":"13.1%"},{"name":"ebitda_margin","year":"2022","value":"14.4%"},{"name":"ebitda_margin","year":"2023","value":"25.3%"},{"name":"ebitda_margin","year":"LTM\n?","value":"25.3%"},{"name":"net_margin","year":"2019","value":"10.1%"},{"name":"net_margin","year":"2020","value":"6.7%"},{"name":"net_margin","year":"2021","value":"1.0%"},{"name":"net_margin","year":"2022","value":"4.0%"},{"name":"net_margin","year":"2023","value":"12.3%"},{"name":"net_margin","year":"LTM\n?","value":"12.3%"},{"name":"fcf_yield","year":"2019","value":"-4.6%"},{"name":"fcf_yield","year":"2020","value":"1.4%"},{"name":"fcf_yield","year":"2021","value":"0.7%"},{"name":"fcf_yield","year":"2022","value":"-0.7%"},{"name":"fcf_yield","year":"2023","value":"2.0%"},{"name":"fcf_yield","year":"LTM\n?","value":"2.7%"},{"name":"roe","year":"2019","value":"77.3%"},{"name":"roe","year":"2020","value":"37.6%"},{"name":"roe","year":"2021","value":"5.1%"},{"name":"roe","year":"2022","value":"13.5%"},{"name":"roe","year":"2023","value":"33.8%"},{"name":"roe","year":"LTM\n?","value":"33.8%"},{"name":"roa","year":"2019","value":"6.1%"},{"name":"roa","year":"2020","value":"4.8%"},{"name":"roa","year":"2021","value":"0.7%"},{"name":"roa","year":"2022","value":"2.3%"},{"name":"roa","year":"2023","value":"6.7%"},{"name":"roa","year":"LTM\n?","value":"6.7%"},{"name":"p_e","year":"2019","value":"11.5"},{"name":"p_e","year":"2020","value":"39.2"},{"name":"p_e","year":"2021","value":"814.6"},{"name":"p_e","year":"2022","value":"125.0"},{"name":"p_e","year":"2023","value":"55.9"},{"name":"p_e","year":"LTM\n?","value":"42.2"},{"name":"p_fcf","year":"2019","value":"-21.7"},{"name":"p_fcf","year":"2020","value":"69.8"},{"name":"p_fcf","year":"2021","value":"148.1"},{"name":"p_fcf","year":"2022","value":"-136.9"},{"name":"p_fcf","year":"2023","value":"49.5"},{"name":"p_fcf","year":"LTM\n?","value":"37.4"},{"name":"p_s","year":"2019","value":"1.16"},{"name":"p_s","year":"2020","value":"2.64"},{"name":"p_s","year":"2021","value":"8.28"},{"name":"p_s","year":"2022","value":"5.06"},{"name":"p_s","year":"2023","value":"6.90"},{"name":"p_s","year":"LTM\n?","value":"5.21"},{"name":"p_bv","year":"2019","value":"-3.14"},{"name":"p_bv","year":"2020","value":"-10.8"},{"name":"p_bv","year":"2021","value":"-31.6"},{"name":"p_bv","year":"2022","value":"-14.6"},{"name":"p_bv","year":"2023","value":"-31.5"},{"name":"p_bv","year":"LTM\n?","value":"-23.8"},{"name":"ev_ebitda","year":"2019","value":"4.73"},{"name":"ev_ebitda","year":"2020","value":"14.4"},{"name":"ev_ebitda","year":"2021","value":"65.0"},{"name":"ev_ebitda","year":"2022","value":"38.1"},{"name":"ev_ebitda","year":"2023","value":"27.5"},{"name":"ev_ebitda","year":"LTM\n?","value":"20.9"},{"name":"debt_ebitda","year":"2019","value":"0.68"},{"name":"debt_ebitda","year":"2020","value":"0.39"},{"name":"debt_ebitda","year":"2021","value":"1.94"},{"name":"debt_ebitda","year":"2022","value":"3.09"},{"name":"debt_ebitda","year":"2023","value":"0.31"},{"name":"debt_ebitda","year":"LTM\n?","value":"0.31"},{"name":"r_and_d_capex","year":"2019","value":"15.00%"},{"name":"r_and_d_capex","year":"2020","value":"0.00%"},{"name":"r_and_d_capex","year":"2021","value":"3.27%"},{"name":"r_and_d_capex","year":"2022","value":"36.70%"},{"name":"r_and_d_capex","year":"2023","value":"14.71%"},{"name":"r_and_d_capex","year":"LTM\n?","value":"0"},{"name":"capex_revenue","year":"2019","value":"24%"},{"name":"capex_revenue","year":"2020","value":"8%"},{"name":"capex_revenue","year":"2021","value":"13%"},{"name":"capex_revenue","year":"2022","value":"19%"},{"name":"capex_revenue","year":"2023","value":"15%"},{"name":"capex_revenue","year":"LTM\n?","value":"15%"}]