[
  {
    "name": "revenue",
    "year": "2013",
    "value": 0.42
  },
  {
    "name": "revenue",
    "year": "2014",
    "value": 0.359
  },
  {
    "name": "revenue",
    "year": "2015",
    "value": 0.311
  },
  {
    "name": "revenue",
    "year": "2016",
    "value": 0.39
  },
  {
    "name": "revenue",
    "year": "2017",
    "value": 0.494
  },
  {
    "name": "revenue",
    "year": "2018",
    "value": 0.645
  },
  {
    "name": "revenue",
    "year": "2019",
    "value": 0.84
  },
  {
    "name": "revenue",
    "year": "2020",
    "value": 1.084
  },
  {
    "name": "revenue",
    "year": "2021",
    "value": 1.18
  },
  {
    "name": "revenue",
    "year": "2022",
    "value": 1.136
  },
  {
    "name": "revenue",
    "year": "2023",
    "value": 1.37
  },
  {
    "name": "revenue",
    "year": "LTM",
    "value": 1.37
  },
  {
    "name": "operating_income",
    "year": "2016",
    "value": -0.144
  },
  {
    "name": "operating_income",
    "year": "2017",
    "value": -0.058
  },
  {
    "name": "operating_income",
    "year": "2018",
    "value": 0.117
  },
  {
    "name": "operating_income",
    "year": "2019",
    "value": 0.18
  },
  {
    "name": "operating_income",
    "year": "2020",
    "value": 0.2
  },
  {
    "name": "operating_income",
    "year": "2021",
    "value": 0.12
  },
  {
    "name": "operating_income",
    "year": "2022",
    "value": 0.111
  },
  {
    "name": "operating_income",
    "year": "2023",
    "value": 0.276
  },
  {
    "name": "operating_income",
    "year": "LTM",
    "value": 0.276
  },
  {
    "name": "ebitda",
    "year": "2013",
    "value": 0.066
  },
  {
    "name": "ebitda",
    "year": "2014",
    "value": -0.026
  },
  {
    "name": "ebitda",
    "year": "2015",
    "value": -0.069
  },
  {
    "name": "ebitda",
    "year": "2016",
    "value": -0.12
  },
  {
    "name": "ebitda",
    "year": "2017",
    "value": -0.018
  },
  {
    "name": "ebitda",
    "year": "2018",
    "value": 0.147
  },
  {
    "name": "ebitda",
    "year": "2019",
    "value": 0.24
  },
  {
    "name": "ebitda",
    "year": "2020",
    "value": 0.205
  },
  {
    "name": "ebitda",
    "year": "2021",
    "value": 0.155
  },
  {
    "name": "ebitda",
    "year": "2022",
    "value": 0.164
  },
  {
    "name": "ebitda",
    "year": "2023",
    "value": 0.347
  },
  {
    "name": "ebitda",
    "year": "LTM",
    "value": 0.347
  },
  {
    "name": "net_income",
    "year": "2013",
    "value": 0.015
  },
  {
    "name": "net_income",
    "year": "2014",
    "value": -0.013
  },
  {
    "name": "net_income",
    "year": "2015",
    "value": -0.052
  },
  {
    "name": "net_income",
    "year": "2016",
    "value": -0.11
  },
  {
    "name": "net_income",
    "year": "2017",
    "value": -0.1
  },
  {
    "name": "net_income",
    "year": "2018",
    "value": -0.034
  },
  {
    "name": "net_income",
    "year": "2019",
    "value": 0.085
  },
  {
    "name": "net_income",
    "year": "2020",
    "value": 0.073
  },
  {
    "name": "net_income",
    "year": "2021",
    "value": 0.012
  },
  {
    "name": "net_income",
    "year": "2022",
    "value": 0.046
  },
  {
    "name": "net_income",
    "year": "2023",
    "value": 0.169
  },
  {
    "name": "net_income",
    "year": "LTM",
    "value": 0.169
  },
  {
    "name": "ocf",
    "year": "2016",
    "value": 0.036
  },
  {
    "name": "ocf",
    "year": "2017",
    "value": -0.02
  },
  {
    "name": "ocf",
    "year": "2018",
    "value": 0.02
  },
  {
    "name": "ocf",
    "year": "2019",
    "value": 0.176
  },
  {
    "name": "ocf",
    "year": "2020",
    "value": 0.054
  },
  {
    "name": "ocf",
    "year": "2021",
    "value": 0.28
  },
  {
    "name": "ocf",
    "year": "2022",
    "value": 0.22
  },
  {
    "name": "ocf",
    "year": "2023",
    "value": 0.435
  },
  {
    "name": "ocf",
    "year": "LTM",
    "value": 0.435
  },
  {
    "name": "capex",
    "year": "2016",
    "value": 0.067
  },
  {
    "name": "capex",
    "year": "2017",
    "value": 0.213
  },
  {
    "name": "capex",
    "year": "2018",
    "value": 0.035
  },
  {
    "name": "capex",
    "year": "2019",
    "value": 0.2
  },
  {
    "name": "capex",
    "year": "2020",
    "value": 0.086
  },
  {
    "name": "capex",
    "year": "2021",
    "value": 0.153
  },
  {
    "name": "capex",
    "year": "2022",
    "value": 0.218
  },
  {
    "name": "capex",
    "year": "2023",
    "value": 0.204
  },
  {
    "name": "capex",
    "year": "LTM",
    "value": 0.204
  },
  {
    "name": "fcf",
    "year": "2016",
    "value": -0.04
  },
  {
    "name": "fcf",
    "year": "2017",
    "value": -0.267
  },
  {
    "name": "fcf",
    "year": "2018",
    "value": -0.043
  },
  {
    "name": "fcf",
    "year": "2019",
    "value": -0.045
  },
  {
    "name": "fcf",
    "year": "2020",
    "value": 0.041
  },
  {
    "name": "fcf",
    "year": "2021",
    "value": 0.066
  },
  {
    "name": "fcf",
    "year": "2022",
    "value": -0.042
  },
  {
    "name": "fcf",
    "year": "2023",
    "value": 0.191
  },
  {
    "name": "fcf",
    "year": "LTM",
    "value": 0.191
  },
  {
    "name": "opex",
    "year": "2013",
    "value": 0.377
  },
  {
    "name": "opex",
    "year": "2014",
    "value": 0.411
  },
  {
    "name": "opex",
    "year": "2015",
    "value": 0.406
  },
  {
    "name": "opex",
    "year": "2016",
    "value": 0.534
  },
  {
    "name": "opex",
    "year": "2017",
    "value": 0.553
  },
  {
    "name": "opex",
    "year": "2018",
    "value": 0.527
  },
  {
    "name": "opex",
    "year": "2019",
    "value": 0.66
  },
  {
    "name": "opex",
    "year": "2020",
    "value": 0.75
  },
  {
    "name": "opex",
    "year": "2021",
    "value": 1.06
  },
  {
    "name": "opex",
    "year": "2022",
    "value": 1.026
  },
  {
    "name": "opex",
    "year": "2023",
    "value": 1.093
  },
  {
    "name": "opex",
    "year": "LTM",
    "value": 1.093
  },
  {
    "name": "amortization",
    "year": "2022",
    "value": 0.053
  },
  {
    "name": "amortization",
    "year": "2023",
    "value": 0.071
  },
  {
    "name": "amortization",
    "year": "LTM",
    "value": 0.071
  },
  {
    "name": "interest_expenses",
    "year": "2015",
    "value": 0.005
  },
  {
    "name": "interest_expenses",
    "year": "2016",
    "value": 0.023
  },
  {
    "name": "interest_expenses",
    "year": "2017",
    "value": 0.034
  },
  {
    "name": "interest_expenses",
    "year": "2018",
    "value": 0.03
  },
  {
    "name": "interest_expenses",
    "year": "2019",
    "value": 0.028
  },
  {
    "name": "interest_expenses",
    "year": "2020",
    "value": 0.027
  },
  {
    "name": "interest_expenses",
    "year": "2021",
    "value": 0.051
  },
  {
    "name": "interest_expenses",
    "year": "2022",
    "value": 0.049
  },
  {
    "name": "interest_expenses",
    "year": "2023",
    "value": 0.052
  },
  {
    "name": "interest_expenses",
    "year": "LTM",
    "value": 0.054
  },
  {
    "name": "assets",
    "year": "2016",
    "value": 1.04
  },
  {
    "name": "assets",
    "year": "2017",
    "value": 1.05
  },
  {
    "name": "assets",
    "year": "2018",
    "value": 1.12
  },
  {
    "name": "assets",
    "year": "2019",
    "value": 1.399
  },
  {
    "name": "assets",
    "year": "2020",
    "value": 1.512
  },
  {
    "name": "assets",
    "year": "2021",
    "value": 1.74
  },
  {
    "name": "assets",
    "year": "2022",
    "value": 2.044
  },
  {
    "name": "assets",
    "year": "2023",
    "value": 2.54
  },
  {
    "name": "assets",
    "year": "LTM",
    "value": 2.54
  },
  {
    "name": "net_assets",
    "year": "2013",
    "value": 0.352
  },
  {
    "name": "net_assets",
    "year": "2014",
    "value": 0.339
  },
  {
    "name": "net_assets",
    "year": "2015",
    "value": 0.288
  },
  {
    "name": "net_assets",
    "year": "2016",
    "value": 0.154
  },
  {
    "name": "net_assets",
    "year": "2017",
    "value": 0.051
  },
  {
    "name": "net_assets",
    "year": "2018",
    "value": 0.027
  },
  {
    "name": "net_assets",
    "year": "2019",
    "value": 0.11
  },
  {
    "name": "net_assets",
    "year": "2020",
    "value": 0.194
  },
  {
    "name": "net_assets",
    "year": "2021",
    "value": 0.234
  },
  {
    "name": "net_assets",
    "year": "2022",
    "value": 0.341
  },
  {
    "name": "net_assets",
    "year": "2023",
    "value": 0.5
  },
  {
    "name": "net_assets",
    "year": "LTM",
    "value": 0.5
  },
  {
    "name": "debt",
    "year": "2013",
    "value": 0.126
  },
  {
    "name": "debt",
    "year": "2014",
    "value": 0.098
  },
  {
    "name": "debt",
    "year": "2015",
    "value": 0.413
  },
  {
    "name": "debt",
    "year": "2016",
    "value": 0.362
  },
  {
    "name": "debt",
    "year": "2017",
    "value": 0.411
  },
  {
    "name": "debt",
    "year": "2018",
    "value": 0.373
  },
  {
    "name": "debt",
    "year": "2019",
    "value": 0.252
  },
  {
    "name": "debt",
    "year": "2020",
    "value": 0.18
  },
  {
    "name": "debt",
    "year": "2021",
    "value": 0.494
  },
  {
    "name": "debt",
    "year": "2022",
    "value": 0.708
  },
  {
    "name": "debt",
    "year": "2023",
    "value": 0.65
  },
  {
    "name": "debt",
    "year": "LTM",
    "value": 0.65
  },
  {
    "name": "cash",
    "year": "2013",
    "value": 0.018
  },
  {
    "name": "cash",
    "year": "2014",
    "value": 0.071
  },
  {
    "name": "cash",
    "year": "2015",
    "value": 0.051
  },
  {
    "name": "cash",
    "year": "2016",
    "value": 0.286
  },
  {
    "name": "cash",
    "year": "2017",
    "value": 0.107
  },
  {
    "name": "cash",
    "year": "2018",
    "value": 0.064
  },
  {
    "name": "cash",
    "year": "2019",
    "value": 0.09
  },
  {
    "name": "cash",
    "year": "2020",
    "value": 0.1
  },
  {
    "name": "cash",
    "year": "2021",
    "value": 0.193
  },
  {
    "name": "cash",
    "year": "2022",
    "value": 0.202
  },
  {
    "name": "cash",
    "year": "2023",
    "value": 0.544
  },
  {
    "name": "cash",
    "year": "LTM",
    "value": 0.544
  },
  {
    "name": "net_debt",
    "year": "2013",
    "value": 0.108
  },
  {
    "name": "net_debt",
    "year": "2014",
    "value": 0.027
  },
  {
    "name": "net_debt",
    "year": "2015",
    "value": 0.362
  },
  {
    "name": "net_debt",
    "year": "2016",
    "value": 0.076
  },
  {
    "name": "net_debt",
    "year": "2017",
    "value": 0.304
  },
  {
    "name": "net_debt",
    "year": "2018",
    "value": 0.309
  },
  {
    "name": "net_debt",
    "year": "2019",
    "value": 0.162
  },
  {
    "name": "net_debt",
    "year": "2020",
    "value": 0.08
  },
  {
    "name": "net_debt",
    "year": "2021",
    "value": 0.301
  },
  {
    "name": "net_debt",
    "year": "2022",
    "value": 0.506
  },
  {
    "name": "net_debt",
    "year": "2023",
    "value": 0.106
  },
  {
    "name": "net_debt",
    "year": "LTM",
    "value": 0.106
  },
  {
    "name": "common_share",
    "year": "2015",
    "value": 10.45
  },
  {
    "name": "common_share",
    "year": "2016",
    "value": 18.05
  },
  {
    "name": "common_share",
    "year": "2017",
    "value": 11.5
  },
  {
    "name": "common_share",
    "year": "2018",
    "value": 7.89
  },
  {
    "name": "common_share",
    "year": "2019",
    "value": 12.99
  },
  {
    "name": "common_share",
    "year": "2020",
    "value": 38.16
  },
  {
    "name": "common_share",
    "year": "2021",
    "value": 115.0
  },
  {
    "name": "common_share",
    "year": "2022",
    "value": 62.06
  },
  {
    "name": "common_share",
    "year": "2023",
    "value": 102.0
  },
  {
    "name": "common_share",
    "year": "LTM",
    "value": 73.6
  },
  {
    "name": "number_of_shares",
    "year": "2013",
    "value": 75.0
  },
  {
    "name": "number_of_shares",
    "year": "2014",
    "value": 75.0
  },
  {
    "name": "number_of_shares",
    "year": "2015",
    "value": 75.0
  },
  {
    "name": "number_of_shares",
    "year": "2016",
    "value": 75.0
  },
  {
    "name": "number_of_shares",
    "year": "2017",
    "value": 75.0
  },
  {
    "name": "number_of_shares",
    "year": "2018",
    "value": 75.0
  },
  {
    "name": "number_of_shares",
    "year": "2019",
    "value": 75.0
  },
  {
    "name": "number_of_shares",
    "year": "2020",
    "value": 75.0
  },
  {
    "name": "number_of_shares",
    "year": "2021",
    "value": 85.0
  },
  {
    "name": "number_of_shares",
    "year": "2022",
    "value": 92.645451
  },
  {
    "name": "number_of_shares",
    "year": "2023",
    "value": 92.645451
  },
  {
    "name": "number_of_shares",
    "year": "LTM",
    "value": 92.645451
  },
  {
    "name": "market_cap",
    "year": "2013",
    "value": 0.0
  },
  {
    "name": "market_cap",
    "year": "2014",
    "value": 0.0
  },
  {
    "name": "market_cap",
    "year": "2015",
    "value": 0.78375
  },
  {
    "name": "market_cap",
    "year": "2016",
    "value": 1.35375
  },
  {
    "name": "market_cap",
    "year": "2017",
    "value": 0.8625
  },
  {
    "name": "market_cap",
    "year": "2018",
    "value": 0.59175
  },
  {
    "name": "market_cap",
    "year": "2019",
    "value": 0.97425
  },
  {
    "name": "market_cap",
    "year": "2020",
    "value": 2.862
  },
  {
    "name": "market_cap",
    "year": "2021",
    "value": 9.775
  },
  {
    "name": "market_cap",
    "year": "2022",
    "value": 5.74957668906
  },
  {
    "name": "market_cap",
    "year": "2023",
    "value": 9.449836002
  },
  {
    "name": "market_cap",
    "year": "LTM",
    "value": 6.8187051936
  },
  {
    "name": "ev",
    "year": "2013",
    "value": 0.108
  },
  {
    "name": "ev",
    "year": "2014",
    "value": 0.027
  },
  {
    "name": "ev",
    "year": "2015",
    "value": 1.14575
  },
  {
    "name": "ev",
    "year": "2016",
    "value": 1.42975
  },
  {
    "name": "ev",
    "year": "2017",
    "value": 1.1665
  },
  {
    "name": "ev",
    "year": "2018",
    "value": 0.90075
  },
  {
    "name": "ev",
    "year": "2019",
    "value": 1.13625
  },
  {
    "name": "ev",
    "year": "2020",
    "value": 2.942
  },
  {
    "name": "ev",
    "year": "2021",
    "value": 10.076
  },
  {
    "name": "ev",
    "year": "2022",
    "value": 6.255576689060001
  },
  {
    "name": "ev",
    "year": "2023",
    "value": 9.555836002
  },
  {
    "name": "ev",
    "year": "LTM",
    "value": 6.9247051935999995
  },
  {
    "name": "book_value",
    "year": "2013",
    "value": 0.352
  },
  {
    "name": "book_value",
    "year": "2014",
    "value": 0.339
  },
  {
    "name": "book_value",
    "year": "2015",
    "value": 0.24
  },
  {
    "name": "book_value",
    "year": "2016",
    "value": 0.095
  },
  {
    "name": "book_value",
    "year": "2017",
    "value": -0.057
  },
  {
    "name": "book_value",
    "year": "2018",
    "value": -0.289
  },
  {
    "name": "book_value",
    "year": "2019",
    "value": -0.31
  },
  {
    "name": "book_value",
    "year": "2020",
    "value": -0.265
  },
  {
    "name": "book_value",
    "year": "2021",
    "value": -0.309
  },
  {
    "name": "book_value",
    "year": "2022",
    "value": -0.395
  },
  {
    "name": "book_value",
    "year": "2023",
    "value": -0.3
  },
  {
    "name": "book_value",
    "year": "LTM",
    "value": -0.3
  },
  {
    "name": "eps",
    "year": "2013",
    "value": 0.2
  },
  {
    "name": "eps",
    "year": "2014",
    "value": -0.173333333333
  },
  {
    "name": "eps",
    "year": "2015",
    "value": -0.693333333333
  },
  {
    "name": "eps",
    "year": "2016",
    "value": -1.46666666667
  },
  {
    "name": "eps",
    "year": "2017",
    "value": -1.33333333333
  },
  {
    "name": "eps",
    "year": "2018",
    "value": -0.453333333333
  },
  {
    "name": "eps",
    "year": "2019",
    "value": 1.13333333333
  },
  {
    "name": "eps",
    "year": "2020",
    "value": 0.973333333333
  },
  {
    "name": "eps",
    "year": "2021",
    "value": 0.141176470588
  },
  {
    "name": "eps",
    "year": "2022",
    "value": 0.496516553198
  },
  {
    "name": "eps",
    "year": "2023",
    "value": 1.8241586411
  },
  {
    "name": "eps",
    "year": "LTM",
    "value": 1.82415864109723
  },
  {
    "name": "fcf_share",
    "year": "2013",
    "value": 0.0
  },
  {
    "name": "fcf_share",
    "year": "2014",
    "value": 0.0
  },
  {
    "name": "fcf_share",
    "year": "2015",
    "value": 0.0
  },
  {
    "name": "fcf_share",
    "year": "2016",
    "value": -0.533333333333
  },
  {
    "name": "fcf_share",
    "year": "2017",
    "value": -3.56
  },
  {
    "name": "fcf_share",
    "year": "2018",
    "value": -0.573333333333
  },
  {
    "name": "fcf_share",
    "year": "2019",
    "value": -0.6
  },
  {
    "name": "fcf_share",
    "year": "2020",
    "value": 0.546666666667
  },
  {
    "name": "fcf_share",
    "year": "2021",
    "value": 0.776470588235
  },
  {
    "name": "fcf_share",
    "year": "2022",
    "value": -0.453341200746
  },
  {
    "name": "fcf_share",
    "year": "2023",
    "value": 2.06162307958
  },
  {
    "name": "fcf_share",
    "year": "LTM",
    "value": 2.06162307958326
  },
  {
    "name": "bv_share",
    "year": "2013",
    "value": 4.69333333333
  },
  {
    "name": "bv_share",
    "year": "2014",
    "value": 4.52
  },
  {
    "name": "bv_share",
    "year": "2015",
    "value": 3.2
  },
  {
    "name": "bv_share",
    "year": "2016",
    "value": 1.26666666667
  },
  {
    "name": "bv_share",
    "year": "2017",
    "value": -0.76
  },
  {
    "name": "bv_share",
    "year": "2018",
    "value": -3.85333333333
  },
  {
    "name": "bv_share",
    "year": "2019",
    "value": -4.13333333333
  },
  {
    "name": "bv_share",
    "year": "2020",
    "value": -3.53333333333
  },
  {
    "name": "bv_share",
    "year": "2021",
    "value": -3.63529411765
  },
  {
    "name": "bv_share",
    "year": "2022",
    "value": -4.26356605464
  },
  {
    "name": "bv_share",
    "year": "2023",
    "value": -3.2381514339
  },
  {
    "name": "bv_share",
    "year": "LTM",
    "value": -3.2381514339004083
  },
  {
    "name": "ebitda_margin",
    "year": "2013",
    "value": 15.714285714299999
  },
  {
    "name": "ebitda_margin",
    "year": "2014",
    "value": -7.24233983287
  },
  {
    "name": "ebitda_margin",
    "year": "2015",
    "value": -22.1864951768
  },
  {
    "name": "ebitda_margin",
    "year": "2016",
    "value": -30.7692307692
  },
  {
    "name": "ebitda_margin",
    "year": "2017",
    "value": -3.6437246963599996
  },
  {
    "name": "ebitda_margin",
    "year": "2018",
    "value": 22.7906976744
  },
  {
    "name": "ebitda_margin",
    "year": "2019",
    "value": 28.5714285714
  },
  {
    "name": "ebitda_margin",
    "year": "2020",
    "value": 18.9114391144
  },
  {
    "name": "ebitda_margin",
    "year": "2021",
    "value": 13.135593220299999
  },
  {
    "name": "ebitda_margin",
    "year": "2022",
    "value": 14.436619718300001
  },
  {
    "name": "ebitda_margin",
    "year": "2023",
    "value": 25.3284671533
  },
  {
    "name": "ebitda_margin",
    "year": "LTM",
    "value": 25.328467153284674
  },
  {
    "name": "net_margin",
    "year": "2013",
    "value": 3.57142857143
  },
  {
    "name": "net_margin",
    "year": "2014",
    "value": -3.6211699164299995
  },
  {
    "name": "net_margin",
    "year": "2015",
    "value": -16.7202572347
  },
  {
    "name": "net_margin",
    "year": "2016",
    "value": -28.2051282051
  },
  {
    "name": "net_margin",
    "year": "2017",
    "value": -20.242914979800002
  },
  {
    "name": "net_margin",
    "year": "2018",
    "value": -5.27131782946
  },
  {
    "name": "net_margin",
    "year": "2019",
    "value": 10.119047619
  },
  {
    "name": "net_margin",
    "year": "2020",
    "value": 6.73431734317
  },
  {
    "name": "net_margin",
    "year": "2021",
    "value": 1.01694915254
  },
  {
    "name": "net_margin",
    "year": "2022",
    "value": 4.04929577465
  },
  {
    "name": "net_margin",
    "year": "2023",
    "value": 12.3357664234
  },
  {
    "name": "net_margin",
    "year": "LTM",
    "value": 12.335766423357663
  },
  {
    "name": "fcf_yield",
    "year": "2015",
    "value": 0.0
  },
  {
    "name": "fcf_yield",
    "year": "2016",
    "value": -2.95475530933
  },
  {
    "name": "fcf_yield",
    "year": "2017",
    "value": -30.9565217391
  },
  {
    "name": "fcf_yield",
    "year": "2018",
    "value": -7.2665821715300005
  },
  {
    "name": "fcf_yield",
    "year": "2019",
    "value": -4.61893764434
  },
  {
    "name": "fcf_yield",
    "year": "2020",
    "value": 1.43256464011
  },
  {
    "name": "fcf_yield",
    "year": "2021",
    "value": 0.675191815857
  },
  {
    "name": "fcf_yield",
    "year": "2022",
    "value": -0.730488560661
  },
  {
    "name": "fcf_yield",
    "year": "2023",
    "value": 2.02119909763
  },
  {
    "name": "fcf_yield",
    "year": "LTM",
    "value": 2.801118314651169
  },
  {
    "name": "roe",
    "year": "2013",
    "value": 4.2613636363600005
  },
  {
    "name": "roe",
    "year": "2014",
    "value": -3.83480825959
  },
  {
    "name": "roe",
    "year": "2015",
    "value": -18.0555555556
  },
  {
    "name": "roe",
    "year": "2016",
    "value": -71.4285714286
  },
  {
    "name": "roe",
    "year": "2017",
    "value": -196.078431373
  },
  {
    "name": "roe",
    "year": "2018",
    "value": -125.925925926
  },
  {
    "name": "roe",
    "year": "2019",
    "value": 77.27272727270001
  },
  {
    "name": "roe",
    "year": "2020",
    "value": 37.6288659794
  },
  {
    "name": "roe",
    "year": "2021",
    "value": 5.128205128209999
  },
  {
    "name": "roe",
    "year": "2022",
    "value": 13.4897360704
  },
  {
    "name": "roe",
    "year": "2023",
    "value": 33.800000000000004
  },
  {
    "name": "roe",
    "year": "LTM",
    "value": 33.800000000000004
  },
  {
    "name": "roa",
    "year": "2016",
    "value": -10.5769230769
  },
  {
    "name": "roa",
    "year": "2017",
    "value": -9.523809523810002
  },
  {
    "name": "roa",
    "year": "2018",
    "value": -3.0357142857099997
  },
  {
    "name": "roa",
    "year": "2019",
    "value": 6.075768406
  },
  {
    "name": "roa",
    "year": "2020",
    "value": 4.8280423280399996
  },
  {
    "name": "roa",
    "year": "2021",
    "value": 0.689655172414
  },
  {
    "name": "roa",
    "year": "2022",
    "value": 2.25048923679
  },
  {
    "name": "roa",
    "year": "2023",
    "value": 6.65354330709
  },
  {
    "name": "roa",
    "year": "LTM",
    "value": 6.653543307086614
  },
  {
    "name": "p_e",
    "year": "2013",
    "value": 0.0
  },
  {
    "name": "p_e",
    "year": "2014",
    "value": 0.0
  },
  {
    "name": "p_e",
    "year": "2015",
    "value": -15.0721153846
  },
  {
    "name": "p_e",
    "year": "2016",
    "value": -12.3068181818
  },
  {
    "name": "p_e",
    "year": "2017",
    "value": -8.625
  },
  {
    "name": "p_e",
    "year": "2018",
    "value": -17.4044117647
  },
  {
    "name": "p_e",
    "year": "2019",
    "value": 11.4617647059
  },
  {
    "name": "p_e",
    "year": "2020",
    "value": 39.2054794521
  },
  {
    "name": "p_e",
    "year": "2021",
    "value": 814.583333333
  },
  {
    "name": "p_e",
    "year": "2022",
    "value": 124.990797588
  },
  {
    "name": "p_e",
    "year": "2023",
    "value": 55.9161893609
  },
  {
    "name": "p_e",
    "year": "LTM",
    "value": 40.34736800946745
  },
  {
    "name": "p_fcf",
    "year": "2016",
    "value": -33.84375
  },
  {
    "name": "p_fcf",
    "year": "2017",
    "value": -3.230337078651685
  },
  {
    "name": "p_fcf",
    "year": "2018",
    "value": -13.761627906976743
  },
  {
    "name": "p_fcf",
    "year": "2019",
    "value": -21.65
  },
  {
    "name": "p_fcf",
    "year": "2020",
    "value": 69.8048780487805
  },
  {
    "name": "p_fcf",
    "year": "2021",
    "value": 148.1060606060606
  },
  {
    "name": "p_fcf",
    "year": "2022",
    "value": -136.894683073
  },
  {
    "name": "p_fcf",
    "year": "2023",
    "value": 49.4755811623
  },
  {
    "name": "p_fcf",
    "year": "LTM",
    "value": 35.700027191623036
  },
  {
    "name": "p_s",
    "year": "2013",
    "value": 0.0
  },
  {
    "name": "p_s",
    "year": "2014",
    "value": 0.0
  },
  {
    "name": "p_s",
    "year": "2015",
    "value": 2.52009646302
  },
  {
    "name": "p_s",
    "year": "2016",
    "value": 3.47115384615
  },
  {
    "name": "p_s",
    "year": "2017",
    "value": 1.745951417
  },
  {
    "name": "p_s",
    "year": "2018",
    "value": 0.917441860465
  },
  {
    "name": "p_s",
    "year": "2019",
    "value": 1.15982142857
  },
  {
    "name": "p_s",
    "year": "2020",
    "value": 2.64022140221
  },
  {
    "name": "p_s",
    "year": "2021",
    "value": 8.28389830508
  },
  {
    "name": "p_s",
    "year": "2022",
    "value": 5.06124708544
  },
  {
    "name": "p_s",
    "year": "2023",
    "value": 6.89769051241
  },
  {
    "name": "p_s",
    "year": "LTM",
    "value": 4.977157075620438
  },
  {
    "name": "p_bv",
    "year": "2013",
    "value": 0.0
  },
  {
    "name": "p_bv",
    "year": "2014",
    "value": 0.0
  },
  {
    "name": "p_bv",
    "year": "2015",
    "value": 3.265625
  },
  {
    "name": "p_bv",
    "year": "2016",
    "value": 14.25
  },
  {
    "name": "p_bv",
    "year": "2017",
    "value": -15.1315789474
  },
  {
    "name": "p_bv",
    "year": "2018",
    "value": -2.04757785467
  },
  {
    "name": "p_bv",
    "year": "2019",
    "value": -3.14274193548
  },
  {
    "name": "p_bv",
    "year": "2020",
    "value": -10.8
  },
  {
    "name": "p_bv",
    "year": "2021",
    "value": -31.6343042071
  },
  {
    "name": "p_bv",
    "year": "2022",
    "value": -14.5558903521
  },
  {
    "name": "p_bv",
    "year": "2023",
    "value": -31.49945334
  },
  {
    "name": "p_bv",
    "year": "LTM",
    "value": -22.729017312
  },
  {
    "name": "ev_ebitda",
    "year": "2013",
    "value": 1.63636363636
  },
  {
    "name": "ev_ebitda",
    "year": "2014",
    "value": -1.03846153846
  },
  {
    "name": "ev_ebitda",
    "year": "2015",
    "value": -16.6050724638
  },
  {
    "name": "ev_ebitda",
    "year": "2016",
    "value": -11.9145833333
  },
  {
    "name": "ev_ebitda",
    "year": "2017",
    "value": -64.8055555556
  },
  {
    "name": "ev_ebitda",
    "year": "2018",
    "value": 6.12755102041
  },
  {
    "name": "ev_ebitda",
    "year": "2019",
    "value": 4.734375
  },
  {
    "name": "ev_ebitda",
    "year": "2020",
    "value": 14.3512195122
  },
  {
    "name": "ev_ebitda",
    "year": "2021",
    "value": 65.0064516129
  },
  {
    "name": "ev_ebitda",
    "year": "2022",
    "value": 38.1437602991
  },
  {
    "name": "ev_ebitda",
    "year": "2023",
    "value": 27.5384322824
  },
  {
    "name": "ev_ebitda",
    "year": "LTM",
    "value": 19.9559227481268
  },
  {
    "name": "debt_ebitda",
    "year": "2013",
    "value": 1.63636363636
  },
  {
    "name": "debt_ebitda",
    "year": "2014",
    "value": -1.03846153846
  },
  {
    "name": "debt_ebitda",
    "year": "2015",
    "value": -5.24637681159
  },
  {
    "name": "debt_ebitda",
    "year": "2016",
    "value": -0.633333333333
  },
  {
    "name": "debt_ebitda",
    "year": "2017",
    "value": -16.8888888889
  },
  {
    "name": "debt_ebitda",
    "year": "2018",
    "value": 2.10204081633
  },
  {
    "name": "debt_ebitda",
    "year": "2019",
    "value": 0.675
  },
  {
    "name": "debt_ebitda",
    "year": "2020",
    "value": 0.390243902439
  },
  {
    "name": "debt_ebitda",
    "year": "2021",
    "value": 1.94193548387
  },
  {
    "name": "debt_ebitda",
    "year": "2022",
    "value": 3.08536585366
  },
  {
    "name": "debt_ebitda",
    "year": "2023",
    "value": 0.305475504323
  },
  {
    "name": "debt_ebitda",
    "year": "LTM",
    "value": 0.30547550432276654
  },
  {
    "name": "r_and_d_capex",
    "year": "2016",
    "value": 55.223880597
  },
  {
    "name": "r_and_d_capex",
    "year": "2017",
    "value": 2.34741784038
  },
  {
    "name": "r_and_d_capex",
    "year": "2018",
    "value": 85.7142857143
  },
  {
    "name": "r_and_d_capex",
    "year": "2019",
    "value": 15.0
  },
  {
    "name": "r_and_d_capex",
    "year": "2020",
    "value": 0.0
  },
  {
    "name": "r_and_d_capex",
    "year": "2021",
    "value": 3.26797385621
  },
  {
    "name": "r_and_d_capex",
    "year": "2022",
    "value": 36.6972477064
  },
  {
    "name": "r_and_d_capex",
    "year": "2023",
    "value": 14.705882352899998
  },
  {
    "name": "r_and_d_capex",
    "year": "LTM",
    "value": 0.0
  },
  {
    "name": "capex_revenue",
    "year": "2013",
    "value": 0.0
  },
  {
    "name": "capex_revenue",
    "year": "2014",
    "value": 0.0
  },
  {
    "name": "capex_revenue",
    "year": "2015",
    "value": 0.0
  },
  {
    "name": "capex_revenue",
    "year": "2016",
    "value": 17.1794871795
  },
  {
    "name": "capex_revenue",
    "year": "2017",
    "value": 43.1174089069
  },
  {
    "name": "capex_revenue",
    "year": "2018",
    "value": 5.42635658915
  },
  {
    "name": "capex_revenue",
    "year": "2019",
    "value": 23.8095238095
  },
  {
    "name": "capex_revenue",
    "year": "2020",
    "value": 7.93357933579
  },
  {
    "name": "capex_revenue",
    "year": "2021",
    "value": 12.9661016949
  },
  {
    "name": "capex_revenue",
    "year": "2022",
    "value": 19.1901408451
  },
  {
    "name": "capex_revenue",
    "year": "2023",
    "value": 14.8905109489
  },
  {
    "name": "capex_revenue",
    "year": "LTM",
    "value": 14.890510948905108
  }
]