[
  {
    "name": "revenue",
    "year": "2021Q1",
    "value": 0.827
  },
  {
    "name": "revenue",
    "year": "2021Q2",
    "value": 0.023
  },
  {
    "name": "revenue",
    "year": "2021Q3",
    "value": 0.383
  },
  {
    "name": "revenue",
    "year": "2021Q4",
    "value": 1.589
  },
  {
    "name": "revenue",
    "year": "2022Q1",
    "value": 1.022
  },
  {
    "name": "revenue",
    "year": "2022Q2",
    "value": 1.4
  },
  {
    "name": "revenue",
    "year": "2022Q3",
    "value": 1.35
  },
  {
    "name": "revenue",
    "year": "2022Q4",
    "value": 0.008
  },
  {
    "name": "revenue",
    "year": "2023Q1",
    "value": 0.93
  },
  {
    "name": "revenue",
    "year": "2023Q2",
    "value": 1.51
  },
  {
    "name": "revenue",
    "year": "2023Q3",
    "value": 1.86
  },
  {
    "name": "revenue",
    "year": "2023Q4",
    "value": 1.31
  },
  {
    "name": "revenue",
    "year": "2024Q1",
    "value": 0.95
  },
  {
    "name": "operating_income",
    "year": "2021Q1",
    "value": 0.8
  },
  {
    "name": "operating_income",
    "year": "2021Q2",
    "value": -0.04
  },
  {
    "name": "operating_income",
    "year": "2021Q3",
    "value": 0.34
  },
  {
    "name": "operating_income",
    "year": "2021Q4",
    "value": 1.55
  },
  {
    "name": "operating_income",
    "year": "2022Q1",
    "value": 0.975
  },
  {
    "name": "operating_income",
    "year": "2022Q2",
    "value": 1.34
  },
  {
    "name": "operating_income",
    "year": "2022Q3",
    "value": 1.21
  },
  {
    "name": "operating_income",
    "year": "2022Q4",
    "value": -0.035
  },
  {
    "name": "operating_income",
    "year": "2023Q1",
    "value": 0.876
  },
  {
    "name": "operating_income",
    "year": "2023Q2",
    "value": 1.35
  },
  {
    "name": "operating_income",
    "year": "2023Q3",
    "value": 1.8
  },
  {
    "name": "operating_income",
    "year": "2023Q4",
    "value": 1.24
  },
  {
    "name": "operating_income",
    "year": "2024Q1",
    "value": 0.887
  },
  {
    "name": "net_income",
    "year": "2021Q1",
    "value": 0.792
  },
  {
    "name": "net_income",
    "year": "2021Q2",
    "value": -0.037
  },
  {
    "name": "net_income",
    "year": "2021Q3",
    "value": 0.345
  },
  {
    "name": "net_income",
    "year": "2021Q4",
    "value": 1.563
  },
  {
    "name": "net_income",
    "year": "2022Q1",
    "value": 0.978
  },
  {
    "name": "net_income",
    "year": "2022Q2",
    "value": 1.345
  },
  {
    "name": "net_income",
    "year": "2022Q3",
    "value": 1.22
  },
  {
    "name": "net_income",
    "year": "2022Q4",
    "value": -0.023
  },
  {
    "name": "net_income",
    "year": "2023Q1",
    "value": 0.882
  },
  {
    "name": "net_income",
    "year": "2023Q2",
    "value": 1.43
  },
  {
    "name": "net_income",
    "year": "2023Q3",
    "value": 1.8
  },
  {
    "name": "net_income",
    "year": "2023Q4",
    "value": 1.25
  },
  {
    "name": "net_income",
    "year": "2024Q1",
    "value": 0.883
  },
  {
    "name": "ocf",
    "year": "2020Q4",
    "value": 0.84
  },
  {
    "name": "assets",
    "year": "2017Q4",
    "value": 7.22
  },
  {
    "name": "assets",
    "year": "2018Q4",
    "value": 7.22
  },
  {
    "name": "assets",
    "year": "2019Q4",
    "value": 6.773
  },
  {
    "name": "assets",
    "year": "2020Q4",
    "value": 9.156
  },
  {
    "name": "assets",
    "year": "2021Q1",
    "value": null
  },
  {
    "name": "assets",
    "year": "2021Q2",
    "value": null
  },
  {
    "name": "assets",
    "year": "2021Q3",
    "value": null
  },
  {
    "name": "assets",
    "year": "2021Q4",
    "value": 13.409
  },
  {
    "name": "assets",
    "year": "2022Q1",
    "value": 14.33
  },
  {
    "name": "assets",
    "year": "2022Q2",
    "value": 15.78
  },
  {
    "name": "assets",
    "year": "2022Q3",
    "value": 14.92
  },
  {
    "name": "assets",
    "year": "2022Q4",
    "value": 13.0
  },
  {
    "name": "assets",
    "year": "2023Q1",
    "value": null
  },
  {
    "name": "assets",
    "year": "2023Q2",
    "value": 15.43
  },
  {
    "name": "assets",
    "year": "2023Q3",
    "value": 14.9
  },
  {
    "name": "assets",
    "year": "2023Q4",
    "value": 14.47
  },
  {
    "name": "assets",
    "year": "2024Q1",
    "value": 15.3
  },
  {
    "name": "net_assets",
    "year": "2017Q4",
    "value": 7.2
  },
  {
    "name": "net_assets",
    "year": "2018Q4",
    "value": 7.2
  },
  {
    "name": "net_assets",
    "year": "2019Q4",
    "value": 6.75
  },
  {
    "name": "net_assets",
    "year": "2020Q4",
    "value": 9.12
  },
  {
    "name": "net_assets",
    "year": "2021Q1",
    "value": null
  },
  {
    "name": "net_assets",
    "year": "2021Q2",
    "value": null
  },
  {
    "name": "net_assets",
    "year": "2021Q3",
    "value": null
  },
  {
    "name": "net_assets",
    "year": "2021Q4",
    "value": 10.28
  },
  {
    "name": "net_assets",
    "year": "2022Q1",
    "value": 11.26
  },
  {
    "name": "net_assets",
    "year": "2022Q2",
    "value": 12.6
  },
  {
    "name": "net_assets",
    "year": "2022Q3",
    "value": 11.8
  },
  {
    "name": "net_assets",
    "year": "2022Q4",
    "value": 9.82
  },
  {
    "name": "net_assets",
    "year": "2023Q1",
    "value": null
  },
  {
    "name": "net_assets",
    "year": "2023Q2",
    "value": 12.13
  },
  {
    "name": "net_assets",
    "year": "2023Q3",
    "value": 11.65
  },
  {
    "name": "net_assets",
    "year": "2023Q4",
    "value": 11.23
  },
  {
    "name": "net_assets",
    "year": "2024Q1",
    "value": 12.1
  },
  {
    "name": "debt",
    "year": "2017Q4",
    "value": 0.0
  },
  {
    "name": "debt",
    "year": "2018Q4",
    "value": 0.0
  },
  {
    "name": "debt",
    "year": "2019Q4",
    "value": 0.0
  },
  {
    "name": "debt",
    "year": "2020Q4",
    "value": 0.0
  },
  {
    "name": "debt",
    "year": "2021Q1",
    "value": null
  },
  {
    "name": "debt",
    "year": "2021Q2",
    "value": null
  },
  {
    "name": "debt",
    "year": "2021Q3",
    "value": null
  },
  {
    "name": "debt",
    "year": "2021Q4",
    "value": 3.09
  },
  {
    "name": "debt",
    "year": "2022Q1",
    "value": 3.018
  },
  {
    "name": "debt",
    "year": "2022Q2",
    "value": 3.1
  },
  {
    "name": "debt",
    "year": "2022Q3",
    "value": 3.02
  },
  {
    "name": "debt",
    "year": "2022Q4",
    "value": 3.1
  },
  {
    "name": "debt",
    "year": "2023Q1",
    "value": null
  },
  {
    "name": "debt",
    "year": "2023Q2",
    "value": 3.09
  },
  {
    "name": "debt",
    "year": "2023Q3",
    "value": 3.02
  },
  {
    "name": "debt",
    "year": "2023Q4",
    "value": 3.1
  },
  {
    "name": "debt",
    "year": "2024Q1",
    "value": 3.07
  },
  {
    "name": "cash",
    "year": "2017Q4",
    "value": 0.001
  },
  {
    "name": "cash",
    "year": "2018Q4",
    "value": 0.004
  },
  {
    "name": "cash",
    "year": "2019Q4",
    "value": 0.17
  },
  {
    "name": "cash",
    "year": "2020Q4",
    "value": 0.3
  },
  {
    "name": "cash",
    "year": "2021Q1",
    "value": null
  },
  {
    "name": "cash",
    "year": "2021Q2",
    "value": null
  },
  {
    "name": "cash",
    "year": "2021Q3",
    "value": null
  },
  {
    "name": "cash",
    "year": "2021Q4",
    "value": 0.00045
  },
  {
    "name": "cash",
    "year": "2022Q1",
    "value": 0.0005
  },
  {
    "name": "cash",
    "year": "2022Q2",
    "value": 0.0005
  },
  {
    "name": "cash",
    "year": "2022Q3",
    "value": 0.0005
  },
  {
    "name": "cash",
    "year": "2022Q4",
    "value": 0.0
  },
  {
    "name": "net_debt",
    "year": "2016Q4",
    "value": 0.0
  },
  {
    "name": "net_debt",
    "year": "2017Q4",
    "value": -0.001
  },
  {
    "name": "net_debt",
    "year": "2018Q4",
    "value": -0.004
  },
  {
    "name": "net_debt",
    "year": "2019Q4",
    "value": -0.17
  },
  {
    "name": "net_debt",
    "year": "2020Q4",
    "value": -0.3
  },
  {
    "name": "net_debt",
    "year": "2021Q1",
    "value": 0.0
  },
  {
    "name": "net_debt",
    "year": "2021Q2",
    "value": 0.0
  },
  {
    "name": "net_debt",
    "year": "2021Q3",
    "value": 0.0
  },
  {
    "name": "net_debt",
    "year": "2021Q4",
    "value": 3.08955
  },
  {
    "name": "net_debt",
    "year": "2022Q1",
    "value": 3.0175
  },
  {
    "name": "net_debt",
    "year": "2022Q2",
    "value": 3.0995
  },
  {
    "name": "net_debt",
    "year": "2022Q3",
    "value": 3.0195
  },
  {
    "name": "net_debt",
    "year": "2022Q4",
    "value": 3.1
  },
  {
    "name": "net_debt",
    "year": "2023Q1",
    "value": 0.0
  },
  {
    "name": "net_debt",
    "year": "2023Q2",
    "value": 3.09
  },
  {
    "name": "net_debt",
    "year": "2023Q3",
    "value": 3.02
  },
  {
    "name": "net_debt",
    "year": "2023Q4",
    "value": 3.1
  },
  {
    "name": "net_debt",
    "year": "2024Q1",
    "value": 3.07
  },
  {
    "name": "common_share",
    "year": "2016Q4",
    "value": 89.9
  },
  {
    "name": "common_share",
    "year": "2017Q4",
    "value": 157.0
  },
  {
    "name": "common_share",
    "year": "2018Q4",
    "value": 139.0
  },
  {
    "name": "common_share",
    "year": "2019Q4",
    "value": 255.5
  },
  {
    "name": "common_share",
    "year": "2020Q4",
    "value": 261.5
  },
  {
    "name": "common_share",
    "year": "2021Q1",
    "value": 306.0
  },
  {
    "name": "common_share",
    "year": "2021Q2",
    "value": 359.5
  },
  {
    "name": "common_share",
    "year": "2021Q3",
    "value": 493.5
  },
  {
    "name": "common_share",
    "year": "2021Q4",
    "value": 600.5
  },
  {
    "name": "common_share",
    "year": "2022Q1",
    "value": 535.0
  },
  {
    "name": "common_share",
    "year": "2022Q2",
    "value": 500.0
  },
  {
    "name": "common_share",
    "year": "2022Q3",
    "value": 509.5
  },
  {
    "name": "common_share",
    "year": "2022Q4",
    "value": 597.0
  },
  {
    "name": "common_share",
    "year": "2023Q1",
    "value": 609.5
  },
  {
    "name": "common_share",
    "year": "2023Q2",
    "value": 634.5
  },
  {
    "name": "common_share",
    "year": "2023Q3",
    "value": 948.5
  },
  {
    "name": "common_share",
    "year": "2023Q4",
    "value": 852.0
  },
  {
    "name": "common_share",
    "year": "2024Q1",
    "value": 915.0
  },
  {
    "name": "number_of_shares",
    "year": "2016Q4",
    "value": 79.538
  },
  {
    "name": "number_of_shares",
    "year": "2017Q4",
    "value": 79.538
  },
  {
    "name": "number_of_shares",
    "year": "2018Q4",
    "value": 87.877
  },
  {
    "name": "number_of_shares",
    "year": "2019Q4",
    "value": 87.877
  },
  {
    "name": "number_of_shares",
    "year": "2020Q4",
    "value": 87.877
  },
  {
    "name": "number_of_shares",
    "year": "2021Q1",
    "value": 87.877
  },
  {
    "name": "number_of_shares",
    "year": "2021Q2",
    "value": 87.877
  },
  {
    "name": "number_of_shares",
    "year": "2021Q3",
    "value": 87.877
  },
  {
    "name": "number_of_shares",
    "year": "2021Q4",
    "value": 87.877
  },
  {
    "name": "number_of_shares",
    "year": "2022Q1",
    "value": 87.877
  },
  {
    "name": "number_of_shares",
    "year": "2022Q2",
    "value": 87.877
  },
  {
    "name": "number_of_shares",
    "year": "2022Q3",
    "value": 87.877
  },
  {
    "name": "number_of_shares",
    "year": "2022Q4",
    "value": 87.877
  },
  {
    "name": "number_of_shares",
    "year": "2023Q1",
    "value": 87.877
  },
  {
    "name": "number_of_shares",
    "year": "2023Q2",
    "value": 87.877
  },
  {
    "name": "number_of_shares",
    "year": "2023Q3",
    "value": 87.877
  },
  {
    "name": "number_of_shares",
    "year": "2023Q4",
    "value": 87.877
  },
  {
    "name": "number_of_shares",
    "year": "2024Q1",
    "value": 87.877
  },
  {
    "name": "market_cap",
    "year": "2016Q4",
    "value": 7.1504662
  },
  {
    "name": "market_cap",
    "year": "2017Q4",
    "value": 12.487466
  },
  {
    "name": "market_cap",
    "year": "2018Q4",
    "value": 12.214903
  },
  {
    "name": "market_cap",
    "year": "2019Q4",
    "value": 22.4525735
  },
  {
    "name": "market_cap",
    "year": "2020Q4",
    "value": 22.9798355
  },
  {
    "name": "market_cap",
    "year": "2021Q1",
    "value": 26.890362
  },
  {
    "name": "market_cap",
    "year": "2021Q2",
    "value": 31.5917815
  },
  {
    "name": "market_cap",
    "year": "2021Q3",
    "value": 43.3672995
  },
  {
    "name": "market_cap",
    "year": "2021Q4",
    "value": 52.7701385
  },
  {
    "name": "market_cap",
    "year": "2022Q1",
    "value": 47.014195
  },
  {
    "name": "market_cap",
    "year": "2022Q2",
    "value": 43.9385
  },
  {
    "name": "market_cap",
    "year": "2022Q3",
    "value": 44.7733315
  },
  {
    "name": "market_cap",
    "year": "2022Q4",
    "value": 52.462569
  },
  {
    "name": "market_cap",
    "year": "2023Q1",
    "value": 53.5610315
  },
  {
    "name": "market_cap",
    "year": "2023Q2",
    "value": 55.7579565
  },
  {
    "name": "market_cap",
    "year": "2023Q3",
    "value": 83.3513345
  },
  {
    "name": "market_cap",
    "year": "2023Q4",
    "value": 74.871204
  },
  {
    "name": "market_cap",
    "year": "2024Q1",
    "value": 80.407455
  },
  {
    "name": "ev",
    "year": "2016Q4",
    "value": 7.1504662
  },
  {
    "name": "ev",
    "year": "2017Q4",
    "value": 12.486466
  },
  {
    "name": "ev",
    "year": "2018Q4",
    "value": 12.210903
  },
  {
    "name": "ev",
    "year": "2019Q4",
    "value": 22.2825735
  },
  {
    "name": "ev",
    "year": "2020Q4",
    "value": 22.6798355
  },
  {
    "name": "ev",
    "year": "2021Q1",
    "value": 26.890362
  },
  {
    "name": "ev",
    "year": "2021Q2",
    "value": 31.5917815
  },
  {
    "name": "ev",
    "year": "2021Q3",
    "value": 43.3672995
  },
  {
    "name": "ev",
    "year": "2021Q4",
    "value": 55.8596885
  },
  {
    "name": "ev",
    "year": "2022Q1",
    "value": 50.031695
  },
  {
    "name": "ev",
    "year": "2022Q2",
    "value": 47.038
  },
  {
    "name": "ev",
    "year": "2022Q3",
    "value": 47.7928315
  },
  {
    "name": "ev",
    "year": "2022Q4",
    "value": 55.562569
  },
  {
    "name": "ev",
    "year": "2023Q1",
    "value": 53.5610315
  },
  {
    "name": "ev",
    "year": "2023Q2",
    "value": 58.8479565
  },
  {
    "name": "ev",
    "year": "2023Q3",
    "value": 86.3713345
  },
  {
    "name": "ev",
    "year": "2023Q4",
    "value": 77.971204
  },
  {
    "name": "ev",
    "year": "2024Q1",
    "value": 83.477455
  },
  {
    "name": "book_value",
    "year": "2016Q4",
    "value": 0.0
  },
  {
    "name": "book_value",
    "year": "2017Q4",
    "value": 7.2
  },
  {
    "name": "book_value",
    "year": "2018Q4",
    "value": 7.2
  },
  {
    "name": "book_value",
    "year": "2019Q4",
    "value": 6.75
  },
  {
    "name": "book_value",
    "year": "2020Q4",
    "value": 9.12
  },
  {
    "name": "book_value",
    "year": "2021Q1",
    "value": 0.0
  },
  {
    "name": "book_value",
    "year": "2021Q2",
    "value": 0.0
  },
  {
    "name": "book_value",
    "year": "2021Q3",
    "value": 0.0
  },
  {
    "name": "book_value",
    "year": "2021Q4",
    "value": 10.28
  },
  {
    "name": "book_value",
    "year": "2022Q1",
    "value": 11.26
  },
  {
    "name": "book_value",
    "year": "2022Q2",
    "value": 12.6
  },
  {
    "name": "book_value",
    "year": "2022Q3",
    "value": 11.8
  },
  {
    "name": "book_value",
    "year": "2022Q4",
    "value": 9.82
  },
  {
    "name": "book_value",
    "year": "2023Q1",
    "value": 0.0
  },
  {
    "name": "book_value",
    "year": "2023Q2",
    "value": 12.13
  },
  {
    "name": "book_value",
    "year": "2023Q3",
    "value": 11.65
  },
  {
    "name": "book_value",
    "year": "2023Q4",
    "value": 11.23
  },
  {
    "name": "book_value",
    "year": "2024Q1",
    "value": 12.1
  },
  {
    "name": "eps",
    "year": "2016Q4",
    "value": 0.0
  },
  {
    "name": "eps",
    "year": "2017Q4",
    "value": 0.0
  },
  {
    "name": "eps",
    "year": "2018Q4",
    "value": 0.0
  },
  {
    "name": "eps",
    "year": "2019Q4",
    "value": 0.0
  },
  {
    "name": "eps",
    "year": "2020Q4",
    "value": 0.0
  },
  {
    "name": "eps",
    "year": "2021Q1",
    "value": 9.01259715284
  },
  {
    "name": "eps",
    "year": "2021Q2",
    "value": -0.421043048807
  },
  {
    "name": "eps",
    "year": "2021Q3",
    "value": 3.92594194158
  },
  {
    "name": "eps",
    "year": "2021Q4",
    "value": 17.7862239266
  },
  {
    "name": "eps",
    "year": "2022Q1",
    "value": 11.1291919387
  },
  {
    "name": "eps",
    "year": "2022Q2",
    "value": 15.3054838012
  },
  {
    "name": "eps",
    "year": "2022Q3",
    "value": 13.8830410688
  },
  {
    "name": "eps",
    "year": "2022Q4",
    "value": -0.261729462772
  },
  {
    "name": "eps",
    "year": "2023Q1",
    "value": 10.0367559202
  },
  {
    "name": "eps",
    "year": "2023Q2",
    "value": 16.2727448593
  },
  {
    "name": "eps",
    "year": "2023Q3",
    "value": 20.4831753474
  },
  {
    "name": "eps",
    "year": "2023Q4",
    "value": 14.2244273246
  },
  {
    "name": "eps",
    "year": "2024Q1",
    "value": 10.0481354621
  },
  {
    "name": "fcf_share",
    "year": "2016Q4",
    "value": 0.0
  },
  {
    "name": "fcf_share",
    "year": "2017Q4",
    "value": 0.0
  },
  {
    "name": "fcf_share",
    "year": "2018Q4",
    "value": 0.0
  },
  {
    "name": "fcf_share",
    "year": "2019Q4",
    "value": 0.0
  },
  {
    "name": "fcf_share",
    "year": "2020Q4",
    "value": 0.0
  },
  {
    "name": "fcf_share",
    "year": "2021Q1",
    "value": 0.0
  },
  {
    "name": "fcf_share",
    "year": "2021Q2",
    "value": 0.0
  },
  {
    "name": "fcf_share",
    "year": "2021Q3",
    "value": 0.0
  },
  {
    "name": "fcf_share",
    "year": "2021Q4",
    "value": 0.0
  },
  {
    "name": "fcf_share",
    "year": "2022Q1",
    "value": 0.0
  },
  {
    "name": "fcf_share",
    "year": "2022Q2",
    "value": 0.0
  },
  {
    "name": "fcf_share",
    "year": "2022Q3",
    "value": 0.0
  },
  {
    "name": "fcf_share",
    "year": "2022Q4",
    "value": 0.0
  },
  {
    "name": "fcf_share",
    "year": "2023Q1",
    "value": 0.0
  },
  {
    "name": "fcf_share",
    "year": "2023Q2",
    "value": 0.0
  },
  {
    "name": "fcf_share",
    "year": "2023Q3",
    "value": 0.0
  },
  {
    "name": "fcf_share",
    "year": "2023Q4",
    "value": 0.0
  },
  {
    "name": "fcf_share",
    "year": "2024Q1",
    "value": 0.0
  },
  {
    "name": "bv_share",
    "year": "2016Q4",
    "value": 0.0
  },
  {
    "name": "bv_share",
    "year": "2017Q4",
    "value": 90.5227689909
  },
  {
    "name": "bv_share",
    "year": "2018Q4",
    "value": 81.9327013894
  },
  {
    "name": "bv_share",
    "year": "2019Q4",
    "value": 76.8119075526
  },
  {
    "name": "bv_share",
    "year": "2020Q4",
    "value": 103.78142176
  },
  {
    "name": "bv_share",
    "year": "2021Q1",
    "value": 0.0
  },
  {
    "name": "bv_share",
    "year": "2021Q2",
    "value": 0.0
  },
  {
    "name": "bv_share",
    "year": "2021Q3",
    "value": 0.0
  },
  {
    "name": "bv_share",
    "year": "2021Q4",
    "value": 116.981690317
  },
  {
    "name": "bv_share",
    "year": "2022Q1",
    "value": 128.13364134
  },
  {
    "name": "bv_share",
    "year": "2022Q2",
    "value": 143.382227432
  },
  {
    "name": "bv_share",
    "year": "2022Q3",
    "value": 134.278593944
  },
  {
    "name": "bv_share",
    "year": "2022Q4",
    "value": 111.747101062
  },
  {
    "name": "bv_share",
    "year": "2023Q1",
    "value": 0.0
  },
  {
    "name": "bv_share",
    "year": "2023Q2",
    "value": 138.033842757
  },
  {
    "name": "bv_share",
    "year": "2023Q3",
    "value": 132.571662665
  },
  {
    "name": "bv_share",
    "year": "2023Q4",
    "value": 127.792255084
  },
  {
    "name": "bv_share",
    "year": "2024Q1",
    "value": 137.692456502
  },
  {
    "name": "ebitda_margin",
    "year": "2021Q1",
    "value": 0.0
  },
  {
    "name": "ebitda_margin",
    "year": "2021Q2",
    "value": 0.0
  },
  {
    "name": "ebitda_margin",
    "year": "2021Q3",
    "value": 0.0
  },
  {
    "name": "ebitda_margin",
    "year": "2021Q4",
    "value": 0.0
  },
  {
    "name": "ebitda_margin",
    "year": "2022Q1",
    "value": 0.0
  },
  {
    "name": "ebitda_margin",
    "year": "2022Q2",
    "value": 0.0
  },
  {
    "name": "ebitda_margin",
    "year": "2022Q3",
    "value": 0.0
  },
  {
    "name": "ebitda_margin",
    "year": "2022Q4",
    "value": 0.0
  },
  {
    "name": "ebitda_margin",
    "year": "2023Q1",
    "value": 0.0
  },
  {
    "name": "ebitda_margin",
    "year": "2023Q2",
    "value": 0.0
  },
  {
    "name": "ebitda_margin",
    "year": "2023Q3",
    "value": 0.0
  },
  {
    "name": "ebitda_margin",
    "year": "2023Q4",
    "value": 0.0
  },
  {
    "name": "ebitda_margin",
    "year": "2024Q1",
    "value": 0.0
  },
  {
    "name": "net_margin",
    "year": "2021Q1",
    "value": 95.7678355502
  },
  {
    "name": "net_margin",
    "year": "2021Q2",
    "value": -160.869565217
  },
  {
    "name": "net_margin",
    "year": "2021Q3",
    "value": 90.0783289817
  },
  {
    "name": "net_margin",
    "year": "2021Q4",
    "value": 98.3637507867
  },
  {
    "name": "net_margin",
    "year": "2022Q1",
    "value": 95.6947162427
  },
  {
    "name": "net_margin",
    "year": "2022Q2",
    "value": 96.07142857139999
  },
  {
    "name": "net_margin",
    "year": "2022Q3",
    "value": 90.3703703704
  },
  {
    "name": "net_margin",
    "year": "2022Q4",
    "value": -287.5
  },
  {
    "name": "net_margin",
    "year": "2023Q1",
    "value": 94.8387096774
  },
  {
    "name": "net_margin",
    "year": "2023Q2",
    "value": 94.70198675500001
  },
  {
    "name": "net_margin",
    "year": "2023Q3",
    "value": 96.7741935484
  },
  {
    "name": "net_margin",
    "year": "2023Q4",
    "value": 95.4198473282
  },
  {
    "name": "net_margin",
    "year": "2024Q1",
    "value": 92.9473684211
  },
  {
    "name": "fcf_yield",
    "year": "2016Q4",
    "value": 0.0
  },
  {
    "name": "fcf_yield",
    "year": "2017Q4",
    "value": 0.0
  },
  {
    "name": "fcf_yield",
    "year": "2018Q4",
    "value": 0.0
  },
  {
    "name": "fcf_yield",
    "year": "2019Q4",
    "value": 0.0
  },
  {
    "name": "fcf_yield",
    "year": "2020Q4",
    "value": 0.0
  },
  {
    "name": "fcf_yield",
    "year": "2021Q1",
    "value": 0.0
  },
  {
    "name": "fcf_yield",
    "year": "2021Q2",
    "value": 0.0
  },
  {
    "name": "fcf_yield",
    "year": "2021Q3",
    "value": 0.0
  },
  {
    "name": "fcf_yield",
    "year": "2021Q4",
    "value": 0.0
  },
  {
    "name": "fcf_yield",
    "year": "2022Q1",
    "value": 0.0
  },
  {
    "name": "fcf_yield",
    "year": "2022Q2",
    "value": 0.0
  },
  {
    "name": "fcf_yield",
    "year": "2022Q3",
    "value": 0.0
  },
  {
    "name": "fcf_yield",
    "year": "2022Q4",
    "value": 0.0
  },
  {
    "name": "fcf_yield",
    "year": "2023Q1",
    "value": 0.0
  },
  {
    "name": "fcf_yield",
    "year": "2023Q2",
    "value": 0.0
  },
  {
    "name": "fcf_yield",
    "year": "2023Q3",
    "value": 0.0
  },
  {
    "name": "fcf_yield",
    "year": "2023Q4",
    "value": 0.0
  },
  {
    "name": "fcf_yield",
    "year": "2024Q1",
    "value": 0.0
  },
  {
    "name": "roe",
    "year": "2017Q4",
    "value": 0.0
  },
  {
    "name": "roe",
    "year": "2018Q4",
    "value": 0.0
  },
  {
    "name": "roe",
    "year": "2019Q4",
    "value": 0.0
  },
  {
    "name": "roe",
    "year": "2020Q4",
    "value": 0.0
  },
  {
    "name": "roe",
    "year": "2021Q1",
    "value": null
  },
  {
    "name": "roe",
    "year": "2021Q2",
    "value": null
  },
  {
    "name": "roe",
    "year": "2021Q3",
    "value": null
  },
  {
    "name": "roe",
    "year": "2021Q4",
    "value": 25.904669260699997
  },
  {
    "name": "roe",
    "year": "2022Q1",
    "value": 25.301953818799998
  },
  {
    "name": "roe",
    "year": "2022Q2",
    "value": 33.5793650794
  },
  {
    "name": "roe",
    "year": "2022Q3",
    "value": 43.2711864407
  },
  {
    "name": "roe",
    "year": "2022Q4",
    "value": 35.8452138493
  },
  {
    "name": "roe",
    "year": "2023Q1",
    "value": null
  },
  {
    "name": "roe",
    "year": "2023Q2",
    "value": 28.928276999199998
  },
  {
    "name": "roe",
    "year": "2023Q3",
    "value": 35.278969957099996
  },
  {
    "name": "roe",
    "year": "2023Q4",
    "value": 47.747105966199996
  },
  {
    "name": "roe",
    "year": "2024Q1",
    "value": 44.322314049599996
  },
  {
    "name": "roa",
    "year": "2017Q4",
    "value": 0.0
  },
  {
    "name": "roa",
    "year": "2018Q4",
    "value": 0.0
  },
  {
    "name": "roa",
    "year": "2019Q4",
    "value": 0.0
  },
  {
    "name": "roa",
    "year": "2020Q4",
    "value": 0.0
  },
  {
    "name": "roa",
    "year": "2021Q1",
    "value": null
  },
  {
    "name": "roa",
    "year": "2021Q2",
    "value": null
  },
  {
    "name": "roa",
    "year": "2021Q3",
    "value": null
  },
  {
    "name": "roa",
    "year": "2021Q4",
    "value": 19.8597956596
  },
  {
    "name": "roa",
    "year": "2022Q1",
    "value": 19.8813677599
  },
  {
    "name": "roa",
    "year": "2022Q2",
    "value": 26.8124207858
  },
  {
    "name": "roa",
    "year": "2022Q3",
    "value": 34.2225201072
  },
  {
    "name": "roa",
    "year": "2022Q4",
    "value": 27.0769230769
  },
  {
    "name": "roa",
    "year": "2023Q1",
    "value": null
  },
  {
    "name": "roa",
    "year": "2023Q2",
    "value": 22.7414128321
  },
  {
    "name": "roa",
    "year": "2023Q3",
    "value": 27.583892617400004
  },
  {
    "name": "roa",
    "year": "2023Q4",
    "value": 37.0559778853
  },
  {
    "name": "roa",
    "year": "2024Q1",
    "value": 35.0522875817
  },
  {
    "name": "p_e",
    "year": "2021Q1",
    "value": 33.9524772727
  },
  {
    "name": "p_e",
    "year": "2021Q2",
    "value": 41.8434192053
  },
  {
    "name": "p_e",
    "year": "2021Q3",
    "value": 39.4248177273
  },
  {
    "name": "p_e",
    "year": "2021Q4",
    "value": 19.8160490049
  },
  {
    "name": "p_e",
    "year": "2022Q1",
    "value": 16.501998947
  },
  {
    "name": "p_e",
    "year": "2022Q2",
    "value": 10.3848971874
  },
  {
    "name": "p_e",
    "year": "2022Q3",
    "value": 8.76876840971
  },
  {
    "name": "p_e",
    "year": "2022Q4",
    "value": 14.9041389205
  },
  {
    "name": "p_e",
    "year": "2023Q1",
    "value": 15.6428246203
  },
  {
    "name": "p_e",
    "year": "2023Q2",
    "value": 15.8899847535
  },
  {
    "name": "p_e",
    "year": "2023Q3",
    "value": 20.2801300487
  },
  {
    "name": "p_e",
    "year": "2023Q4",
    "value": 13.9632980231
  },
  {
    "name": "p_e",
    "year": "2024Q1",
    "value": 14.9929992541
  },
  {
    "name": "p_s",
    "year": "2021Q1",
    "value": 32.5155525998
  },
  {
    "name": "p_s",
    "year": "2021Q2",
    "value": 37.1668017647
  },
  {
    "name": "p_s",
    "year": "2021Q3",
    "value": 35.1721812652
  },
  {
    "name": "p_s",
    "year": "2021Q4",
    "value": 18.6995529766
  },
  {
    "name": "p_s",
    "year": "2022Q1",
    "value": 15.5830941332
  },
  {
    "name": "p_s",
    "year": "2022Q2",
    "value": 9.9996586254
  },
  {
    "name": "p_s",
    "year": "2022Q3",
    "value": 8.35167534042
  },
  {
    "name": "p_s",
    "year": "2022Q4",
    "value": 13.8789865079
  },
  {
    "name": "p_s",
    "year": "2023Q1",
    "value": 14.5230562636
  },
  {
    "name": "p_s",
    "year": "2023Q2",
    "value": 14.6808732227
  },
  {
    "name": "p_s",
    "year": "2023Q3",
    "value": 19.3840312791
  },
  {
    "name": "p_s",
    "year": "2023Q4",
    "value": 13.3460256684
  },
  {
    "name": "p_s",
    "year": "2024Q1",
    "value": 14.2819635879
  },
  {
    "name": "p_bv",
    "year": "2017Q4",
    "value": 1.73437027778
  },
  {
    "name": "p_bv",
    "year": "2018Q4",
    "value": 1.69651430556
  },
  {
    "name": "p_bv",
    "year": "2019Q4",
    "value": 3.32630718519
  },
  {
    "name": "p_bv",
    "year": "2020Q4",
    "value": 2.51971880482
  },
  {
    "name": "p_bv",
    "year": "2021Q1",
    "value": null
  },
  {
    "name": "p_bv",
    "year": "2021Q2",
    "value": null
  },
  {
    "name": "p_bv",
    "year": "2021Q3",
    "value": null
  },
  {
    "name": "p_bv",
    "year": "2021Q4",
    "value": 5.13328195525
  },
  {
    "name": "p_bv",
    "year": "2022Q1",
    "value": 4.17532815275
  },
  {
    "name": "p_bv",
    "year": "2022Q2",
    "value": 3.48718253968
  },
  {
    "name": "p_bv",
    "year": "2022Q3",
    "value": 3.79435012712
  },
  {
    "name": "p_bv",
    "year": "2022Q4",
    "value": 5.34242046843
  },
  {
    "name": "p_bv",
    "year": "2023Q1",
    "value": null
  },
  {
    "name": "p_bv",
    "year": "2023Q2",
    "value": 4.59669880462
  },
  {
    "name": "p_bv",
    "year": "2023Q3",
    "value": 7.15462098712
  },
  {
    "name": "p_bv",
    "year": "2023Q4",
    "value": 6.66707070347
  },
  {
    "name": "p_bv",
    "year": "2024Q1",
    "value": 6.64524421488
  },
  {
    "name": "employees",
    "year": "2019Q4",
    "value": 387.0
  },
  {
    "name": "employees",
    "year": "2020Q4",
    "value": 455.0
  },
  {
    "name": "employees",
    "year": "2021Q1",
    "value": null
  },
  {
    "name": "employees",
    "year": "2021Q2",
    "value": null
  },
  {
    "name": "employees",
    "year": "2021Q3",
    "value": null
  },
  {
    "name": "employees",
    "year": "2021Q4",
    "value": 656.0
  },
  {
    "name": "employees",
    "year": "2022Q1",
    "value": null
  },
  {
    "name": "employees",
    "year": "2022Q2",
    "value": null
  },
  {
    "name": "employees",
    "year": "2022Q3",
    "value": null
  },
  {
    "name": "employees",
    "year": "2022Q4",
    "value": 676.0
  },
  {
    "name": "labour_productivity",
    "year": "2019Q4",
    "value": 0.0
  },
  {
    "name": "labour_productivity",
    "year": "2020Q4",
    "value": 0.0
  },
  {
    "name": "labour_productivity",
    "year": "2021Q1",
    "value": null
  },
  {
    "name": "labour_productivity",
    "year": "2021Q2",
    "value": null
  },
  {
    "name": "labour_productivity",
    "year": "2021Q3",
    "value": null
  },
  {
    "name": "labour_productivity",
    "year": "2021Q4",
    "value": 2.42225609756
  },
  {
    "name": "labour_productivity",
    "year": "2022Q1",
    "value": null
  },
  {
    "name": "labour_productivity",
    "year": "2022Q2",
    "value": null
  },
  {
    "name": "labour_productivity",
    "year": "2022Q3",
    "value": null
  },
  {
    "name": "labour_productivity",
    "year": "2022Q4",
    "value": 0.0118343195266
  },
  {
    "name": "expenses_per_employee",
    "year": "2019Q4",
    "value": 0.0
  },
  {
    "name": "expenses_per_employee",
    "year": "2020Q4",
    "value": 0.0
  },
  {
    "name": "expenses_per_employee",
    "year": "2021Q1",
    "value": null
  },
  {
    "name": "expenses_per_employee",
    "year": "2021Q2",
    "value": null
  },
  {
    "name": "expenses_per_employee",
    "year": "2021Q3",
    "value": null
  },
  {
    "name": "expenses_per_employee",
    "year": "2021Q4",
    "value": 0.0
  },
  {
    "name": "expenses_per_employee",
    "year": "2022Q1",
    "value": null
  },
  {
    "name": "expenses_per_employee",
    "year": "2022Q2",
    "value": null
  },
  {
    "name": "expenses_per_employee",
    "year": "2022Q3",
    "value": null
  },
  {
    "name": "expenses_per_employee",
    "year": "2022Q4",
    "value": 0.0
  },
  {
    "name": "capex_revenue",
    "year": "2021Q1",
    "value": 0.0
  },
  {
    "name": "capex_revenue",
    "year": "2021Q2",
    "value": 0.0
  },
  {
    "name": "capex_revenue",
    "year": "2021Q3",
    "value": 0.0
  },
  {
    "name": "capex_revenue",
    "year": "2021Q4",
    "value": 0.0
  },
  {
    "name": "capex_revenue",
    "year": "2022Q1",
    "value": 0.0
  },
  {
    "name": "capex_revenue",
    "year": "2022Q2",
    "value": 0.0
  },
  {
    "name": "capex_revenue",
    "year": "2022Q3",
    "value": 0.0
  },
  {
    "name": "capex_revenue",
    "year": "2022Q4",
    "value": 0.0
  },
  {
    "name": "capex_revenue",
    "year": "2023Q1",
    "value": 0.0
  },
  {
    "name": "capex_revenue",
    "year": "2023Q2",
    "value": 0.0
  },
  {
    "name": "capex_revenue",
    "year": "2023Q3",
    "value": 0.0
  },
  {
    "name": "capex_revenue",
    "year": "2023Q4",
    "value": 0.0
  },
  {
    "name": "capex_revenue",
    "year": "2024Q1",
    "value": 0.0
  },
  {
    "name": "irr",
    "year": "2021Q1",
    "value": 4.14286
  },
  {
    "name": "irr",
    "year": "2021Q2",
    "value": 4.14286
  },
  {
    "name": "irr",
    "year": "2021Q3",
    "value": 4.14286
  },
  {
    "name": "irr",
    "year": "2021Q4",
    "value": null
  },
  {
    "name": "irr",
    "year": "2022Q1",
    "value": 4.14286
  },
  {
    "name": "irr",
    "year": "2022Q2",
    "value": 4.14286
  },
  {
    "name": "irr",
    "year": "2022Q3",
    "value": 4.14286
  },
  {
    "name": "irr",
    "year": "2022Q4",
    "value": 4.14286
  },
  {
    "name": "irr",
    "year": "2023Q1",
    "value": 4.14286
  },
  {
    "name": "irr",
    "year": "2023Q2",
    "value": 4.14286
  },
  {
    "name": "irr",
    "year": "2023Q3",
    "value": 4.14286
  },
  {
    "name": "irr",
    "year": "2023Q4",
    "value": 4.14286
  },
  {
    "name": "irr",
    "year": "2024Q1",
    "value": 4.14286
  },
  {
    "name": "ir_fs_quality",
    "year": "2021Q1",
    "value": 4.0
  },
  {
    "name": "ir_fs_quality",
    "year": "2021Q2",
    "value": 4.0
  },
  {
    "name": "ir_fs_quality",
    "year": "2021Q3",
    "value": 4.0
  },
  {
    "name": "ir_fs_quality",
    "year": "2021Q4",
    "value": null
  },
  {
    "name": "ir_fs_quality",
    "year": "2022Q1",
    "value": 4.0
  },
  {
    "name": "ir_fs_quality",
    "year": "2022Q2",
    "value": 4.0
  },
  {
    "name": "ir_fs_quality",
    "year": "2022Q3",
    "value": 4.0
  },
  {
    "name": "ir_fs_quality",
    "year": "2022Q4",
    "value": 4.0
  },
  {
    "name": "ir_fs_quality",
    "year": "2023Q1",
    "value": 4.0
  },
  {
    "name": "ir_fs_quality",
    "year": "2023Q2",
    "value": 4.0
  },
  {
    "name": "ir_fs_quality",
    "year": "2023Q3",
    "value": 4.0
  },
  {
    "name": "ir_fs_quality",
    "year": "2023Q4",
    "value": 4.0
  },
  {
    "name": "ir_fs_quality",
    "year": "2024Q1",
    "value": 4.0
  },
  {
    "name": "ir_investor_presentations",
    "year": "2021Q1",
    "value": 5.0
  },
  {
    "name": "ir_investor_presentations",
    "year": "2021Q2",
    "value": 5.0
  },
  {
    "name": "ir_investor_presentations",
    "year": "2021Q3",
    "value": 5.0
  },
  {
    "name": "ir_investor_presentations",
    "year": "2021Q4",
    "value": null
  },
  {
    "name": "ir_investor_presentations",
    "year": "2022Q1",
    "value": 5.0
  },
  {
    "name": "ir_investor_presentations",
    "year": "2022Q2",
    "value": 5.0
  },
  {
    "name": "ir_investor_presentations",
    "year": "2022Q3",
    "value": 5.0
  },
  {
    "name": "ir_investor_presentations",
    "year": "2022Q4",
    "value": 5.0
  },
  {
    "name": "ir_investor_presentations",
    "year": "2023Q1",
    "value": 5.0
  },
  {
    "name": "ir_investor_presentations",
    "year": "2023Q2",
    "value": 5.0
  },
  {
    "name": "ir_investor_presentations",
    "year": "2023Q3",
    "value": 5.0
  },
  {
    "name": "ir_investor_presentations",
    "year": "2023Q4",
    "value": 5.0
  },
  {
    "name": "ir_investor_presentations",
    "year": "2024Q1",
    "value": 5.0
  },
  {
    "name": "ir_annual_report",
    "year": "2021Q1",
    "value": 5.0
  },
  {
    "name": "ir_annual_report",
    "year": "2021Q2",
    "value": 5.0
  },
  {
    "name": "ir_annual_report",
    "year": "2021Q3",
    "value": 5.0
  },
  {
    "name": "ir_annual_report",
    "year": "2021Q4",
    "value": null
  },
  {
    "name": "ir_annual_report",
    "year": "2022Q1",
    "value": 5.0
  },
  {
    "name": "ir_annual_report",
    "year": "2022Q2",
    "value": 5.0
  },
  {
    "name": "ir_annual_report",
    "year": "2022Q3",
    "value": 5.0
  },
  {
    "name": "ir_annual_report",
    "year": "2022Q4",
    "value": 5.0
  },
  {
    "name": "ir_annual_report",
    "year": "2023Q1",
    "value": 5.0
  },
  {
    "name": "ir_annual_report",
    "year": "2023Q2",
    "value": 5.0
  },
  {
    "name": "ir_annual_report",
    "year": "2023Q3",
    "value": 5.0
  },
  {
    "name": "ir_annual_report",
    "year": "2023Q4",
    "value": 5.0
  },
  {
    "name": "ir_annual_report",
    "year": "2024Q1",
    "value": 5.0
  },
  {
    "name": "ir_investor_site",
    "year": "2021Q1",
    "value": 5.0
  },
  {
    "name": "ir_investor_site",
    "year": "2021Q2",
    "value": 5.0
  },
  {
    "name": "ir_investor_site",
    "year": "2021Q3",
    "value": 5.0
  },
  {
    "name": "ir_investor_site",
    "year": "2021Q4",
    "value": null
  },
  {
    "name": "ir_investor_site",
    "year": "2022Q1",
    "value": 5.0
  },
  {
    "name": "ir_investor_site",
    "year": "2022Q2",
    "value": 5.0
  },
  {
    "name": "ir_investor_site",
    "year": "2022Q3",
    "value": 5.0
  },
  {
    "name": "ir_investor_site",
    "year": "2022Q4",
    "value": 5.0
  },
  {
    "name": "ir_investor_site",
    "year": "2023Q1",
    "value": 5.0
  },
  {
    "name": "ir_investor_site",
    "year": "2023Q2",
    "value": 5.0
  },
  {
    "name": "ir_investor_site",
    "year": "2023Q3",
    "value": 5.0
  },
  {
    "name": "ir_investor_site",
    "year": "2023Q4",
    "value": 5.0
  },
  {
    "name": "ir_investor_site",
    "year": "2024Q1",
    "value": 5.0
  },
  {
    "name": "ir_investor_calendar",
    "year": "2021Q1",
    "value": 1.0
  },
  {
    "name": "ir_investor_calendar",
    "year": "2021Q2",
    "value": 1.0
  },
  {
    "name": "ir_investor_calendar",
    "year": "2021Q3",
    "value": 1.0
  },
  {
    "name": "ir_investor_calendar",
    "year": "2021Q4",
    "value": null
  },
  {
    "name": "ir_investor_calendar",
    "year": "2022Q1",
    "value": 1.0
  },
  {
    "name": "ir_investor_calendar",
    "year": "2022Q2",
    "value": 1.0
  },
  {
    "name": "ir_investor_calendar",
    "year": "2022Q3",
    "value": 1.0
  },
  {
    "name": "ir_investor_calendar",
    "year": "2022Q4",
    "value": 1.0
  },
  {
    "name": "ir_investor_calendar",
    "year": "2023Q1",
    "value": 1.0
  },
  {
    "name": "ir_investor_calendar",
    "year": "2023Q2",
    "value": 1.0
  },
  {
    "name": "ir_investor_calendar",
    "year": "2023Q3",
    "value": 1.0
  },
  {
    "name": "ir_investor_calendar",
    "year": "2023Q4",
    "value": 1.0
  },
  {
    "name": "ir_investor_calendar",
    "year": "2024Q1",
    "value": 1.0
  },
  {
    "name": "ir_feedback",
    "year": "2021Q1",
    "value": 5.0
  },
  {
    "name": "ir_feedback",
    "year": "2021Q2",
    "value": 5.0
  },
  {
    "name": "ir_feedback",
    "year": "2021Q3",
    "value": 5.0
  },
  {
    "name": "ir_feedback",
    "year": "2021Q4",
    "value": null
  },
  {
    "name": "ir_feedback",
    "year": "2022Q1",
    "value": 5.0
  },
  {
    "name": "ir_feedback",
    "year": "2022Q2",
    "value": 5.0
  },
  {
    "name": "ir_feedback",
    "year": "2022Q3",
    "value": 5.0
  },
  {
    "name": "ir_feedback",
    "year": "2022Q4",
    "value": 5.0
  },
  {
    "name": "ir_feedback",
    "year": "2023Q1",
    "value": 5.0
  },
  {
    "name": "ir_feedback",
    "year": "2023Q2",
    "value": 5.0
  },
  {
    "name": "ir_feedback",
    "year": "2023Q3",
    "value": 5.0
  },
  {
    "name": "ir_feedback",
    "year": "2023Q4",
    "value": 5.0
  },
  {
    "name": "ir_feedback",
    "year": "2024Q1",
    "value": 5.0
  }
]