[{"name":"P/E","year":"2023","value":"3.28"},{"name":"P/E","year":"2022","value":"3.01"},{"name":"P/E","year":"2021","value":"3.58"},{"name":"P/E","year":"2020","value":"7.95"},{"name":"P/E","year":"2019","value":"3.71"},{"name":"P/B","year":"2023","value":"0.35"},{"name":"P/B","year":"2022","value":"0.4"},{"name":"P/B","year":"2021","value":"0.45"},{"name":"P/B","year":"2020","value":"0.52"},{"name":"P/B","year":"2019","value":"0.56"},{"name":"P/S","year":"2023","value":"0.28"},{"name":"P/S","year":"2022","value":"0.33"},{"name":"P/S","year":"2021","value":"0.4"},{"name":"P/S","year":"2020","value":"0.53"},{"name":"P/S","year":"2019","value":"0.88"},{"name":"P/CF","year":"2023","value":"1.11"},{"name":"P/CF","year":"2022","value":"2.25"},{"name":"P/CF","year":"2021","value":"2.81"},{"name":"P/CF","year":"2020","value":"2.08"},{"name":"P/CF","year":"2019","value":"2.57"},{"name":"P/FCF","year":"2023","value":"1.79"},{"name":"P/FCF","year":"2022","value":"6.37"},{"name":"P/FCF","year":"2020","value":"3.37"},{"name":"P/FCF","year":"2019","value":"3.53"},{"name":"EV/S","year":"2023","value":"0.46"},{"name":"EV/S","year":"2022","value":"0.67"},{"name":"EV/S","year":"2021","value":"0.89"},{"name":"EV/S","year":"2020","value":"1.27"},{"name":"EV/S","year":"2019","value":"1.78"},{"name":"EV/EBITDA","year":"2023","value":"1.81"},{"name":"EV/EBITDA","year":"2022","value":"2.27"},{"name":"EV/EBITDA","year":"2021","value":"2.67"},{"name":"EV/EBITDA","year":"2020","value":"3.54"},{"name":"EV/EBITDA","year":"2019","value":"4.09"},{"name":"EV/EBIT","year":"2023","value":"3.83"},{"name":"EV/EBIT","year":"2022","value":"4.85"},{"name":"EV/EBIT","year":"2021","value":"5.29"},{"name":"EV/EBIT","year":"2020","value":"7.81"},{"name":"EV/EBIT","year":"2019","value":"6.84"},{"name":"Коэффициент долга","year":"2023","value":"0.38"},{"name":"Коэффициент долга","year":"2022","value":"0.49"},{"name":"Коэффициент долга","year":"2021","value":"0.56"},{"name":"Коэффициент долга","year":"2020","value":"0.61"},{"name":"Коэффициент долга","year":"2019","value":"0.48"},{"name":"D/E","year":"2023","value":"0.62"},{"name":"D/E","year":"2022","value":"0.96"},{"name":"D/E","year":"2021","value":"1.26"},{"name":"D/E","year":"2020","value":"1.55"},{"name":"D/E","year":"2019","value":"0.94"},{"name":"CAPEX/Выручка","year":"2023","value":"9.42"},{"name":"CAPEX/Выручка","year":"2022","value":"9.63"},{"name":"CAPEX/Выручка","year":"2021","value":"14.91"},{"name":"CAPEX/Выручка","year":"2020","value":"9.8"},{"name":"CAPEX/Выручка","year":"2019","value":"9.21"},{"name":"NetDebt/EBITDA","year":"2023","value":"0.73"},{"name":"NetDebt/EBITDA","year":"2022","value":"1.13"},{"name":"NetDebt/EBITDA","year":"2021","value":"1.47"},{"name":"NetDebt/EBITDA","year":"2020","value":"2.06"},{"name":"NetDebt/EBITDA","year":"2019","value":"2.08"},{"name":"Долг/EBITDA","year":"2023","value":"0.78"},{"name":"Долг/EBITDA","year":"2022","value":"1.29"},{"name":"Долг/EBITDA","year":"2021","value":"1.6"},{"name":"Долг/EBITDA","year":"2020","value":"2.49"},{"name":"Долг/EBITDA","year":"2019","value":"2.18"},{"name":"ROE","year":"2023","value":"10.35"},{"name":"ROE","year":"2022","value":"12.92"},{"name":"ROE","year":"2021","value":"11.96"},{"name":"ROE","year":"2020","value":"6.41"},{"name":"ROE","year":"2019","value":"14.98"},{"name":"ROA","year":"2023","value":"6.37"},{"name":"ROA","year":"2022","value":"6.59"},{"name":"ROA","year":"2021","value":"5.29"},{"name":"ROA","year":"2020","value":"2.51"},{"name":"ROA","year":"2019","value":"7.74"},{"name":"Return on Sales","year":"2023","value":"12.06"},{"name":"Return on Sales","year":"2022","value":"13.73"},{"name":"Return on Sales","year":"2021","value":"16.79"},{"name":"Return on Sales","year":"2020","value":"16.22"},{"name":"Return on Sales","year":"2019","value":"26.07"},{"name":"ROIC","year":"2023","value":"7.52"},{"name":"ROIC","year":"2022","value":"10.5"},{"name":"ROIC","year":"2021","value":"10.96"},{"name":"ROIC","year":"2020","value":"4.25"},{"name":"ROIC","year":"2019","value":"6.17"},{"name":"ROCE","year":"2023","value":"11.42"},{"name":"ROCE","year":"2022","value":"13.6"},{"name":"ROCE","year":"2021","value":"13.83"},{"name":"ROCE","year":"2020","value":"8.4"},{"name":"ROCE","year":"2019","value":"9.56"},{"name":"Net Margin","year":"2023","value":"8.39"},{"name":"Net Margin","year":"2022","value":"11.11"},{"name":"Net Margin","year":"2021","value":"11.2"},{"name":"Net Margin","year":"2020","value":"6.68"},{"name":"Net Margin","year":"2019","value":"23.64"},{"name":"Операционная маржа","year":"2023","value":"11.97"},{"name":"Операционная маржа","year":"2022","value":"12.63"},{"name":"Операционная маржа","year":"2021","value":"17.56"},{"name":"Операционная маржа","year":"2020","value":"14.47"},{"name":"Операционная маржа","year":"2019","value":"22.94"},{"name":"EBITDA рентабельность","year":"2023","value":"25.53"},{"name":"EBITDA рентабельность","year":"2022","value":"29.38"},{"name":"EBITDA рентабельность","year":"2021","value":"33.23"},{"name":"EBITDA рентабельность","year":"2020","value":"35.79"},{"name":"EBITDA рентабельность","year":"2019","value":"43.67"},{"name":"Тек. ливкидность","year":"2023","value":"1.77"},{"name":"Тек. ливкидность","year":"2022","value":"0.86"},{"name":"Тек. ливкидность","year":"2021","value":"0.8"},{"name":"Тек. ливкидность","year":"2020","value":"0.92"},{"name":"Тек. ливкидность","year":"2019","value":"1.66"}]