[{"name":"date","year":"2020","value":""},{"name":"date","year":"2021","value":"06.05.2022"},{"name":"date","year":"2022","value":"10.04.2023"},{"name":"date","year":"2023","value":"04.04.2024"},{"name":"currency","year":"2020","value":"RUB"},{"name":"currency","year":"2021","value":"RUB"},{"name":"currency","year":"2022","value":"RUB"},{"name":"currency","year":"2023","value":"RUB"},{"name":"report_url","year":"2020","value":""},{"name":"report_url","year":"2021","value":"https://www.e-disclosure.ru/portal/FileLoad.ashx?Fileid=1749326"},{"name":"report_url","year":"2022","value":"https://www.e-disclosure.ru/portal/FileLoad.ashx?Fileid=1787282"},{"name":"report_url","year":"2023","value":"https://www.e-disclosure.ru/portal/FileLoad.ashx?Fileid=1830313"},{"name":"revenue","year":"2020","value":""},{"name":"revenue","year":"2021","value":"13.7"},{"name":"revenue","year":"2022","value":"3.66"},{"name":"revenue","year":"2023","value":"0.072"},{"name":"operating_income","year":"2020","value":""},{"name":"operating_income","year":"2021","value":"-0.510"},{"name":"operating_income","year":"2022","value":"-0.490"},{"name":"operating_income","year":"2023","value":"-0.150"},{"name":"net_income","year":"2020","value":""},{"name":"net_income","year":"2021","value":"-0.380"},{"name":"net_income","year":"2022","value":"-0.170"},{"name":"net_income","year":"2023","value":"-0.012"},{"name":"div_yield","year":"2020","value":"0.0%"},{"name":"div_yield","year":"2021","value":"0.0%"},{"name":"div_yield","year":"2022","value":""},{"name":"div_yield","year":"2023","value":""},{"name":"div_payout_ratio","year":"2020","value":""},{"name":"div_payout_ratio","year":"2021","value":"0%"},{"name":"div_payout_ratio","year":"2022","value":"0%"},{"name":"div_payout_ratio","year":"2023","value":"0%"},{"name":"opex","year":"2020","value":""},{"name":"opex","year":"2021","value":"4.82"},{"name":"opex","year":"2022","value":"0.490"},{"name":"opex","year":"2023","value":"0.216"},{"name":"cost_of_production","year":"2020","value":""},{"name":"cost_of_production","year":"2021","value":"9.39"},{"name":"cost_of_production","year":"2022","value":"3.66"},{"name":"cost_of_production","year":"2023","value":"0.006"},{"name":"assets","year":"2020","value":"8.20"},{"name":"assets","year":"2021","value":"7.45"},{"name":"assets","year":"2022","value":"2.83"},{"name":"assets","year":"2023","value":"1.74"},{"name":"net_assets","year":"2020","value":"1.42"},{"name":"net_assets","year":"2021","value":"1.12"},{"name":"net_assets","year":"2022","value":"0.950"},{"name":"net_assets","year":"2023","value":"0.930"},{"name":"debt","year":"2020","value":"0.000"},{"name":"debt","year":"2021","value":"0.127"},{"name":"debt","year":"2022","value":"0.020"},{"name":"debt","year":"2023","value":"0.000"},{"name":"cash","year":"2020","value":"0.370"},{"name":"cash","year":"2021","value":"1.89"},{"name":"cash","year":"2022","value":"0.127"},{"name":"cash","year":"2023","value":"0.080"},{"name":"net_debt","year":"2020","value":"-0.37"},{"name":"net_debt","year":"2021","value":"-1.76"},{"name":"net_debt","year":"2022","value":"-0.11"},{"name":"net_debt","year":"2023","value":"-0.08"},{"name":"common_share","year":"2020","value":"5.84"},{"name":"common_share","year":"2021","value":"3.58"},{"name":"common_share","year":"2022","value":""},{"name":"common_share","year":"2023","value":""},{"name":"number_of_shares","year":"2020","value":"526.0"},{"name":"number_of_shares","year":"2021","value":"526.0"},{"name":"number_of_shares","year":"2022","value":"526.0"},{"name":"number_of_shares","year":"2023","value":"526.0"},{"name":"market_cap","year":"2020","value":"3.07"},{"name":"market_cap","year":"2021","value":"1.88"},{"name":"market_cap","year":"2022","value":"0.00"},{"name":"market_cap","year":"2023","value":"0.00"},{"name":"ev","year":"2020","value":"2.70"},{"name":"ev","year":"2021","value":"0.12"},{"name":"ev","year":"2022","value":"-0.11"},{"name":"ev","year":"2023","value":"-0.08"},{"name":"book_value","year":"2020","value":"1.42"},{"name":"book_value","year":"2021","value":"1.12"},{"name":"book_value","year":"2022","value":"0.95"},{"name":"book_value","year":"2023","value":"0.93"},{"name":"eps","year":"2020","value":"0.00"},{"name":"eps","year":"2021","value":"-0.72"},{"name":"eps","year":"2022","value":"-0.32"},{"name":"eps","year":"2023","value":"-0.02"},{"name":"fcf_share","year":"2020","value":"0.00"},{"name":"fcf_share","year":"2021","value":"0.00"},{"name":"fcf_share","year":"2022","value":"0.00"},{"name":"fcf_share","year":"2023","value":"0.00"},{"name":"bv_share","year":"2020","value":"2.70"},{"name":"bv_share","year":"2021","value":"2.13"},{"name":"bv_share","year":"2022","value":"1.81"},{"name":"bv_share","year":"2023","value":"1.77"},{"name":"ebitda_margin","year":"2020","value":""},{"name":"ebitda_margin","year":"2021","value":"0.0%"},{"name":"ebitda_margin","year":"2022","value":"0.0%"},{"name":"ebitda_margin","year":"2023","value":"0.0%"},{"name":"net_margin","year":"2020","value":""},{"name":"net_margin","year":"2021","value":"-2.8%"},{"name":"net_margin","year":"2022","value":"-4.6%"},{"name":"net_margin","year":"2023","value":"-16.7%"},{"name":"fcf_yield","year":"2020","value":"0.0%"},{"name":"fcf_yield","year":"2021","value":"0.0%"},{"name":"fcf_yield","year":"2022","value":""},{"name":"fcf_yield","year":"2023","value":""},{"name":"roe","year":"2020","value":"0.0%"},{"name":"roe","year":"2021","value":"-33.9%"},{"name":"roe","year":"2022","value":"-17.9%"},{"name":"roe","year":"2023","value":"-1.3%"},{"name":"roa","year":"2020","value":"0.0%"},{"name":"roa","year":"2021","value":"-5.1%"},{"name":"roa","year":"2022","value":"-6.0%"},{"name":"roa","year":"2023","value":"-0.7%"},{"name":"p_e","year":"2020","value":""},{"name":"p_e","year":"2021","value":"-4.96"},{"name":"p_e","year":"2022","value":"0.00"},{"name":"p_e","year":"2023","value":"0.00"},{"name":"p_s","year":"2020","value":""},{"name":"p_s","year":"2021","value":"0.14"},{"name":"p_s","year":"2022","value":"0.00"},{"name":"p_s","year":"2023","value":"0.00"},{"name":"p_bv","year":"2020","value":"2.16"},{"name":"p_bv","year":"2021","value":"1.68"},{"name":"p_bv","year":"2022","value":"0.00"},{"name":"p_bv","year":"2023","value":"0.00"},{"name":"capex_revenue","year":"2020","value":""},{"name":"capex_revenue","year":"2021","value":"0%"},{"name":"capex_revenue","year":"2022","value":"0%"},{"name":"capex_revenue","year":"2023","value":"0%"}]