[{"name":"Выручка","year":"2023","value":"14057475000"},{"name":"Выручка","year":"2022","value":"13811219000"},{"name":"Выручка","year":"2021","value":"11613983000"},{"name":"Выручка","year":"2020","value":"10053270000"},{"name":"Выручка","year":"2019","value":"9189343000"},{"name":"Валовая прибыль","year":"2023","value":"5417718000"},{"name":"Валовая прибыль","year":"2022","value":"5529220000"},{"name":"Валовая прибыль","year":"2021","value":"3877658000"},{"name":"Валовая прибыль","year":"2020","value":"3582578000"},{"name":"Валовая прибыль","year":"2019","value":"3738557000"},{"name":"EBITDA","year":"2023","value":"2184941000"},{"name":"EBITDA","year":"2022","value":"3439517000"},{"name":"EBITDA","year":"2021","value":"2973092000"},{"name":"EBITDA","year":"2020","value":"2119042000"},{"name":"EBITDA","year":"2019","value":"2215721000"},{"name":"EBIT","year":"2023","value":"1669179000"},{"name":"EBIT","year":"2022","value":"2793607000"},{"name":"EBIT","year":"2021","value":"2225874000"},{"name":"EBIT","year":"2020","value":"1725020000"},{"name":"EBIT","year":"2019","value":"1729855000"},{"name":"Процентные доходы","year":"2023","value":"1322667000"},{"name":"Процентные доходы","year":"2022","value":"225067000"},{"name":"Процентные доходы","year":"2021","value":"59180000"},{"name":"Процентные доходы","year":"2020","value":"141850000"},{"name":"Процентные доходы","year":"2019","value":"127348000"},{"name":"Процентные расходы","year":"2023","value":"1326623000"},{"name":"Процентные расходы","year":"2022","value":"697811000"},{"name":"Процентные расходы","year":"2021","value":"551863000"},{"name":"Процентные расходы","year":"2020","value":"551104000"},{"name":"Процентные расходы","year":"2019","value":"229331000"},{"name":"Чистые процентные доходы/расходы","year":"2023","value":"-3956000"},{"name":"Чистые процентные доходы/расходы","year":"2022","value":"-472744000"},{"name":"Чистые процентные доходы/расходы","year":"2021","value":"-492683000"},{"name":"Чистые процентные доходы/расходы","year":"2020","value":"-409254000"},{"name":"Чистые процентные доходы/расходы","year":"2019","value":"-101983000"},{"name":"Операционный доход","year":"2023","value":"1668875000"},{"name":"Операционный доход","year":"2022","value":"2793589000"},{"name":"Операционный доход","year":"2021","value":"2225842000"},{"name":"Операционный доход","year":"2020","value":"1724990000"},{"name":"Операционный доход","year":"2019","value":"1729850000"},{"name":"Расходы на персонал","year":"2023","value":"3269108000"},{"name":"Расходы на персонал","year":"2022","value":"1512962000"},{"name":"Расходы на персонал","year":"2021","value":"2219946000"},{"name":"Расходы на персонал","year":"2020","value":"1909927000"},{"name":"Расходы на персонал","year":"2019","value":"1760534000"},{"name":"Прибыль до налогов","year":"2023","value":"1665223000"},{"name":"Прибыль до налогов","year":"2022","value":"2320863000"},{"name":"Прибыль до налогов","year":"2021","value":"1733191000"},{"name":"Прибыль до налогов","year":"2020","value":"1315766000"},{"name":"Прибыль до налогов","year":"2019","value":"1627872000"},{"name":"Чистая прибыль","year":"2023","value":"1281128000"},{"name":"Чистая прибыль","year":"2022","value":"1772185000"},{"name":"Чистая прибыль","year":"2021","value":"1350365000"},{"name":"Чистая прибыль","year":"2020","value":"1099387000"},{"name":"Чистая прибыль","year":"2019","value":"1274281000"},{"name":"Капитал на акционеров","year":"2023","value":"13356038000"},{"name":"Капитал на акционеров","year":"2022","value":"12625414000"},{"name":"Капитал на акционеров","year":"2021","value":"11225916000"},{"name":"Капитал на акционеров","year":"2020","value":"10151807000"},{"name":"Капитал на акционеров","year":"2019","value":"9147770000"},{"name":"Активы","year":"2023","value":"27714342000"},{"name":"Активы","year":"2022","value":"24631724000"},{"name":"Активы","year":"2021","value":"21641219000"},{"name":"Активы","year":"2020","value":"20520439000"},{"name":"Активы","year":"2019","value":"15790679000"},{"name":"CA Оборотные активы","year":"2023","value":"11529411000"},{"name":"CA Оборотные активы","year":"2022","value":"10848893000"},{"name":"CA Оборотные активы","year":"2021","value":"9374906000"},{"name":"CA Оборотные активы","year":"2020","value":"8238127000"},{"name":"CA Оборотные активы","year":"2019","value":"7263819000"},{"name":"Денежные средства и их эквиваленты","year":"2023","value":"135511000"},{"name":"Денежные средства и их эквиваленты","year":"2022","value":"336647000"},{"name":"Денежные средства и их эквиваленты","year":"2021","value":"186141000"},{"name":"Денежные средства и их эквиваленты","year":"2020","value":"246238000"},{"name":"Денежные средства и их эквиваленты","year":"2019","value":"128430000"},{"name":"Обязательства","year":"2023","value":"14339178000"},{"name":"Обязательства","year":"2022","value":"12005049000"},{"name":"Обязательства","year":"2021","value":"10364135000"},{"name":"Обязательства","year":"2020","value":"10313439000"},{"name":"Обязательства","year":"2019","value":"6582126000"},{"name":"Собственный капитал","year":"2023","value":"13375164000"},{"name":"Собственный капитал","year":"2022","value":"12626675000"},{"name":"Собственный капитал","year":"2021","value":"11277084000"},{"name":"Собственный капитал","year":"2020","value":"10207000000"},{"name":"Собственный капитал","year":"2019","value":"9208553000"},{"name":"Капитал на акционеров","year":"2023","value":"1263263000"},{"name":"Капитал на акционеров","year":"2022","value":"1772185000"},{"name":"Капитал на акционеров","year":"2021","value":"1354390000"},{"name":"Капитал на акционеров","year":"2020","value":"1104977000"},{"name":"Капитал на акционеров","year":"2019","value":"1285544000"},{"name":"Внеоборотные активы","year":"2023","value":"16184931000"},{"name":"Внеоборотные активы","year":"2022","value":"13782831000"},{"name":"Внеоборотные активы","year":"2021","value":"12266313000"},{"name":"Внеоборотные активы","year":"2020","value":"12282312000"},{"name":"Внеоборотные активы","year":"2019","value":"8526860000"},{"name":"Собственный капитал","year":"2023","value":"289.8975"},{"name":"Собственный капитал","year":"2022","value":"255.4791"},{"name":"Собственный капитал","year":"2021","value":"253.3444"},{"name":"Собственный капитал","year":"2020","value":"265.4432"},{"name":"Собственный капитал","year":"2019","value":"219.1527"},{"name":"CFO операционные денежные потоки","year":"2023","value":"-557070000"},{"name":"CFO операционные денежные потоки","year":"2022","value":"804532000"},{"name":"CFO операционные денежные потоки","year":"2021","value":"878836000"},{"name":"CFO операционные денежные потоки","year":"2020","value":"418840000"},{"name":"CFO операционные денежные потоки","year":"2019","value":"1229100000"},{"name":"FCF на акцию","year":"2023","value":"-1976126000"},{"name":"FCF на акцию","year":"2022","value":"-557694000"},{"name":"FCF на акцию","year":"2021","value":"132984000"},{"name":"FCF на акцию","year":"2020","value":"120443000"},{"name":"FCF на акцию","year":"2019","value":"-27015000"},{"name":"Инвестиционный денежный поток","year":"2023","value":"-1737499000"},{"name":"Инвестиционный денежный поток","year":"2022","value":"-1341856000"},{"name":"Инвестиционный денежный поток","year":"2021","value":"-462654000"},{"name":"Инвестиционный денежный поток","year":"2020","value":"-3002142000"},{"name":"Инвестиционный денежный поток","year":"2019","value":"-1255810000"},{"name":"CFF Денежный поток от финансовой деятельности","year":"2023","value":"2079794000"},{"name":"CFF Денежный поток от финансовой деятельности","year":"2022","value":"753575000"},{"name":"CFF Денежный поток от финансовой деятельности","year":"2021","value":"-468040000"},{"name":"CFF Денежный поток от финансовой деятельности","year":"2020","value":"2688400000"},{"name":"CFF Денежный поток от финансовой деятельности","year":"2019","value":"25946000"},{"name":"CB Текущие кредиты","year":"2023","value":"510087000"},{"name":"CB Текущие кредиты","year":"2022","value":"5984144000"},{"name":"CB Текущие кредиты","year":"2021","value":"1177177000"},{"name":"CB Текущие кредиты","year":"2020","value":"1938404000"},{"name":"CB Текущие кредиты","year":"2019","value":"2216279000"},{"name":"Общий долг","year":"2023","value":"8731506000"},{"name":"Общий долг","year":"2022","value":"7131335000"},{"name":"Общий долг","year":"2021","value":"6218348000"},{"name":"Общий долг","year":"2020","value":"6365255000"},{"name":"Общий долг","year":"2019","value":"3466357000"},{"name":"Текущие обязательства","year":"2023","value":"3414667000"},{"name":"Текущие обязательства","year":"2022","value":"4659410000"},{"name":"Текущие обязательства","year":"2021","value":"3898241000"},{"name":"Текущие обязательства","year":"2020","value":"4144744000"},{"name":"Текущие обязательства","year":"2019","value":"4128396000"},{"name":"Долгосрочная аренда","year":"2023","value":"339315000"},{"name":"Долгосрочная аренда","year":"2021","value":"277789000"},{"name":"Долгосрочная аренда","year":"2020","value":"204681000"},{"name":"Долгосрочные кредиты","year":"2023","value":"8356930000"},{"name":"Долгосрочные кредиты","year":"2022","value":"1483838000"},{"name":"Долгосрочные кредиты","year":"2021","value":"5227312000"},{"name":"Долгосрочные кредиты","year":"2020","value":"4673089000"},{"name":"Долгосрочные кредиты","year":"2019","value":"1378508000"},{"name":"Долгосрочные обязательства","year":"2023","value":"10924511000"},{"name":"Долгосрочные обязательства","year":"2022","value":"7345639000"},{"name":"Долгосрочные обязательства","year":"2021","value":"6465894000"},{"name":"Долгосрочные обязательства","year":"2020","value":"6168695000"},{"name":"Долгосрочные обязательства","year":"2019","value":"2453730000"},{"name":"Чистый долг","year":"2023","value":"8867017000"},{"name":"Чистый долг","year":"2022","value":"7467982000"},{"name":"Чистый долг","year":"2021","value":"6404489000"},{"name":"Чистый долг","year":"2020","value":"6611493000"},{"name":"Чистый долг","year":"2019","value":"3594787000"},{"name":"Общие расходы","year":"2023","value":"3748843000"},{"name":"Общие расходы","year":"2022","value":"2735631000"},{"name":"Общие расходы","year":"2021","value":"3655074000"},{"name":"Общие расходы","year":"2020","value":"1857588000"},{"name":"Общие расходы","year":"2019","value":"2008707000"}]