[{"name":"Выручка","year":"2023","value":"14092308000"},{"name":"Выручка","year":"2022","value":"12196278000"},{"name":"Выручка","year":"2021","value":"12132935000"},{"name":"EBITDA","year":"2023","value":"299537000"},{"name":"EBITDA","year":"2022","value":"150345000"},{"name":"EBITDA","year":"2021","value":"171298000"},{"name":"EBIT","year":"2023","value":"226716000"},{"name":"EBIT","year":"2022","value":"89157000"},{"name":"EBIT","year":"2021","value":"79496000"},{"name":"Процентные доходы","year":"2023","value":"51929000"},{"name":"Процентные доходы","year":"2022","value":"37113000"},{"name":"Процентные доходы","year":"2021","value":"12408000"},{"name":"Процентные расходы","year":"2023","value":"7642000"},{"name":"Процентные расходы","year":"2022","value":"34411000"},{"name":"Процентные расходы","year":"2021","value":"37962000"},{"name":"Чистые процентные доходы/расходы","year":"2023","value":"44287000"},{"name":"Чистые процентные доходы/расходы","year":"2022","value":"2702000"},{"name":"Чистые процентные доходы/расходы","year":"2021","value":"-25554000"},{"name":"Операционный доход","year":"2023","value":"226716000"},{"name":"Операционный доход","year":"2022","value":"89157000"},{"name":"Операционный доход","year":"2021","value":"79496000"},{"name":"Прибыль до налогов","year":"2023","value":"271003000"},{"name":"Прибыль до налогов","year":"2022","value":"91859000"},{"name":"Прибыль до налогов","year":"2021","value":"53942000"},{"name":"Чистая прибыль","year":"2023","value":"54114000"},{"name":"Чистая прибыль","year":"2022","value":"4696000"},{"name":"Чистая прибыль","year":"2021","value":"87812000"},{"name":"Капитал на акционеров","year":"2023","value":"295002000"},{"name":"Капитал на акционеров","year":"2022","value":"240128000"},{"name":"Капитал на акционеров","year":"2021","value":"229934000"},{"name":"Активы","year":"2023","value":"3319086000"},{"name":"Активы","year":"2022","value":"3718250000"},{"name":"Активы","year":"2021","value":"3620392000"},{"name":"CA Оборотные активы","year":"2023","value":"2979370000"},{"name":"CA Оборотные активы","year":"2022","value":"3558215000"},{"name":"CA Оборотные активы","year":"2021","value":"3450336000"},{"name":"Денежные средства и их эквиваленты","year":"2023","value":"613028000"},{"name":"Денежные средства и их эквиваленты","year":"2022","value":"120752000"},{"name":"Денежные средства и их эквиваленты","year":"2021","value":"4555000"},{"name":"Обязательства","year":"2023","value":"3024084000"},{"name":"Обязательства","year":"2022","value":"3478122000"},{"name":"Обязательства","year":"2021","value":"3390458000"},{"name":"Обязательства","year":"2020","value":"4550553000"},{"name":"Собственный капитал","year":"2023","value":"295002000"},{"name":"Собственный капитал","year":"2022","value":"240128000"},{"name":"Собственный капитал","year":"2021","value":"229934000"},{"name":"Капитал на акционеров","year":"2023","value":"54114000"},{"name":"Капитал на акционеров","year":"2022","value":"4696000"},{"name":"Капитал на акционеров","year":"2021","value":"87812000"},{"name":"Внеоборотные активы","year":"2023","value":"339716000"},{"name":"Внеоборотные активы","year":"2022","value":"160035000"},{"name":"Внеоборотные активы","year":"2021","value":"170056000"},{"name":"Собственный капитал","year":"2023","value":"22.7629"},{"name":"Собственный капитал","year":"2022","value":"7.9229"},{"name":"Собственный капитал","year":"2021","value":"8.6349"},{"name":"CFO операционные денежные потоки","year":"2023","value":"508856000"},{"name":"CFO операционные денежные потоки","year":"2022","value":"39688000"},{"name":"CFO операционные денежные потоки","year":"2021","value":"84944000"},{"name":"FCF на акцию","year":"2023","value":"254493000"},{"name":"FCF на акцию","year":"2022","value":"17427000"},{"name":"FCF на акцию","year":"2021","value":"63353000"},{"name":"Инвестиционный денежный поток","year":"2023","value":"-202434000"},{"name":"Инвестиционный денежный поток","year":"2022","value":"206847000"},{"name":"Инвестиционный денежный поток","year":"2021","value":"-21596000"},{"name":"CFF Денежный поток от финансовой деятельности","year":"2023","value":"185854000"},{"name":"CFF Денежный поток от финансовой деятельности","year":"2022","value":"-362732000"},{"name":"CFF Денежный поток от финансовой деятельности","year":"2021","value":"170628000"},{"name":"CB Текущие кредиты","year":"2021","value":"339407000"},{"name":"Общий долг","year":"2023","value":"-613028000"},{"name":"Общий долг","year":"2022","value":"-120752000"},{"name":"Общий долг","year":"2021","value":"334852000"},{"name":"Текущие обязательства","year":"2023","value":"2793681000"},{"name":"Текущие обязательства","year":"2022","value":"3201643000"},{"name":"Текущие обязательства","year":"2021","value":"2920120000"},{"name":"CL Текущая аренда","year":"2023","value":"45147000"},{"name":"CL Текущая аренда","year":"2022","value":"49494000"},{"name":"CL Текущая аренда","year":"2021","value":"52904000"},{"name":"Долгосрочная аренда","year":"2023","value":"213284000"},{"name":"Долгосрочная аренда","year":"2022","value":"23083000"},{"name":"Долгосрочная аренда","year":"2021","value":"56647000"},{"name":"Долгосрочные обязательства","year":"2023","value":"230403000"},{"name":"Долгосрочные обязательства","year":"2022","value":"276479000"},{"name":"Долгосрочные обязательства","year":"2021","value":"470338000"},{"name":"Чистый долг","year":"2021","value":"339407000"},{"name":"Общие расходы","year":"2023","value":"13144227000"},{"name":"Общие расходы","year":"2022","value":"11906082000"}]