[{"name":"date","year":"2019","value":"30.03.2020"},{"name":"date","year":"2020","value":"15.04.2021"},{"name":"date","year":"2021","value":"25.04.2022"},{"name":"date","year":"2022","value":"26.03.2024"},{"name":"date","year":"2023","value":"26.03.2024"},{"name":"currency","year":"2019","value":"RUB"},{"name":"currency","year":"2020","value":"RUB"},{"name":"currency","year":"2021","value":"RUB"},{"name":"currency","year":"2022","value":"RUB"},{"name":"currency","year":"2023","value":"RUB"},{"name":"report_url","year":"2019","value":"http://www.e-disclosure.ru/portal/FileLoad.ashx?Fileid=1622723"},{"name":"report_url","year":"2020","value":"https://e-disclosure.ru/portal/FileLoad.ashx?Fileid=1686519"},{"name":"report_url","year":"2021","value":"https://www.e-disclosure.ru/portal/FileLoad.ashx?Fileid=1741803"},{"name":"report_url","year":"2022","value":""},{"name":"report_url","year":"2023","value":"https://www.e-disclosure.ru/portal/FileLoad.ashx?Fileid=1826898"},{"name":"year_report_url","year":"2019","value":"https://e-disclosure.ru/portal/FileLoad.ashx?Fileid=1646166"},{"name":"year_report_url","year":"2020","value":""},{"name":"year_report_url","year":"2021","value":""},{"name":"year_report_url","year":"2022","value":""},{"name":"year_report_url","year":"2023","value":""},{"name":"revenue","year":"2019","value":"26.9"},{"name":"revenue","year":"2020","value":"24.5"},{"name":"revenue","year":"2021","value":"39.8"},{"name":"revenue","year":"2022","value":"42.5"},{"name":"revenue","year":"2023","value":"46.3"},{"name":"operating_income","year":"2019","value":"1.93"},{"name":"operating_income","year":"2020","value":"1.75"},{"name":"operating_income","year":"2021","value":"9.86"},{"name":"operating_income","year":"2022","value":"10.1"},{"name":"operating_income","year":"2023","value":"11.1"},{"name":"net_income","year":"2019","value":"1.35"},{"name":"net_income","year":"2020","value":"0.084"},{"name":"net_income","year":"2021","value":"7.43"},{"name":"net_income","year":"2022","value":"10.7"},{"name":"net_income","year":"2023","value":"9.61"},{"name":"ocf","year":"2019","value":""},{"name":"ocf","year":"2020","value":""},{"name":"ocf","year":"2021","value":""},{"name":"ocf","year":"2022","value":"9.70"},{"name":"ocf","year":"2023","value":"7.70"},{"name":"capex","year":"2019","value":"0.480"},{"name":"capex","year":"2020","value":"0.394"},{"name":"capex","year":"2021","value":"0.596"},{"name":"capex","year":"2022","value":"0.570"},{"name":"capex","year":"2023","value":"0.750"},{"name":"fcf","year":"2019","value":""},{"name":"fcf","year":"2020","value":""},{"name":"fcf","year":"2021","value":""},{"name":"fcf","year":"2022","value":"9.13"},{"name":"fcf","year":"2023","value":"6.95"},{"name":"div_yield","year":"2019","value":"0.0%"},{"name":"div_yield","year":"2020","value":"0.0%"},{"name":"div_yield","year":"2021","value":"0.0%"},{"name":"div_yield","year":"2022","value":"0.0%"},{"name":"div_yield","year":"2023","value":"0.0%"},{"name":"div_payout_ratio","year":"2019","value":"0%"},{"name":"div_payout_ratio","year":"2020","value":"0%"},{"name":"div_payout_ratio","year":"2021","value":"0%"},{"name":"div_payout_ratio","year":"2022","value":"0%"},{"name":"div_payout_ratio","year":"2023","value":"0%"},{"name":"opex","year":"2019","value":"2.00"},{"name":"opex","year":"2020","value":"2.00"},{"name":"opex","year":"2021","value":"2.36"},{"name":"opex","year":"2022","value":"2.68"},{"name":"opex","year":"2023","value":"3.08"},{"name":"cost_of_production","year":"2019","value":"23.0"},{"name":"cost_of_production","year":"2020","value":"20.7"},{"name":"cost_of_production","year":"2021","value":"27.6"},{"name":"cost_of_production","year":"2022","value":"29.6"},{"name":"cost_of_production","year":"2023","value":"32.1"},{"name":"employment_expenses","year":"2019","value":"2.60"},{"name":"employment_expenses","year":"2020","value":"2.94"},{"name":"employment_expenses","year":"2021","value":"3.41"},{"name":"employment_expenses","year":"2022","value":"4.20"},{"name":"employment_expenses","year":"2023","value":"5.10"},{"name":"interest_expenses","year":"2019","value":"0.390"},{"name":"interest_expenses","year":"2020","value":"0.336"},{"name":"interest_expenses","year":"2021","value":"0.278"},{"name":"interest_expenses","year":"2022","value":"0.250"},{"name":"interest_expenses","year":"2023","value":"0.190"},{"name":"assets","year":"2019","value":"20.0"},{"name":"assets","year":"2020","value":"20.4"},{"name":"assets","year":"2021","value":"28.6"},{"name":"assets","year":"2022","value":"42.6"},{"name":"assets","year":"2023","value":"54.6"},{"name":"net_assets","year":"2019","value":"9.98"},{"name":"net_assets","year":"2020","value":"10.1"},{"name":"net_assets","year":"2021","value":"17.5"},{"name":"net_assets","year":"2022","value":"31.1"},{"name":"net_assets","year":"2023","value":"40.5"},{"name":"debt","year":"2019","value":"5.93"},{"name":"debt","year":"2020","value":"6.11"},{"name":"debt","year":"2021","value":"4.86"},{"name":"debt","year":"2022","value":"2.00"},{"name":"debt","year":"2023","value":"2.00"},{"name":"cash","year":"2019","value":"2.00"},{"name":"cash","year":"2020","value":"3.80"},{"name":"cash","year":"2021","value":"9.38"},{"name":"cash","year":"2022","value":"17.0"},{"name":"cash","year":"2023","value":"26.8"},{"name":"net_debt","year":"2019","value":"3.93"},{"name":"net_debt","year":"2020","value":"2.31"},{"name":"net_debt","year":"2021","value":"-4.52"},{"name":"net_debt","year":"2022","value":"-15.0"},{"name":"net_debt","year":"2023","value":"-24.8"},{"name":"common_share","year":"2019","value":"4.90"},{"name":"common_share","year":"2020","value":"7.28"},{"name":"common_share","year":"2021","value":"17.9"},{"name":"common_share","year":"2022","value":"27.3"},{"name":"common_share","year":"2023","value":"65.9"},{"name":"number_of_shares","year":"2019","value":"498.5"},{"name":"number_of_shares","year":"2020","value":"498.5"},{"name":"number_of_shares","year":"2021","value":"498.5"},{"name":"number_of_shares","year":"2022","value":"498.5"},{"name":"number_of_shares","year":"2023","value":"498.5"},{"name":"market_cap","year":"2019","value":"2.44"},{"name":"market_cap","year":"2020","value":"3.63"},{"name":"market_cap","year":"2021","value":"8.93"},{"name":"market_cap","year":"2022","value":"13.6"},{"name":"market_cap","year":"2023","value":"32.9"},{"name":"ev","year":"2019","value":"6.37"},{"name":"ev","year":"2020","value":"5.94"},{"name":"ev","year":"2021","value":"4.41"},{"name":"ev","year":"2022","value":"-1.39"},{"name":"ev","year":"2023","value":"8.01"},{"name":"book_value","year":"2019","value":"9.98"},{"name":"book_value","year":"2020","value":"10.1"},{"name":"book_value","year":"2021","value":"17.5"},{"name":"book_value","year":"2022","value":"31.1"},{"name":"book_value","year":"2023","value":"40.5"},{"name":"eps","year":"2019","value":"2.71"},{"name":"eps","year":"2020","value":"0.17"},{"name":"eps","year":"2021","value":"14.9"},{"name":"eps","year":"2022","value":"21.5"},{"name":"eps","year":"2023","value":"19.3"},{"name":"fcf_share","year":"2019","value":"0.00"},{"name":"fcf_share","year":"2020","value":"0.00"},{"name":"fcf_share","year":"2021","value":"0.00"},{"name":"fcf_share","year":"2022","value":"18.3"},{"name":"fcf_share","year":"2023","value":"13.9"},{"name":"bv_share","year":"2019","value":"20.0"},{"name":"bv_share","year":"2020","value":"20.2"},{"name":"bv_share","year":"2021","value":"35.1"},{"name":"bv_share","year":"2022","value":"62.4"},{"name":"bv_share","year":"2023","value":"81.3"},{"name":"ebitda_margin","year":"2019","value":"0.0%"},{"name":"ebitda_margin","year":"2020","value":"0.0%"},{"name":"ebitda_margin","year":"2021","value":"0.0%"},{"name":"ebitda_margin","year":"2022","value":"0.0%"},{"name":"ebitda_margin","year":"2023","value":"0.0%"},{"name":"net_margin","year":"2019","value":"5.0%"},{"name":"net_margin","year":"2020","value":"0.3%"},{"name":"net_margin","year":"2021","value":"18.7%"},{"name":"net_margin","year":"2022","value":"25.3%"},{"name":"net_margin","year":"2023","value":"20.8%"},{"name":"fcf_yield","year":"2019","value":"0.0%"},{"name":"fcf_yield","year":"2020","value":"0.0%"},{"name":"fcf_yield","year":"2021","value":"0.0%"},{"name":"fcf_yield","year":"2022","value":"67.1%"},{"name":"fcf_yield","year":"2023","value":"21.2%"},{"name":"roe","year":"2019","value":"13.5%"},{"name":"roe","year":"2020","value":"0.8%"},{"name":"roe","year":"2021","value":"42.5%"},{"name":"roe","year":"2022","value":"34.5%"},{"name":"roe","year":"2023","value":"23.7%"},{"name":"roa","year":"2019","value":"6.7%"},{"name":"roa","year":"2020","value":"0.4%"},{"name":"roa","year":"2021","value":"26.0%"},{"name":"roa","year":"2022","value":"25.2%"},{"name":"roa","year":"2023","value":"17.6%"},{"name":"p_e","year":"2019","value":"1.81"},{"name":"p_e","year":"2020","value":"43.2"},{"name":"p_e","year":"2021","value":"1.20"},{"name":"p_e","year":"2022","value":"1.27"},{"name":"p_e","year":"2023","value":"3.42"},{"name":"p_fcf","year":"2019","value":""},{"name":"p_fcf","year":"2020","value":""},{"name":"p_fcf","year":"2021","value":""},{"name":"p_fcf","year":"2022","value":"1.49"},{"name":"p_fcf","year":"2023","value":"4.73"},{"name":"p_s","year":"2019","value":"0.09"},{"name":"p_s","year":"2020","value":"0.15"},{"name":"p_s","year":"2021","value":"0.22"},{"name":"p_s","year":"2022","value":"0.32"},{"name":"p_s","year":"2023","value":"0.71"},{"name":"p_bv","year":"2019","value":"0.24"},{"name":"p_bv","year":"2020","value":"0.36"},{"name":"p_bv","year":"2021","value":"0.51"},{"name":"p_bv","year":"2022","value":"0.44"},{"name":"p_bv","year":"2023","value":"0.81"},{"name":"employees","year":"2019","value":""},{"name":"employees","year":"2020","value":"4 062"},{"name":"employees","year":"2021","value":""},{"name":"employees","year":"2022","value":""},{"name":"employees","year":"2023","value":""},{"name":"labour_productivity","year":"2019","value":""},{"name":"labour_productivity","year":"2020","value":"6.02"},{"name":"labour_productivity","year":"2021","value":""},{"name":"labour_productivity","year":"2022","value":""},{"name":"labour_productivity","year":"2023","value":""},{"name":"expenses_per_employee","year":"2019","value":""},{"name":"expenses_per_employee","year":"2020","value":"723.8"},{"name":"expenses_per_employee","year":"2021","value":""},{"name":"expenses_per_employee","year":"2022","value":""},{"name":"expenses_per_employee","year":"2023","value":""},{"name":"r_and_d_capex","year":"2019","value":"0.00%"},{"name":"r_and_d_capex","year":"2020","value":"0.00%"},{"name":"r_and_d_capex","year":"2021","value":"0.00%"},{"name":"r_and_d_capex","year":"2022","value":"0.00%"},{"name":"r_and_d_capex","year":"2023","value":"0.00%"},{"name":"capex_revenue","year":"2019","value":"2%"},{"name":"capex_revenue","year":"2020","value":"2%"},{"name":"capex_revenue","year":"2021","value":"1%"},{"name":"capex_revenue","year":"2022","value":"1%"},{"name":"capex_revenue","year":"2023","value":"2%"}]