[
  {
    "name": "revenue",
    "year": "2016",
    "value": 18.925
  },
  {
    "name": "revenue",
    "year": "2017",
    "value": 22.414
  },
  {
    "name": "revenue",
    "year": "2018",
    "value": 26.107
  },
  {
    "name": "revenue",
    "year": "2019",
    "value": 26.908
  },
  {
    "name": "revenue",
    "year": "2020",
    "value": 24.45
  },
  {
    "name": "revenue",
    "year": "2021",
    "value": 39.81
  },
  {
    "name": "revenue",
    "year": "2022",
    "value": 42.45
  },
  {
    "name": "revenue",
    "year": "2023",
    "value": 46.3
  },
  {
    "name": "operating_income",
    "year": "2017",
    "value": 1.46
  },
  {
    "name": "operating_income",
    "year": "2018",
    "value": 1.81
  },
  {
    "name": "operating_income",
    "year": "2019",
    "value": 1.93
  },
  {
    "name": "operating_income",
    "year": "2020",
    "value": 1.754
  },
  {
    "name": "operating_income",
    "year": "2021",
    "value": 9.86
  },
  {
    "name": "operating_income",
    "year": "2022",
    "value": 10.13
  },
  {
    "name": "operating_income",
    "year": "2023",
    "value": 11.14
  },
  {
    "name": "net_income",
    "year": "2016",
    "value": 0.098
  },
  {
    "name": "net_income",
    "year": "2017",
    "value": -0.387
  },
  {
    "name": "net_income",
    "year": "2018",
    "value": -0.381
  },
  {
    "name": "net_income",
    "year": "2019",
    "value": 1.349
  },
  {
    "name": "net_income",
    "year": "2020",
    "value": 0.084
  },
  {
    "name": "net_income",
    "year": "2021",
    "value": 7.43
  },
  {
    "name": "net_income",
    "year": "2022",
    "value": 10.72
  },
  {
    "name": "net_income",
    "year": "2023",
    "value": 9.61
  },
  {
    "name": "opex",
    "year": "2017",
    "value": 1.68
  },
  {
    "name": "opex",
    "year": "2018",
    "value": 1.854
  },
  {
    "name": "opex",
    "year": "2019",
    "value": 2.0
  },
  {
    "name": "opex",
    "year": "2020",
    "value": 2.0
  },
  {
    "name": "opex",
    "year": "2021",
    "value": 2.36
  },
  {
    "name": "opex",
    "year": "2022",
    "value": 2.68
  },
  {
    "name": "opex",
    "year": "2023",
    "value": 3.08
  },
  {
    "name": "cost_of_production",
    "year": "2016",
    "value": 15.994
  },
  {
    "name": "cost_of_production",
    "year": "2017",
    "value": 19.267
  },
  {
    "name": "cost_of_production",
    "year": "2018",
    "value": 22.444
  },
  {
    "name": "cost_of_production",
    "year": "2019",
    "value": 22.98
  },
  {
    "name": "cost_of_production",
    "year": "2020",
    "value": 20.69
  },
  {
    "name": "cost_of_production",
    "year": "2021",
    "value": 27.59
  },
  {
    "name": "cost_of_production",
    "year": "2022",
    "value": 29.6
  },
  {
    "name": "cost_of_production",
    "year": "2023",
    "value": 32.1
  },
  {
    "name": "assets",
    "year": "2017",
    "value": 20.8
  },
  {
    "name": "assets",
    "year": "2018",
    "value": 19.74
  },
  {
    "name": "assets",
    "year": "2019",
    "value": 20.02
  },
  {
    "name": "assets",
    "year": "2020",
    "value": 20.375
  },
  {
    "name": "assets",
    "year": "2021",
    "value": 28.6
  },
  {
    "name": "assets",
    "year": "2022",
    "value": 42.6
  },
  {
    "name": "assets",
    "year": "2023",
    "value": 54.6
  },
  {
    "name": "net_assets",
    "year": "2017",
    "value": 9.0
  },
  {
    "name": "net_assets",
    "year": "2018",
    "value": 8.6
  },
  {
    "name": "net_assets",
    "year": "2019",
    "value": 9.98
  },
  {
    "name": "net_assets",
    "year": "2020",
    "value": 10.06
  },
  {
    "name": "net_assets",
    "year": "2021",
    "value": 17.49
  },
  {
    "name": "net_assets",
    "year": "2022",
    "value": 31.1
  },
  {
    "name": "net_assets",
    "year": "2023",
    "value": 40.5
  },
  {
    "name": "debt",
    "year": "2017",
    "value": 7.78
  },
  {
    "name": "debt",
    "year": "2018",
    "value": 7.64
  },
  {
    "name": "debt",
    "year": "2019",
    "value": 5.93
  },
  {
    "name": "debt",
    "year": "2020",
    "value": 6.11
  },
  {
    "name": "debt",
    "year": "2021",
    "value": 4.86
  },
  {
    "name": "debt",
    "year": "2022",
    "value": 2.0
  },
  {
    "name": "debt",
    "year": "2023",
    "value": 2.0
  },
  {
    "name": "cash",
    "year": "2017",
    "value": 0.341
  },
  {
    "name": "cash",
    "year": "2018",
    "value": 0.5
  },
  {
    "name": "cash",
    "year": "2019",
    "value": 2.0
  },
  {
    "name": "cash",
    "year": "2020",
    "value": 3.8
  },
  {
    "name": "cash",
    "year": "2021",
    "value": 9.38
  },
  {
    "name": "cash",
    "year": "2022",
    "value": 17.0
  },
  {
    "name": "cash",
    "year": "2023",
    "value": 26.84
  },
  {
    "name": "net_debt",
    "year": "2016",
    "value": 0.0
  },
  {
    "name": "net_debt",
    "year": "2017",
    "value": 7.439
  },
  {
    "name": "net_debt",
    "year": "2018",
    "value": 7.14
  },
  {
    "name": "net_debt",
    "year": "2019",
    "value": 3.93
  },
  {
    "name": "net_debt",
    "year": "2020",
    "value": 2.31
  },
  {
    "name": "net_debt",
    "year": "2021",
    "value": -4.52
  },
  {
    "name": "net_debt",
    "year": "2022",
    "value": -15.0
  },
  {
    "name": "net_debt",
    "year": "2023",
    "value": -24.84
  },
  {
    "name": "common_share",
    "year": "2016",
    "value": 3.97
  },
  {
    "name": "common_share",
    "year": "2017",
    "value": 4.7
  },
  {
    "name": "common_share",
    "year": "2018",
    "value": 3.956
  },
  {
    "name": "common_share",
    "year": "2019",
    "value": 4.9
  },
  {
    "name": "common_share",
    "year": "2020",
    "value": 7.28
  },
  {
    "name": "common_share",
    "year": "2021",
    "value": 17.91
  },
  {
    "name": "common_share",
    "year": "2022",
    "value": 27.3
  },
  {
    "name": "common_share",
    "year": "2023",
    "value": 65.91
  },
  {
    "name": "number_of_shares",
    "year": "2016",
    "value": 498.455
  },
  {
    "name": "number_of_shares",
    "year": "2017",
    "value": 498.455
  },
  {
    "name": "number_of_shares",
    "year": "2018",
    "value": 498.455
  },
  {
    "name": "number_of_shares",
    "year": "2019",
    "value": 498.455
  },
  {
    "name": "number_of_shares",
    "year": "2020",
    "value": 498.455
  },
  {
    "name": "number_of_shares",
    "year": "2021",
    "value": 498.455
  },
  {
    "name": "number_of_shares",
    "year": "2022",
    "value": 498.455
  },
  {
    "name": "number_of_shares",
    "year": "2023",
    "value": 498.455
  },
  {
    "name": "market_cap",
    "year": "2016",
    "value": 1.97886635
  },
  {
    "name": "market_cap",
    "year": "2017",
    "value": 2.3427385
  },
  {
    "name": "market_cap",
    "year": "2018",
    "value": 1.97188798
  },
  {
    "name": "market_cap",
    "year": "2019",
    "value": 2.4424295
  },
  {
    "name": "market_cap",
    "year": "2020",
    "value": 3.6287524
  },
  {
    "name": "market_cap",
    "year": "2021",
    "value": 8.92732905
  },
  {
    "name": "market_cap",
    "year": "2022",
    "value": 13.6078215
  },
  {
    "name": "market_cap",
    "year": "2023",
    "value": 32.85316905
  },
  {
    "name": "ev",
    "year": "2016",
    "value": 1.97886635
  },
  {
    "name": "ev",
    "year": "2017",
    "value": 9.7817385
  },
  {
    "name": "ev",
    "year": "2018",
    "value": 9.11188798
  },
  {
    "name": "ev",
    "year": "2019",
    "value": 6.3724295
  },
  {
    "name": "ev",
    "year": "2020",
    "value": 5.9387524
  },
  {
    "name": "ev",
    "year": "2021",
    "value": 4.40732905
  },
  {
    "name": "ev",
    "year": "2022",
    "value": -1.3921785
  },
  {
    "name": "ev",
    "year": "2023",
    "value": 8.01316905
  },
  {
    "name": "book_value",
    "year": "2016",
    "value": 0.0
  },
  {
    "name": "book_value",
    "year": "2017",
    "value": 9.0
  },
  {
    "name": "book_value",
    "year": "2018",
    "value": 8.6
  },
  {
    "name": "book_value",
    "year": "2019",
    "value": 9.98
  },
  {
    "name": "book_value",
    "year": "2020",
    "value": 10.06
  },
  {
    "name": "book_value",
    "year": "2021",
    "value": 17.49
  },
  {
    "name": "book_value",
    "year": "2022",
    "value": 31.1
  },
  {
    "name": "book_value",
    "year": "2023",
    "value": 40.5
  },
  {
    "name": "eps",
    "year": "2016",
    "value": 0.196607517228
  },
  {
    "name": "eps",
    "year": "2017",
    "value": -0.776399073136
  },
  {
    "name": "eps",
    "year": "2018",
    "value": -0.764361878204
  },
  {
    "name": "eps",
    "year": "2019",
    "value": 2.70636266062
  },
  {
    "name": "eps",
    "year": "2020",
    "value": 0.168520729053
  },
  {
    "name": "eps",
    "year": "2021",
    "value": 14.9060597245
  },
  {
    "name": "eps",
    "year": "2022",
    "value": 21.5064549458
  },
  {
    "name": "eps",
    "year": "2023",
    "value": 19.2795738833
  },
  {
    "name": "fcf_share",
    "year": "2016",
    "value": 0.0
  },
  {
    "name": "fcf_share",
    "year": "2017",
    "value": 0.0
  },
  {
    "name": "fcf_share",
    "year": "2018",
    "value": 0.0
  },
  {
    "name": "fcf_share",
    "year": "2019",
    "value": 0.0
  },
  {
    "name": "fcf_share",
    "year": "2020",
    "value": 0.0
  },
  {
    "name": "fcf_share",
    "year": "2021",
    "value": 0.0
  },
  {
    "name": "fcf_share",
    "year": "2022",
    "value": 18.3165982887
  },
  {
    "name": "fcf_share",
    "year": "2023",
    "value": 13.94308413
  },
  {
    "name": "bv_share",
    "year": "2016",
    "value": 0.0
  },
  {
    "name": "bv_share",
    "year": "2017",
    "value": 18.0557923985
  },
  {
    "name": "bv_share",
    "year": "2018",
    "value": 17.2533127364
  },
  {
    "name": "bv_share",
    "year": "2019",
    "value": 20.0218675708
  },
  {
    "name": "bv_share",
    "year": "2020",
    "value": 20.1823635032
  },
  {
    "name": "bv_share",
    "year": "2021",
    "value": 35.0884232278
  },
  {
    "name": "bv_share",
    "year": "2022",
    "value": 62.3927937326
  },
  {
    "name": "bv_share",
    "year": "2023",
    "value": 81.2510657933
  },
  {
    "name": "ebitda_margin",
    "year": "2016",
    "value": 0.0
  },
  {
    "name": "ebitda_margin",
    "year": "2017",
    "value": 0.0
  },
  {
    "name": "ebitda_margin",
    "year": "2018",
    "value": 0.0
  },
  {
    "name": "ebitda_margin",
    "year": "2019",
    "value": 0.0
  },
  {
    "name": "ebitda_margin",
    "year": "2020",
    "value": 0.0
  },
  {
    "name": "ebitda_margin",
    "year": "2021",
    "value": 0.0
  },
  {
    "name": "ebitda_margin",
    "year": "2022",
    "value": 0.0
  },
  {
    "name": "ebitda_margin",
    "year": "2023",
    "value": 0.0
  },
  {
    "name": "net_margin",
    "year": "2016",
    "value": 0.517833553501
  },
  {
    "name": "net_margin",
    "year": "2017",
    "value": -1.72659944677
  },
  {
    "name": "net_margin",
    "year": "2018",
    "value": -1.45937871069
  },
  {
    "name": "net_margin",
    "year": "2019",
    "value": 5.01337892077
  },
  {
    "name": "net_margin",
    "year": "2020",
    "value": 0.34355828220900003
  },
  {
    "name": "net_margin",
    "year": "2021",
    "value": 18.663652348699998
  },
  {
    "name": "net_margin",
    "year": "2022",
    "value": 25.253239104800002
  },
  {
    "name": "net_margin",
    "year": "2023",
    "value": 20.7559395248
  },
  {
    "name": "fcf_yield",
    "year": "2016",
    "value": 0.0
  },
  {
    "name": "fcf_yield",
    "year": "2017",
    "value": 0.0
  },
  {
    "name": "fcf_yield",
    "year": "2018",
    "value": 0.0
  },
  {
    "name": "fcf_yield",
    "year": "2019",
    "value": 0.0
  },
  {
    "name": "fcf_yield",
    "year": "2020",
    "value": 0.0
  },
  {
    "name": "fcf_yield",
    "year": "2021",
    "value": 0.0
  },
  {
    "name": "fcf_yield",
    "year": "2022",
    "value": 67.0937666253
  },
  {
    "name": "fcf_yield",
    "year": "2023",
    "value": 21.1547324078
  },
  {
    "name": "roe",
    "year": "2017",
    "value": -4.3
  },
  {
    "name": "roe",
    "year": "2018",
    "value": -4.43023255814
  },
  {
    "name": "roe",
    "year": "2019",
    "value": 13.517034068100001
  },
  {
    "name": "roe",
    "year": "2020",
    "value": 0.834990059642
  },
  {
    "name": "roe",
    "year": "2021",
    "value": 42.4814179531
  },
  {
    "name": "roe",
    "year": "2022",
    "value": 34.4694533762
  },
  {
    "name": "roe",
    "year": "2023",
    "value": 23.7283950617
  },
  {
    "name": "roa",
    "year": "2017",
    "value": -1.8605769230799998
  },
  {
    "name": "roa",
    "year": "2018",
    "value": -1.93009118541
  },
  {
    "name": "roa",
    "year": "2019",
    "value": 6.73826173826
  },
  {
    "name": "roa",
    "year": "2020",
    "value": 0.41226993865
  },
  {
    "name": "roa",
    "year": "2021",
    "value": 25.979020979
  },
  {
    "name": "roa",
    "year": "2022",
    "value": 25.1643192488
  },
  {
    "name": "roa",
    "year": "2023",
    "value": 17.6007326007
  },
  {
    "name": "p_e",
    "year": "2016",
    "value": 20.1925137755
  },
  {
    "name": "p_e",
    "year": "2017",
    "value": -6.0535878553
  },
  {
    "name": "p_e",
    "year": "2018",
    "value": -5.17555900262
  },
  {
    "name": "p_e",
    "year": "2019",
    "value": 1.81054818384
  },
  {
    "name": "p_e",
    "year": "2020",
    "value": 43.1994333333
  },
  {
    "name": "p_e",
    "year": "2021",
    "value": 1.2015247712
  },
  {
    "name": "p_e",
    "year": "2022",
    "value": 1.26938633396
  },
  {
    "name": "p_e",
    "year": "2023",
    "value": 3.41864402185
  },
  {
    "name": "p_s",
    "year": "2016",
    "value": 0.104563611625
  },
  {
    "name": "p_s",
    "year": "2017",
    "value": 0.10452121442
  },
  {
    "name": "p_s",
    "year": "2018",
    "value": 0.0755310062435
  },
  {
    "name": "p_s",
    "year": "2019",
    "value": 0.090769640999
  },
  {
    "name": "p_s",
    "year": "2020",
    "value": 0.148415231084
  },
  {
    "name": "p_s",
    "year": "2021",
    "value": 0.224248406179
  },
  {
    "name": "p_s",
    "year": "2022",
    "value": 0.320561166078
  },
  {
    "name": "p_s",
    "year": "2023",
    "value": 0.709571685745
  },
  {
    "name": "p_bv",
    "year": "2017",
    "value": 0.260304277778
  },
  {
    "name": "p_bv",
    "year": "2018",
    "value": 0.2292893
  },
  {
    "name": "p_bv",
    "year": "2019",
    "value": 0.24473241483
  },
  {
    "name": "p_bv",
    "year": "2020",
    "value": 0.360710974155
  },
  {
    "name": "p_bv",
    "year": "2021",
    "value": 0.510424759863
  },
  {
    "name": "p_bv",
    "year": "2022",
    "value": 0.437550530547
  },
  {
    "name": "p_bv",
    "year": "2023",
    "value": 0.811189359259
  },
  {
    "name": "employees",
    "year": "2020",
    "value": 4062.0
  },
  {
    "name": "labour_productivity",
    "year": "2020",
    "value": 6.019202363370001
  },
  {
    "name": "expenses_per_employee",
    "year": "2020",
    "value": 723.7813884789999
  },
  {
    "name": "capex_revenue",
    "year": "2016",
    "value": 0.0
  },
  {
    "name": "capex_revenue",
    "year": "2017",
    "value": 1.7176764522199999
  },
  {
    "name": "capex_revenue",
    "year": "2018",
    "value": 1.76197954572
  },
  {
    "name": "capex_revenue",
    "year": "2019",
    "value": 1.7838561022700001
  },
  {
    "name": "capex_revenue",
    "year": "2020",
    "value": 1.6114519427400003
  },
  {
    "name": "capex_revenue",
    "year": "2021",
    "value": 1.49711127857
  },
  {
    "name": "capex_revenue",
    "year": "2022",
    "value": 1.34275618375
  },
  {
    "name": "capex_revenue",
    "year": "2023",
    "value": 1.6198704103700001
  }
]