[{"name":"date","year":"2019","value":"22.04.2020"},{"name":"date","year":"2020","value":"23.04.2021"},{"name":"date","year":"2021","value":"26.04.2022"},{"name":"date","year":"2022","value":"27.04.2024"},{"name":"date","year":"2023","value":"27.04.2024"},{"name":"date","year":"LTM\n?","value":"27.04.2024"},{"name":"currency","year":"2019","value":"RUB"},{"name":"currency","year":"2020","value":"RUB"},{"name":"currency","year":"2021","value":"RUB"},{"name":"currency","year":"2022","value":"RUB"},{"name":"currency","year":"2023","value":"RUB"},{"name":"currency","year":"LTM\n?","value":"RUB"},{"name":"report_url","year":"2019","value":"http://www.e-disclosure.ru/portal/FileLoad.ashx?Fileid=1629781"},{"name":"report_url","year":"2020","value":"https://e-disclosure.ru/portal/FileLoad.ashx?Fileid=1696552"},{"name":"report_url","year":"2021","value":"https://www.e-disclosure.ru/portal/FileLoad.ashx?Fileid=1746861"},{"name":"report_url","year":"2022","value":""},{"name":"report_url","year":"2023","value":"https://www.e-disclosure.ru/portal/FileLoad.ashx?Fileid=1834445"},{"name":"report_url","year":"LTM\n?","value":"https://www.e-disclosure.ru/portal/FileLoad.ashx?Fileid=1834445"},{"name":"year_report_url","year":"2019","value":"https://e-disclosure.ru/portal/FileLoad.ashx?Fileid=1646166"},{"name":"year_report_url","year":"2020","value":"https://e-disclosure.ru/portal/FileLoad.ashx?Fileid=1702823"},{"name":"year_report_url","year":"2021","value":"https://amet.ru/upload/iblock/4a8/1.1.-_-2021_1-pdf.pdf"},{"name":"year_report_url","year":"2022","value":""},{"name":"year_report_url","year":"2023","value":"https://www.e-disclosure.ru/portal/FileLoad.ashx?Fileid=1840677"},{"name":"year_report_url","year":"LTM\n?","value":""},{"name":"revenue","year":"2019","value":"27.1"},{"name":"revenue","year":"2020","value":"24.6"},{"name":"revenue","year":"2021","value":"40.1"},{"name":"revenue","year":"2022","value":"43.1"},{"name":"revenue","year":"2023","value":"46.5"},{"name":"revenue","year":"LTM\n?","value":"46.5"},{"name":"operating_income","year":"2019","value":"1.50"},{"name":"operating_income","year":"2020","value":"1.78"},{"name":"operating_income","year":"2021","value":"14.7"},{"name":"operating_income","year":"2022","value":"10.00"},{"name":"operating_income","year":"2023","value":"10.8"},{"name":"operating_income","year":"LTM\n?","value":"10.8"},{"name":"ebitda","year":"2019","value":"2.34"},{"name":"ebitda","year":"2020","value":"2.55"},{"name":"ebitda","year":"2021","value":"10.5"},{"name":"ebitda","year":"2022","value":""},{"name":"ebitda","year":"2023","value":""},{"name":"ebitda","year":"LTM\n?","value":""},{"name":"net_income","year":"2019","value":"1.53"},{"name":"net_income","year":"2020","value":"0.540"},{"name":"net_income","year":"2021","value":"11.7"},{"name":"net_income","year":"2022","value":"8.72"},{"name":"net_income","year":"2023","value":"9.73"},{"name":"net_income","year":"LTM\n?","value":"9.73"},{"name":"ocf","year":"2019","value":"3.07"},{"name":"ocf","year":"2020","value":"3.23"},{"name":"ocf","year":"2021","value":"7.34"},{"name":"ocf","year":"2022","value":"10.1"},{"name":"ocf","year":"2023","value":"7.69"},{"name":"ocf","year":"LTM\n?","value":"7.69"},{"name":"capex","year":"2019","value":"0.516"},{"name":"capex","year":"2020","value":"0.400"},{"name":"capex","year":"2021","value":"0.480"},{"name":"capex","year":"2022","value":"0.600"},{"name":"capex","year":"2023","value":"0.800"},{"name":"capex","year":"LTM\n?","value":""},{"name":"fcf","year":"2019","value":"2.59"},{"name":"fcf","year":"2020","value":"2.84"},{"name":"fcf","year":"2021","value":"6.87"},{"name":"fcf","year":"2022","value":"10.3"},{"name":"fcf","year":"2023","value":"8.70"},{"name":"fcf","year":"LTM\n?","value":""},{"name":"dividend_payout","year":"2019","value":""},{"name":"dividend_payout","year":"2020","value":""},{"name":"dividend_payout","year":"2021","value":""},{"name":"dividend_payout","year":"2022","value":""},{"name":"dividend_payout","year":"2023","value":""},{"name":"dividend_payout","year":"LTM\n?","value":"38.4"},{"name":"dividend","year":"2019","value":""},{"name":"dividend","year":"2020","value":""},{"name":"dividend","year":"2021","value":""},{"name":"dividend","year":"2022","value":""},{"name":"dividend","year":"2023","value":""},{"name":"dividend","year":"LTM\n?","value":"77"},{"name":"div_yield","year":"2019","value":"0.0%"},{"name":"div_yield","year":"2020","value":"0.0%"},{"name":"div_yield","year":"2021","value":"0.0%"},{"name":"div_yield","year":"2022","value":"0.0%"},{"name":"div_yield","year":"2023","value":"0.0%"},{"name":"div_yield","year":"LTM\n?","value":"56.2%"},{"name":"div_payout_ratio","year":"2019","value":"0%"},{"name":"div_payout_ratio","year":"2020","value":"0%"},{"name":"div_payout_ratio","year":"2021","value":"0%"},{"name":"div_payout_ratio","year":"2022","value":"0%"},{"name":"div_payout_ratio","year":"2023","value":"0%"},{"name":"div_payout_ratio","year":"LTM\n?","value":"394%"},{"name":"opex","year":"2019","value":"2.77"},{"name":"opex","year":"2020","value":"2.32"},{"name":"opex","year":"2021","value":""},{"name":"opex","year":"2022","value":"3.07"},{"name":"opex","year":"2023","value":"3.86"},{"name":"opex","year":"LTM\n?","value":"3.86"},{"name":"cost_of_production","year":"2019","value":"22.8"},{"name":"cost_of_production","year":"2020","value":"20.5"},{"name":"cost_of_production","year":"2021","value":"27.4"},{"name":"cost_of_production","year":"2022","value":"30.0"},{"name":"cost_of_production","year":"2023","value":"31.9"},{"name":"cost_of_production","year":"LTM\n?","value":"31.9"},{"name":"amortization","year":"2019","value":""},{"name":"amortization","year":"2020","value":""},{"name":"amortization","year":"2021","value":""},{"name":"amortization","year":"2022","value":"0.9"},{"name":"amortization","year":"2023","value":"0.9"},{"name":"amortization","year":"LTM\n?","value":""},{"name":"employment_expenses","year":"2019","value":"2.73"},{"name":"employment_expenses","year":"2020","value":"3.05"},{"name":"employment_expenses","year":"2021","value":"3.59"},{"name":"employment_expenses","year":"2022","value":"3.49"},{"name":"employment_expenses","year":"2023","value":"4.10"},{"name":"employment_expenses","year":"LTM\n?","value":""},{"name":"interest_expenses","year":"2019","value":"0.290"},{"name":"interest_expenses","year":"2020","value":"0.250"},{"name":"interest_expenses","year":"2021","value":"0.197"},{"name":"interest_expenses","year":"2022","value":""},{"name":"interest_expenses","year":"2023","value":""},{"name":"interest_expenses","year":"LTM\n?","value":""},{"name":"assets","year":"2019","value":"17.0"},{"name":"assets","year":"2020","value":"17.8"},{"name":"assets","year":"2021","value":"31.2"},{"name":"assets","year":"2022","value":"39.0"},{"name":"assets","year":"2023","value":"50.8"},{"name":"assets","year":"LTM\n?","value":"50.8"},{"name":"net_assets","year":"2019","value":"8.21"},{"name":"net_assets","year":"2020","value":"8.75"},{"name":"net_assets","year":"2021","value":"20.4"},{"name":"net_assets","year":"2022","value":"29.0"},{"name":"net_assets","year":"2023","value":"38.6"},{"name":"net_assets","year":"LTM\n?","value":"38.6"},{"name":"debt","year":"2019","value":"5.34"},{"name":"debt","year":"2020","value":"5.45"},{"name":"debt","year":"2021","value":"4.25"},{"name":"debt","year":"2022","value":"1.39"},{"name":"debt","year":"2023","value":"1.41"},{"name":"debt","year":"LTM\n?","value":"1.41"},{"name":"cash","year":"2019","value":"2.03"},{"name":"cash","year":"2020","value":"3.80"},{"name":"cash","year":"2021","value":"4.33"},{"name":"cash","year":"2022","value":"10.5"},{"name":"cash","year":"2023","value":"6.10"},{"name":"cash","year":"LTM\n?","value":"6.10"},{"name":"net_debt","year":"2019","value":"3.32"},{"name":"net_debt","year":"2020","value":"1.65"},{"name":"net_debt","year":"2021","value":"-0.08"},{"name":"net_debt","year":"2022","value":"-9.11"},{"name":"net_debt","year":"2023","value":"-4.69"},{"name":"net_debt","year":"LTM\n?","value":"-4.69"},{"name":"common_share","year":"2019","value":"4.90"},{"name":"common_share","year":"2020","value":"7.28"},{"name":"common_share","year":"2021","value":"17.9"},{"name":"common_share","year":"2022","value":"27.3"},{"name":"common_share","year":"2023","value":"65.9"},{"name":"common_share","year":"LTM\n?","value":"137.1"},{"name":"number_of_shares","year":"2019","value":"498.5"},{"name":"number_of_shares","year":"2020","value":"498.5"},{"name":"number_of_shares","year":"2021","value":"498.5"},{"name":"number_of_shares","year":"2022","value":"498.5"},{"name":"number_of_shares","year":"2023","value":"498.5"},{"name":"number_of_shares","year":"LTM\n?","value":"498.5"},{"name":"market_cap","year":"2019","value":"2.44"},{"name":"market_cap","year":"2020","value":"3.63"},{"name":"market_cap","year":"2021","value":"8.93"},{"name":"market_cap","year":"2022","value":"13.6"},{"name":"market_cap","year":"2023","value":"32.9"},{"name":"market_cap","year":"LTM\n?","value":"68.3"},{"name":"ev","year":"2019","value":"5.76"},{"name":"ev","year":"2020","value":"5.28"},{"name":"ev","year":"2021","value":"8.85"},{"name":"ev","year":"2022","value":"4.50"},{"name":"ev","year":"2023","value":"28.2"},{"name":"ev","year":"LTM\n?","value":"63.6"},{"name":"book_value","year":"2019","value":"8.21"},{"name":"book_value","year":"2020","value":"8.75"},{"name":"book_value","year":"2021","value":"20.4"},{"name":"book_value","year":"2022","value":"29.0"},{"name":"book_value","year":"2023","value":"38.6"},{"name":"book_value","year":"LTM\n?","value":"38.6"},{"name":"eps","year":"2019","value":"3.07"},{"name":"eps","year":"2020","value":"1.08"},{"name":"eps","year":"2021","value":"23.4"},{"name":"eps","year":"2022","value":"17.5"},{"name":"eps","year":"2023","value":"19.5"},{"name":"eps","year":"LTM\n?","value":"19.5"},{"name":"fcf_share","year":"2019","value":"5.20"},{"name":"fcf_share","year":"2020","value":"5.70"},{"name":"fcf_share","year":"2021","value":"13.8"},{"name":"fcf_share","year":"2022","value":"20.7"},{"name":"fcf_share","year":"2023","value":"17.5"},{"name":"fcf_share","year":"LTM\n?","value":"0"},{"name":"bv_share","year":"2019","value":"16.5"},{"name":"bv_share","year":"2020","value":"17.6"},{"name":"bv_share","year":"2021","value":"40.9"},{"name":"bv_share","year":"2022","value":"58.2"},{"name":"bv_share","year":"2023","value":"77.4"},{"name":"bv_share","year":"LTM\n?","value":"77.4"},{"name":"ebitda_margin","year":"2019","value":"8.7%"},{"name":"ebitda_margin","year":"2020","value":"10.4%"},{"name":"ebitda_margin","year":"2021","value":"26.2%"},{"name":"ebitda_margin","year":"2022","value":"0.0%"},{"name":"ebitda_margin","year":"2023","value":"0.0%"},{"name":"ebitda_margin","year":"LTM\n?","value":"0"},{"name":"net_margin","year":"2019","value":"5.7%"},{"name":"net_margin","year":"2020","value":"2.2%"},{"name":"net_margin","year":"2021","value":"29.1%"},{"name":"net_margin","year":"2022","value":"20.2%"},{"name":"net_margin","year":"2023","value":"20.9%"},{"name":"net_margin","year":"LTM\n?","value":"20.9%"},{"name":"fcf_yield","year":"2019","value":"106.0%"},{"name":"fcf_yield","year":"2020","value":"78.3%"},{"name":"fcf_yield","year":"2021","value":"76.9%"},{"name":"fcf_yield","year":"2022","value":"75.9%"},{"name":"fcf_yield","year":"2023","value":"26.5%"},{"name":"fcf_yield","year":"LTM\n?","value":"0.0%"},{"name":"roe","year":"2019","value":"18.6%"},{"name":"roe","year":"2020","value":"6.2%"},{"name":"roe","year":"2021","value":"57.2%"},{"name":"roe","year":"2022","value":"30.1%"},{"name":"roe","year":"2023","value":"25.2%"},{"name":"roe","year":"LTM\n?","value":"25.2%"},{"name":"roa","year":"2019","value":"9.0%"},{"name":"roa","year":"2020","value":"3.0%"},{"name":"roa","year":"2021","value":"37.4%"},{"name":"roa","year":"2022","value":"22.4%"},{"name":"roa","year":"2023","value":"19.1%"},{"name":"roa","year":"LTM\n?","value":"19.1%"},{"name":"p_e","year":"2019","value":"1.60"},{"name":"p_e","year":"2020","value":"6.72"},{"name":"p_e","year":"2021","value":"0.76"},{"name":"p_e","year":"2022","value":"1.56"},{"name":"p_e","year":"2023","value":"3.38"},{"name":"p_e","year":"LTM\n?","value":"7.02"},{"name":"p_fcf","year":"2019","value":"0.94"},{"name":"p_fcf","year":"2020","value":"1.28"},{"name":"p_fcf","year":"2021","value":"1.30"},{"name":"p_fcf","year":"2022","value":"1.32"},{"name":"p_fcf","year":"2023","value":"3.78"},{"name":"p_fcf","year":"LTM\n?","value":""},{"name":"p_s","year":"2019","value":"0.09"},{"name":"p_s","year":"2020","value":"0.15"},{"name":"p_s","year":"2021","value":"0.22"},{"name":"p_s","year":"2022","value":"0.32"},{"name":"p_s","year":"2023","value":"0.71"},{"name":"p_s","year":"LTM\n?","value":"1.47"},{"name":"p_bv","year":"2019","value":"0.30"},{"name":"p_bv","year":"2020","value":"0.41"},{"name":"p_bv","year":"2021","value":"0.44"},{"name":"p_bv","year":"2022","value":"0.47"},{"name":"p_bv","year":"2023","value":"0.85"},{"name":"p_bv","year":"LTM\n?","value":"1.77"},{"name":"ev_ebitda","year":"2019","value":"2.46"},{"name":"ev_ebitda","year":"2020","value":"2.07"},{"name":"ev_ebitda","year":"2021","value":"0.84"},{"name":"ev_ebitda","year":"2022","value":""},{"name":"ev_ebitda","year":"2023","value":""},{"name":"ev_ebitda","year":"LTM\n?","value":""},{"name":"debt_ebitda","year":"2019","value":"1.42"},{"name":"debt_ebitda","year":"2020","value":"0.65"},{"name":"debt_ebitda","year":"2021","value":"-0.01"},{"name":"debt_ebitda","year":"2022","value":""},{"name":"debt_ebitda","year":"2023","value":""},{"name":"debt_ebitda","year":"LTM\n?","value":""},{"name":"employees","year":"2019","value":""},{"name":"employees","year":"2020","value":"4 062"},{"name":"employees","year":"2021","value":""},{"name":"employees","year":"2022","value":""},{"name":"employees","year":"2023","value":""},{"name":"employees","year":"LTM\n?","value":""},{"name":"labour_productivity","year":"2019","value":""},{"name":"labour_productivity","year":"2020","value":"6.06"},{"name":"labour_productivity","year":"2021","value":""},{"name":"labour_productivity","year":"2022","value":""},{"name":"labour_productivity","year":"2023","value":""},{"name":"labour_productivity","year":"LTM\n?","value":""},{"name":"expenses_per_employee","year":"2019","value":""},{"name":"expenses_per_employee","year":"2020","value":"750.9"},{"name":"expenses_per_employee","year":"2021","value":""},{"name":"expenses_per_employee","year":"2022","value":""},{"name":"expenses_per_employee","year":"2023","value":""},{"name":"expenses_per_employee","year":"LTM\n?","value":""},{"name":"r_and_d_capex","year":"2019","value":"0.00%"},{"name":"r_and_d_capex","year":"2020","value":"0.00%"},{"name":"r_and_d_capex","year":"2021","value":"0.00%"},{"name":"r_and_d_capex","year":"2022","value":"0.00%"},{"name":"r_and_d_capex","year":"2023","value":"0.00%"},{"name":"r_and_d_capex","year":"LTM\n?","value":""},{"name":"capex_revenue","year":"2019","value":"2%"},{"name":"capex_revenue","year":"2020","value":"2%"},{"name":"capex_revenue","year":"2021","value":"1%"},{"name":"capex_revenue","year":"2022","value":"1%"},{"name":"capex_revenue","year":"2023","value":"2%"},{"name":"capex_revenue","year":"LTM\n?","value":"0"}]