[
  {
    "name": "revenue",
    "year": "2013",
    "value": 13.087
  },
  {
    "name": "revenue",
    "year": "2014",
    "value": 15.741
  },
  {
    "name": "revenue",
    "year": "2015",
    "value": 17.375
  },
  {
    "name": "revenue",
    "year": "2016",
    "value": 19.241
  },
  {
    "name": "revenue",
    "year": "2017",
    "value": 22.537
  },
  {
    "name": "revenue",
    "year": "2018",
    "value": 26.153
  },
  {
    "name": "revenue",
    "year": "2019",
    "value": 27.052
  },
  {
    "name": "revenue",
    "year": "2020",
    "value": 24.6
  },
  {
    "name": "revenue",
    "year": "2021",
    "value": 40.07
  },
  {
    "name": "revenue",
    "year": "2022",
    "value": 43.1
  },
  {
    "name": "revenue",
    "year": "2023",
    "value": 46.54
  },
  {
    "name": "revenue",
    "year": "LTM",
    "value": 46.54
  },
  {
    "name": "operating_income",
    "year": "2016",
    "value": 1.72
  },
  {
    "name": "operating_income",
    "year": "2017",
    "value": 1.79
  },
  {
    "name": "operating_income",
    "year": "2018",
    "value": 1.793
  },
  {
    "name": "operating_income",
    "year": "2019",
    "value": 1.5
  },
  {
    "name": "operating_income",
    "year": "2020",
    "value": 1.778
  },
  {
    "name": "operating_income",
    "year": "2021",
    "value": 14.66
  },
  {
    "name": "operating_income",
    "year": "2022",
    "value": 10.0
  },
  {
    "name": "operating_income",
    "year": "2023",
    "value": 10.8
  },
  {
    "name": "operating_income",
    "year": "LTM",
    "value": 10.8
  },
  {
    "name": "ebitda",
    "year": "2013",
    "value": -7.985
  },
  {
    "name": "ebitda",
    "year": "2014",
    "value": 1.247
  },
  {
    "name": "ebitda",
    "year": "2015",
    "value": 1.676
  },
  {
    "name": "ebitda",
    "year": "2016",
    "value": 2.452
  },
  {
    "name": "ebitda",
    "year": "2017",
    "value": 2.548
  },
  {
    "name": "ebitda",
    "year": "2018",
    "value": 2.524
  },
  {
    "name": "ebitda",
    "year": "2019",
    "value": 2.341
  },
  {
    "name": "ebitda",
    "year": "2020",
    "value": 2.55
  },
  {
    "name": "ebitda",
    "year": "2021",
    "value": 10.5
  },
  {
    "name": "ebitda",
    "year": "LTM",
    "value": null
  },
  {
    "name": "net_income",
    "year": "2013",
    "value": -7.305
  },
  {
    "name": "net_income",
    "year": "2014",
    "value": -1.061
  },
  {
    "name": "net_income",
    "year": "2015",
    "value": -0.826
  },
  {
    "name": "net_income",
    "year": "2016",
    "value": 1.933
  },
  {
    "name": "net_income",
    "year": "2017",
    "value": 0.791
  },
  {
    "name": "net_income",
    "year": "2018",
    "value": 0.582
  },
  {
    "name": "net_income",
    "year": "2019",
    "value": 1.529
  },
  {
    "name": "net_income",
    "year": "2020",
    "value": 0.54
  },
  {
    "name": "net_income",
    "year": "2021",
    "value": 11.67
  },
  {
    "name": "net_income",
    "year": "2022",
    "value": 8.72
  },
  {
    "name": "net_income",
    "year": "2023",
    "value": 9.73
  },
  {
    "name": "net_income",
    "year": "LTM",
    "value": 9.73
  },
  {
    "name": "ocf",
    "year": "2016",
    "value": 1.781
  },
  {
    "name": "ocf",
    "year": "2017",
    "value": 0.643
  },
  {
    "name": "ocf",
    "year": "2018",
    "value": 1.561
  },
  {
    "name": "ocf",
    "year": "2019",
    "value": 3.067
  },
  {
    "name": "ocf",
    "year": "2020",
    "value": 3.23
  },
  {
    "name": "ocf",
    "year": "2021",
    "value": 7.34
  },
  {
    "name": "ocf",
    "year": "2022",
    "value": 10.13
  },
  {
    "name": "ocf",
    "year": "2023",
    "value": 7.69
  },
  {
    "name": "ocf",
    "year": "LTM",
    "value": 7.69
  },
  {
    "name": "capex",
    "year": "2015",
    "value": 0.288
  },
  {
    "name": "capex",
    "year": "2016",
    "value": 0.395
  },
  {
    "name": "capex",
    "year": "2017",
    "value": 0.399
  },
  {
    "name": "capex",
    "year": "2018",
    "value": 0.491
  },
  {
    "name": "capex",
    "year": "2019",
    "value": 0.516
  },
  {
    "name": "capex",
    "year": "2020",
    "value": 0.4
  },
  {
    "name": "capex",
    "year": "2021",
    "value": 0.48
  },
  {
    "name": "capex",
    "year": "2022",
    "value": 0.6
  },
  {
    "name": "capex",
    "year": "2023",
    "value": 0.8
  },
  {
    "name": "capex",
    "year": "LTM",
    "value": null
  },
  {
    "name": "opex",
    "year": "2016",
    "value": 1.74
  },
  {
    "name": "opex",
    "year": "2017",
    "value": 1.93
  },
  {
    "name": "opex",
    "year": "2018",
    "value": 2.32
  },
  {
    "name": "opex",
    "year": "2019",
    "value": 2.77
  },
  {
    "name": "opex",
    "year": "2020",
    "value": 2.32
  },
  {
    "name": "opex",
    "year": "2021",
    "value": null
  },
  {
    "name": "opex",
    "year": "2022",
    "value": 3.07
  },
  {
    "name": "opex",
    "year": "2023",
    "value": 3.86
  },
  {
    "name": "opex",
    "year": "LTM",
    "value": 3.86
  },
  {
    "name": "cost_of_production",
    "year": "2013",
    "value": 12.277
  },
  {
    "name": "cost_of_production",
    "year": "2014",
    "value": 13.499
  },
  {
    "name": "cost_of_production",
    "year": "2015",
    "value": 14.853
  },
  {
    "name": "cost_of_production",
    "year": "2016",
    "value": 15.777
  },
  {
    "name": "cost_of_production",
    "year": "2017",
    "value": 18.816
  },
  {
    "name": "cost_of_production",
    "year": "2018",
    "value": 22.038
  },
  {
    "name": "cost_of_production",
    "year": "2019",
    "value": 22.777
  },
  {
    "name": "cost_of_production",
    "year": "2020",
    "value": 20.5
  },
  {
    "name": "cost_of_production",
    "year": "2021",
    "value": 27.4
  },
  {
    "name": "cost_of_production",
    "year": "2022",
    "value": 30.0
  },
  {
    "name": "cost_of_production",
    "year": "2023",
    "value": 31.9
  },
  {
    "name": "cost_of_production",
    "year": "LTM",
    "value": 31.9
  },
  {
    "name": "interest_expenses",
    "year": "2015",
    "value": 0.567
  },
  {
    "name": "interest_expenses",
    "year": "2016",
    "value": 0.533
  },
  {
    "name": "interest_expenses",
    "year": "2017",
    "value": 0.416
  },
  {
    "name": "interest_expenses",
    "year": "2018",
    "value": 0.367
  },
  {
    "name": "interest_expenses",
    "year": "2019",
    "value": 0.29
  },
  {
    "name": "interest_expenses",
    "year": "2020",
    "value": 0.25
  },
  {
    "name": "interest_expenses",
    "year": "2021",
    "value": 0.197
  },
  {
    "name": "interest_expenses",
    "year": "LTM",
    "value": null
  },
  {
    "name": "assets",
    "year": "2015",
    "value": 15.932
  },
  {
    "name": "assets",
    "year": "2016",
    "value": 15.958
  },
  {
    "name": "assets",
    "year": "2017",
    "value": 16.866
  },
  {
    "name": "assets",
    "year": "2018",
    "value": 16.648
  },
  {
    "name": "assets",
    "year": "2019",
    "value": 16.986
  },
  {
    "name": "assets",
    "year": "2020",
    "value": 17.79
  },
  {
    "name": "assets",
    "year": "2021",
    "value": 31.2
  },
  {
    "name": "assets",
    "year": "2022",
    "value": 39.0
  },
  {
    "name": "assets",
    "year": "2023",
    "value": 50.82
  },
  {
    "name": "assets",
    "year": "LTM",
    "value": 50.82
  },
  {
    "name": "net_assets",
    "year": "2013",
    "value": 5.297
  },
  {
    "name": "net_assets",
    "year": "2014",
    "value": 4.235
  },
  {
    "name": "net_assets",
    "year": "2015",
    "value": 3.105
  },
  {
    "name": "net_assets",
    "year": "2016",
    "value": 5.338
  },
  {
    "name": "net_assets",
    "year": "2017",
    "value": 6.129
  },
  {
    "name": "net_assets",
    "year": "2018",
    "value": 6.711
  },
  {
    "name": "net_assets",
    "year": "2019",
    "value": 8.205
  },
  {
    "name": "net_assets",
    "year": "2020",
    "value": 8.75
  },
  {
    "name": "net_assets",
    "year": "2021",
    "value": 20.4
  },
  {
    "name": "net_assets",
    "year": "2022",
    "value": 29.0
  },
  {
    "name": "net_assets",
    "year": "2023",
    "value": 38.56
  },
  {
    "name": "net_assets",
    "year": "LTM",
    "value": 38.56
  },
  {
    "name": "debt",
    "year": "2013",
    "value": 5.054
  },
  {
    "name": "debt",
    "year": "2014",
    "value": 10.087
  },
  {
    "name": "debt",
    "year": "2015",
    "value": 9.8
  },
  {
    "name": "debt",
    "year": "2016",
    "value": 7.4
  },
  {
    "name": "debt",
    "year": "2017",
    "value": 7.068
  },
  {
    "name": "debt",
    "year": "2018",
    "value": 6.858
  },
  {
    "name": "debt",
    "year": "2019",
    "value": 5.344
  },
  {
    "name": "debt",
    "year": "2020",
    "value": 5.45
  },
  {
    "name": "debt",
    "year": "2021",
    "value": 4.25
  },
  {
    "name": "debt",
    "year": "2022",
    "value": 1.39
  },
  {
    "name": "debt",
    "year": "2023",
    "value": 1.41
  },
  {
    "name": "debt",
    "year": "LTM",
    "value": 1.41
  },
  {
    "name": "cash",
    "year": "2013",
    "value": 0.049
  },
  {
    "name": "cash",
    "year": "2014",
    "value": 0.447
  },
  {
    "name": "cash",
    "year": "2015",
    "value": 0.12
  },
  {
    "name": "cash",
    "year": "2016",
    "value": 0.5
  },
  {
    "name": "cash",
    "year": "2017",
    "value": 0.389
  },
  {
    "name": "cash",
    "year": "2018",
    "value": 0.527
  },
  {
    "name": "cash",
    "year": "2019",
    "value": 2.028
  },
  {
    "name": "cash",
    "year": "2020",
    "value": 3.8
  },
  {
    "name": "cash",
    "year": "2021",
    "value": 4.332
  },
  {
    "name": "cash",
    "year": "2022",
    "value": 10.5
  },
  {
    "name": "cash",
    "year": "2023",
    "value": 6.1
  },
  {
    "name": "cash",
    "year": "LTM",
    "value": 6.1
  },
  {
    "name": "net_debt",
    "year": "2013",
    "value": 5.005
  },
  {
    "name": "net_debt",
    "year": "2014",
    "value": 9.64
  },
  {
    "name": "net_debt",
    "year": "2015",
    "value": 9.68
  },
  {
    "name": "net_debt",
    "year": "2016",
    "value": 6.9
  },
  {
    "name": "net_debt",
    "year": "2017",
    "value": 6.679
  },
  {
    "name": "net_debt",
    "year": "2018",
    "value": 6.331
  },
  {
    "name": "net_debt",
    "year": "2019",
    "value": 3.316
  },
  {
    "name": "net_debt",
    "year": "2020",
    "value": 1.65
  },
  {
    "name": "net_debt",
    "year": "2021",
    "value": -0.082
  },
  {
    "name": "net_debt",
    "year": "2022",
    "value": -9.11
  },
  {
    "name": "net_debt",
    "year": "2023",
    "value": -4.69
  },
  {
    "name": "net_debt",
    "year": "LTM",
    "value": -4.69
  },
  {
    "name": "common_share",
    "year": "2015",
    "value": 4.0
  },
  {
    "name": "common_share",
    "year": "2016",
    "value": 3.97
  },
  {
    "name": "common_share",
    "year": "2017",
    "value": 4.7
  },
  {
    "name": "common_share",
    "year": "2018",
    "value": 3.956
  },
  {
    "name": "common_share",
    "year": "2019",
    "value": 4.9
  },
  {
    "name": "common_share",
    "year": "2020",
    "value": 7.28
  },
  {
    "name": "common_share",
    "year": "2021",
    "value": 17.91
  },
  {
    "name": "common_share",
    "year": "2022",
    "value": 27.3
  },
  {
    "name": "common_share",
    "year": "2023",
    "value": 65.91
  },
  {
    "name": "common_share",
    "year": "LTM",
    "value": 150.92
  },
  {
    "name": "number_of_shares",
    "year": "2013",
    "value": 498.455
  },
  {
    "name": "number_of_shares",
    "year": "2014",
    "value": 498.455
  },
  {
    "name": "number_of_shares",
    "year": "2015",
    "value": 498.455
  },
  {
    "name": "number_of_shares",
    "year": "2016",
    "value": 498.455
  },
  {
    "name": "number_of_shares",
    "year": "2017",
    "value": 498.455
  },
  {
    "name": "number_of_shares",
    "year": "2018",
    "value": 498.455
  },
  {
    "name": "number_of_shares",
    "year": "2019",
    "value": 498.455
  },
  {
    "name": "number_of_shares",
    "year": "2020",
    "value": 498.455
  },
  {
    "name": "number_of_shares",
    "year": "2021",
    "value": 498.455
  },
  {
    "name": "number_of_shares",
    "year": "2022",
    "value": 498.455
  },
  {
    "name": "number_of_shares",
    "year": "2023",
    "value": 498.455
  },
  {
    "name": "number_of_shares",
    "year": "LTM",
    "value": 498.455
  },
  {
    "name": "market_cap",
    "year": "2013",
    "value": 0.0
  },
  {
    "name": "market_cap",
    "year": "2014",
    "value": 0.0
  },
  {
    "name": "market_cap",
    "year": "2015",
    "value": 1.99382
  },
  {
    "name": "market_cap",
    "year": "2016",
    "value": 1.97886635
  },
  {
    "name": "market_cap",
    "year": "2017",
    "value": 2.3427385
  },
  {
    "name": "market_cap",
    "year": "2018",
    "value": 1.97188798
  },
  {
    "name": "market_cap",
    "year": "2019",
    "value": 2.4424295
  },
  {
    "name": "market_cap",
    "year": "2020",
    "value": 3.6287524
  },
  {
    "name": "market_cap",
    "year": "2021",
    "value": 8.92732905
  },
  {
    "name": "market_cap",
    "year": "2022",
    "value": 13.6078215
  },
  {
    "name": "market_cap",
    "year": "2023",
    "value": 32.85316905
  },
  {
    "name": "market_cap",
    "year": "LTM",
    "value": 75.2268286
  },
  {
    "name": "ev",
    "year": "2013",
    "value": 5.005
  },
  {
    "name": "ev",
    "year": "2014",
    "value": 9.64
  },
  {
    "name": "ev",
    "year": "2015",
    "value": 11.67382
  },
  {
    "name": "ev",
    "year": "2016",
    "value": 8.87886635
  },
  {
    "name": "ev",
    "year": "2017",
    "value": 9.0217385
  },
  {
    "name": "ev",
    "year": "2018",
    "value": 8.30288798
  },
  {
    "name": "ev",
    "year": "2019",
    "value": 5.7584295
  },
  {
    "name": "ev",
    "year": "2020",
    "value": 5.2787524
  },
  {
    "name": "ev",
    "year": "2021",
    "value": 8.84532905
  },
  {
    "name": "ev",
    "year": "2022",
    "value": 4.4978215
  },
  {
    "name": "ev",
    "year": "2023",
    "value": 28.16316905
  },
  {
    "name": "ev",
    "year": "LTM",
    "value": 70.5368286
  },
  {
    "name": "book_value",
    "year": "2013",
    "value": 5.297
  },
  {
    "name": "book_value",
    "year": "2014",
    "value": 4.235
  },
  {
    "name": "book_value",
    "year": "2015",
    "value": 3.105
  },
  {
    "name": "book_value",
    "year": "2016",
    "value": 5.338
  },
  {
    "name": "book_value",
    "year": "2017",
    "value": 6.129
  },
  {
    "name": "book_value",
    "year": "2018",
    "value": 6.711
  },
  {
    "name": "book_value",
    "year": "2019",
    "value": 8.205
  },
  {
    "name": "book_value",
    "year": "2020",
    "value": 8.75
  },
  {
    "name": "book_value",
    "year": "2021",
    "value": 20.4
  },
  {
    "name": "book_value",
    "year": "2022",
    "value": 29.0
  },
  {
    "name": "book_value",
    "year": "2023",
    "value": 38.56
  },
  {
    "name": "book_value",
    "year": "LTM",
    "value": 38.56
  },
  {
    "name": "eps",
    "year": "2013",
    "value": -14.6552848301
  },
  {
    "name": "eps",
    "year": "2014",
    "value": -2.12857730387
  },
  {
    "name": "eps",
    "year": "2015",
    "value": -1.65712050235
  },
  {
    "name": "eps",
    "year": "2016",
    "value": 3.87798296737
  },
  {
    "name": "eps",
    "year": "2017",
    "value": 1.58690353191
  },
  {
    "name": "eps",
    "year": "2018",
    "value": 1.16760790844
  },
  {
    "name": "eps",
    "year": "2019",
    "value": 3.06747850859
  },
  {
    "name": "eps",
    "year": "2020",
    "value": 1.08334754391
  },
  {
    "name": "eps",
    "year": "2021",
    "value": 23.4123441434
  },
  {
    "name": "eps",
    "year": "2022",
    "value": 17.494056635
  },
  {
    "name": "eps",
    "year": "2023",
    "value": 19.5203177819
  },
  {
    "name": "eps",
    "year": "LTM",
    "value": 19.520317781946215
  },
  {
    "name": "fcf_share",
    "year": "2013",
    "value": 0.0
  },
  {
    "name": "fcf_share",
    "year": "2014",
    "value": 0.0
  },
  {
    "name": "fcf_share",
    "year": "2015",
    "value": 0.0
  },
  {
    "name": "fcf_share",
    "year": "2016",
    "value": 2.82272221163
  },
  {
    "name": "fcf_share",
    "year": "2017",
    "value": 0.509574585469
  },
  {
    "name": "fcf_share",
    "year": "2018",
    "value": 2.27904224052
  },
  {
    "name": "fcf_share",
    "year": "2019",
    "value": 5.19605581246
  },
  {
    "name": "fcf_share",
    "year": "2020",
    "value": 5.69760560131
  },
  {
    "name": "fcf_share",
    "year": "2021",
    "value": 13.7725572018
  },
  {
    "name": "fcf_share",
    "year": "2022",
    "value": 20.7240372752
  },
  {
    "name": "fcf_share",
    "year": "2023",
    "value": 17.4539326519
  },
  {
    "name": "fcf_share",
    "year": "LTM",
    "value": 0.0
  },
  {
    "name": "bv_share",
    "year": "2013",
    "value": 10.6268369261
  },
  {
    "name": "bv_share",
    "year": "2014",
    "value": 8.49625342308
  },
  {
    "name": "bv_share",
    "year": "2015",
    "value": 6.22924837749
  },
  {
    "name": "bv_share",
    "year": "2016",
    "value": 10.7090910915
  },
  {
    "name": "bv_share",
    "year": "2017",
    "value": 12.2959946234
  },
  {
    "name": "bv_share",
    "year": "2018",
    "value": 13.4636025318
  },
  {
    "name": "bv_share",
    "year": "2019",
    "value": 16.46086407
  },
  {
    "name": "bv_share",
    "year": "2020",
    "value": 17.5542426097
  },
  {
    "name": "bv_share",
    "year": "2021",
    "value": 40.92646277
  },
  {
    "name": "bv_share",
    "year": "2022",
    "value": 58.1797755063
  },
  {
    "name": "bv_share",
    "year": "2023",
    "value": 77.3590394318
  },
  {
    "name": "bv_share",
    "year": "LTM",
    "value": 77.3590394318444
  },
  {
    "name": "ebitda_margin",
    "year": "2013",
    "value": -61.0147474593
  },
  {
    "name": "ebitda_margin",
    "year": "2014",
    "value": 7.92198716727
  },
  {
    "name": "ebitda_margin",
    "year": "2015",
    "value": 9.646043165470001
  },
  {
    "name": "ebitda_margin",
    "year": "2016",
    "value": 12.743620393999999
  },
  {
    "name": "ebitda_margin",
    "year": "2017",
    "value": 11.305852598000001
  },
  {
    "name": "ebitda_margin",
    "year": "2018",
    "value": 9.65090047031
  },
  {
    "name": "ebitda_margin",
    "year": "2019",
    "value": 8.65370397752
  },
  {
    "name": "ebitda_margin",
    "year": "2020",
    "value": 10.3658536585
  },
  {
    "name": "ebitda_margin",
    "year": "2021",
    "value": 26.2041427502
  },
  {
    "name": "ebitda_margin",
    "year": "2022",
    "value": 0.0
  },
  {
    "name": "ebitda_margin",
    "year": "2023",
    "value": 0.0
  },
  {
    "name": "ebitda_margin",
    "year": "LTM",
    "value": 0.0
  },
  {
    "name": "net_margin",
    "year": "2013",
    "value": -55.8187514327
  },
  {
    "name": "net_margin",
    "year": "2014",
    "value": -6.74035957055
  },
  {
    "name": "net_margin",
    "year": "2015",
    "value": -4.75395683453
  },
  {
    "name": "net_margin",
    "year": "2016",
    "value": 10.046255392099999
  },
  {
    "name": "net_margin",
    "year": "2017",
    "value": 3.5097839109000004
  },
  {
    "name": "net_margin",
    "year": "2018",
    "value": 2.22536611479
  },
  {
    "name": "net_margin",
    "year": "2019",
    "value": 5.65207748041
  },
  {
    "name": "net_margin",
    "year": "2020",
    "value": 2.19512195122
  },
  {
    "name": "net_margin",
    "year": "2021",
    "value": 29.124032942400003
  },
  {
    "name": "net_margin",
    "year": "2022",
    "value": 20.232018561500002
  },
  {
    "name": "net_margin",
    "year": "2023",
    "value": 20.9067468844
  },
  {
    "name": "net_margin",
    "year": "LTM",
    "value": 20.906746884400516
  },
  {
    "name": "fcf_yield",
    "year": "2015",
    "value": 0.0
  },
  {
    "name": "fcf_yield",
    "year": "2016",
    "value": 71.1013151545
  },
  {
    "name": "fcf_yield",
    "year": "2017",
    "value": 10.842012456800001
  },
  {
    "name": "fcf_yield",
    "year": "2018",
    "value": 57.6097634106
  },
  {
    "name": "fcf_yield",
    "year": "2019",
    "value": 106.041955356
  },
  {
    "name": "fcf_yield",
    "year": "2020",
    "value": 78.2638132048
  },
  {
    "name": "fcf_yield",
    "year": "2021",
    "value": 76.8987001773
  },
  {
    "name": "fcf_yield",
    "year": "2022",
    "value": 75.9122244512
  },
  {
    "name": "fcf_yield",
    "year": "2023",
    "value": 26.4814635896
  },
  {
    "name": "fcf_yield",
    "year": "LTM",
    "value": 0.0
  },
  {
    "name": "roe",
    "year": "2013",
    "value": -137.908249953
  },
  {
    "name": "roe",
    "year": "2014",
    "value": -25.0531286895
  },
  {
    "name": "roe",
    "year": "2015",
    "value": -26.6022544283
  },
  {
    "name": "roe",
    "year": "2016",
    "value": 36.2120644436
  },
  {
    "name": "roe",
    "year": "2017",
    "value": 12.905857399199999
  },
  {
    "name": "roe",
    "year": "2018",
    "value": 8.67232901207
  },
  {
    "name": "roe",
    "year": "2019",
    "value": 18.6349786715
  },
  {
    "name": "roe",
    "year": "2020",
    "value": 6.17142857143
  },
  {
    "name": "roe",
    "year": "2021",
    "value": 57.2058823529
  },
  {
    "name": "roe",
    "year": "2022",
    "value": 30.068965517200002
  },
  {
    "name": "roe",
    "year": "2023",
    "value": 25.2334024896
  },
  {
    "name": "roe",
    "year": "LTM",
    "value": 25.233402489626556
  },
  {
    "name": "roa",
    "year": "2015",
    "value": -5.18453427065
  },
  {
    "name": "roa",
    "year": "2016",
    "value": 12.1130467477
  },
  {
    "name": "roa",
    "year": "2017",
    "value": 4.6899086920399995
  },
  {
    "name": "roa",
    "year": "2018",
    "value": 3.49591542528
  },
  {
    "name": "roa",
    "year": "2019",
    "value": 9.00153067232
  },
  {
    "name": "roa",
    "year": "2020",
    "value": 3.03541315346
  },
  {
    "name": "roa",
    "year": "2021",
    "value": 37.4038461538
  },
  {
    "name": "roa",
    "year": "2022",
    "value": 22.358974359
  },
  {
    "name": "roa",
    "year": "2023",
    "value": 19.146005509600002
  },
  {
    "name": "roa",
    "year": "LTM",
    "value": 19.146005509641874
  },
  {
    "name": "p_e",
    "year": "2013",
    "value": 0.0
  },
  {
    "name": "p_e",
    "year": "2014",
    "value": 0.0
  },
  {
    "name": "p_e",
    "year": "2015",
    "value": -2.41382566586
  },
  {
    "name": "p_e",
    "year": "2016",
    "value": 1.02372806518
  },
  {
    "name": "p_e",
    "year": "2017",
    "value": 2.96174273072
  },
  {
    "name": "p_e",
    "year": "2018",
    "value": 3.38812367698
  },
  {
    "name": "p_e",
    "year": "2019",
    "value": 1.59740320471
  },
  {
    "name": "p_e",
    "year": "2020",
    "value": 6.71991185185
  },
  {
    "name": "p_e",
    "year": "2021",
    "value": 0.764981066838
  },
  {
    "name": "p_e",
    "year": "2022",
    "value": 1.56052998853
  },
  {
    "name": "p_e",
    "year": "2023",
    "value": 3.37648191675
  },
  {
    "name": "p_e",
    "year": "LTM",
    "value": 7.731431510791367
  },
  {
    "name": "p_s",
    "year": "2013",
    "value": 0.0
  },
  {
    "name": "p_s",
    "year": "2014",
    "value": 0.0
  },
  {
    "name": "p_s",
    "year": "2015",
    "value": 0.114752230216
  },
  {
    "name": "p_s",
    "year": "2016",
    "value": 0.102846335949
  },
  {
    "name": "p_s",
    "year": "2017",
    "value": 0.103950769845
  },
  {
    "name": "p_s",
    "year": "2018",
    "value": 0.0753981562345
  },
  {
    "name": "p_s",
    "year": "2019",
    "value": 0.0902864668047
  },
  {
    "name": "p_s",
    "year": "2020",
    "value": 0.147510260163
  },
  {
    "name": "p_s",
    "year": "2021",
    "value": 0.222793337909
  },
  {
    "name": "p_s",
    "year": "2022",
    "value": 0.315726716937
  },
  {
    "name": "p_s",
    "year": "2023",
    "value": 0.705912527933
  },
  {
    "name": "p_s",
    "year": "LTM",
    "value": 1.6163908165019338
  },
  {
    "name": "p_bv",
    "year": "2013",
    "value": 0.0
  },
  {
    "name": "p_bv",
    "year": "2014",
    "value": 0.0
  },
  {
    "name": "p_bv",
    "year": "2015",
    "value": 0.642132045089
  },
  {
    "name": "p_bv",
    "year": "2016",
    "value": 0.370713066692
  },
  {
    "name": "p_bv",
    "year": "2017",
    "value": 0.382238293359
  },
  {
    "name": "p_bv",
    "year": "2018",
    "value": 0.293829232603
  },
  {
    "name": "p_bv",
    "year": "2019",
    "value": 0.297675746496
  },
  {
    "name": "p_bv",
    "year": "2020",
    "value": 0.41471456
  },
  {
    "name": "p_bv",
    "year": "2021",
    "value": 0.437614169118
  },
  {
    "name": "p_bv",
    "year": "2022",
    "value": 0.469235224138
  },
  {
    "name": "p_bv",
    "year": "2023",
    "value": 0.852001272044
  },
  {
    "name": "p_bv",
    "year": "LTM",
    "value": 1.9509032313278007
  },
  {
    "name": "ev_ebitda",
    "year": "2013",
    "value": -0.62680025047
  },
  {
    "name": "ev_ebitda",
    "year": "2014",
    "value": 7.73055332799
  },
  {
    "name": "ev_ebitda",
    "year": "2015",
    "value": 6.96528639618
  },
  {
    "name": "ev_ebitda",
    "year": "2016",
    "value": 3.62107110522
  },
  {
    "name": "ev_ebitda",
    "year": "2017",
    "value": 3.54071369702
  },
  {
    "name": "ev_ebitda",
    "year": "2018",
    "value": 3.28957526941
  },
  {
    "name": "ev_ebitda",
    "year": "2019",
    "value": 2.45981610423
  },
  {
    "name": "ev_ebitda",
    "year": "2020",
    "value": 2.07009898039
  },
  {
    "name": "ev_ebitda",
    "year": "2021",
    "value": 0.842412290476
  },
  {
    "name": "ev_ebitda",
    "year": "LTM",
    "value": null
  },
  {
    "name": "debt_ebitda",
    "year": "2013",
    "value": -0.62680025047
  },
  {
    "name": "debt_ebitda",
    "year": "2014",
    "value": 7.73055332799
  },
  {
    "name": "debt_ebitda",
    "year": "2015",
    "value": 5.77565632458
  },
  {
    "name": "debt_ebitda",
    "year": "2016",
    "value": 2.81402936378
  },
  {
    "name": "debt_ebitda",
    "year": "2017",
    "value": 2.62127158556
  },
  {
    "name": "debt_ebitda",
    "year": "2018",
    "value": 2.50832012678
  },
  {
    "name": "debt_ebitda",
    "year": "2019",
    "value": 1.41648868005
  },
  {
    "name": "debt_ebitda",
    "year": "2020",
    "value": 0.647058823529
  },
  {
    "name": "debt_ebitda",
    "year": "2021",
    "value": -0.00780952380952
  },
  {
    "name": "debt_ebitda",
    "year": "LTM",
    "value": null
  },
  {
    "name": "employees",
    "year": "2020",
    "value": 4062.0
  },
  {
    "name": "employees",
    "year": "LTM",
    "value": null
  },
  {
    "name": "labour_productivity",
    "year": "2020",
    "value": 6.05612998523
  },
  {
    "name": "labour_productivity",
    "year": "LTM",
    "value": null
  },
  {
    "name": "expenses_per_employee",
    "year": "2020",
    "value": 750.86164451
  },
  {
    "name": "expenses_per_employee",
    "year": "LTM",
    "value": null
  },
  {
    "name": "r_and_d_capex",
    "year": "2015",
    "value": 0.0
  },
  {
    "name": "r_and_d_capex",
    "year": "2016",
    "value": 0.0
  },
  {
    "name": "r_and_d_capex",
    "year": "2017",
    "value": 0.0
  },
  {
    "name": "r_and_d_capex",
    "year": "2018",
    "value": 0.0
  },
  {
    "name": "r_and_d_capex",
    "year": "2019",
    "value": 0.0
  },
  {
    "name": "r_and_d_capex",
    "year": "2020",
    "value": 0.0
  },
  {
    "name": "r_and_d_capex",
    "year": "2021",
    "value": 0.0
  },
  {
    "name": "r_and_d_capex",
    "year": "2022",
    "value": 0.0
  },
  {
    "name": "r_and_d_capex",
    "year": "2023",
    "value": 0.0
  },
  {
    "name": "r_and_d_capex",
    "year": "LTM",
    "value": null
  },
  {
    "name": "capex_revenue",
    "year": "2013",
    "value": 0.0
  },
  {
    "name": "capex_revenue",
    "year": "2014",
    "value": 0.0
  },
  {
    "name": "capex_revenue",
    "year": "2015",
    "value": 1.6575539568300002
  },
  {
    "name": "capex_revenue",
    "year": "2016",
    "value": 2.0529078530200002
  },
  {
    "name": "capex_revenue",
    "year": "2017",
    "value": 1.7704219727600001
  },
  {
    "name": "capex_revenue",
    "year": "2018",
    "value": 1.8774136810300002
  },
  {
    "name": "capex_revenue",
    "year": "2019",
    "value": 1.90743752772
  },
  {
    "name": "capex_revenue",
    "year": "2020",
    "value": 1.6260162601600001
  },
  {
    "name": "capex_revenue",
    "year": "2021",
    "value": 1.19790366858
  },
  {
    "name": "capex_revenue",
    "year": "2022",
    "value": 1.39211136891
  },
  {
    "name": "capex_revenue",
    "year": "2023",
    "value": 1.7189514396199999
  },
  {
    "name": "capex_revenue",
    "year": "LTM",
    "value": 0.0
  }
]